LapNumber,Compound,TyreLife,AirTemp,Humidity,Pressure,Rainfall,TrackTemp,WindDirection,WindSpeed,Circuit_Name,Circuit_CircuitLength,Circuit_Number_of_Laps,Circuit_NumberOfTurns,Circuit_AverageAngleAbs,Circuit_AverageAngle,LapTime_sec,GapToLeader,GapToAhead,GapToBehind,status_1,status_12,status_124,status_21,status_24,status_4,status_41,TimeSinceLastWeatherMeasurement,Driver_idx,Team_idx,dnf
0.07547169811320754,7,0.125,-1.314138458905139,0.7832670999204676,0.5418892835082805,0,-1.4213519696122774,0.7611027194936547,2.349857690456089,Melbourne,-1.1155053636747099,1.2000857038531876,-0.9826591590645471,-0.7013753798453112,0.9249332148291723,0.5423896423223976,-1.9091348019913792,0.29754024429188636,-0.4575249262178936,1,0.0,0.0,0.0,0.0,0.0,0.0,0.07985721408380617,0,0,0
0.09433962264150943,7,0.14285714285714285,-1.314138458905139,0.7832670999204676,0.5418892835082805,0,-1.4213519696122774,0.7611027194936547,2.349857690456089,Melbourne,-1.1155053636747099,1.2000857038531876,-0.9826591590645471,-0.7013753798453112,0.9249332148291723,-0.19550891537489862,-1.8356542651268766,0.3994947606618025,-0.33222153484983136,1,0.0,0.0,0.0,0.0,0.0,0.0,0.1689099635835599,0,0,0
0.11320754716981131,7,0.1607142857142857,-1.314138458905139,0.7832670999204676,0.5418892835082805,0,-1.4213519696122774,0.7611027194936547,2.349857690456089,Melbourne,-1.1155053636747099,1.2000857038531876,-0.9826591590645471,-0.7013753798453112,0.9249332148291723,-0.6840182985025297,-1.8781007270674985,0.34060013790271426,-0.25835463565239425,1,0.0,0.0,0.0,0.0,0.0,0.0,0.2563906107886938,0,0,0
0.13207547169811318,7,0.17857142857142858,-1.314138458905139,0.7832670999204676,0.5418892835082805,0,-1.4213519696122774,0.7611027194936547,2.349857690456089,Melbourne,-1.1155053636747099,1.2000857038531876,-0.9826591590645471,-0.7013753798453112,0.9249332148291723,-0.7418179071969111,-1.810487203756924,0.4344141512911472,-0.2523176461323895,1,0.0,0.0,0.0,0.0,0.0,0.0,0.343685249494104,0,0,0
0.15094339622641512,7,0.19642857142857142,-1.314138458905139,0.7832670999204676,0.5418892835082805,0,-1.4213519696122774,0.7611027194936547,2.349857690456089,Melbourne,-1.1155053636747099,1.2000857038531876,-0.9826591590645471,-0.7013753798453112,0.9249332148291723,-0.9947278701134423,-1.7775710590595317,0.48008542366594126,-0.39328147864185914,1,0.0,0.0,0.0,0.0,0.0,0.0,0.43016598298752445,0,0,0
0.169811320754717,7,0.21428571428571427,-1.314138458905139,0.7832670999204676,0.5418892835082805,0,-1.4213519696122774,0.7611027194936547,2.349857690456089,Melbourne,-1.1155053636747099,1.2000857038531876,-0.9826591590645471,-0.7013753798453112,0.9249332148291723,-1.0886155593631957,-1.8007926373096619,0.4478653980528471,-0.4852300745477214,1,0.0,0.0,0.0,0.0,0.0,0.0,0.5163445706945914,0,0,0
0.18867924528301888,7,0.23214285714285715,-1.314138458905139,0.7832670999204676,0.5418892835082805,0,-1.4213519696122774,0.7611027194936547,2.349857690456089,Melbourne,-1.1155053636747099,1.2000857038531876,-0.9826591590645471,-0.7013753798453112,0.9249332148291723,-1.274043745631464,-1.8067007416177052,0.439667881498221,-0.4522835279094218,1,0.0,0.0,0.0,0.0,0.0,0.0,0.6019264204736106,0,0,0
0.20754716981132076,7,0.25,-1.314138458905139,0.7832670999204676,0.5418892835082805,0,-1.4213519696122774,0.7611027194936547,2.349857690456089,Melbourne,-1.1155053636747099,1.2000857038531876,-0.9826591590645471,-0.7013753798453112,0.9249332148291723,-1.3652908436210678,-1.8265226888239288,0.4121648565183258,-0.4783398020316614,1,0.0,0.0,0.0,0.0,0.0,0.0,0.6872146223165175,0,0,0
0.22641509433962265,7,0.26785714285714285,-1.314138458905139,0.7832670999204676,0.5418892835082805,0,-1.4213519696122774,0.7611027194936547,2.349857690456089,Melbourne,-1.1155053636747099,1.2000857038531876,-0.9826591590645471,-0.7013753798453112,0.9249332148291723,-1.287833499990021,-1.8135250365012556,0.43019914713525553,-0.4736577304178252,1,0.0,0.0,0.0,0.0,0.0,0.0,0.7727520944331662,0,0,0
0.24528301886792453,7,0.2857142857142857,-1.314138458905139,0.7832670999204676,0.5418892835082805,0,-1.4213519696122774,0.7611027194936547,2.349857690456089,Melbourne,-1.1155053636747099,1.2000857038531876,-0.9826591590645471,-0.7013753798453112,0.9249332148291723,-0.4663162190546623,-1.7350475822059155,0.5390869049013371,-0.43360709571556366,1,0.0,0.0,0.0,0.0,0.0,0.0,0.8609333421804067,0,0,0
0.32075471698113206,7,0.35714285714285715,-1.314138458905139,0.7832670999204676,0.5418892835082805,0,-1.4213519696122774,0.7611027194936547,2.349857690456089,Melbourne,-1.1155053636747099,1.2000857038531876,-0.9826591590645471,-0.7013753798453112,0.9249332148291723,-1.1161950680803097,-1.0748128652541953,-1.138994121608995,2.157384198168124,1,0.0,0.0,0.0,0.0,0.0,0.0,1.2073463188513311,0,0,0
0.33962264150943394,7,0.375,-1.314138458905139,0.7832670999204676,0.5418892835082805,0,-1.4213519696122774,0.7611027194936547,2.349857690456089,Melbourne,-1.1155053636747099,1.2000857038531876,-0.9826591590645471,-0.7013753798453112,0.9249332148291723,-1.1563907350403613,-1.0120832939737274,-0.5855639678735736,2.154026444409416,1,0.0,0.0,0.0,0.0,0.0,0.0,1.2933067950688744,0,0,0
0.3584905660377358,7,0.39285714285714285,-1.314138458905139,0.7832670999204676,0.5418892835082805,0,-1.4213519696122774,0.7611027194936547,2.349857690456089,Melbourne,-1.1155053636747099,1.2000857038531876,-0.9826591590645471,-0.7013753798453112,0.9249332148291723,-1.260253991272903,-0.9650647132540975,-0.33710542913564556,2.1532868544079986,1,0.0,0.0,0.0,0.0,0.0,0.0,1.3789330225102643,0,0,0
0.37735849056603776,7,0.4107142857142857,-1.314138458905139,0.7832670999204676,0.5418892835082805,0,-1.4213519696122774,0.7611027194936547,2.349857690456089,Melbourne,-1.1155053636747099,1.2000857038531876,-0.9826591590645471,-0.7013753798453112,0.9249332148291723,-1.1745814748325047,-0.91838758710273,-0.09166602446847484,2.1726126607369443,1,0.0,0.0,0.0,0.0,0.0,0.0,1.4648349579817013,0,0,0
0.39622641509433965,7,0.42857142857142855,-1.314138458905139,0.7832670999204676,0.5418892835082805,0,-1.4213519696122774,0.7611027194936547,2.349857690456089,Melbourne,-1.1155053636747099,1.2000857038531876,-0.9826591590645471,-0.7013753798453112,0.9249332148291723,-1.213603545676933,-0.8434345245540313,0.20569938957339826,2.1522105167407606,1,0.0,0.0,0.0,0.0,0.0,0.0,1.5506113141106856,0,0,0
0.41509433962264153,7,0.4464285714285714,-1.314138458905139,0.7832670999204676,0.5418892835082805,0,-1.4213519696122774,0.7611027194936547,2.349857690456089,Melbourne,-1.1155053636747099,1.2000857038531876,-0.9826591590645471,-0.7013753798453112,0.9249332148291723,-1.3755598096327588,-0.775402836635068,0.4916482654517679,2.128017126169512,1,0.0,0.0,0.0,0.0,0.0,0.0,1.6358664687582103,0,0,0
0.4339622641509434,7,0.46428571428571425,-1.314138458905139,0.7832670999204676,0.5418892835082805,0,-1.4213519696122774,0.7611027194936547,2.349857690456089,Melbourne,-1.1155053636747099,1.2000857038531876,-0.9826591590645471,-0.7013753798453112,0.9249332148291723,-1.5404500638776453,-0.716641270985306,0.6774043760674903,2.115550465625821,1,0.0,0.0,0.0,0.0,0.0,0.0,1.7205909798684513,0,0,0
0.4528301886792453,7,0.48214285714285715,-1.2666423718212778,0.967073228638497,1.0845407179076676,0,-1.3958551969521054,0.18208354672896096,0.7331636728006652,Melbourne,-1.1155053636747099,1.2000857038531876,-0.9826591590645471,-0.7013753798453112,0.9249332148291723,-1.6343377531273986,-0.6925429554627961,0.7793391520390924,2.1246012491622,1,0.0,0.0,0.0,0.0,0.0,0.0,-1.5944921588438201,0,0,0
0.4716981132075472,7,0.49999999999999994,-1.2666423718212778,0.967073228638497,1.0845407179076676,0,-1.3958551969521054,0.18208354672896096,0.7331636728006652,Melbourne,-1.1155053636747099,1.2000857038531876,-0.9826591590645471,-0.7013753798453112,0.9249332148291723,-1.7423085957646158,-0.6770696117979593,0.887156532731384,2.14398112551354,1,0.0,0.0,0.0,0.0,0.0,0.0,-1.5104172611742386,0,0,0
0.49056603773584906,7,0.5178571428571428,-1.2666423718212778,0.967073228638497,1.0845407179076676,0,-1.3958551969521054,0.18208354672896096,0.7331636728006652,Melbourne,-1.1155053636747099,1.2000857038531876,-0.9826591590645471,-0.7013753798453112,0.9249332148291723,-1.9787882130624406,-0.6439461136231033,0.9975304301084867,2.1738091611884167,1,0.0,0.0,0.0,0.0,0.0,0.0,-1.4271033932040345,0,0,0
0.5094339622641509,7,0.5357142857142856,-1.2666423718212778,0.967073228638497,1.0845407179076676,0,-1.3958551969521054,0.18208354672896096,0.7331636728006652,Melbourne,-1.1155053636747099,1.2000857038531876,-0.9826591590645471,-0.7013753798453112,0.9249332148291723,-2.0110621062420435,-0.6342232962339676,0.9857491082518657,2.273952683634158,1,0.0,0.0,0.0,0.0,0.0,0.0,-1.3438933878478896,0,0,0
0.5283018867924528,7,0.5535714285714285,-1.2666423718212778,0.967073228638497,1.0845407179076676,0,-1.3958551969521054,0.18208354672896096,0.7331636728006652,Melbourne,-1.1155053636747099,1.2000857038531876,-0.9826591590645471,-0.7013753798453112,0.9249332148291723,-1.9872967849006986,-0.6139896573014542,1.012078420616134,2.330300927421071,1,0.0,0.0,0.0,0.0,0.0,0.0,-1.2606069018395742,0,0,0
0.9056603773584906,7,0.9107142857142856,-1.2666423718212778,0.967073228638497,1.0845407179076676,0,-1.3958551969521054,0.18208354672896096,0.7331636728006652,Melbourne,-1.1155053636747099,1.2000857038531876,-0.9826591590645471,-0.7013753798453112,0.9249332148291723,-0.3278318774112707,0.7311727236851551,3.9609766906611754,1.4340934812658854,1,0.0,0.0,0.0,0.0,0.0,0.0,0.9860849595047335,0,0,0
0.9245283018867925,7,0.9285714285714285,-1.2666423718212778,0.967073228638497,1.0845407179076676,0,-1.3958551969521054,0.18208354672896096,0.7331636728006652,Melbourne,-1.1155053636747099,1.2000857038531876,-0.9826591590645471,-0.7013753798453112,0.9249332148291723,-1.2094959592722574,0.6794468925466788,3.8892069088578674,1.4815300915211973,1,0.0,0.0,0.0,0.0,0.0,0.0,1.0718745345118705,0,0,0
0.9433962264150944,7,0.9464285714285713,-1.2666423718212778,0.967073228638497,1.0845407179076676,0,-1.3958551969521054,0.18208354672896096,0.7331636728006652,Melbourne,-1.1155053636747099,1.2000857038531876,-0.9826591590645471,-0.7013753798453112,0.9249332148291723,-1.7255848511170067,0.6644065977227157,3.8683384442239506,1.5128961909714636,1,0.0,0.0,0.0,0.0,0.0,0.0,1.1560032518996466,0,0,0
0.9622641509433962,7,0.9642857142857142,-1.2666423718212778,0.967073228638497,1.0845407179076676,0,-1.3958551969521054,0.18208354672896096,0.7331636728006652,Melbourne,-1.1155053636747099,1.2000857038531876,-0.9826591590645471,-0.7013753798453112,0.9249332148291723,-1.8904751053618887,0.6088548898732277,3.79126024434959,1.6360095120823306,1,0.0,0.0,0.0,0.0,0.0,0.0,1.2396013257501393,0,0,0
0.9811320754716981,7,0.9821428571428571,-1.2666423718212778,0.967073228638497,1.0845407179076676,0,-1.3958551969521054,0.18208354672896096,0.7331636728006652,Melbourne,-1.1155053636747099,1.2000857038531876,-0.9826591590645471,-0.7013753798453112,0.9249332148291723,-2.0715023061965705,0.5833320583361318,3.755847221298958,1.6947509828361287,1,0.0,0.0,0.0,0.0,0.0,0.0,1.322616824756319,0,0,0
1.0,7,0.9999999999999999,-1.2666423718212778,0.967073228638497,1.0845407179076676,0,-1.3958551969521054,0.18208354672896096,0.7331636728006652,Melbourne,-1.1155053636747099,1.2000857038531876,-0.9826591590645471,-0.7013753798453112,0.9249332148291723,-2.2243632002563287,0.5724040350539874,3.74068454862191,1.701330297981234,1,0.0,0.0,0.0,0.0,0.0,0.0,1.4051403926540924,0,0,0
0.07547169811320754,7,0.125,-1.314138458905139,0.7832670999204676,0.5418892835082805,0,-1.4213519696122774,0.7611027194936547,2.349857690456089,Melbourne,-1.1155053636747099,1.2000857038531876,-0.9826591590645471,-0.7013753798453112,0.9249332148291723,1.015055477889136,0.3153118167402499,-0.8510575860514299,0.9213309432729246,1,0.0,0.0,0.0,0.0,0.0,0.0,0.08574433588978567,1,1,0
0.09433962264150943,7,0.14285714285714285,-1.314138458905139,0.7832670999204676,0.5418892835082805,0,-1.4213519696122774,0.7611027194936547,2.349857690456089,Melbourne,-1.1155053636747099,1.2000857038531876,-0.9826591590645471,-0.7013753798453112,0.9249332148291723,0.31705918812298456,0.36059664399170055,-0.802270205031459,0.909277790329068,1,0.0,0.0,0.0,0.0,0.0,0.0,0.1764466125419128,1,1,0
0.11320754716981131,7,0.1607142857142857,-1.314138458905139,0.7832670999204676,0.5418892835082805,0,-1.4213519696122774,0.7611027194936547,2.349857690456089,Melbourne,-1.1155053636747099,1.2000857038531876,-0.9826591590645471,-0.7013753798453112,0.9249332148291723,0.1600907076585508,0.3894994078689872,-0.8702109961858827,0.9375445331521896,1,0.0,0.0,0.0,0.0,0.0,0.0,0.26664373920748,1,1,0
0.13207547169811318,7,0.17857142857142858,-1.314138458905139,0.7832670999204676,0.5418892835082805,0,-1.4213519696122774,0.7611027194936547,2.349857690456089,Melbourne,-1.1155053636747099,1.2000857038531876,-0.9826591590645471,-0.7013753798453112,0.9249332148291723,-0.0819634911884756,0.4557496700844164,-0.7158078202486327,0.9432786358732932,1,0.0,0.0,0.0,0.0,0.0,0.0,0.35606189626760504,1,1,0
0.15094339622641512,7,0.19642857142857142,-1.314138458905139,0.7832670999204676,0.5418892835082805,0,-1.4213519696122774,0.7611027194936547,2.349857690456089,Melbourne,-1.1155053636747099,1.2000857038531876,-0.9826591590645471,-0.7013753798453112,0.9249332148291723,-0.22132802991857956,0.5024991592496587,-0.5800565250741013,1.022905001762568,1,0.0,0.0,0.0,0.0,0.0,0.0,0.4450315556761116,1,1,0
0.169811320754717,7,0.21428571428571427,-1.314138458905139,0.7832670999204676,0.5418892835082805,0,-1.4213519696122774,0.7611027194936547,2.349857690456089,Melbourne,-1.1155053636747099,1.2000857038531876,-0.9826591590645471,-0.7013753798453112,0.9249332148291723,-0.5006439054366012,0.5463632516933671,-0.2921865640276137,1.003145328361163,1,0.0,0.0,0.0,0.0,0.0,0.0,0.533102331370217,1,1,0
0.18867924528301888,7,0.23214285714285715,-1.314138458905139,0.7832670999204676,0.5418892835082805,0,-1.4213519696122774,0.7611027194936547,2.349857690456089,Melbourne,-1.1155053636747099,1.2000857038531876,-0.9826591590645471,-0.7013753798453112,0.9249332148291723,-0.6226979014612865,0.580293212835135,-0.22348580975585644,1.0344455469601042,1,0.0,0.0,0.0,0.0,0.0,0.0,0.6207803175420629,1,1,0
0.20754716981132076,7,0.25,-1.314138458905139,0.7832670999204676,0.5418892835082805,0,-1.4213519696122774,0.7611027194936547,2.349857690456089,Melbourne,-1.1155053636747099,1.2000857038531876,-0.9826591590645471,-0.7013753798453112,0.9249332148291723,-0.6564387897854158,0.6150641493439577,-0.25854567396386585,1.009057853385819,1,0.0,0.0,0.0,0.0,0.0,0.0,0.7083497200719381,1,1,0
0.22641509433962265,7,0.26785714285714285,-1.314138458905139,0.7832670999204676,0.5418892835082805,0,-1.4213519696122774,0.7611027194936547,2.349857690456089,Melbourne,-1.1155053636747099,1.2000857038531876,-0.9826591590645471,-0.7013753798453112,0.9249332148291723,-0.7441650994281579,0.6561573014780739,-0.2636153027779331,0.9530640857614967,1,0.0,0.0,0.0,0.0,0.0,0.0,0.7956368051326894,1,1,0
0.24528301886792453,7,0.2857142857142857,-1.314138458905139,0.7832670999204676,0.5418892835082805,0,-1.4213519696122774,0.7611027194936547,2.349857690456089,Melbourne,-1.1155053636747099,1.2000857038531876,-0.9826591590645471,-0.7013753798453112,0.9249332148291723,-0.6414754393112354,0.6954960728773774,-0.34691137676910244,0.9633328801617331,1,0.0,0.0,0.0,0.0,0.0,0.0,0.8832543621472647,1,1,0
0.2641509433962264,7,0.30357142857142855,-1.314138458905139,0.7832670999204676,0.5418892835082805,0,-1.4213519696122774,0.7611027194936547,2.349857690456089,Melbourne,-1.1155053636747099,1.2000857038531876,-0.9826591590645471,-0.7013753798453112,0.9249332148291723,-0.5449471588013326,0.7341521011946154,-0.35677566867553706,0.9862150229365012,1,0.0,0.0,0.0,0.0,0.0,0.0,0.9711825627984344,1,1,0
0.2830188679245283,7,0.3214285714285714,-1.314138458905139,0.7832670999204676,0.5418892835082805,0,-1.4213519696122774,0.7611027194936547,2.349857690456089,Melbourne,-1.1155053636747099,1.2000857038531876,-0.9826591590645471,-0.7013753798453112,0.9249332148291723,-0.7391773159367616,0.7780895089818289,-0.2883846605789135,0.928632310370046,1,0.0,0.0,0.0,0.0,0.0,0.0,1.0584856993540857,1,1,0
0.3018867924528302,7,0.33928571428571425,-1.314138458905139,0.7832670999204676,0.5418892835082805,0,-1.4213519696122774,0.7611027194936547,2.349857690456089,Melbourne,-1.1155053636747099,1.2000857038531876,-0.9826591590645471,-0.7013753798453112,0.9249332148291723,-0.7787861848390037,0.805456506397941,-0.41576143924104275,0.9034285297823669,1,0.0,0.0,0.0,0.0,0.0,0.0,1.1456613681561192,1,1,0
0.32075471698113206,7,0.35714285714285715,-1.314138458905139,0.7832670999204676,0.5418892835082805,0,-1.4213519696122774,0.7611027194936547,2.349857690456089,Melbourne,-1.1155053636747099,1.2000857038531876,-0.9826591590645471,-0.7013753798453112,0.9249332148291723,-0.779959780954627,0.8281334698657451,-0.4198673338537377,0.9424606526681745,1,0.0,0.0,0.0,0.0,0.0,0.0,1.232833260135823,1,1,0
0.33962264150943394,7,0.375,-1.314138458905139,0.7832670999204676,0.5418892835082805,0,-1.4213519696122774,0.7611027194936547,2.349857690456089,Melbourne,-1.1155053636747099,1.2000857038531876,-0.9826591590645471,-0.7013753798453112,0.9249332148291723,-0.7705710120296484,0.8568067558253925,-0.34972376207732664,0.9724688546268132,1,0.0,0.0,0.0,0.0,0.0,0.0,1.3200353666941622,1,1,0
0.3584905660377358,7,0.39285714285714285,-1.314138458905139,0.7832670999204676,0.5418892835082805,0,-1.4213519696122774,0.7611027194936547,2.349857690456089,Melbourne,-1.1155053636747099,1.2000857038531876,-0.9826591590645471,-0.7013753798453112,0.9249332148291723,-0.7462188926304936,0.8843575405817018,-0.26361530277799383,1.092384812167382,1,0.0,0.0,0.0,0.0,0.0,0.0,1.407315842315837,1,1,0
0.37735849056603776,7,0.4107142857142857,-1.314138458905139,0.7832670999204676,0.5418892835082805,0,-1.4213519696122774,0.7611027194936547,2.349857690456089,Melbourne,-1.1155053636747099,1.2000857038531876,-0.9826591590645471,-0.7013753798453112,0.9249332148291723,-0.8644587012794059,0.9172461088733677,-0.09431808758877627,1.1013565836993127,1,0.0,0.0,0.0,0.0,0.0,0.0,1.4942158030878228,1,1,0
0.39622641509433965,7,0.42857142857142855,-1.314138458905139,0.7832670999204676,0.5418892835082805,0,-1.4213519696122774,0.7611027194936547,2.349857690456089,Melbourne,-1.1155053636747099,1.2000857038531876,-0.9826591590645471,-0.7013753798453112,0.9249332148291723,-0.9856325002173705,0.9471429106759407,-0.05073987519416361,1.0547436450132717,1,0.0,0.0,0.0,0.0,0.0,0.0,1.5807258069542962,1,1,0
0.41509433962264153,7,0.4464285714285714,-1.314138458905139,0.7832670999204676,0.5418892835082805,0,-1.4213519696122774,0.7611027194936547,2.349857690456089,Melbourne,-1.1155053636747099,1.2000857038531876,-0.9826591590645471,-0.7013753798453112,0.9249332148291723,-1.1892514262777782,0.9722903059641448,0.11932440456519917,1.0724040837054505,1,0.0,0.0,0.0,0.0,0.0,0.0,1.666580532146616,1,1,0
0.4339622641509434,7,0.46428571428571425,-1.314138458905139,0.7832670999204676,0.5418892835082805,0,-1.4213519696122774,0.7611027194936547,2.349857690456089,Melbourne,-1.1155053636747099,1.2000857038531876,-0.9826591590645471,-0.7013753798453112,0.9249332148291723,-1.2752173417470831,0.9938637966014069,0.038032085303917204,1.1240731953874912,1,0.0,0.0,0.0,0.0,0.0,0.0,1.7521586051033056,1,1,0
0.4528301886792453,7,0.48214285714285715,-1.2666423718212778,0.967073228638497,1.0845407179076676,0,-1.3958551969521054,0.18208354672896096,0.7331636728006652,Melbourne,-1.1155053636747099,1.2000857038531876,-0.9826591590645471,-0.7013753798453112,0.9249332148291723,-1.349447296060171,1.010495899781254,0.011081059813942796,1.1556676473184984,1,0.0,0.0,0.0,0.0,0.0,0.0,-1.5620077099884997,1,1,0
0.4716981132075472,7,0.49999999999999994,-1.2666423718212778,0.967073228638497,1.0845407179076676,0,-1.3958551969521054,0.18208354672896096,0.7331636728006652,Melbourne,-1.1155053636747099,1.2000857038531876,-0.9826591590645471,-0.7013753798453112,0.9249332148291723,-1.4465623746278877,1.0257227933650896,0.06433273527484185,1.187871878157137,1,0.0,0.0,0.0,0.0,0.0,0.0,-1.476981053091905,1,1,0
0.49056603773584906,7,0.5178571428571428,-1.2666423718212778,0.967073228638497,1.0845407179076676,0,-1.3958551969521054,0.18208354672896096,0.7331636728006652,Melbourne,-1.1155053636747099,1.2000857038531876,-0.9826591590645471,-0.7013753798453112,0.9249332148291723,-1.4251442455177892,1.0455042132165973,0.04758389465427636,1.1480653960611877,1,0.0,0.0,0.0,0.0,0.0,0.0,-1.3918854691877984,1,1,0
0.5094339622641509,7,0.5357142857142856,-1.2666423718212778,0.967073228638497,1.0845407179076676,0,-1.3958551969521054,0.18208354672896096,0.7331636728006652,Melbourne,-1.1155053636747099,1.2000857038531876,-0.9826591590645471,-0.7013753798453112,0.9249332148291723,-1.6671984443648113,1.069489757163215,0.13116056416110827,1.0548713510188072,1,0.0,0.0,0.0,0.0,0.0,0.0,-1.307568854889134,1,1,0
0.5283018867924528,7,0.5535714285714285,-1.2666423718212778,0.967073228638497,1.0845407179076676,0,-1.3958551969521054,0.18208354672896096,0.7331636728006652,Melbourne,-1.1155053636747099,1.2000857038531876,-0.9826591590645471,-0.7013753798453112,0.9249332148291723,-1.642552925936754,1.0875595277281382,-0.12401989380124837,0.9965518303475797,1,0.0,0.0,0.0,0.0,0.0,0.0,-1.223172927321552,1,1,0
0.7169811320754716,3,0.14285714285714285,-1.2666423718212778,0.967073228638497,1.0845407179076676,0,-1.3958551969521054,0.18208354672896096,0.7331636728006652,Melbourne,-1.1155053636747099,1.2000857038531876,-0.9826591590645471,-0.7013753798453112,0.9249332148291723,-2.0653409265895593,0.928308943132248,-0.8818101624937068,1.6920241335882318,1,0.0,0.0,0.0,0.0,0.0,0.0,-0.08436090921043332,1,1,0
0.7358490566037735,3,0.1607142857142857,-1.2666423718212778,0.967073228638497,1.0845407179076676,0,-1.3958551969521054,0.18208354672896096,0.7331636728006652,Melbourne,-1.1155053636747099,1.2000857038531876,-0.9826591590645471,-0.7013753798453112,0.9249332148291723,-2.922652889051387,0.9613805670448339,-0.7214337878673167,1.5532710242033356,1,0.0,0.0,0.0,0.0,0.0,0.0,-0.004084550598663468,1,1,0
0.9056603773584906,7,0.9107142857142856,-1.2666423718212778,0.967073228638497,1.0845407179076676,0,-1.3958551969521054,0.18208354672896096,0.7331636728006652,Melbourne,-1.1155053636747099,1.2000857038531876,-0.9826591590645471,-0.7013753798453112,0.9249332148291723,0.3945165317540315,1.6681183287314956,0.2537233312672168,-0.7976463272806845,1,0.0,0.0,0.0,0.0,0.0,0.0,0.9933638403391037,1,1,0
0.9245283018867925,7,0.9285714285714285,-1.2666423718212778,0.967073228638497,1.0845407179076676,0,-1.3958551969521054,0.18208354672896096,0.7331636728006652,Melbourne,-1.1155053636747099,1.2000857038531876,-0.9826591590645471,-0.7013753798453112,0.9249332148291723,-0.7875881557061686,1.6619259393151118,0.4953719848647246,-0.06662616592101042,1,0.0,0.0,0.0,0.0,0.0,0.0,1.0805111829736664,1,1,0
0.9433962264150944,7,0.9464285714285713,-1.2666423718212778,0.967073228638497,1.0845407179076676,0,-1.3958551969521054,0.18208354672896096,0.7331636728006652,Melbourne,-1.1155053636747099,1.2000857038531876,-0.9826591590645471,-0.7013753798453112,0.9249332148291723,-0.0042127485285217686,1.6652950491207905,0.5584050149997215,0.4191128700834344,1,0.0,0.0,0.0,0.0,0.0,0.0,1.170179554513115,1,1,0
0.9622641509433962,7,0.9642857142857142,-1.2666423718212778,0.967073228638497,1.0845407179076676,0,-1.3958551969521054,0.18208354672896096,0.7331636728006652,Melbourne,-1.1155053636747099,1.2000857038531876,-0.9826591590645471,-0.7013753798453112,0.9249332148291723,-0.7820135741569628,1.6821355220945278,1.1513960178209097,0.04516289993575759,1,0.0,0.0,0.0,0.0,0.0,0.0,1.2573448370537428,1,1,0
0.9811320754716981,7,0.9821428571428571,-1.2666423718212778,0.967073228638497,1.0845407179076676,0,-1.3958551969521054,0.18208354672896096,0.7331636728006652,Melbourne,-1.1155053636747099,1.2000857038531876,-0.9826591590645471,-0.7013753798453112,0.9249332148291723,-1.2074421660699177,1.6974339696324257,1.3662059324403133,0.03221991826726101,1,0.0,0.0,0.0,0.0,0.0,0.0,1.3431410214999564,1,1,0
1.0,7,0.9999999999999999,-1.2666423718212778,0.967073228638497,1.0845407179076676,0,-1.3958551969521054,0.18208354672896096,0.7331636728006652,Melbourne,-1.1155053636747099,1.2000857038531876,-0.9826591590645471,-0.7013753798453112,0.9249332148291723,-1.0765861991780716,1.7128173178709145,1.4220480106263915,0.2593733549528433,1,0.0,0.0,0.0,0.0,0.0,0.0,1.4293583216359,1,1,0
0.07547169811320754,7,0.125,-1.314138458905139,0.7832670999204676,0.5418892835082805,0,-1.4213519696122774,0.7611027194936547,2.349857690456089,Melbourne,-1.1155053636747099,1.2000857038531876,-0.9826591590645471,-0.7013753798453112,0.9249332148291723,1.0995543982139149,0.8071966750624503,-0.646374798406017,-0.4677454202187477,1,0.0,0.0,0.0,0.0,0.0,0.0,0.09000364727178627,2,2,0
0.09433962264150943,7,0.14285714285714285,-1.314138458905139,0.7832670999204676,0.5418892835082805,0,-1.4213519696122774,0.7611027194936547,2.349857690456089,Melbourne,-1.1155053636747099,1.2000857038531876,-0.9826591590645471,-0.7013753798453112,0.9249332148291723,0.39040894534935594,0.8413545615587802,-0.7256658277952655,0.014496531177598086,1,0.0,0.0,0.0,0.0,0.0,0.0,0.18094197531950199,2,2,0
0.11320754716981131,7,0.1607142857142857,-1.314138458905139,0.7832670999204676,0.5418892835082805,0,-1.4213519696122774,0.7611027194936547,2.349857690456089,Melbourne,-1.1155053636747099,1.2000857038531876,-0.9826591590645471,-0.7013753798453112,0.9249332148291723,0.08468715722983955,0.8641350927366013,-0.7971007998672014,0.3337274265765685,1,0.0,0.0,0.0,0.0,0.0,0.0,0.2708964411504043,2,2,0
0.13207547169811318,7,0.17857142857142858,-1.314138458905139,0.7832670999204676,0.5418892835082805,0,-1.4213519696122774,0.7611027194936547,2.349857690456089,Melbourne,-1.1155053636747099,1.2000857038531876,-0.9826591590645471,-0.7013753798453112,0.9249332148291723,-0.08900506788220752,0.9057284461723119,-0.7158078202486327,0.4014380925062202,1,0.0,0.0,0.0,0.0,0.0,0.0,0.3602919372765527,2,2,0
0.15094339622641512,7,0.19642857142857142,-1.314138458905139,0.7832670999204676,0.5418892835082805,0,-1.4213519696122774,0.7611027194936547,2.349857690456089,Melbourne,-1.1155053636747099,1.2000857038531876,-0.9826591590645471,-0.7013753798453112,0.9249332148291723,0.11842804555397304,0.9376996629408887,-0.8291133489706365,0.39713137185808073,1,0.0,0.0,0.0,0.0,0.0,0.0,0.450354986749426,2,2,0
0.169811320754717,7,0.21428571428571427,-1.314138458905139,0.7832670999204676,0.5418892835082805,0,-1.4213519696122774,0.7611027194936547,2.349857690456089,Melbourne,-1.1155053636747099,1.2000857038531876,-0.9826591590645471,-0.7013753798453112,0.9249332148291723,-0.37682951523848723,0.982564321279694,-0.6865806913937413,0.19793846945880125,1,0.0,0.0,0.0,0.0,0.0,0.0,0.5388242171992845,2,2,0
0.18867924528301888,7,0.23214285714285715,-1.314138458905139,0.7832670999204676,0.5418892835082805,0,-1.4213519696122774,0.7611027194936547,2.349857690456089,Melbourne,-1.1155053636747099,1.2000857038531876,-0.9826591590645471,-0.7013753798453112,0.9249332148291723,-0.34602261720341004,1.011258891167722,-0.8182491994835162,0.3366432590895285,1,0.0,0.0,0.0,0.0,0.0,0.0,0.6273925892352907,2,2,0
0.20754716981132076,7,0.25,-1.314138458905139,0.7832670999204676,0.5418892835082805,0,-1.4213519696122774,0.7611027194936547,2.349857690456089,Melbourne,-1.1155053636747099,1.2000857038531876,-0.9826591590645471,-0.7013753798453112,0.9249332148291723,-0.812527073163133,1.0465692102033561,-1.348829746558197,0.3939411692836067,1,0.0,0.0,0.0,0.0,0.0,0.0,0.7144596743953534,2,2,0
0.24528301886792453,7,0.2857142857142857,-1.314138458905139,0.7832670999204676,0.5418892835082805,0,-1.4213519696122774,0.7611027194936547,2.349857690456089,Melbourne,-1.1155053636747099,1.2000857038531876,-0.9826591590645471,-0.7013753798453112,0.9249332148291723,-0.7831871702725861,1.15024229055379,-0.5262786166097234,0.03245190266510164,1,0.0,0.0,0.0,0.0,0.0,0.0,0.8935169326218743,2,2,0
0.32075471698113206,7,0.35714285714285715,-1.314138458905139,0.7832670999204676,0.5418892835082805,0,-1.4213519696122774,0.7611027194936547,2.349857690456089,Melbourne,-1.1155053636747099,1.2000857038531876,-0.9826591590645471,-0.7013753798453112,0.9249332148291723,-1.1558039369825517,1.2130960083023767,0.7710560576265998,-0.6522213585012577,1,0.0,0.0,0.0,0.0,0.0,0.0,1.2395531712654388,2,2,0
0.33962264150943394,7,0.375,-1.314138458905139,0.7832670999204676,0.5418892835082805,0,-1.4213519696122774,0.7611027194936547,2.349857690456089,Melbourne,-1.1155053636747099,1.2000857038531876,-0.9826591590645471,-0.7013753798453112,0.9249332148291723,-0.9078817575574166,1.2212014790130608,0.5595439625092127,-0.02774563603589258,1,0.0,0.0,0.0,0.0,0.0,0.0,1.3263133896112365,2,2,0
0.3584905660377358,7,0.39285714285714285,-1.314138458905139,0.7832670999204676,0.5418892835082805,0,-1.4213519696122774,0.7611027194936547,2.349857690456089,Melbourne,-1.1155053636747099,1.2000857038531876,-0.9826591590645471,-0.7013753798453112,0.9249332148291723,-1.0730654108312057,1.2369632157758472,0.11826348385217447,0.25876368888529017,1,0.0,0.0,0.0,0.0,0.0,0.0,1.4125420202141685,2,2,0
0.37735849056603776,7,0.4107142857142857,-1.314138458905139,0.7832670999204676,0.5418892835082805,0,-1.4213519696122774,0.7611027194936547,2.349857690456089,Melbourne,-1.1155053636747099,1.2000857038531876,-0.9826591590645471,-0.7013753798453112,0.9249332148291723,-1.220351723341758,1.250716678984267,-0.18838572837317916,0.5291490315723055,1,0.0,0.0,0.0,0.0,0.0,0.0,1.4982966596147587,2,2,0
0.39622641509433965,7,0.42857142857142855,-1.314138458905139,0.7832670999204676,0.5418892835082805,0,-1.4213519696122774,0.7611027194936547,2.349857690456089,Melbourne,-1.1155053636747099,1.2000857038531876,-0.9826591590645471,-0.7013753798453112,0.9249332148291723,-1.2543860106947944,1.2617360997329357,-0.5524723206083093,0.7935341901809303,1,0.0,0.0,0.0,0.0,0.0,0.0,1.5839417711677952,2,2,0
0.41509433962264153,7,0.4464285714285714,-1.314138458905139,0.7832670999204676,0.5418892835082805,0,-1.4213519696122774,0.7611027194936547,2.349857690456089,Melbourne,-1.1155053636747099,1.2000857038531876,-0.9826591590645471,-0.7013753798453112,0.9249332148291723,-1.0804003865538403,1.272367504524411,-1.0650020364099815,0.9726028442853648,1,0.0,0.0,0.0,0.0,0.0,0.0,1.6701467966311683,2,2,0
0.4339622641509434,7,0.46428571428571425,-1.314138458905139,0.7832670999204676,0.5418892835082805,0,-1.4213519696122774,0.7611027194936547,2.349857690456089,Melbourne,-1.1155053636747099,1.2000857038531876,-0.9826591590645471,-0.7013753798453112,0.9249332148291723,-1.32568197471883,1.2926822542039729,-1.1761077233970798,1.0397359296172843,1,0.0,0.0,0.0,0.0,0.0,0.0,1.7555624662276932,2,2,0
0.5283018867924528,7,0.5535714285714285,-1.2666423718212778,0.967073228638497,1.0845407179076676,0,-1.3958551969521054,0.18208354672896096,0.7331636728006652,Melbourne,-1.1155053636747099,1.2000857038531876,-0.9826591590645471,-0.7013753798453112,0.9249332148291723,-1.745535985082579,1.36313165897253,1.3837110762020617,-1.3559176364606929,1,0.0,0.0,0.0,0.0,0.0,0.0,-1.2202723277725593,2,2,0
1.0,7,0.9999999999999999,-1.2666423718212778,0.967073228638497,1.0845407179076676,0,-1.3958551969521054,0.18208354672896096,0.7331636728006652,Melbourne,-1.1155053636747099,1.2000857038531876,-0.9826591590645471,-0.7013753798453112,0.9249332148291723,-1.8576144141244717,1.7810161282953094,-1.0907673761884358,-0.9836464533265618,1,0.0,0.0,0.0,0.0,0.0,0.0,1.4139045088695057,2,2,0
0.07547169811320754,7,0.125,-1.314138458905139,0.7832670999204676,0.5418892835082805,0,-1.4213519696122774,0.7611027194936547,2.349857690456089,Melbourne,-1.1155053636747099,1.2000857038531876,-0.9826591590645471,-0.7013753798453112,0.9249332148291723,0.9895297623743579,0.53684646395666,0.8854203010794516,0.37695214837853713,1,0.0,0.0,0.0,0.0,0.0,0.0,0.08654691063478702,3,3,0
0.09433962264150943,7,0.14285714285714285,-1.314138458905139,0.7832670999204676,0.5418892835082805,0,-1.4213519696122774,0.7611027194936547,2.349857690456089,Melbourne,-1.1155053636747099,1.2000857038531876,-0.9826591590645471,-0.7013753798453112,0.9249332148291723,0.3772059890486086,0.5730921220489038,0.8737538668406253,0.43477401591217407,1,0.0,0.0,0.0,0.0,0.0,0.0,0.1774427494312965,3,3,0
0.11320754716981131,7,0.1607142857142857,-1.314138458905139,0.7832670999204676,0.5418892835082805,0,-1.4213519696122774,0.7611027194936547,2.349857690456089,Melbourne,-1.1155053636747099,1.2000857038531876,-0.9826591590645471,-0.7013753798453112,0.9249332148291723,0.17241346687258166,0.6007830413513732,0.9011136869497564,0.43220436313878624,1,0.0,0.0,0.0,0.0,0.0,0.0,0.2676795327313227,3,3,0
0.13207547169811318,7,0.17857142857142858,-1.314138458905139,0.7832670999204676,0.5418892835082805,0,-1.4213519696122774,0.7611027194936547,2.349857690456089,Melbourne,-1.1155053636747099,1.2000857038531876,-0.9826591590645471,-0.7013753798453112,0.9249332148291723,0.09348912809700444,0.6572156258744434,0.9066638141758883,0.3515335559135392,1,0.0,0.0,0.0,0.0,0.0,0.0,0.3576623247296959,3,3,0
0.15094339622641512,7,0.19642857142857142,-1.314138458905139,0.7832670999204676,0.5418892835082805,0,-1.4213519696122774,0.7611027194936547,2.349857690456089,Melbourne,-1.1155053636747099,1.2000857038531876,-0.9826591590645471,-0.7013753798453112,0.9249332148291723,-0.2656312832833109,0.706066747385867,0.9837354124249936,0.2871859719345649,1,0.0,0.0,0.0,0.0,0.0,0.0,0.4464894090952671,3,3,0
0.169811320754717,7,0.21428571428571427,-1.314138458905139,0.7832670999204676,0.5418892835082805,0,-1.4213519696122774,0.7611027194936547,2.349857690456089,Melbourne,-1.1155053636747099,1.2000857038531876,-0.9826591590645471,-0.7013753798453112,0.9249332148291723,-0.4302281384992862,0.7409108560710037,0.9646097171490808,0.3557642585892986,1,0.0,0.0,0.0,0.0,0.0,0.0,0.5347867941291373,3,3,0
0.18867924528301888,7,0.23214285714285715,-1.314138458905139,0.7832670999204676,0.5418892835082805,0,-1.4213519696122774,0.7611027194936547,2.349857690456089,Melbourne,-1.1155053636747099,1.2000857038531876,-0.9826591590645471,-0.7013753798453112,0.9249332148291723,-0.6799107120978541,0.7732995307763886,0.994905685651791,0.42797440378988594,1,0.0,0.0,0.0,0.0,0.0,0.0,0.6222806602124243,3,3,0
0.20754716981132076,7,0.25,-1.314138458905139,0.7832670999204676,0.5418892835082805,0,-1.4213519696122774,0.7611027194936547,2.349857690456089,Melbourne,-1.1155053636747099,1.2000857038531876,-0.9826591590645471,-0.7013753798453112,0.9249332148291723,-0.7796663819257202,0.800178081382239,0.9703325420984416,0.5059063187375664,1,0.0,0.0,0.0,0.0,0.0,0.0,0.7094534963977103,3,3,0
0.22641509433962265,7,0.26785714285714285,-1.314138458905139,0.7832670999204676,0.5418892835082805,0,-1.4213519696122774,0.7611027194936547,2.349857690456089,Melbourne,-1.1155053636747099,1.2000857038531876,-0.9826591590645471,-0.7013753798453112,0.9249332148291723,-0.7218667732313387,0.8296467235690866,0.9161353033497017,0.5160810408249416,1,0.0,0.0,0.0,0.0,0.0,0.0,0.7968123410827206,3,3,0
0.24528301886792453,7,0.2857142857142857,-1.314138458905139,0.7832670999204676,0.5418892835082805,0,-1.4213519696122774,0.7611027194936547,2.349857690456089,Melbourne,-1.1155053636747099,1.2000857038531876,-0.9826591590645471,-0.7013753798453112,0.9249332148291723,-0.5913042053683997,0.864768463164307,0.9260746291958444,0.5218432435539633,1,0.0,0.0,0.0,0.0,0.0,0.0,0.8845913572518783,3,3,0
0.2641509433962264,7,0.30357142857142855,-1.314138458905139,0.7832670999204676,0.5418892835082805,0,-1.4213519696122774,0.7611027194936547,2.349857690456089,Melbourne,-1.1155053636747099,1.2000857038531876,-0.9826591590645471,-0.7013753798453112,0.9249332148291723,-0.66993514511507,0.9006273812812796,0.948222611152825,0.593869952499027,1,0.0,0.0,0.0,0.0,0.0,0.0,0.9721173263249654,3,3,0
0.2830188679245283,7,0.3214285714285714,-1.314138458905139,0.7832670999204676,0.5418892835082805,0,-1.4213519696122774,0.7611027194936547,2.349857690456089,Melbourne,-1.1155053636747099,1.2000857038531876,-0.9826591590645471,-0.7013753798453112,0.9249332148291723,-0.7925759391975606,0.9335351184861878,0.8924874078762264,0.7431168941560835,1,0.0,0.0,0.0,0.0,0.0,0.0,1.0592486174646278,3,3,0
0.3018867924528302,7,0.33928571428571425,-1.314138458905139,0.7832670999204676,0.5418892835082805,0,-1.4213519696122774,0.7611027194936547,2.349857690456089,Melbourne,-1.1155053636747099,1.2000857038531876,-0.9826591590645471,-0.7013753798453112,0.9249332148291723,-0.6957542596587509,0.9553262384376829,0.8680922765636488,0.8039151722524683,1,0.0,0.0,0.0,0.0,0.0,0.0,1.1466914964464676,3,3,0
0.32075471698113206,7,0.35714285714285715,-1.314138458905139,0.7832670999204676,0.5418892835082805,0,-1.4213519696122774,0.7611027194936547,2.349857690456089,Melbourne,-1.1155053636747099,1.2000857038531876,-0.9826591590645471,-0.7013753798453112,0.9249332148291723,-0.7148251965376068,0.9788229432481126,0.9058720755067257,0.7994738816080772,1,0.0,0.0,0.0,0.0,0.0,0.0,1.2340730020654544,3,3,0
0.33962264150943394,7,0.375,-1.314138458905139,0.7832670999204676,0.5418892835082805,0,-1.4213519696122774,0.7611027194936547,2.349857690456089,Melbourne,-1.1155053636747099,1.2000857038531876,-0.9826591590645471,-0.7013753798453112,0.9249332148291723,-0.4985901122342655,1.0067932491464369,0.9349174810040741,0.7821917145855951,1,0.0,0.0,0.0,0.0,0.0,0.0,1.322150387198636,3,3,0
0.3584905660377358,7,0.39285714285714285,-1.314138458905139,0.7832670999204676,0.5418892835082805,0,-1.4213519696122774,0.7611027194936547,2.349857690456089,Melbourne,-1.1155053636747099,1.2000857038531876,-0.9826591590645471,-0.7013753798453112,0.9249332148291723,-0.7250941625492978,1.0419434801211385,1.0509860017761412,0.9239519947390472,1,0.0,0.0,0.0,0.0,0.0,0.0,1.4094988456222404,3,3,0
0.37735849056603776,7,0.4107142857142857,-1.314138458905139,0.7832670999204676,0.5418892835082805,0,-1.4213519696122774,0.7611027194936547,2.349857690456089,Melbourne,-1.1155053636747099,1.2000857038531876,-0.9826591590645471,-0.7013753798453112,0.9249332148291723,-0.9730163419744328,1.0716331830688297,1.0596699190109582,0.9421879047697558,1,0.0,0.0,0.0,0.0,0.0,0.0,1.4960494503287551,3,3,0
0.39622641509433965,7,0.42857142857142855,-1.314138458905139,0.7832670999204676,0.5418892835082805,0,-1.4213519696122774,0.7611027194936547,2.349857690456089,Melbourne,-1.1155053636747099,1.2000857038531876,-0.9826591590645471,-0.7013753798453112,0.9249332148291723,-0.9448500351995093,1.093837733076832,1.01455253052413,1.0007745919289133,1,0.0,0.0,0.0,0.0,0.0,0.0,1.5826906987711757,3,3,0
0.41509433962264153,7,0.4464285714285714,-1.314138458905139,0.7832670999204676,0.5418892835082805,0,-1.4213519696122774,0.7611027194936547,2.349857690456089,Melbourne,-1.1155053636747099,1.2000857038531876,-0.9826591590645471,-0.7013753798453112,0.9249332148291723,-1.0674908292819998,1.1176231462006754,1.031646343868309,1.0438536851549176,1,0.0,0.0,0.0,0.0,0.0,0.0,1.6689372692801723,3,3,0
0.4339622641509434,7,0.46428571428571425,-1.314138458905139,0.7832670999204676,0.5418892835082805,0,-1.4213519696122774,0.7611027194936547,2.349857690456089,Melbourne,-1.1155053636747099,1.2000857038531876,-0.9826591590645471,-0.7013753798453112,0.9249332148291723,-1.1989335942316597,1.1411902049402907,1.08165768085415,1.0698742009637594,1,0.0,0.0,0.0,0.0,0.0,0.0,1.7547608356882742,3,3,0
0.4528301886792453,7,0.48214285714285715,-1.2666423718212778,0.967073228638497,1.0845407179076676,0,-1.3958551969521054,0.18208354672896096,0.7331636728006652,Melbourne,-1.1155053636747099,1.2000857038531876,-0.9826591590645471,-0.7013753798453112,0.9249332148291723,-1.270229558255691,1.1586470356208565,1.112238442376198,1.133612872335895,1,0.0,0.0,0.0,0.0,0.0,0.0,-1.5591505438962956,3,3,0
0.4716981132075472,7,0.49999999999999994,-1.2666423718212778,0.967073228638497,1.0845407179076676,0,-1.3958551969521054,0.18208354672896096,0.7331636728006652,Melbourne,-1.1155053636747099,1.2000857038531876,-0.9826591590645471,-0.7013753798453112,0.9249332148291723,-1.544264251253414,1.1749175424681586,1.1434094183889476,1.1424931554503723,1,0.0,0.0,0.0,0.0,0.0,0.0,-1.4744383074586247,3,3,0
0.49056603773584906,7,0.5178571428571428,-1.2666423718212778,0.967073228638497,1.0845407179076676,0,-1.3958551969521054,0.18208354672896096,0.7331636728006652,Melbourne,-1.1155053636747099,1.2000857038531876,-0.9826591590645471,-0.7013753798453112,0.9249332148291723,-1.6451935171969034,1.18897858328809,1.1048801051200818,1.2841341490648055,1,0.0,0.0,0.0,0.0,0.0,0.0,-1.3900508777412839,3,3,0
0.5094339622641509,7,0.5357142857142856,-1.2666423718212778,0.967073228638497,1.0845407179076676,0,-1.3958551969521054,0.18208354672896096,0.7331636728006652,Melbourne,-1.1155053636747099,1.2000857038531876,-0.9826591590645471,-0.7013753798453112,0.9249332148291723,-1.798934608343378,1.2026831748957147,1.0146761391535422,1.3952796932554707,1,0.0,0.0,0.0,0.0,0.0,0.0,-1.3061582117490966,3,3,0
0.5283018867924528,7,0.5535714285714285,-1.2666423718212778,0.967073228638497,1.0845407179076676,0,-1.3958551969521054,0.18208354672896096,0.7331636728006652,Melbourne,-1.1155053636747099,1.2000857038531876,-0.9826591590645471,-0.7013753798453112,0.9249332148291723,-1.8080299782394456,1.2143535494066375,0.9582277678502038,1.4361390500273974,1,0.0,0.0,0.0,0.0,0.0,0.0,-1.2222948161299625,3,3,0
0.07547169811320754,7,0.125,-1.314138458905139,0.7832670999204676,0.5418892835082805,0,-1.4213519696122774,0.7611027194936547,2.349857690456089,Melbourne,-1.1155053636747099,1.2000857038531876,-0.9826591590645471,-0.7013753798453112,0.9249332148291723,0.9414123216338578,-0.0866596620126994,1.2131730223026556,0.016839059987567424,1,0.0,0.0,0.0,0.0,0.0,0.0,0.08301841437352861,4,4,0
0.09433962264150943,7,0.14285714285714285,-1.314138458905139,0.7832670999204676,0.5418892835082805,0,-1.4213519696122774,0.7611027194936547,2.349857690456089,Melbourne,-1.1155053636747099,1.2000857038531876,-0.9826591590645471,-0.7013753798453112,0.9249332148291723,-0.014188315511305874,-0.030868806887933798,1.252829315748096,0.07980868967350369,1,0.0,0.0,0.0,0.0,0.0,0.0,0.1726546829231775,4,4,0
0.11320754716981131,7,0.1607142857142857,-1.314138458905139,0.7832670999204676,0.5418892835082805,0,-1.4213519696122774,0.7611027194936547,2.349857690456089,Melbourne,-1.1155053636747099,1.2000857038531876,-0.9826591590645471,-0.7013753798453112,0.9249332148291723,-0.4231865618055543,-0.022488233320018442,1.2592407993750023,0.1839817812866074,1,0.0,0.0,0.0,0.0,0.0,0.0,0.26097472889102435,4,4,0
0.13207547169811318,7,0.17857142857142858,-1.314138458905139,0.7832670999204676,0.5418892835082805,0,-1.4213519696122774,0.7611027194936547,2.349857690456089,Melbourne,-1.1155053636747099,1.2000857038531876,-0.9826591590645471,-0.7013753798453112,0.9249332148291723,-0.21428645322484763,0.016748295227577495,1.2541135975823579,0.3640033082411117,1,0.0,0.0,0.0,0.0,0.0,0.0,0.3499670492335075,4,4,0
0.15094339622641512,7,0.19642857142857142,-1.314138458905139,0.7832670999204676,0.5418892835082805,0,-1.4213519696122774,0.7611027194936547,2.349857690456089,Melbourne,-1.1155053636747099,1.2000857038531876,-0.9826591590645471,-0.7013753798453112,0.9249332148291723,-0.4240667588922708,0.07194183394893328,1.3481096922889226,0.34187928168598486,1,0.0,0.0,0.0,0.0,0.0,0.0,0.4382842625846074,4,4,0
0.169811320754717,7,0.21428571428571427,-1.314138458905139,0.7832670999204676,0.5418892835082805,0,-1.4213519696122774,0.7611027194936547,2.349857690456089,Melbourne,-1.1155053636747099,1.2000857038531876,-0.9826591590645471,-0.7013753798453112,0.9249332148291723,-0.8166346595678128,0.11706510145894795,1.420597232531595,0.2901820489602495,1,0.0,0.0,0.0,0.0,0.0,0.0,0.525338128866517,4,4,0
0.18867924528301888,7,0.23214285714285715,-1.314138458905139,0.7832670999204676,0.5418892835082805,0,-1.4213519696122774,0.7611027194936547,2.349857690456089,Melbourne,-1.1155053636747099,1.2000857038531876,-0.9826591590645471,-0.7013753798453112,0.9249332148291723,-0.7432849023414414,0.13902813615473972,1.4044566133976202,0.3991924588854874,1,0.0,0.0,0.0,0.0,0.0,0.0,0.612628046544015,4,4,0
0.20754716981132076,7,0.25,-1.314138458905139,0.7832670999204676,0.5418892835082805,0,-1.4213519696122774,0.7611027194936547,2.349857690456089,Melbourne,-1.1155053636747099,1.2000857038531876,-0.9826591590645471,-0.7013753798453112,0.9249332148291723,-0.9199111177425406,0.1792231422653649,1.4613132764204988,0.3965688265143068,1,0.0,0.0,0.0,0.0,0.0,0.0,0.699349552460936,4,4,0
0.22641509433962265,7,0.26785714285714285,-1.314138458905139,0.7832670999204676,0.5418892835082805,0,-1.4213519696122774,0.7611027194936547,2.349857690456089,Melbourne,-1.1155053636747099,1.2000857038531876,-0.9826591590645471,-0.7013753798453112,0.9249332148291723,-0.9240187041472204,0.21734583191672704,1.4576270556422546,0.5228888373185533,1,0.0,0.0,0.0,0.0,0.0,0.0,0.7860578394997042,4,4,0
0.24528301886792453,7,0.2857142857142857,-1.314138458905139,0.7832670999204676,0.5418892835082805,0,-1.4213519696122774,0.7611027194936547,2.349857690456089,Melbourne,-1.1155053636747099,1.2000857038531876,-0.9826591590645471,-0.7013753798453112,0.9249332148291723,-0.7274413547805446,0.26011405318662834,1.4664037813607176,0.5745401235040587,1,0.0,0.0,0.0,0.0,0.0,0.0,0.8733987442786496,4,4,0
0.2641509433962264,7,0.30357142857142855,-1.314138458905139,0.7832670999204676,0.5418892835082805,0,-1.4213519696122774,0.7611027194936547,2.349857690456089,Melbourne,-1.1155053636747099,1.2000857038531876,-0.9826591590645471,-0.7013753798453112,0.9249332148291723,-0.6945806635431275,0.3091077444994416,1.549469900032687,0.5985435073736088,1,0.0,0.0,0.0,0.0,0.0,0.0,0.9608454000828187,4,4,0
0.2830188679245283,7,0.3214285714285714,-1.314138458905139,0.7832670999204676,0.5418892835082805,0,-1.4213519696122774,0.7611027194936547,2.349857690456089,Melbourne,-1.1155053636747099,1.2000857038531876,-0.9826591590645471,-0.7013753798453112,0.9249332148291723,-0.9155101323089582,0.36090476958607787,1.6259239001131989,0.7315886718874355,1,0.0,0.0,0.0,0.0,0.0,0.0,1.0475810690834748,4,4,0
0.3018867924528302,7,0.33928571428571425,-1.314138458905139,0.7832670999204676,0.5418892835082805,0,-1.4213519696122774,0.7611027194936547,2.349857690456089,Melbourne,-1.1155053636747099,1.2000857038531876,-0.9826591590645471,-0.7013753798453112,0.9249332148291723,-0.9463170303440354,0.3875124728368716,1.5976434576049614,0.9668318031863219,1,0.0,0.0,0.0,0.0,0.0,0.0,1.1342175964979837,4,4,0
0.32075471698113206,7,0.35714285714285715,-1.314138458905139,0.7832670999204676,0.5418892835082805,0,-1.4213519696122774,0.7611027194936547,2.349857690456089,Melbourne,-1.1155053636747099,1.2000857038531876,-0.9826591590645471,-0.7013753798453112,0.9249332148291723,-1.1214762506006084,0.40834062150014416,1.6355561945572314,1.070253921667099,1,0.0,0.0,0.0,0.0,0.0,0.0,1.2202904331798272,4,4,0
0.33962264150943394,7,0.375,-1.314138458905139,0.7832670999204676,0.5418892835082805,0,-1.4213519696122774,0.7611027194936547,2.349857690456089,Melbourne,-1.1155053636747099,1.2000857038531876,-0.9826591590645471,-0.7013753798453112,0.9249332148291723,-1.2576134000127575,0.42646168818391017,1.638273786792222,1.1749437005153693,1,0.0,0.0,0.0,0.0,0.0,0.0,1.3059251584714584,4,4,0
0.3584905660377358,7,0.39285714285714285,-1.314138458905139,0.7832670999204676,0.5418892835082805,0,-1.4213519696122774,0.7611027194936547,2.349857690456089,Melbourne,-1.1155053636747099,1.2000857038531876,-0.9826591590645471,-0.7013753798453112,0.9249332148291723,-1.0064638312696594,0.43411691704047206,1.6096871073742511,1.2757358542080544,1,0.0,0.0,0.0,0.0,0.0,0.0,1.3923681237415846,4,4,0
0.37735849056603776,7,0.4107142857142857,-1.314138458905139,0.7832670999204676,0.5418892835082805,0,-1.4213519696122774,0.7611027194936547,2.349857690456089,Melbourne,-1.1155053636747099,1.2000857038531876,-0.9826591590645471,-0.7013753798453112,0.9249332148291723,-1.2467576359432528,0.4651792792525394,1.6586826095198774,1.3026877331257911,1,0.0,0.0,0.0,0.0,0.0,0.0,1.4780377846397628,4,4,0
0.39622641509433965,7,0.42857142857142855,-1.314138458905139,0.7832670999204676,0.5418892835082805,0,-1.4213519696122774,0.7611027194936547,2.349857690456089,Melbourne,-1.1155053636747099,1.2000857038531876,-0.9826591590645471,-0.7013753798453112,0.9249332148291723,-1.3878825688467897,0.4846887996091496,1.6636204532849395,1.3728353686646966,1,0.0,0.0,0.0,0.0,0.0,0.0,1.5632532826528287,4,4,0
0.41509433962264153,7,0.4464285714285714,-1.314138458905139,0.7832670999204676,0.5418892835082805,0,-1.4213519696122774,0.7611027194936547,2.349857690456089,Melbourne,-1.1155053636747099,1.2000857038531876,-0.9826591590645471,-0.7013753798453112,0.9249332148291723,-1.3617700552742018,0.4966651554930335,1.643695643819842,1.488583187334349,1,0.0,0.0,0.0,0.0,0.0,0.0,1.6485528149627235,4,4,0
0.4339622641509434,7,0.46428571428571425,-1.314138458905139,0.7832670999204676,0.5418892835082805,0,-1.4213519696122774,0.7611027194936547,2.349857690456089,Melbourne,-1.1155053636747099,1.2000857038531876,-0.9826591590645471,-0.7013753798453112,0.9249332148291723,-1.296342071828279,0.5181047520282951,1.66295177639497,1.5722576044537357,1,0.0,0.0,0.0,0.0,0.0,0.0,1.7340629051174838,4,4,0
0.4528301886792453,7,0.48214285714285715,-1.2666423718212778,0.967073228638497,1.0845407179076676,0,-1.3958551969521054,0.18208354672896096,0.7331636728006652,Melbourne,-1.1155053636747099,1.2000857038531876,-0.9826591590645471,-0.7013753798453112,0.9249332148291723,-1.5427972561088878,0.5415172190084063,1.7204636388105838,1.6190988158316557,1,0.0,0.0,0.0,0.0,0.0,0.0,-1.5807256414530932,4,4,0
0.4716981132075472,7,0.49999999999999994,-1.2666423718212778,0.967073228638497,1.0845407179076676,0,-1.3958551969521054,0.18208354672896096,0.7331636728006652,Melbourne,-1.1155053636747099,1.2000857038531876,-0.9826591590645471,-0.7013753798453112,0.9249332148291723,-1.6105724317860532,0.5525201361496656,1.7226424860186935,1.707361028493509,1,0.0,0.0,0.0,0.0,0.0,0.0,-1.4962267954770345,4,4,0
0.49056603773584906,7,0.5178571428571428,-1.2666423718212778,0.967073228638497,1.0845407179076676,0,-1.3958551969521054,0.18208354672896096,0.7331636728006652,Melbourne,-1.1155053636747099,1.2000857038531876,-0.9826591590645471,-0.7013753798453112,0.9249332148291723,-1.647247310399239,0.5722147416432541,1.7229650348021586,1.7537538257188205,1,0.0,0.0,0.0,0.0,0.0,0.0,-1.4118459751987702,4,4,0
0.5094339622641509,7,0.5357142857142856,-1.2666423718212778,0.967073228638497,1.0845407179076676,0,-1.3958551969521054,0.18208354672896096,0.7331636728006652,Melbourne,-1.1155053636747099,1.2000857038531876,-0.9826591590645471,-0.7013753798453112,0.9249332148291723,-1.5947288842251566,0.594971806194948,1.6885854375371676,1.8217626619037877,1,0.0,0.0,0.0,0.0,0.0,0.0,-1.3272961421212643,4,4,0
0.5283018867924528,7,0.5535714285714285,-1.2666423718212778,0.967073228638497,1.0845407179076676,0,-1.3958551969521054,0.18208354672896096,0.7331636728006652,Melbourne,-1.1155053636747099,1.2000857038531876,-0.9826591590645471,-0.7013753798453112,0.9249332148291723,-1.6560492812664038,0.6258245160645011,1.729643800431732,1.864957049254297,1,0.0,0.0,0.0,0.0,0.0,0.0,-1.2429436480104705,4,4,0
0.7169811320754716,3,0.125,-1.2666423718212778,0.967073228638497,1.0845407179076676,0,-1.3958551969521054,0.18208354672896096,0.7331636728006652,Melbourne,-1.1155053636747099,1.2000857038531876,-0.9826591590645471,-0.7013753798453112,0.9249332148291723,-2.391307247703551,0.718236468411639,3.4111886149263797,-0.11069162256212484,1,0.0,0.0,0.0,0.0,0.0,0.0,-0.08703301100849638,4,4,0
0.7358490566037735,3,0.14285714285714285,-1.2666423718212778,0.967073228638497,1.0845407179076676,0,-1.3958551969521054,0.18208354672896096,0.7331636728006652,Melbourne,-1.1155053636747099,1.2000857038531876,-0.9826591590645471,-0.7013753798453112,0.9249332148291723,-2.849009732796109,0.7410752270979684,3.4754003454915563,-0.033039662387847335,1,0.0,0.0,0.0,0.0,0.0,0.0,-0.006519656795555382,4,4,0
0.9056603773584906,7,0.9107142857142856,-1.2666423718212778,0.967073228638497,1.0845407179076676,0,-1.3958551969521054,0.18208354672896096,0.7331636728006652,Melbourne,-1.1155053636747099,1.2000857038531876,-0.9826591590645471,-0.7013753798453112,0.9249332148291723,0.4103600793149283,1.0643366329978032,0.14917457130261605,0.7365168732339122,1,0.0,0.0,0.0,0.0,0.0,0.0,0.9938869302317277,4,4,0
0.9245283018867925,7,0.9285714285714285,-1.2666423718212778,0.967073228638497,1.0845407179076676,0,-1.3958551969521054,0.18208354672896096,0.7331636728006652,Melbourne,-1.1155053636747099,1.2000857038531876,-0.9826591590645471,-0.7013753798453112,0.9249332148291723,-0.6602529771611886,1.0546759878030292,0.7068335626048884,0.9432786358732932,1,0.0,0.0,0.0,0.0,0.0,0.0,1.0814440580890325,4,4,0
0.9433962264150944,7,0.9464285714285713,-1.2666423718212778,0.967073228638497,1.0845407179076676,0,-1.3958551969521054,0.18208354672896096,0.7331636728006652,Melbourne,-1.1155053636747099,1.2000857038531876,-0.9826591590645471,-0.7013753798453112,0.9249332148291723,-1.1440679758263346,1.0652255112518447,1.0117069854759075,1.182190755871426,1,0.0,0.0,0.0,0.0,0.0,0.0,1.1674441909410345,4,4,0
0.9622641509433962,7,0.9642857142857142,-1.2666423718212778,0.967073228638497,1.0845407179076676,0,-1.3958551969521054,0.18208354672896096,0.7331636728006652,Melbourne,-1.1155053636747099,1.2000857038531876,-0.9826591590645471,-0.7013753798453112,0.9249332148291723,-1.4688607008247068,1.0488811514772651,1.2043771889958095,1.2037497456805182,1,0.0,0.0,0.0,0.0,0.0,0.0,1.2523990882133702,4,4,0
0.9811320754716981,7,0.9821428571428571,-1.2666423718212778,0.967073228638497,1.0845407179076676,0,-1.3958551969521054,0.18208354672896096,0.7331636728006652,Melbourne,-1.1155053636747099,1.2000857038531876,-0.9826591590645471,-0.7013753798453112,0.9249332148291723,-1.519912131854259,1.0480031406677413,1.1932053833766278,1.1918846362221023,1,0.0,0.0,0.0,0.0,0.0,0.0,1.3371896937143768,4,4,0
1.0,7,0.9999999999999999,-1.2666423718212778,0.967073228638497,1.0845407179076676,0,-1.3958551969521054,0.18208354672896096,0.7331636728006652,Melbourne,-1.1155053636747099,1.2000857038531876,-0.9826591590645471,-0.7013753798453112,0.9249332148291723,-1.1786890612371803,1.0622714285142991,1.2312768413921977,1.2261966031453673,1,0.0,0.0,0.0,0.0,0.0,0.0,1.4230784103076612,4,4,0
0.07547169811320754,7,0.125,-1.314138458905139,0.7832670999204676,0.5418892835082805,0,-1.4213519696122774,0.7611027194936547,2.349857690456089,Melbourne,-1.1155053636747099,1.2000857038531876,-0.9826591590645471,-0.7013753798453112,0.9249332148291723,1.080483461335059,0.6713169744527002,0.358507596890805,-0.27798407051605295,1,0.0,0.0,0.0,0.0,0.0,0.0,0.08867042898950185,5,3,0
0.09433962264150943,7,0.14285714285714285,-1.314138458905139,0.7832670999204676,0.5418892835082805,0,-1.4213519696122774,0.7611027194936547,2.349857690456089,Melbourne,-1.1155053636747099,1.2000857038531876,-0.9826591590645471,-0.7013753798453112,0.9249332148291723,0.373098402643933,0.7085259820812294,0.41447428198054503,-0.19785963252529715,1,0.0,0.0,0.0,0.0,0.0,0.0,0.17955304890785867,5,3,0
0.11320754716981131,7,0.1607142857142857,-1.314138458905139,0.7832670999204676,0.5418892835082805,0,-1.4213519696122774,0.7611027194936547,2.349857690456089,Melbourne,-1.1155053636747099,1.2000857038531876,-0.9826591590645471,-0.7013753798453112,0.9249332148291723,0.04654528347212776,0.7330695505426325,0.41198707508646615,-0.13098637181968373,1,0.0,0.0,0.0,0.0,0.0,0.0,0.26938476801305483,5,3,0
0.13207547169811318,7,0.17857142857142858,-1.314138458905139,0.7832670999204676,0.5418892835082805,0,-1.4213519696122774,0.7611027194936547,2.349857690456089,Melbourne,-1.1155053636747099,1.2000857038531876,-0.9826591590645471,-0.7013753798453112,0.9249332148291723,-0.002745753383995675,0.7775099272153803,0.3339045458204568,-0.1556618064653631,1,0.0,0.0,0.0,0.0,0.0,0.0,0.3590578605804157,5,3,0
0.15094339622641512,7,0.19642857142857142,-1.314138458905139,0.7832670999204676,0.5418892835082805,0,-1.4213519696122774,0.7611027194936547,2.349857690456089,Melbourne,-1.1155053636747099,1.2000857038531876,-0.9826591590645471,-0.7013753798453112,0.9249332148291723,-0.1629416231663885,0.8171782949289552,0.2716215182661869,-0.1510080039979971,1,0.0,0.0,0.0,0.0,0.0,0.0,0.44821541689981087,5,3,0
0.169811320754717,7,0.21428571428571427,-1.314138458905139,0.7832670999204676,0.5418892835082805,0,-1.4213519696122774,0.7611027194936547,2.349857690456089,Melbourne,-1.1155053636747099,1.2000857038531876,-0.9826591590645471,-0.7013753798453112,0.9249332148291723,-0.31756291139957965,0.853737700809917,0.33799950875510787,-0.011484971918739522,1,0.0,0.0,0.0,0.0,0.0,0.0,0.5368753768773052,5,3,0
0.18867924528301888,7,0.23214285714285715,-1.314138458905139,0.7832670999204676,0.5418892835082805,0,-1.4213519696122774,0.7611027194936547,2.349857690456089,Melbourne,-1.1155053636747099,1.2000857038531876,-0.9826591590645471,-0.7013753798453112,0.9249332148291723,-0.552868932581781,0.8883269383072993,0.4078928316294456,0.027340973934043174,1,0.0,0.0,0.0,0.0,0.0,0.0,0.6247780839777517,5,3,0
0.20754716981132076,7,0.25,-1.314138458905139,0.7832670999204676,0.5418892835082805,0,-1.4213519696122774,0.7611027194936547,2.349857690456089,Melbourne,-1.1155053636747099,1.2000857038531876,-0.9826591590645471,-0.7013753798453112,0.9249332148291723,-0.7626492382492001,0.9183544365368578,0.483324344452513,0.42447219334952396,1,0.0,0.0,0.0,0.0,0.0,0.0,0.7120056840868142,5,3,0
0.22641509433962265,7,0.26785714285714285,-1.314138458905139,0.7832670999204676,0.5418892835082805,0,-1.4213519696122774,0.7611027194936547,2.349857690456089,Melbourne,-1.1155053636747099,1.2000857038531876,-0.9826591590645471,-0.7013753798453112,0.9249332148291723,-0.7121846052774574,0.9458092265071016,0.49317261624360437,0.6374362890074153,1,0.0,0.0,0.0,0.0,0.0,0.0,0.7993956875560421,5,3,0
0.24528301886792453,7,0.2857142857142857,-1.314138458905139,0.7832670999204676,0.5418892835082805,0,-1.4213519696122774,0.7611027194936547,2.349857690456089,Melbourne,-1.1155053636747099,1.2000857038531876,-0.9826591590645471,-0.7013753798453112,0.9249332148291723,-0.4674898151702815,0.978124723695398,0.49874994190453703,0.8374428213620196,1,0.0,0.0,0.0,0.0,0.0,0.0,0.8875731584809533,5,3,0
0.2641509433962264,7,0.30357142857142855,-1.314138458905139,0.7832670999204676,0.5418892835082805,0,-1.4213519696122774,0.7611027194936547,2.349857690456089,Melbourne,-1.1155053636747099,1.2000857038531876,-0.9826591590645471,-0.7013753798453112,0.9249332148291723,-0.39619385114625,1.015802891169463,0.5684657139735334,1.033023391556097,1,0.0,0.0,0.0,0.0,0.0,0.0,0.9759800713623771,5,3,0
0.2830188679245283,7,0.3214285714285714,-1.314138458905139,0.7832670999204676,0.5418892835082805,0,-1.4213519696122774,0.7611027194936547,2.349857690456089,Melbourne,-1.1155053636747099,1.2000857038531876,-0.9826591590645471,-0.7013753798453112,0.9249332148291723,-0.6740427315197456,1.0564789742526617,0.7129241505584145,1.054232725755514,1,0.0,0.0,0.0,0.0,0.0,0.0,1.0634928215573107,5,3,0
0.3018867924528302,7,0.33928571428571425,-1.314138458905139,0.7832670999204676,0.5418892835082805,0,-1.4213519696122774,0.7611027194936547,2.349857690456089,Melbourne,-1.1155053636747099,1.2000857038531876,-0.9826591590645471,-0.7013753798453112,0.9249332148291723,-0.7045562305259159,1.0807085236493763,0.7717717497342687,0.980222980758527,1,0.0,0.0,0.0,0.0,0.0,0.0,1.1509073743716802,5,3,0
0.32075471698113206,7,0.35714285714285715,-1.314138458905139,0.7832670999204676,0.5418892835082805,0,-1.4213519696122774,0.7611027194936547,2.349857690456089,Melbourne,-1.1155053636747099,1.2000857038531876,-0.9826591590645471,-0.7013753798453112,0.9249332148291723,-0.748859483890643,1.1015537454915845,0.7674729554287744,0.8031757563985876,1,0.0,0.0,0.0,0.0,0.0,0.0,1.2381793521431133,5,3,0
0.33962264150943394,7,0.375,-1.314138458905139,0.7832670999204676,0.5418892835082805,0,-1.4213519696122774,0.7611027194936547,2.349857690456089,Melbourne,-1.1155053636747099,1.2000857038531876,-0.9826591590645471,-0.7013753798453112,0.9249332148291723,-0.2090052707045487,1.1255666946240155,0.7507452771182653,0.5846524630137946,1,0.0,0.0,0.0,0.0,0.0,0.0,1.3271886681860792,5,3,0
0.3584905660377358,7,0.39285714285714285,-1.314138458905139,0.7832670999204676,0.5418892835082805,0,-1.4213519696122774,0.7611027194936547,2.349857690456089,Melbourne,-1.1155053636747099,1.2000857038531876,-0.9826591590645471,-0.7013753798453112,0.9249332148291723,-0.6860720917048696,1.1677983452344562,0.8879572575678104,0.12874442877567635,1,0.0,0.0,0.0,0.0,0.0,0.0,1.4146627059521364,5,3,0
0.37735849056603776,7,0.4107142857142857,-1.314138458905139,0.7832670999204676,0.5418892835082805,0,-1.4213519696122774,0.7611027194936547,2.349857690456089,Melbourne,-1.1155053636747099,1.2000857038531876,-0.9826591590645471,-0.7013753798453112,0.9249332148291723,-0.8448009663427363,1.1959117971098947,0.9056080785728527,-0.18806958477823754,1,0.0,0.0,0.0,0.0,0.0,0.0,1.50162592849814,5,3,0
0.39622641509433965,7,0.42857142857142855,-1.314138458905139,0.7832670999204676,0.5418892835082805,0,-1.4213519696122774,0.7611027194936547,2.349857690456089,Melbourne,-1.1155053636747099,1.2000857038531876,-0.9826591590645471,-0.7013753798453112,0.9249332148291723,-0.8477349566317927,1.2203213683143586,0.9623150444760248,-0.5642249113486215,1,0.0,0.0,0.0,0.0,0.0,0.0,1.5885797089883202,5,3,0
0.41509433962264153,7,0.4464285714285714,-1.314138458905139,0.7832670999204676,0.5418892835082805,0,-1.4213519696122774,0.7611027194936547,2.349857690456089,Melbourne,-1.1155053636747099,1.2000857038531876,-0.9826591590645471,-0.7013753798453112,0.9249332148291723,-1.0076374273852828,1.2449873280990964,1.0040119689679357,-1.0937439508739717,1,0.0,0.0,0.0,0.0,0.0,0.0,1.675018897436117,5,3,0
0.4339622641509434,7,0.46428571428571425,-1.314138458905139,0.7832670999204676,0.5418892835082805,0,-1.4213519696122774,0.7611027194936547,2.349857690456089,Melbourne,-1.1155053636747099,1.2000857038531876,-0.9826591590645471,-0.7013753798453112,0.9249332148291723,-1.048419892403144,1.2681551242937437,1.0291976310065907,-1.2085325667246445,1,0.0,0.0,0.0,0.0,0.0,0.0,1.7613268413079668,5,3,0
0.5283018867924528,7,0.5535714285714285,-1.2666423718212778,0.967073228638497,1.0845407179076676,0,-1.3958551969521054,0.18208354672896096,0.7331636728006652,Melbourne,-1.1155053636747099,1.2000857038531876,-0.9826591590645471,-0.7013753798453112,0.9249332148291723,-1.268762563111165,1.3832298365886684,-1.3187640251854693,1.1201440597890366,1,0.0,0.0,0.0,0.0,0.0,0.0,-1.2092761095604603,5,3,0
0.7924528301886792,7,0.8035714285714285,-1.2666423718212778,0.967073228638497,1.0845407179076676,0,-1.3958551969521054,0.18208354672896096,0.7331636728006652,Melbourne,-1.1155053636747099,1.2000857038531876,-0.9826591590645471,-0.7013753798453112,0.9249332148291723,-0.7688106178562154,1.3996162494862412,1.7056199360563222,-0.4339116306616262,1,0.0,0.0,0.0,0.0,0.0,0.0,0.27552210429835833,5,3,0
0.9056603773584906,7,0.9107142857142856,-1.2666423718212778,0.967073228638497,1.0845407179076676,0,-1.3958551969521054,0.18208354672896096,0.7331636728006652,Melbourne,-1.1155053636747099,1.2000857038531876,-0.9826591590645471,-0.7013753798453112,0.9249332148291723,0.12136203584302524,1.7742762591962888,1.0367768984452428,-0.3920922011777736,1,0.0,0.0,0.0,0.0,0.0,0.0,0.992089162802925,5,3,0
0.9245283018867925,7,0.9285714285714285,-1.2666423718212778,0.967073228638497,1.0845407179076676,0,-1.3958551969521054,0.18208354672896096,0.7331636728006652,Melbourne,-1.1155053636747099,1.2000857038531876,-0.9826591590645471,-0.7013753798453112,0.9249332148291723,-1.0044100380673195,1.762710170103982,0.5673328811712429,-0.2897026348031908,1,0.0,0.0,0.0,0.0,0.0,0.0,1.0785387375121278,5,3,0
0.9433962264150944,7,0.9464285714285713,-1.2666423718212778,0.967073228638497,1.0845407179076676,0,-1.3958551969521054,0.18208354672896096,0.7331636728006652,Melbourne,-1.1155053636747099,1.2000857038531876,-0.9826591590645471,-0.7013753798453112,0.9249332148291723,-1.2285668961511134,1.7611141432949304,-0.012865924769969674,-0.3350940104500072,1,0.0,0.0,0.0,0.0,0.0,0.0,1.1642669391564122,5,3,0
0.9622641509433962,7,0.9642857142857142,-1.2666423718212778,0.967073228638497,1.0845407179076676,0,-1.3958551969521054,0.18208354672896096,0.7331636728006652,Melbourne,-1.1155053636747099,1.2000857038531876,-0.9826591590645471,-0.7013753798453112,0.9249332148291723,-1.347980300915645,1.7501644415716744,-0.6687425638838942,-0.40312465320307683,1,0.0,0.0,0.0,0.0,0.0,0.0,1.249610849128678,5,3,0
0.07547169811320754,7,0.125,-1.314138458905139,0.7832670999204676,0.5418892835082805,0,-1.4213519696122774,0.7611027194936547,2.349857690456089,Melbourne,-1.1155053636747099,1.2000857038531876,-0.9826591590645471,-0.7013753798453112,0.9249332148291723,1.0218036555539611,0.08854108718360088,0.009948536550067201,-0.4266176943072168,1,0.0,0.0,0.0,0.0,0.0,0.0,0.08415523789468324,6,5,0
0.09433962264150943,7,0.14285714285714285,-1.314138458905139,0.7832670999204676,0.5418892835082805,0,-1.4213519696122774,0.7611027194936547,2.349857690456089,Melbourne,-1.1155053636747099,1.2000857038531876,-0.9826591590645471,-0.7013753798453112,0.9249332148291723,0.12546962224770497,0.14364372330908587,0.07089782070800607,-0.48303470711510305,1,0.0,0.0,0.0,0.0,0.0,0.0,0.17424094830153292,6,5,0
0.11320754716981131,7,0.1607142857142857,-1.314138458905139,0.7832670999204676,0.5418892835082805,0,-1.4213519696122774,0.7611027194936547,2.349857690456089,Melbourne,-1.1155053636747099,1.2000857038531876,-0.9826591590645471,-0.7013753798453112,0.9249332148291723,-0.16088782996404863,0.16248768275991346,0.17172857664551658,-0.2243331628850121,1,0.0,0.0,0.0,0.0,0.0,0.0,0.2634051140600046,6,5,0
0.13207547169811318,7,0.17857142857142858,-1.314138458905139,0.7832670999204676,0.5418892835082805,0,-1.4213519696122774,0.7611027194936547,2.349857690456089,Melbourne,-1.1155053636747099,1.2000857038531876,-0.9826591590645471,-0.7013753798453112,0.9249332148291723,-0.24802734154898115,0.2170678666000693,0.3459742130835959,-0.20797286239540283,1,0.0,0.0,0.0,0.0,0.0,0.0,0.3522888507605168,6,5,0
0.15094339622641512,7,0.19642857142857142,-1.314138458905139,0.7832670999204676,0.5418892835082805,0,-1.4213519696122774,0.7611027194936547,2.349857690456089,Melbourne,-1.1155053636747099,1.2000857038531876,-0.9826591590645471,-0.7013753798453112,0.9249332148291723,-0.501230703494415,0.26134249224936584,0.32456002360921543,-0.189389298842285,1,0.0,0.0,0.0,0.0,0.0,0.0,0.44035773804345757,6,5,0
0.169811320754717,7,0.21428571428571427,-1.314138458905139,0.7832670999204676,0.5418892835082805,0,-1.4213519696122774,0.7611027194936547,2.349857690456089,Melbourne,-1.1155053636747099,1.2000857038531876,-0.9826591590645471,-0.7013753798453112,0.9249332148291723,-0.6511576072651168,0.2942589586149727,0.2745214678277183,-0.07698025409268949,1,0.0,0.0,0.0,0.0,0.0,0.0,0.5279441362738152,6,5,0
0.18867924528301888,7,0.23214285714285715,-1.314138458905139,0.7832670999204676,0.5418892835082805,0,-1.4213519696122774,0.7611027194936547,2.349857690456089,Melbourne,-1.1155053636747099,1.2000857038531876,-0.9826591590645471,-0.7013753798453112,0.9249332148291723,-0.747392488746117,0.3252141371095358,0.38003433941112275,0.01707313676262745,1,0.0,0.0,0.0,0.0,0.0,0.0,0.6152208350731603,6,5,0
0.20754716981132076,7,0.25,-1.314138458905139,0.7832670999204676,0.5418892835082805,0,-1.4213519696122774,0.7611027194936547,2.349857690456089,Melbourne,-1.1155053636747099,1.2000857038531876,-0.9826591590645471,-0.7013753798453112,0.9249332148291723,-0.7148251965376068,0.3594044768647011,0.37749488482460847,0.08206363575862709,1,0.0,0.0,0.0,0.0,0.0,0.0,0.702602340692147,6,5,0
0.22641509433962265,7,0.26785714285714285,-1.314138458905139,0.7832670999204676,0.5418892835082805,0,-1.4213519696122774,0.7611027194936547,2.349857690456089,Melbourne,-1.1155053636747099,1.2000857038531876,-0.9826591590645471,-0.7013753798453112,0.9249332148291723,-0.8357055964466686,0.4061672851544851,0.49976198837502783,0.12391329101194173,1,0.0,0.0,0.0,0.0,0.0,0.0,0.7895948336112039,6,5,0
0.24528301886792453,7,0.2857142857142857,-1.314138458905139,0.7832670999204676,0.5418892835082805,0,-1.4213519696122774,0.7611027194936547,2.349857690456089,Melbourne,-1.1155053636747099,1.2000857038531876,-0.9826591590645471,-0.7013753798453112,0.9249332148291723,-0.6854852936470599,0.4485376466070567,0.5497560717854706,0.19519840385443954,1,0.0,0.0,0.0,0.0,0.0,0.0,0.8770707597884259,6,5,0
0.2641509433962264,7,0.30357142857142855,-1.314138458905139,0.7832670999204676,0.5418892835082805,0,-1.4213519696122774,0.7611027194936547,2.349857690456089,Melbourne,-1.1155053636747099,1.2000857038531876,-0.9826591590645471,-0.7013753798453112,0.9249332148291723,-0.4510594695515751,0.49313999919805046,0.5729893204406401,0.2861861138717109,1,0.0,0.0,0.0,0.0,0.0,0.0,0.9653011062259491,6,5,0
0.2830188679245283,7,0.3214285714285714,-1.314138458905139,0.7832670999204676,0.5418892835082805,0,-1.4213519696122774,0.7611027194936547,2.349857690456089,Melbourne,-1.1155053636747099,1.2000857038531876,-0.9826591590645471,-0.7013753798453112,0.9249332148291723,-0.435802720048492,0.5522926682288181,0.701765804886189,0.19097434055743767,1,0.0,0.0,0.0,0.0,0.0,0.0,1.0535805513537544,6,5,0
0.3018867924528302,7,0.33928571428571425,-1.314138458905139,0.7832670999204676,0.5418892835082805,0,-1.4213519696122774,0.7611027194936547,2.349857690456089,Melbourne,-1.1155053636747099,1.2000857038531876,-0.9826591590645471,-0.7013753798453112,0.9249332148291723,-0.7136516004219835,0.602747407876986,0.9294612912222219,0.0941893113511604,1,0.0,0.0,0.0,0.0,0.0,0.0,1.1409658337950708,6,5,0
0.32075471698113206,7,0.35714285714285715,-1.314138458905139,0.7832670999204676,0.5418892835082805,0,-1.4213519696122774,0.7611027194936547,2.349857690456089,Melbourne,-1.1155053636747099,1.2000857038531876,-0.9826591590645471,-0.7013753798453112,0.9249332148291723,-0.871206878944231,0.6332063177456716,1.0295651685824652,0.05045056353704966,1,0.0,0.0,0.0,0.0,0.0,0.0,1.2278440778386623,6,5,0
0.33962264150943394,7,0.375,-1.314138458905139,0.7832670999204676,0.5418892835082805,0,-1.4213519696122774,0.7611027194936547,2.349857690456089,Melbourne,-1.1155053636747099,1.2000857038531876,-0.9826591590645471,-0.7013753798453112,0.9249332148291723,-1.0017694468071743,0.6619345903201643,1.1308960341327212,0.05595077741137788,1,0.0,0.0,0.0,0.0,0.0,0.0,1.3143021503981063,6,5,0
0.3584905660377358,7,0.39285714285714285,-1.314138458905139,0.7832670999204676,0.5418892835082805,0,-1.4213519696122774,0.7611027194936547,2.349857690456089,Melbourne,-1.1155053636747099,1.2000857038531876,-0.9826591590645471,-0.7013753798453112,0.9249332148291723,-0.9354612662745305,0.6819928700744691,1.2284543276616118,0.16369082813064711,1,0.0,0.0,0.0,0.0,0.0,0.0,1.4009736134191626,6,5,0
0.37735849056603776,7,0.4107142857142857,-1.314138458905139,0.7832670999204676,0.5418892835082805,0,-1.4213519696122774,0.7611027194936547,2.349857690456089,Melbourne,-1.1155053636747099,1.2000857038531876,-0.9826591590645471,-0.7013753798453112,0.9249332148291723,-1.0566350652124994,0.7110108111330081,1.2545414705420848,0.15442687971357583,1,0.0,0.0,0.0,0.0,0.0,0.0,1.4872551195347063,6,5,0
0.39622641509433965,7,0.42857142857142855,-1.314138458905139,0.7832670999204676,0.5418892835082805,0,-1.4213519696122774,0.7611027194936547,2.349857690456089,Melbourne,-1.1155053636747099,1.2000857038531876,-0.9826591590645471,-0.7013753798453112,0.9249332148291723,-1.0566350652124994,0.7366742450821135,1.3224384582295186,0.25672989999895,1,0.0,0.0,0.0,0.0,0.0,0.0,1.5735366256502499,6,5,0
0.41509433962264153,7,0.4464285714285714,-1.314138458905139,0.7832670999204676,0.5418892835082805,0,-1.4213519696122774,0.7611027194936547,2.349857690456089,Melbourne,-1.1155053636747099,1.2000857038531876,-0.9826591590645471,-0.7013753798453112,0.9249332148291723,-1.1079798952709585,0.7630602875691674,1.4344725725469138,0.18058114624700572,1,0.0,0.0,0.0,0.0,0.0,0.0,1.6596528957888819,6,5,0
0.4339622641509434,7,0.46428571428571425,-1.314138458905139,0.7832670999204676,0.5418892835082805,0,-1.4213519696122774,0.7611027194936547,2.349857690456089,Melbourne,-1.1155053636747099,1.2000857038531876,-0.9826591590645471,-0.7013753798453112,0.9249332148291723,-1.1487623602888197,0.7926887912251143,1.515462342555017,0.2025655412284061,1,0.0,0.0,0.0,0.0,0.0,0.0,1.7456379213515663,6,5,0
0.4528301886792453,7,0.48214285714285715,-1.2666423718212778,0.967073228638497,1.0845407179076676,0,-1.3958551969521054,0.18208354672896096,0.7331636728006652,Melbourne,-1.1155053636747099,1.2000857038531876,-0.9826591590645471,-0.7013753798453112,0.9249332148291723,-1.253505813608078,0.818397396147224,1.5608006797314313,0.06848921417372028,1,0.0,0.0,0.0,0.0,0.0,0.0,-1.5682196385148095,6,5,0
0.4716981132075472,7,0.49999999999999994,-1.2666423718212778,0.967073228638497,1.0845407179076676,0,-1.3958551969521054,0.18208354672896096,0.7331636728006652,Melbourne,-1.1155053636747099,1.2000857038531876,-0.9826591590645471,-0.7013753798453112,0.9249332148291723,-1.4524303552059963,0.8407636387574964,1.6462310484149745,-0.01935689920127593,1,0.0,0.0,0.0,0.0,0.0,0.0,-1.4832118657298616,6,5,0
0.49056603773584906,7,0.5178571428571428,-1.2666423718212778,0.967073228638497,1.0845407179076676,0,-1.3958551969521054,0.18208354672896096,0.7331636728006652,Melbourne,-1.1155053636747099,1.2000857038531876,-0.9826591590645471,-0.7013753798453112,0.9249332148291723,-1.4075403037834593,0.8635553319405476,1.6911353585573394,-0.021270705879523556,1,0.0,0.0,0.0,0.0,0.0,0.0,-1.3980596294908136,6,5,0
0.5094339622641509,7,0.5357142857142856,-1.2666423718212778,0.967073228638497,1.0845407179076676,0,-1.3958551969521054,0.18208354672896096,0.7331636728006652,Melbourne,-1.1155053636747099,1.2000857038531876,-0.9826591590645471,-0.7013753798453112,0.9249332148291723,-1.43746700473182,0.8922305293273483,1.7569621690779365,-0.15980916151553629,1,0.0,0.0,0.0,0.0,0.0,0.0,-1.313003702221166,6,5,0
0.5283018867924528,7,0.5535714285714285,-1.2666423718212778,0.967073228638497,1.0845407179076676,0,-1.3958551969521054,0.18208354672896096,0.7331636728006652,Melbourne,-1.1155053636747099,1.2000857038531876,-0.9826591590645471,-0.7013753798453112,0.9249332148291723,-1.3171734028805677,0.923252257474762,1.798770688546525,-0.16735193388487016,1,0.0,0.0,0.0,0.0,0.0,0.0,-1.2275606506627528,6,5,0
0.7169811320754716,4,0.14285714285714285,-1.2666423718212778,0.967073228638497,1.0845407179076676,0,-1.3958551969521054,0.18208354672896096,0.7331636728006652,Melbourne,-1.1155053636747099,1.2000857038531876,-0.9826591590645471,-0.7013753798453112,0.9249332148291723,-2.2988865535983236,0.8033450970721676,-0.11349039501654329,-0.4439917800147956,1,0.0,0.0,0.0,0.0,0.0,0.0,-0.0863531829892012,6,5,0
0.7358490566037735,4,0.1607142857142857,-1.2666423718212778,0.967073228638497,1.0845407179076676,0,-1.3958551969521054,0.18208354672896096,0.7331636728006652,Melbourne,-1.1155053636747099,1.2000857038531876,-0.9826591590645471,-0.7013753798453112,0.9249332148291723,-3.1650004869273163,0.8290083364547767,-0.038329854773759706,-0.44982252633823466,1,0.0,0.0,0.0,0.0,0.0,0.0,-0.006856738188455871,6,5,0
0.9056603773584906,7,0.9107142857142856,-1.2666423718212778,0.967073228638497,1.0845407179076676,0,-1.3958551969521054,0.18208354672896096,0.7331636728006652,Melbourne,-1.1155053636747099,1.2000857038531876,-0.9826591590645471,-0.7013753798453112,0.9249332148291723,0.8296272916208677,1.174657703423476,0.706535887634842,-1.3310556558684277,1,0.0,0.0,0.0,0.0,0.0,0.0,0.996244611570867,6,5,0
0.9811320754716981,7,0.9821428571428571,-1.2666423718212778,0.967073228638497,1.0845407179076676,0,-1.3958551969521054,0.18208354672896096,0.7331636728006652,Melbourne,-1.1155053636747099,1.2000857038531876,-0.9826591590645471,-0.7013753798453112,0.9249332148291723,-1.0143856050501079,1.2285967476396733,-0.856398274145009,3.058335553052272,1,0.0,0.0,0.0,0.0,0.0,0.0,1.3461804192695552,6,5,0
1.0,7,0.9999999999999999,-1.2666423718212778,0.967073228638497,1.0845407179076676,0,-1.3958551969521054,0.18208354672896096,0.7331636728006652,Melbourne,-1.1155053636747099,1.2000857038531876,-0.9826591590645471,-0.7013753798453112,0.9249332148291723,-1.0181997924258805,1.2576993546921713,-0.38442461549517964,3.0090245227488714,1,0.0,0.0,0.0,0.0,0.0,0.0,1.4325856163163875,6,5,0
0.13207547169811318,7,0.17857142857142858,-1.314138458905139,0.7832670999204676,0.5418892835082805,0,-1.4213519696122774,0.7611027194936547,2.349857690456089,Melbourne,-1.1155053636747099,1.2000857038531876,-0.9826591590645471,-0.7013753798453112,0.9249332148291723,-0.227489409525595,0.33639854800178076,-0.20765042040350065,-1.365859402320761,1,0.0,0.0,0.0,0.0,0.0,0.0,0.35351726222316027,7,6,0
0.15094339622641512,7,0.19642857142857142,-1.314138458905139,0.7832670999204676,0.5418892835082805,0,-1.4213519696122774,0.7611027194936547,2.349857690456089,Melbourne,-1.1155053636747099,1.2000857038531876,-0.9826591590645471,-0.7013753798453112,0.9249332148291723,-0.372135130776002,0.37795321862889836,-0.18966310014585805,-1.317737922278363,1,0.0,0.0,0.0,0.0,0.0,0.0,0.44200159996233657,7,6,0
0.20754716981132076,7,0.25,-1.314138458905139,0.7832670999204676,0.5418892835082805,0,-1.4213519696122774,0.7611027194936547,2.349857690456089,Melbourne,-1.1155053636747099,1.2000857038531876,-0.9826591590645471,-0.7013753798453112,0.9249332148291723,-0.6596661791033749,0.4879804318382147,0.07308041810278976,-1.4887637854689288,1,0.0,0.0,0.0,0.0,0.0,0.0,0.7050601078230155,7,6,0
0.22641509433962265,7,0.26785714285714285,-1.314138458905139,0.7832670999204676,0.5418892835082805,0,-1.4213519696122774,0.7611027194936547,2.349857690456089,Melbourne,-1.1155053636747099,1.2000857038531876,-0.9826591590645471,-0.7013753798453112,0.9249332148291723,-0.738590517878952,0.533402491082295,0.11358735045522399,-1.4719324335369468,1,0.0,0.0,0.0,0.0,0.0,0.0,0.7923651327898313,7,6,0
0.24528301886792453,7,0.2857142857142857,-1.314138458905139,0.7832670999204676,0.5418892835082805,0,-1.4213519696122774,0.7611027194936547,2.349857690456089,Melbourne,-1.1155053636747099,1.2000857038531876,-0.9826591590645471,-0.7013753798453112,0.9249332148291723,-0.5555095238419305,0.5772466191664158,0.18258532011993214,-1.3197800766768533,1,0.0,0.0,0.0,0.0,0.0,0.0,0.8802593420400366,7,6,0
0.2641509433962264,7,0.30357142857142855,-1.314138458905139,0.7832670999204676,0.5418892835082805,0,-1.4213519696122774,0.7611027194936547,2.349857690456089,Melbourne,-1.1155053636747099,1.2000857038531876,-0.9826591590645471,-0.7013753798453112,0.9249332148291723,-0.5869032199348172,0.624688596546697,0.27065374009289234,-1.4569243435006778,1,0.0,0.0,0.0,0.0,0.0,0.0,0.9680525212929295,7,6,0
0.4528301886792453,7,0.48214285714285715,-1.2666423718212778,0.967073228638497,1.0845407179076676,0,-1.3958551969521054,0.18208354672896096,0.7331636728006652,Melbourne,-1.1155053636747099,1.2000857038531876,-0.9826591590645471,-0.7013753798453112,0.9249332148291723,-1.3641172475054486,0.9066654030595616,0.05994152428072675,-1.5006449207284855,1,0.0,0.0,0.0,0.0,0.0,0.0,-1.5663519998729123,7,6,0
0.5094339622641509,7,0.5357142857142856,-1.2666423718212778,0.967073228638497,1.0845407179076676,0,-1.3958551969521054,0.18208354672896096,0.7331636728006652,Melbourne,-1.1155053636747099,1.2000857038531876,-0.9826591590645471,-0.7013753798453112,0.9249332148291723,-1.4459755765700781,0.9637763736945053,-0.16103202506488895,-1.4870731880636712,1,0.0,0.0,0.0,0.0,0.0,0.0,-1.311695977489605,7,6,0
0.5283018867924528,7,0.5535714285714285,-1.2666423718212778,0.967073228638497,1.0845407179076676,0,-1.3958551969521054,0.18208354672896096,0.7331636728006652,Melbourne,-1.1155053636747099,1.2000857038531876,-0.9826591590645471,-0.7013753798453112,0.9249332148291723,-1.4069535057256457,0.9926660186106949,-0.16833279178005126,-1.2909067514043464,1,0.0,0.0,0.0,0.0,0.0,0.0,-1.2265418528393923,7,6,0
0.7924528301886792,7,0.8035714285714285,-1.2666423718212778,0.967073228638497,1.0845407179076676,0,-1.3958551969521054,0.18208354672896096,0.7331636728006652,Melbourne,-1.1155053636747099,1.2000857038531876,-0.9826591590645471,-0.7013753798453112,0.9249332148291723,-0.6414754393112354,1.169010456359343,1.2727305361097945,-0.32106468285206147,1,0.0,0.0,0.0,0.0,0.0,0.0,0.2721484577526062,7,6,0
0.9056603773584906,7,0.9107142857142856,-1.2666423718212778,0.967073228638497,1.0845407179076676,0,-1.3958551969521054,0.18208354672896096,0.7331636728006652,Melbourne,-1.1155053636747099,1.2000857038531876,-0.9826591590645471,-0.7013753798453112,0.9249332148291723,0.004295823309736244,1.6155598403306988,3.1951114290356446,0.2686944962274136,1,0.0,0.0,0.0,0.0,0.0,0.0,0.9886258167268495,7,6,0
0.9245283018867925,7,0.9285714285714285,-1.2666423718212778,0.967073228638497,1.0845407179076676,0,-1.3958551969521054,0.18208354672896096,0.7331636728006652,Melbourne,-1.1155053636747099,1.2000857038531876,-0.9826591590645471,-0.7013753798453112,0.9249332148291723,-0.8990797866902518,1.5994384771617074,3.1254877616193113,0.5183533140686424,1,0.0,0.0,0.0,0.0,0.0,0.0,1.0754143612401175,7,6,0
0.9433962264150944,7,0.9464285714285713,-1.2666423718212778,0.967073228638497,1.0845407179076676,0,-1.3958551969521054,0.18208354672896096,0.7331636728006652,Melbourne,-1.1155053636747099,1.2000857038531876,-0.9826591590645471,-0.7013753798453112,0.9249332148291723,-1.289300495134547,1.6002249802677386,3.078247326807688,0.5834757616973603,1,0.0,0.0,0.0,0.0,0.0,0.0,1.1609471123288542,7,6,0
0.9622641509433962,7,0.9642857142857142,-1.2666423718212778,0.967073228638497,1.0845407179076676,0,-1.3958551969521054,0.18208354672896096,0.7331636728006652,Melbourne,-1.1155053636747099,1.2000857038531876,-0.9826591590645471,-0.7013753798453112,0.9249332148291723,-1.3732126174015162,1.5861649051088436,3.013781418339683,1.1961232172110519,1,0.0,0.0,0.0,0.0,0.0,0.0,1.2462098206210375,7,6,0
0.9811320754716981,7,0.9821428571428571,-1.2666423718212778,0.967073228638497,1.0845407179076676,0,-1.3958551969521054,0.18208354672896096,0.7331636728006652,Melbourne,-1.1155053636747099,1.2000857038531876,-0.9826591590645471,-0.7013753798453112,0.9249332148291723,-1.3740928144882327,1.5880050398786723,2.9538603071250438,1.4180536461460331,1,0.0,0.0,0.0,0.0,0.0,0.0,1.331469696296474,7,6,0
1.0,7,0.9999999999999999,-1.2666423718212778,0.967073228638497,1.0845407179076676,0,-1.3958551969521054,0.18208354672896096,0.7331636728006652,Melbourne,-1.1155053636747099,1.2000857038531876,-0.9826591590645471,-0.7013753798453112,0.9249332148291723,-1.4779560707207744,1.6007271974661443,2.906131393789002,1.4757467763091119,1,0.0,0.0,0.0,0.0,0.0,0.0,1.416395323195757,7,6,0
0.07547169811320754,7,0.125,-1.314138458905139,0.7832670999204676,0.5418892835082805,0,-1.4213519696122774,0.7611027194936547,2.349857690456089,Melbourne,-1.1155053636747099,1.2000857038531876,-0.9826591590645471,-0.7013753798453112,0.9249332148291723,1.1670361748621778,0.7503775435625856,-0.27541535787047655,-0.6612400664108374,1,0.0,0.0,0.0,0.0,0.0,0.0,0.08934553598088536,8,7,0
0.09433962264150943,7,0.14285714285714285,-1.314138458905139,0.7832670999204676,0.5418892835082805,0,-1.4213519696122774,0.7611027194936547,2.349857690456089,Melbourne,-1.1155053636747099,1.2000857038531876,-0.9826591590645471,-0.7013753798453112,0.9249332148291723,0.44850195307264423,0.7894790183135794,-0.19786166788610585,-0.7431594330947744,1,0.0,0.0,0.0,0.0,0.0,0.0,0.1804708167339071,8,7,0
0.11320754716981131,7,0.1607142857142857,-1.314138458905139,0.7832670999204676,0.5418892835082805,0,-1.4213519696122774,0.7611027194936547,2.349857690456089,Melbourne,-1.1155053636747099,1.2000857038531876,-0.9826591590645471,-0.7013753798453112,0.9249332148291723,0.018378976697200084,0.8160421504665185,-0.13313399853751712,-0.8169623300465854,1,0.0,0.0,0.0,0.0,0.0,0.0,0.27021189210319724,8,7,0
0.13207547169811318,7,0.17857142857142858,-1.314138458905139,0.7832670999204676,0.5418892835082805,0,-1.4213519696122774,0.7611027194936547,2.349857690456089,Melbourne,-1.1155053636747099,1.2000857038531876,-0.9826591590645471,-0.7013753798453112,0.9249332148291723,0.0025354291363032643,0.8562505653591398,-0.1570177355936373,-0.7329746525312478,1,0.0,0.0,0.0,0.0,0.0,0.0,0.3599019803710403,8,7,0
0.15094339622641512,7,0.19642857142857142,-1.314138458905139,0.7832670999204676,0.5418892835082805,0,-1.4213519696122774,0.7611027194936547,2.349857690456089,Melbourne,-1.1155053636747099,1.2000857038531876,-0.9826591590645471,-0.7013753798453112,0.9249332148291723,0.002242030107400547,0.8936647936925444,-0.15251324778875258,-0.8500360304221719,1,0.0,0.0,0.0,0.0,0.0,0.0,0.4495911244333011,8,7,0
0.169811320754717,7,0.21428571428571427,-1.314138458905139,0.7832670999204676,0.5418892835082805,0,-1.4213519696122774,0.7611027194936547,2.349857690456089,Melbourne,-1.1155053636747099,1.2000857038531876,-0.9826591590645471,-0.7013753798453112,0.9249332148291723,-0.2691520716301769,0.9351620339284742,-0.017466734553894688,-0.7027787034532155,1,0.0,0.0,0.0,0.0,0.0,0.0,0.5384068783318839,8,7,0
0.18867924528301888,7,0.23214285714285715,-1.314138458905139,0.7832670999204676,0.5418892835082805,0,-1.4213519696122774,0.7611027194936547,2.349857690456089,Melbourne,-1.1155053636747099,1.2000857038531876,-0.9826591590645471,-0.7013753798453112,0.9249332148291723,0.01075060194565856,0.9695413424272222,0.02011350243153131,-0.8388117563472891,1,0.0,0.0,0.0,0.0,0.0,0.0,0.628123404356033,8,7,0
0.20754716981132076,7,0.25,-1.314138458905139,0.7832670999204676,0.5418892835082805,0,-1.4213519696122774,0.7611027194936547,2.349857690456089,Melbourne,-1.1155053636747099,1.2000857038531876,-0.9826591590645471,-0.7013753798453112,0.9249332148291723,-0.40206183172435855,1.0205543834217206,0.4045029876622006,-1.3869799757028611,1,0.0,0.0,0.0,0.0,0.0,0.0,0.7165114331258097,8,7,0
0.24528301886792453,7,0.2857142857142857,-1.314138458905139,0.7832670999204676,0.5418892835082805,0,-1.4213519696122774,0.7611027194936547,2.349857690456089,Melbourne,-1.1155053636747099,1.2000857038531876,-0.9826591590645471,-0.7013753798453112,0.9249332148291723,-0.048222602864346265,1.1037838654001273,0.8042236828791464,-0.5371629390271773,1,0.0,0.0,0.0,0.0,0.0,0.0,0.8946575329653584,8,7,0
0.32075471698113206,7,0.35714285714285715,-1.314138458905139,0.7832670999204676,0.5418892835082805,0,-1.4213519696122774,0.7611027194936547,2.349857690456089,Melbourne,-1.1155053636747099,1.2000857038531876,-0.9826591590645471,-0.7013753798453112,0.9249332148291723,-0.5167808520264049,1.2522177972512176,-0.6376454507211092,0.8003630614854813,1,0.0,0.0,0.0,0.0,0.0,0.0,1.2481709356155877,8,7,0
0.33962264150943394,7,0.375,-1.314138458905139,0.7832670999204676,0.5418892835082805,0,-1.4213519696122774,0.7611027194936547,2.349857690456089,Melbourne,-1.1155053636747099,1.2000857038531876,-0.9826591590645471,-0.7013753798453112,0.9249332148291723,-0.5270498180380959,1.2809572106127471,-0.033205684311360235,0.8195161411355837,1,0.0,0.0,0.0,0.0,0.0,0.0,1.3361567328072812,8,7,0
0.3584905660377358,7,0.39285714285714285,-1.314138458905139,0.7832670999204676,0.5418892835082805,0,-1.4213519696122774,0.7611027194936547,2.349857690456089,Melbourne,-1.1155053636747099,1.2000857038531876,-0.9826591590645471,-0.7013753798453112,0.9249332148291723,-0.6502774101784004,1.3080830129319365,0.2441111483525059,0.7521315486673106,1,0.0,0.0,0.0,0.0,0.0,0.0,1.4237459636543857,8,7,0
0.37735849056603776,7,0.4107142857142857,-1.314138458905139,0.7832670999204676,0.5418892835082805,0,-1.4213519696122774,0.7611027194936547,2.349857690456089,Melbourne,-1.1155053636747099,1.2000857038531876,-0.9826591590645471,-0.7013753798453112,0.9249332148291723,-0.7371235227344259,1.3342247186266687,0.5058213277797355,0.7824911650755971,1,0.0,0.0,0.0,0.0,0.0,0.0,1.5110557096491133,8,7,0
0.39622641509433965,7,0.42857142857142855,-1.314138458905139,0.7832670999204676,0.5418892835082805,0,-1.4213519696122774,0.7611027194936547,2.349857690456089,Melbourne,-1.1155053636747099,1.2000857038531876,-0.9826591590645471,-0.7013753798453112,0.9249332148291723,-0.8820626430137357,1.3592635350008504,0.7617238356958295,0.767454137601304,1,0.0,0.0,0.0,0.0,0.0,0.0,1.5978990180861579,8,7,0
0.41509433962264153,7,0.4464285714285714,-1.314138458905139,0.7832670999204676,0.5418892835082805,0,-1.4213519696122774,0.7611027194936547,2.349857690456089,Melbourne,-1.1155053636747099,1.2000857038531876,-0.9826591590645471,-0.7013753798453112,0.9249332148291723,-0.9304734827831386,1.3802230113920533,0.9350471716789918,0.8062791602738246,1,0.0,0.0,0.0,0.0,0.0,0.0,1.6845865326021139,8,7,0
0.4339622641509434,7,0.46428571428571425,-1.314138458905139,0.7832670999204676,0.5418892835082805,0,-1.4213519696122774,0.7611027194936547,2.349857690456089,Melbourne,-1.1155053636747099,1.2000857038531876,-0.9826591590645471,-0.7013753798453112,0.9249332148291723,-1.1335056107857366,1.4031930171032325,1.0000263293253353,0.7484702929828055,1,0.0,0.0,0.0,0.0,0.0,0.0,1.7706206568550809,8,7,0
0.4528301886792453,7,0.48214285714285715,-1.2666423718212778,0.967073228638497,1.0845407179076676,0,-1.3958551969521054,0.18208354672896096,0.7331636728006652,Melbourne,-1.1155053636747099,1.2000857038531876,-0.9826591590645471,-0.7013753798453112,0.9249332148291723,-1.2265131029487735,1.419123397664733,1.0797572356062002,0.7918971576232553,1,0.0,0.0,0.0,0.0,0.0,0.0,-1.543150036097718,8,7,0
0.4716981132075472,7,0.49999999999999994,-1.2666423718212778,0.967073228638497,1.0845407179076676,0,-1.3958551969521054,0.18208354672896096,0.7331636728006652,Melbourne,-1.1155053636747099,1.2000857038531876,-0.9826591590645471,-0.7013753798453112,0.9249332148291723,-1.3506208921757945,1.4334722376205529,1.0898284878052977,0.7850343827646583,1,0.0,0.0,0.0,0.0,0.0,0.0,-1.4578146239756933,8,7,0
0.49056603773584906,7,0.5178571428571428,-1.2666423718212778,0.967073228638497,1.0845407179076676,0,-1.3958551969521054,0.18208354672896096,0.7331636728006652,Melbourne,-1.1155053636747099,1.2000857038531876,-0.9826591590645471,-0.7013753798453112,0.9249332148291723,-1.2587869961283769,1.4502700306983105,1.1431806635432455,0.9216070323771707,1,0.0,0.0,0.0,0.0,0.0,0.0,-1.3721836755063916,8,7,0
0.5094339622641509,7,0.5357142857142856,-1.2666423718212778,0.967073228638497,1.0845407179076676,0,-1.3958551969521054,0.18208354672896096,0.7331636728006652,Melbourne,-1.1155053636747099,1.2000857038531876,-0.9826591590645471,-0.7013753798453112,0.9249332148291723,-1.4406943940497792,1.4720169155772642,1.1934273394304054,0.9832881989563832,1,0.0,0.0,0.0,0.0,0.0,0.0,-1.28713813449815,8,7,0
0.5283018867924528,7,0.5535714285714285,-1.2666423718212778,0.967073228638497,1.0845407179076676,0,-1.3958551969521054,0.18208354672896096,0.7331636728006652,Melbourne,-1.1155053636747099,1.2000857038531876,-0.9826591590645471,-0.7013753798453112,0.9249332148291723,-1.4295452309513716,1.4911199697486848,1.0778546093849404,1.0325059512382782,1,0.0,0.0,0.0,0.0,0.0,0.0,-1.2020567136777784,8,7,0
1.0,7,0.9999999999999999,-1.2666423718212778,0.967073228638497,1.0845407179076676,0,-1.3958551969521054,0.18208354672896096,0.7331636728006652,Melbourne,-1.1155053636747099,1.2000857038531876,-0.9826591590645471,-0.7013753798453112,0.9249332148291723,-1.2092025602433507,1.800136407883173,-0.9584369558058345,-0.2961540804670638,1,0.0,0.0,0.0,0.0,0.0,0.0,1.4217300847360588,8,7,0
0.37735849056603776,7,0.4107142857142857,-1.314138458905139,0.7832670999204676,0.5418892835082805,0,-1.4213519696122774,0.7611027194936547,2.349857690456089,Melbourne,-1.1155053636747099,1.2000857038531876,-0.9826591590645471,-0.7013753798453112,0.9249332148291723,-0.8292508178107464,1.5385106365632504,0.13010719304639834,-1.4387579272355946,1,0.0,0.0,0.0,0.0,0.0,0.0,1.518358195623042,9,0,0
0.39622641509433965,7,0.42857142857142855,-1.314138458905139,0.7832670999204676,0.5418892835082805,0,-1.4213519696122774,0.7611027194936547,2.349857690456089,Melbourne,-1.1155053636747099,1.2000857038531876,-0.9826591590645471,-0.7013753798453112,0.9249332148291723,-0.8867570274762209,1.5572819208245219,-0.06964969800802166,-1.0111543186304892,1,0.0,0.0,0.0,0.0,0.0,0.0,1.605186396770769,9,0,0
0.41509433962264153,7,0.4464285714285714,-1.314138458905139,0.7832670999204676,0.5418892835082805,0,-1.4213519696122774,0.7611027194936547,2.349857690456089,Melbourne,-1.1155053636747099,1.2000857038531876,-0.9826591590645471,-0.7013753798453112,0.9249332148291723,-1.1302782214677733,1.5749452204527767,-0.21334412195898264,-0.7526712637690406,1,0.0,0.0,0.0,0.0,0.0,0.0,1.691230907285142,9,0,0
0.4339622641509434,7,0.46428571428571425,-1.314138458905139,0.7832670999204676,0.5418892835082805,0,-1.4213519696122774,0.7611027194936547,2.349857690456089,Melbourne,-1.1155053636747099,1.2000857038531876,-0.9826591590645471,-0.7013753798453112,0.9249332148291723,-1.1405471874794686,1.58949714734129,-0.6266316760493071,-0.2899826277417251,1,0.0,0.0,0.0,0.0,0.0,0.0,1.7772423706041325,9,0,0
0.4528301886792453,7,0.48214285714285715,-1.2666423718212778,0.967073228638497,1.0845407179076676,0,-1.3958551969521054,0.18208354672896096,0.7331636728006652,Melbourne,-1.1155053636747099,1.2000857038531876,-0.9826591590645471,-0.7013753798453112,0.9249332148291723,-1.1434811777685208,1.6029664080745754,-1.086811095197999,0.06598885877151033,1,0.0,0.0,0.0,0.0,0.0,0.0,-1.5362611121688603,9,0,0
0.7924528301886792,4,0.21428571428571427,-1.2666423718212778,0.967073228638497,1.0845407179076676,0,-1.3958551969521054,0.18208354672896096,0.7331636728006652,Melbourne,-1.1155053636747099,1.2000857038531876,-0.9826591590645471,-0.7013753798453112,0.9249332148291723,1.3131488912571068,1.2201912969870887,-0.31711375273259257,1.7687185376735117,1,0.0,0.0,0.0,0.0,0.0,0.0,0.275222791128752,9,0,0
0.15094339622641512,7,0.19642857142857142,-1.314138458905139,0.7832670999204676,0.5418892835082805,0,-1.4213519696122774,0.7611027194936547,2.349857690456089,Melbourne,-1.1155053636747099,1.2000857038531876,-0.9826591590645471,-0.7013753798453112,0.9249332148291723,-0.11863836980166129,1.0612089115377272,-1.397886731234184,0.9240898337766005,1,0.0,0.0,0.0,0.0,0.0,0.0,0.45718725834334223,10,8,0
0.169811320754717,7,0.21428571428571427,-1.314138458905139,0.7832670999204676,0.5418892835082805,0,-1.4213519696122774,0.7611027194936547,2.349857690456089,Melbourne,-1.1155053636747099,1.2000857038531876,-0.9826591590645471,-0.7013753798453112,0.9249332148291723,-0.3067071473300749,1.0927806664355597,-1.2976887319557877,0.9816896390653949,1,0.0,0.0,0.0,0.0,0.0,0.0,0.5458821539273839,10,8,0
0.2830188679245283,7,0.3214285714285714,-1.314138458905139,0.7832670999204676,0.5418892835082805,0,-1.4213519696122774,0.7611027194936547,2.349857690456089,Melbourne,-1.1155053636747099,1.2000857038531876,-0.9826591590645471,-0.7013753798453112,0.9249332148291723,0.37691259001970584,1.319813127955158,-1.1886658757478636,0.8650562242131927,1,0.0,0.0,0.0,0.0,0.0,0.0,1.0817112682688388,10,8,0
0.3018867924528302,7,0.33928571428571425,-1.314138458905139,0.7832670999204676,0.5418892835082805,0,-1.4213519696122774,0.7611027194936547,2.349857690456089,Melbourne,-1.1155053636747099,1.2000857038531876,-0.9826591590645471,-0.7013753798453112,0.9249332148291723,-0.17291719014917678,1.3712979554166282,-0.34382325325185664,0.5181786307989762,1,0.0,0.0,0.0,0.0,0.0,0.0,1.170836721598434,10,8,0
0.32075471698113206,7,0.35714285714285715,-1.314138458905139,0.7832670999204676,0.5418892835082805,0,-1.4213519696122774,0.7611027194936547,2.349857690456089,Melbourne,-1.1155053636747099,1.2000857038531876,-0.9826591590645471,-0.7013753798453112,0.9249332148291723,-0.466609618083565,1.4033303715001222,-0.06941198910479338,0.4653128639363612,1,0.0,0.0,0.0,0.0,0.0,0.0,1.2590170251400923,10,8,0
0.33962264150943394,7,0.375,-1.314138458905139,0.7832670999204676,0.5418892835082805,0,-1.4213519696122774,0.7611027194936547,2.349857690456089,Melbourne,-1.1155053636747099,1.2000857038531876,-0.9826591590645471,-0.7013753798453112,0.9249332148291723,-0.4249469559789873,1.4301278029361704,-0.05969515328399502,0.5405669658559287,1,0.0,0.0,0.0,0.0,0.0,0.0,1.3473314058744452,10,8,0
0.3584905660377358,7,0.39285714285714285,-1.314138458905139,0.7832670999204676,0.5418892835082805,0,-1.4213519696122774,0.7611027194936547,2.349857690456089,Melbourne,-1.1155053636747099,1.2000857038531876,-0.9826591590645471,-0.7013753798453112,0.9249332148291723,-0.4821597666155591,1.45696133470744,0.119112274727795,0.29018204896029437,1,0.0,0.0,0.0,0.0,0.0,0.0,1.4354616665202387,10,8,0
0.37735849056603776,7,0.4107142857142857,-1.314138458905139,0.7832670999204676,0.5418892835082805,0,-1.4213519696122774,0.7611027194936547,2.349857690456089,Melbourne,-1.1155053636747099,1.2000857038531876,-0.9826591590645471,-0.7013753798453112,0.9249332148291723,-0.5672454849981475,1.4846738949467124,0.19620891425054948,0.14098073298124517,1,0.0,0.0,0.0,0.0,0.0,0.0,1.5233181075471498,10,8,0
0.39622641509433965,7,0.42857142857142855,-1.314138458905139,0.7832670999204676,0.5418892835082805,0,-1.4213519696122774,0.7611027194936547,2.349857690456089,Melbourne,-1.1155053636747099,1.2000857038531876,-0.9826591590645471,-0.7013753798453112,0.9249332148291723,-0.7168789897399467,1.5113270164996366,0.32830415515000877,-0.06539769509537612,1,0.0,0.0,0.0,0.0,0.0,0.0,1.61069300372706,10,8,0
0.41509433962264153,7,0.4464285714285714,-1.314138458905139,0.7832670999204676,0.5418892835082805,0,-1.4213519696122774,0.7611027194936547,2.349857690456089,Melbourne,-1.1155053636747099,1.2000857038531876,-0.9826591590645471,-0.7013753798453112,0.9249332148291723,-0.7162921916821329,1.5341407435985168,0.38401706859404133,-0.21385529864456165,1,0.0,0.0,0.0,0.0,0.0,0.0,1.6980697883181348,10,8,0
0.4339622641509434,7,0.46428571428571425,-1.314138458905139,0.7832670999204676,0.5418892835082805,0,-1.4213519696122774,0.7611027194936547,2.349857690456089,Melbourne,-1.1155053636747099,1.2000857038531876,-0.9826591590645471,-0.7013753798453112,0.9249332148291723,-0.7861211605616384,1.5598675492344438,0.5742795156354344,-0.6408424994693689,1,0.0,0.0,0.0,0.0,0.0,0.0,1.785221851980609,10,8,0
0.4528301886792453,7,0.48214285714285715,-1.2666423718212778,0.967073228638497,1.0845407179076676,0,-1.3958551969521054,0.18208354672896096,0.7331636728006652,Melbourne,-1.1155053636747099,1.2000857038531876,-0.9826591590645471,-0.7013753798453112,0.9249332148291723,-0.8131138712209468,1.5826312707960803,0.7127758655315976,-1.1162759358620415,1,0.0,0.0,0.0,0.0,0.0,0.0,-1.5272184553066526,10,8,0
0.7169811320754716,4,0.03571428571428571,-1.2666423718212778,0.967073228638497,1.0845407179076676,0,-1.3958551969521054,0.18208354672896096,0.7331636728006652,Melbourne,-1.1155053636747099,1.2000857038531876,-0.9826591590645471,-0.7013753798453112,0.9249332148291723,-2.41096498264022,1.387464996361442,1.6441184806049312,2.1367987572744314,1,0.0,0.0,0.0,0.0,0.0,0.0,-0.044453116066643,10,8,0
0.7358490566037735,4,0.05357142857142857,-1.2666423718212778,0.967073228638497,1.0845407179076676,0,-1.3958551969521054,0.18208354672896096,0.7331636728006652,Melbourne,-1.1155053636747099,1.2000857038531876,-0.9826591590645471,-0.7013753798453112,0.9249332148291723,-1.9001572733157701,1.3999864599949101,1.5802473818566998,2.1928403649579966,1,0.0,0.0,0.0,0.0,0.0,0.0,0.03911379899963201,10,8,0
0.9056603773584906,7,0.9107142857142856,-1.2666423718212778,0.967073228638497,1.0845407179076676,0,-1.3958551969521054,0.18208354672896096,0.7331636728006652,Melbourne,-1.1155053636747099,1.2000857038531876,-0.9826591590645471,-0.7013753798453112,0.9249332148291723,1.1048355807342138,1.6922753390891085,-0.7784045403013403,1.0777047057924276,1,0.0,0.0,0.0,0.0,0.0,0.0,0.9986400611332998,10,8,0
0.9245283018867925,7,0.9285714285714285,-1.2666423718212778,0.967073228638497,1.0845407179076676,0,-1.3958551969521054,0.18208354672896096,0.7331636728006652,Melbourne,-1.1155053636747099,1.2000857038531876,-0.9826591590645471,-0.7013753798453112,0.9249332148291723,-0.1171713746571352,1.7024969155454543,-0.07083875403081809,0.5926995685799727,1,0.0,0.0,0.0,0.0,0.0,0.0,1.0879449135235426,10,8,0
0.9433962264150944,7,0.9464285714285713,-1.2666423718212778,0.967073228638497,1.0845407179076676,0,-1.3958551969521054,0.18208354672896096,0.7331636728006652,Melbourne,-1.1155053636747099,1.2000857038531876,-0.9826591590645471,-0.7013753798453112,0.9249332148291723,-0.5367319859919774,1.7208862236894202,0.3993156153008208,-0.006731654593494864,1,0.0,0.0,0.0,0.0,0.0,0.0,1.175899551931018,10,8,0
0.9622641509433962,7,0.9642857142857142,-1.2666423718212778,0.967073228638497,1.0845407179076676,0,-1.3958551969521054,0.18208354672896096,0.7331636728006652,Melbourne,-1.1155053636747099,1.2000857038531876,-0.9826591590645471,-0.7013753798453112,0.9249332148291723,-0.7984439197756692,1.7251233105544863,0.03736362185478167,-0.6843492780858089,1,0.0,0.0,0.0,0.0,0.0,0.0,1.2630119589590338,10,8,0
0.7924528301886792,7,0.8035714285714285,-1.2666423718212778,0.967073228638497,1.0845407179076676,0,-1.3958551969521054,0.18208354672896096,0.7331636728006652,Melbourne,-1.1155053636747099,1.2000857038531876,-0.9826591590645471,-0.7013753798453112,0.9249332148291723,-1.0017694468071743,-0.1235466662181718,1.3137922809194729,-0.6429057682980596,1,0.0,0.0,0.0,0.0,0.0,0.0,0.26208322624470837,11,9,0
0.9056603773584906,7,0.9107142857142856,-1.2666423718212778,0.967073228638497,1.0845407179076676,0,-1.3958551969521054,0.18208354672896096,0.7331636728006652,Melbourne,-1.1155053636747099,1.2000857038531876,-0.9826591590645471,-0.7013753798453112,0.9249332148291723,-0.5232356306623273,0.9822590922091787,-1.0723849726729837,0.16068015627167131,1,0.0,0.0,0.0,0.0,0.0,0.0,0.9848471059862672,11,9,0
1.0,7,0.9999999999999999,-1.2666423718212778,0.967073228638497,1.0845407179076676,0,-1.3958551969521054,0.18208354672896096,0.7331636728006652,Melbourne,-1.1155053636747099,1.2000857038531876,-0.9826591590645471,-0.7013753798453112,0.9249332148291723,-2.304754534176432,0.8554768945464135,1.6403938105352878,-1.3248961402143915,1,0.0,0.0,0.0,0.0,0.0,0.0,1.4042887192188087,11,9,0
0.13207547169811318,7,0.17857142857142858,-1.314138458905139,0.7832670999204676,0.5418892835082805,0,-1.4213519696122774,0.7611027194936547,2.349857690456089,Melbourne,-1.1155053636747099,1.2000857038531876,-0.9826591590645471,-0.7013753798453112,0.9249332148291723,-0.2002032998373838,0.3829440591109869,-1.3283868150201747,-0.7329746525312478,1,0.0,0.0,0.0,0.0,0.0,0.0,0.35478816293700927,12,4,0
0.15094339622641512,7,0.19642857142857142,-1.314138458905139,0.7832670999204676,0.5418892835082805,0,-1.4213519696122774,0.7611027194936547,2.349857690456089,Melbourne,-1.1155053636747099,1.2000857038531876,-0.9826591590645471,-0.7013753798453112,0.9249332148291723,-0.506511886014714,0.4247495184683177,-1.2818092858869556,-0.5927234764161133,1,0.0,0.0,0.0,0.0,0.0,0.0,0.4428400545194672,12,4,0
0.20754716981132076,7,0.25,-1.314138458905139,0.7832670999204676,0.5418892835082805,0,-1.4213519696122774,0.7611027194936547,2.349857690456089,Melbourne,-1.1155053636747099,1.2000857038531876,-0.9826591590645471,-0.7013753798453112,0.9249332148291723,-0.6508642082362099,0.5250353605138324,-1.447347879427179,-0.26055519069909927,1,0.0,0.0,0.0,0.0,0.0,0.0,0.7060581331235639,12,4,0
0.22641509433962265,7,0.26785714285714285,-1.314138458905139,0.7832670999204676,0.5418892835082805,0,-1.4213519696122774,0.7611027194936547,2.349857690456089,Melbourne,-1.1155053636747099,1.2000857038531876,-0.9826591590645471,-0.7013753798453112,0.9249332148291723,-0.6549717946408897,0.5696132235459065,-1.4310565520558547,-0.2657928674573649,1,0.0,0.0,0.0,0.0,0.0,0.0,0.7936322566813511,12,4,0
0.24528301886792453,7,0.2857142857142857,-1.314138458905139,0.7832670999204676,0.5418892835082805,0,-1.4213519696122774,0.7611027194936547,2.349857690456089,Melbourne,-1.1155053636747099,1.2000857038531876,-0.9826591590645471,-0.7013753798453112,0.9249332148291723,-0.6312064732995445,0.6169057323992123,-1.2837859188979606,-0.3518500378734195,1,0.0,0.0,0.0,0.0,0.0,0.0,0.8812828608913086,12,4,0
0.2641509433962264,7,0.30357142857142855,-1.314138458905139,0.7832670999204676,0.5418892835082805,0,-1.4213519696122774,0.7611027194936547,2.349857690456089,Melbourne,-1.1155053636747099,1.2000857038531876,-0.9826591590645471,-0.7013753798453112,0.9249332148291723,-0.6174167189409875,0.6587053119322493,-1.4165299882369033,-0.3620413111105681,1,0.0,0.0,0.0,0.0,0.0,0.0,0.9689778427636369,12,4,0
0.4528301886792453,7,0.48214285714285715,-1.2666423718212778,0.967073228638497,1.0845407179076676,0,-1.3958551969521054,0.18208354672896096,0.7331636728006652,Melbourne,-1.1155053636747099,1.2000857038531876,-0.9826591590645471,-0.7013753798453112,0.9249332148291723,-1.4195696639685833,0.9326190041500391,-1.458847815073384,0.018009124107634125,1,0.0,0.0,0.0,0.0,0.0,0.0,-1.5655805839121288,12,4,0
0.5094339622641509,7,0.5357142857142856,-1.2666423718212778,0.967073228638497,1.0845407179076676,0,-1.3958551969521054,0.18208354672896096,0.7331636728006652,Melbourne,-1.1155053636747099,1.2000857038531876,-0.9826591590645471,-0.7013753798453112,0.9249332148291723,-1.337711334903954,0.9888226116820655,-1.4457115238989087,0.1420690212184501,1,0.0,0.0,0.0,0.0,0.0,0.0,-1.3103750338798914,12,4,0
0.5283018867924528,7,0.5535714285714285,-1.2666423718212778,0.967073228638497,1.0845407179076676,0,-1.3958551969521054,0.18208354672896096,0.7331636728006652,Melbourne,-1.1155053636747099,1.2000857038531876,-0.9826591590645471,-0.7013753798453112,0.9249332148291723,-1.392870352338186,1.021488239205766,-1.25583897819979,-0.12157015294048419,1,0.0,0.0,0.0,0.0,0.0,0.0,-1.2251755873617258,12,4,0
0.7924528301886792,3,0.21428571428571427,-1.2666423718212778,0.967073228638497,1.0845407179076676,0,-1.3958551969521054,0.18208354672896096,0.7331636728006652,Melbourne,-1.1155053636747099,1.2000857038531876,-0.9826591590645471,-0.7013753798453112,0.9249332148291723,0.5083553549693614,0.9646813089974644,-0.4142975091312059,-0.8893144495400724,1,0.0,0.0,0.0,0.0,0.0,0.0,0.25791455859861384,12,4,0
0.9056603773584906,7,0.9107142857142856,-1.2666423718212778,0.967073228638497,1.0845407179076676,0,-1.3958551969521054,0.18208354672896096,0.7331636728006652,Melbourne,-1.1155053636747099,1.2000857038531876,-0.9826591590645471,-0.7013753798453112,0.9249332148291723,0.607230827710511,1.1986453311255092,-1.294699727405653,3.307583661834997,1,0.0,0.0,0.0,0.0,0.0,0.0,0.994342037322423,12,4,0
0.9811320754716981,7,0.9821428571428571,-1.2666423718212778,0.967073228638497,1.0845407179076676,0,-1.3958551969521054,0.18208354672896096,0.7331636728006652,Melbourne,-1.1155053636747099,1.2000857038531876,-0.9826591590645471,-0.7013753798453112,0.9249332148291723,-1.4336528173560472,1.1949515369663293,1.1472934293443633,-0.8782253956948882,1,0.0,0.0,0.0,0.0,0.0,0.0,1.3382906374234018,12,4,0
1.0,7,0.9999999999999999,-1.2666423718212778,0.967073228638497,1.0845407179076676,0,-1.3958551969521054,0.18208354672896096,0.7331636728006652,Melbourne,-1.1155053636747099,1.2000857038531876,-0.9826591590645471,-0.7013753798453112,0.9249332148291723,-0.7520868732086021,1.2105466876662252,1.180504515902348,-0.3906067646100291,1,0.0,0.0,0.0,0.0,0.0,0.0,1.4255522289334295,12,4,0
0.15094339622641512,7,0.19642857142857142,-1.314138458905139,0.7832670999204676,0.5418892835082805,0,-1.4213519696122774,0.7611027194936547,2.349857690456089,Melbourne,-1.1155053636747099,1.2000857038531876,-0.9826591590645471,-0.7013753798453112,0.9249332148291723,-0.17585118043822898,1.036611575211772,0.378039381214065,-1.4376631002257139,1,0.0,0.0,0.0,0.0,0.0,0.0,0.4526758440708527,13,7,0
0.169811320754717,7,0.21428571428571427,-1.314138458905139,0.7832670999204676,0.5418892835082805,0,-1.4213519696122774,0.7611027194936547,2.349857690456089,Melbourne,-1.1155053636747099,1.2000857038531876,-0.9826591590645471,-0.7013753798453112,0.9249332148291723,-0.17555778140932624,1.0666144834027764,0.18523747224413203,-1.3341437398755152,1,0.0,0.0,0.0,0.0,0.0,0.0,0.541792799550207,13,7,0
0.2830188679245283,7,0.3214285714285714,-1.314138458905139,0.7832670999204676,0.5418892835082805,0,-1.4213519696122774,0.7611027194936547,2.349857690456089,Melbourne,-1.1155053636747099,1.2000857038531876,-0.9826591590645471,-0.7013753798453112,0.9249332148291723,-0.3155091181972398,1.2960957567446887,0.765175699335342,-1.2215069964327812,1,0.0,0.0,0.0,0.0,0.0,0.0,1.074758138360381,13,7,0
0.3018867924528302,7,0.33928571428571425,-1.314138458905139,0.7832670999204676,0.5418892835082805,0,-1.4213519696122774,0.7611027194936547,2.349857690456089,Melbourne,-1.1155053636747099,1.2000857038531876,-0.9826591590645471,-0.7013753798453112,0.9249332148291723,-0.4850937569046113,1.327191617846235,0.8438809732046141,-0.3486595493058836,1,0.0,0.0,0.0,0.0,0.0,0.0,1.162878956950351,13,7,0
0.32075471698113206,7,0.35714285714285715,-1.314138458905139,0.7832670999204676,0.5418892835082805,0,-1.4213519696122774,0.7611027194936547,2.349857690456089,Melbourne,-1.1155053636747099,1.2000857038531876,-0.9826591590645471,-0.7013753798453112,0.9249332148291723,-0.47863897826869317,1.3509066638077811,0.7683336064646106,-0.06515210662266252,1,0.0,0.0,0.0,0.0,0.0,0.0,1.2510205480631333,13,7,0
0.33962264150943394,7,0.375,-1.314138458905139,0.7832670999204676,0.5418892835082805,0,-1.4213519696122774,0.7611027194936547,2.349857690456089,Melbourne,-1.1155053636747099,1.2000857038531876,-0.9826591590645471,-0.7013753798453112,0.9249332148291723,-0.6593727800744721,1.3785327232738798,0.7868721702121825,-0.05511317734222708,1,0.0,0.0,0.0,0.0,0.0,0.0,1.338580508537185,13,7,0
0.3584905660377358,7,0.39285714285714285,-1.314138458905139,0.7832670999204676,0.5418892835082805,0,-1.4213519696122774,0.7611027194936547,2.349857690456089,Melbourne,-1.1155053636747099,1.2000857038531876,-0.9826591590645471,-0.7013753798453112,0.9249332148291723,-0.5913042053683997,1.3996765241301783,0.7216495748960001,0.12962135535253533,1,0.0,0.0,0.0,0.0,0.0,0.0,1.4263595247063425,13,7,0
0.37735849056603776,7,0.4107142857142857,-1.314138458905139,0.7832670999204676,0.5418892835082805,0,-1.4213519696122774,0.7611027194936547,2.349857690456089,Melbourne,-1.1155053636747099,1.2000857038531876,-0.9826591590645471,-0.7013753798453112,0.9249332148291723,-0.7664634256249728,1.4256033924821994,0.7510351199059297,0.20927359258304626,1,0.0,0.0,0.0,0.0,0.0,0.0,1.513574850142835,13,7,0
0.39622641509433965,7,0.42857142857142855,-1.314138458905139,0.7832670999204676,0.5418892835082805,0,-1.4213519696122774,0.7611027194936547,2.349857690456089,Melbourne,-1.1155053636747099,1.2000857038531876,-0.9826591590645471,-0.7013753798453112,0.9249332148291723,-0.8057788954983081,1.4479898976381105,0.7364805470905504,0.34574752361657496,1,0.0,0.0,0.0,0.0,0.0,0.0,1.6006636520312914,13,7,0
0.41509433962264153,7,0.4464285714285714,-1.314138458905139,0.7832670999204676,0.5418892835082805,0,-1.4213519696122774,0.7611027194936547,2.349857690456089,Melbourne,-1.1155053636747099,1.2000857038531876,-0.9826591590645471,-0.7013753798453112,0.9249332148291723,-1.043432108911752,1.4695749315116096,0.7740598905154394,0.4033072074875855,1,0.0,0.0,0.0,0.0,0.0,0.0,1.6869876473980412,13,7,0
0.4339622641509434,7,0.46428571428571425,-1.314138458905139,0.7832670999204676,0.5418892835082805,0,-1.4213519696122774,0.7611027194936547,2.349857690456089,Melbourne,-1.1155053636747099,1.2000857038531876,-0.9826591590645471,-0.7013753798453112,0.9249332148291723,-1.0490066904609536,1.4878292987128496,0.7181057885627672,0.5998764699302854,1,0.0,0.0,0.0,0.0,0.0,0.0,1.7732937028587261,13,7,0
0.4528301886792453,7,0.48214285714285715,-1.2666423718212778,0.967073228638497,1.0845407179076676,0,-1.3958551969521054,0.18208354672896096,0.7331636728006652,Melbourne,-1.1155053636747099,1.2000857038531876,-0.9826591590645471,-0.7013753798453112,0.9249332148291723,-1.2400094582784278,1.504949903349975,0.760139326416814,0.7429636937804658,1,0.0,0.0,0.0,0.0,0.0,0.0,-1.5405204235508612,13,7,0
0.4716981132075472,7,0.49999999999999994,-1.2666423718212778,0.967073228638497,1.0845407179076676,0,-1.3958551969521054,0.18208354672896096,0.7331636728006652,Melbourne,-1.1155053636747099,1.2000857038531876,-0.9826591590645471,-0.7013753798453112,0.9249332148291723,-1.0715984156866796,1.5179510713191697,0.7534967398706524,0.9525219137861732,1,0.0,0.0,0.0,0.0,0.0,0.0,-1.4542870719200174,13,7,0
0.49056603773584906,7,0.5178571428571428,-1.2666423718212778,0.967073228638497,1.0845407179076676,0,-1.3958551969521054,0.18208354672896096,0.7331636728006652,Melbourne,-1.1155053636747099,1.2000857038531876,-0.9826591590645471,-0.7013753798453112,0.9249332148291723,-1.1252904379763813,1.5409076655055571,0.8856875320184221,1.098495706060001,1,0.0,0.0,0.0,0.0,0.0,0.0,-1.3682265099107445,13,7,0
0.5094339622641509,7,0.5357142857142856,-1.2666423718212778,0.967073228638497,1.0845407179076676,0,-1.3958551969521054,0.18208354672896096,0.7331636728006652,Melbourne,-1.1155053636747099,1.2000857038531876,-0.9826591590645471,-0.7013753798453112,0.9249332148291723,-1.330669758210222,1.5644971259701106,0.9453896926914301,1.1190373645217113,1,0.0,0.0,0.0,0.0,0.0,0.0,-1.28282689180912,13,7,0
0.5283018867924528,7,0.5535714285714285,-1.2666423718212778,0.967073228638497,1.0845407179076676,0,-1.3958551969521054,0.18208354672896096,0.7331636728006652,Melbourne,-1.1155053636747099,1.2000857038531876,-0.9826591590645471,-0.7013753798453112,0.9249332148291723,-1.511403560016001,1.584956235621071,0.9930283207793803,1.2609673261702339,1,0.0,0.0,0.0,0.0,0.0,0.0,-1.1980089043462254,13,7,0
0.07547169811320754,7,0.125,-1.314138458905139,0.7832670999204676,0.5418892835082805,0,-1.4213519696122774,0.7611027194936547,2.349857690456089,Melbourne,-1.1155053636747099,1.2000857038531876,-0.9826591590645471,-0.7013753798453112,0.9249332148291723,0.8340282770544502,-0.6068587872200223,1.0415268101551933,1.2599480044758464,1,0.0,0.0,0.0,0.0,0.0,0.0,0.08197695561619166,16,2,0
0.09433962264150943,7,0.14285714285714285,-1.314138458905139,0.7832670999204676,0.5418892835082805,0,-1.4213519696122774,0.7611027194936547,2.349857690456089,Melbourne,-1.1155053636747099,1.2000857038531876,-0.9826591590645471,-0.7013753798453112,0.9249332148291723,-0.031792257245635676,-0.5375358471235043,1.109789290260129,1.3009188238624259,1,0.0,0.0,0.0,0.0,0.0,0.0,0.17155657183089934,16,2,0
0.11320754716981131,7,0.1607142857142857,-1.314138458905139,0.7832670999204676,0.5418892835082805,0,-1.4213519696122774,0.7611027194936547,2.349857690456089,Melbourne,-1.1155053636747099,1.2000857038531876,-0.9826591590645471,-0.7013753798453112,0.9249332148291723,-0.40910340841809045,-0.5273418568689271,1.1438668334122915,1.307542835207293,1,0.0,0.0,0.0,0.0,0.0,0.0,0.25992193966669924,16,2,0
0.13207547169811318,7,0.17857142857142858,-1.314138458905139,0.7832670999204676,0.5418892835082805,0,-1.4213519696122774,0.7611027194936547,2.349857690456089,Melbourne,-1.1155053636747099,1.2000857038531876,-0.9826591590645471,-0.7013753798453112,0.9249332148291723,-0.47951917535540967,-0.4660093197889431,1.2453177785028118,1.302245677042625,1,0.0,0.0,0.0,0.0,0.0,0.0,0.34806069816273427,16,2,0
0.15094339622641512,7,0.19642857142857142,-1.314138458905139,0.7832670999204676,0.5418892835082805,0,-1.4213519696122774,0.7611027194936547,2.349857690456089,Melbourne,-1.1155053636747099,1.2000857038531876,-0.9826591590645471,-0.7013753798453112,0.9249332148291723,-0.6391282470799928,-0.4194135874619785,1.3882559797703065,1.3993575522249297,1,0.0,0.0,0.0,0.0,0.0,0.0,0.43568580882196817,16,2,0
0.169811320754717,7,0.21428571428571427,-1.314138458905139,0.7832670999204676,0.5418892835082805,0,-1.4213519696122774,0.7611027194936547,2.349857690456089,Melbourne,-1.1155053636747099,1.2000857038531876,-0.9826591590645471,-0.7013753798453112,0.9249332148291723,-0.7679304207694989,-0.3796329614449458,1.5311961246634216,1.474247907854003,1,0.0,0.0,0.0,0.0,0.0,0.0,0.5228964132305487,16,2,0
0.18867924528301888,7,0.23214285714285715,-1.314138458905139,0.7832670999204676,0.5418892835082805,0,-1.4213519696122774,0.7611027194936547,2.349857690456089,Melbourne,-1.1155053636747099,1.2000857038531876,-0.9826591590645471,-0.7013753798453112,0.9249332148291723,-0.9169771274534885,-0.3403582410753027,1.618211922865054,1.4575722598327006,1,0.0,0.0,0.0,0.0,0.0,0.0,0.609627361203293,16,2,0
0.20754716981132076,7,0.25,-1.314138458905139,0.7832670999204676,0.5418892835082805,0,-1.4213519696122774,0.7611027194936547,2.349857690456089,Melbourne,-1.1155053636747099,1.2000857038531876,-0.9826591590645471,-0.7013753798453112,0.9249332148291723,-0.9084685556152263,-0.30179688950080513,1.726348013731794,1.5163136062683895,1,0.0,0.0,0.0,0.0,0.0,0.0,0.6963856911379258,16,2,0
0.22641509433962265,7,0.26785714285714285,-1.314138458905139,0.7832670999204676,0.5418892835082805,0,-1.4213519696122774,0.7611027194936547,2.349857690456089,Melbourne,-1.1155053636747099,1.2000857038531876,-0.9826591590645471,-0.7013753798453112,0.9249332148291723,-0.9513048138354274,-0.24389025343983034,1.8460014649778616,1.512505194725029,1,0.0,0.0,0.0,0.0,0.0,0.0,0.7830061670575349,16,2,0
0.24528301886792453,7,0.2857142857142857,-1.314138458905139,0.7832670999204676,0.5418892835082805,0,-1.4213519696122774,0.7611027194936547,2.349857690456089,Melbourne,-1.1155053636747099,1.2000857038531876,-0.9826591590645471,-0.7013753798453112,0.9249332148291723,-0.9929674759400093,-0.18450365627066206,1.920440022412054,1.5215728511541762,1,0.0,0.0,0.0,0.0,0.0,0.0,0.8694925657844493,16,2,0
0.2641509433962264,7,0.30357142857142855,-1.314138458905139,0.7832670999204676,0.5418892835082805,0,-1.4213519696122774,0.7611027194936547,2.349857690456089,Melbourne,-1.1155053636747099,1.2000857038531876,-0.9826591590645471,-0.7013753798453112,0.9249332148291723,-0.9510114148065246,-0.14205065074970086,1.9837067909194026,1.607392443697178,1,0.0,0.0,0.0,0.0,0.0,0.0,0.9561139859096409,16,2,0
0.2830188679245283,7,0.3214285714285714,-1.314138458905139,0.7832670999204676,0.5418892835082805,0,-1.4213519696122774,0.7611027194936547,2.349857690456089,Melbourne,-1.1155053636747099,1.2000857038531876,-0.9826591590645471,-0.7013753798453112,0.9249332148291723,-0.8192752508279623,-0.09318940581245169,2.0839570048943465,1.6863807392873782,1,0.0,0.0,0.0,0.0,0.0,0.0,1.0431593543413091,16,2,0
0.3018867924528302,7,0.33928571428571425,-1.314138458905139,0.7832670999204676,0.5418892835082805,0,-1.4213519696122774,0.7611027194936547,2.349857690456089,Melbourne,-1.1155053636747099,1.2000857038531876,-0.9826591590645471,-0.7013753798453112,0.9249332148291723,-1.0757060020913551,-0.04497800377493538,2.1000914771051424,1.6571628572941544,1,0.0,0.0,0.0,0.0,0.0,0.0,1.129379487094,16,2,0
0.32075471698113206,7,0.35714285714285715,-1.314138458905139,0.7832670999204676,0.5418892835082805,0,-1.4213519696122774,0.7611027194936547,2.349857690456089,Melbourne,-1.1155053636747099,1.2000857038531876,-0.9826591590645471,-0.7013753798453112,0.9249332148291723,-1.1308650195255872,-0.027651671868118413,2.081815475113301,1.696332324815354,1,0.0,0.0,0.0,0.0,0.0,0.0,1.215422109197208,16,2,0
0.33962264150943394,7,0.375,-1.314138458905139,0.7832670999204676,0.5418892835082805,0,-1.4213519696122774,0.7611027194936547,2.349857690456089,Melbourne,-1.1155053636747099,1.2000857038531876,-0.9826591590645471,-0.7013753798453112,0.9249332148291723,-1.1596181243583243,-0.0025279480167181567,2.078565453015464,1.6991399997378565,1,0.0,0.0,0.0,0.0,0.0,0.0,1.3013721991533453,16,2,0
0.3584905660377358,7,0.39285714285714285,-1.314138458905139,0.7832670999204676,0.5418892835082805,0,-1.4213519696122774,0.7611027194936547,2.349857690456089,Melbourne,-1.1155053636747099,1.2000857038531876,-0.9826591590645471,-0.7013753798453112,0.9249332148291723,-1.1754616719192212,0.017597233263877438,2.0778495923476856,1.6696057297005646,1,0.0,0.0,0.0,0.0,0.0,0.0,1.3872713020080356,16,2,0
0.37735849056603776,7,0.4107142857142857,-1.314138458905139,0.7832670999204676,0.5418892835082805,0,-1.4213519696122774,0.7611027194936547,2.349857690456089,Melbourne,-1.1155053636747099,1.2000857038531876,-0.9826591590645471,-0.7013753798453112,0.9249332148291723,-1.2640681786486756,0.04608127883921208,2.096555340934726,1.7202253336714954,1,0.0,0.0,0.0,0.0,0.0,0.0,1.472885254776855,16,2,0
0.39622641509433965,7,0.42857142857142855,-1.314138458905139,0.7832670999204676,0.5418892835082805,0,-1.4213519696122774,0.7611027194936547,2.349857690456089,Melbourne,-1.1155053636747099,1.2000857038531876,-0.9826591590645471,-0.7013753798453112,0.9249332148291723,-1.3183469989961911,0.07215108119431538,2.076807788375555,1.7253268569728557,1,0.0,0.0,0.0,0.0,0.0,0.0,1.5583245295129384,16,2,0
0.41509433962264153,7,0.4464285714285714,-1.314138458905139,0.7832670999204676,0.5418892835082805,0,-1.4213519696122774,0.7611027194936547,2.349857690456089,Melbourne,-1.1155053636747099,1.2000857038531876,-0.9826591590645471,-0.7013753798453112,0.9249332148291723,-1.4289584328935578,0.09512701739881899,2.053390629277979,1.704741580362735,1,0.0,0.0,0.0,0.0,0.0,0.0,1.6434078387444744,16,2,0
0.4339622641509434,7,0.46428571428571425,-1.314138458905139,0.7832670999204676,0.5418892835082805,0,-1.4213519696122774,0.7611027194936547,2.349857690456089,Melbourne,-1.1155053636747099,1.2000857038531876,-0.9826591590645471,-0.7013753798453112,0.9249332148291723,-1.5017213920621197,0.11927966077426899,2.0413239546005557,1.7246360147960746,1,0.0,0.0,0.0,0.0,0.0,0.0,1.7282569849915868,16,2,0
0.4528301886792453,7,0.48214285714285715,-1.2666423718212778,0.967073228638497,1.0845407179076676,0,-1.3958551969521054,0.18208354672896096,0.7331636728006652,Melbourne,-1.1155053636747099,1.2000857038531876,-0.9826591590645471,-0.7013753798453112,0.9249332148291723,-1.550719029889336,0.134593243038832,2.050084348783626,1.7840542791595293,1,0.0,0.0,0.0,0.0,0.0,0.0,-1.5865570551297137,16,2,0
0.4716981132075472,7,0.49999999999999994,-1.2666423718212778,0.967073228638497,1.0845407179076676,0,-1.3958551969521054,0.18208354672896096,0.7331636728006652,Melbourne,-1.1155053636747099,1.2000857038531876,-0.9826591590645471,-0.7013753798453112,0.9249332148291723,-1.6117460279016766,0.14936985997486013,2.0688424325864814,1.7863053507468734,1,0.0,0.0,0.0,0.0,0.0,0.0,-1.5020619859759847,16,2,0
0.49056603773584906,7,0.5178571428571428,-1.2666423718212778,0.967073228638497,1.0845407179076676,0,-1.3958551969521054,0.18208354672896096,0.7331636728006652,Melbourne,-1.1155053636747099,1.2000857038531876,-0.9826591590645471,-0.7013753798453112,0.9249332148291723,-1.523432920201125,0.17678163048711423,2.0977134523350256,1.786638591370304,1,0.0,0.0,0.0,0.0,0.0,0.0,-1.4172827109419666,16,2,0
0.5094339622641509,7,0.5357142857142856,-1.2666423718212778,0.967073228638497,1.0845407179076676,0,-1.3958551969521054,0.18208354672896096,0.7331636728006652,Melbourne,-1.1155053636747099,1.2000857038531876,-0.9826591590645471,-0.7013753798453112,0.9249332148291723,-1.7428953938224296,0.21815619494258248,2.194643925589589,1.75111937997287,1,0.0,0.0,0.0,0.0,0.0,0.0,-1.3332097016835498,16,2,0
0.5283018867924528,7,0.5535714285714285,-1.2666423718212778,0.967073228638497,1.0845407179076676,0,-1.3958551969521054,0.18208354672896096,0.7331636728006652,Melbourne,-1.1155053636747099,1.2000857038531876,-0.9826591590645471,-0.7013753798453112,0.9249332148291723,-1.649007704572672,0.24891067092273345,2.249184267330497,1.7935387445757724,1,0.0,0.0,0.0,0.0,0.0,0.0,-1.2488345466387796,16,2,0
0.7924528301886792,7,0.8035714285714285,-1.2666423718212778,0.967073228638497,1.0845407179076676,0,-1.3958551969521054,0.18208354672896096,0.7331636728006652,Melbourne,-1.1155053636747099,1.2000857038531876,-0.9826591590645471,-0.7013753798453112,0.9249332148291723,-0.9128695410488087,-0.006878955760575636,-0.6286287460457689,3.251699308178547,1,0.0,0.0,0.0,0.0,0.0,0.0,0.2700560981821088,16,2,0
0.9056603773584906,7,0.9107142857142856,-1.2666423718212778,0.967073228638497,1.0845407179076676,0,-1.3958551969521054,0.18208354672896096,0.7331636728006652,Melbourne,-1.1155053636747099,1.2000857038531876,-0.9826591590645471,-0.7013753798453112,0.9249332148291723,-0.1899343338256928,0.9474572420019195,1.3817311383759725,-1.1013716165455065,1,0.0,0.0,0.0,0.0,0.0,0.0,0.9871981778863295,16,2,0
1.0,7,0.9999999999999999,-1.2666423718212778,0.967073228638497,1.0845407179076676,0,-1.3958551969521054,0.18208354672896096,0.7331636728006652,Melbourne,-1.1155053636747099,1.2000857038531876,-0.9826591590645471,-0.7013753798453112,0.9249332148291723,-1.7205970676256104,0.8868730231045643,-1.2887378363838138,1.2786519285615763,1,0.0,0.0,0.0,0.0,0.0,0.0,1.4123116340520738,16,2,0
0.07547169811320754,7,0.125,-1.314138458905139,0.7832670999204676,0.5418892835082805,0,-1.4213519696122774,0.7611027194936547,2.349857690456089,Melbourne,-1.1155053636747099,1.2000857038531876,-0.9826591590645471,-0.7013753798453112,0.9249332148291723,0.665910633491609,-1.4068910808825374,-0.4491957451255566,1.0826120674710553,1,0.0,0.0,0.0,0.0,0.0,0.0,0.08085429517877243,18,9,0
0.09433962264150943,7,0.14285714285714285,-1.314138458905139,0.7832670999204676,0.5418892835082805,0,-1.4213519696122774,0.7611027194936547,2.349857690456089,Melbourne,-1.1155053636747099,1.2000857038531876,-0.9826591590645471,-0.7013753798453112,0.9249332148291723,-0.1183449707727544,-1.3222184976236673,-0.327912643342426,1.153137310762063,1,0.0,0.0,0.0,0.0,0.0,0.0,0.1701553707466855,18,9,0
0.11320754716981131,7,0.1607142857142857,-1.314138458905139,0.7832670999204676,0.5418892835082805,0,-1.4213519696122774,0.7611027194936547,2.349857690456089,Melbourne,-1.1155053636747099,1.2000857038531876,-0.9826591590645471,-0.7013753798453112,0.9249332148291723,-0.6775635198666116,-1.3272697849427244,-0.2564157225012997,1.1883444555635936,1,0.0,0.0,0.0,0.0,0.0,0.0,0.25765679047463114,18,9,0
0.13207547169811318,7,0.17857142857142858,-1.314138458905139,0.7832670999204676,0.5418892835082805,0,-1.4213519696122774,0.7611027194936547,2.349857690456089,Melbourne,-1.1155053636747099,1.2000857038531876,-0.9826591590645471,-0.7013753798453112,0.9249332148291723,-0.8867570274762209,-1.2823964857239478,-0.2505724264306632,1.2931582943460824,1,0.0,0.0,0.0,0.0,0.0,0.0,0.34448499162235796,18,9,0
0.15094339622641512,7,0.19642857142857142,-1.314138458905139,0.7832670999204676,0.5418892835082805,0,-1.4213519696122774,0.7611027194936547,2.349857690456089,Melbourne,-1.1155053636747099,1.2000857038531876,-0.9826591590645471,-0.7013753798453112,0.9249332148291723,-1.0830409778139898,-1.3012332332092835,-0.38701351281568663,1.4408346079589567,1,0.0,0.0,0.0,0.0,0.0,0.0,0.43068151923548975,18,9,0
0.169811320754717,7,0.21428571428571427,-1.314138458905139,0.7832670999204676,0.5418892835082805,0,-1.4213519696122774,0.7611027194936547,2.349857690456089,Melbourne,-1.1155053636747099,1.2000857038531876,-0.9826591590645471,-0.7013753798453112,0.9249332148291723,-1.0575152622992159,-1.3422112884441073,-0.4760119891882028,1.5885129296247105,1,0.0,0.0,0.0,0.0,0.0,0.0,0.5169601927342864,18,9,0
0.18867924528301888,7,0.23214285714285715,-1.314138458905139,0.7832670999204676,0.5418892835082805,0,-1.4213519696122774,0.7611027194936547,2.349857690456089,Melbourne,-1.1155053636747099,1.2000857038531876,-0.9826591590645471,-0.7013753798453112,0.9249332148291723,-1.2986892640595216,-1.3371816420982723,-0.44412251416515064,1.678413125587377,1,0.0,0.0,0.0,0.0,0.0,0.0,0.6024627292443882,18,9,0
0.20754716981132076,7,0.25,-1.314138458905139,0.7832670999204676,0.5418892835082805,0,-1.4213519696122774,0.7611027194936547,2.349857690456089,Melbourne,-1.1155053636747099,1.2000857038531876,-0.9826591590645471,-0.7013753798453112,0.9249332148291723,-1.3608898581874853,-1.3577746590966064,-0.46934278723161627,1.7901337092109408,1,0.0,0.0,0.0,0.0,0.0,0.0,0.6877650941710303,18,9,0
0.22641509433962265,7,0.26785714285714285,-1.314138458905139,0.7832670999204676,0.5418892835082805,0,-1.4213519696122774,0.7611027194936547,2.349857690456089,Melbourne,-1.1155053636747099,1.2000857038531876,-0.9826591590645471,-0.7013753798453112,0.9249332148291723,-1.2496916262323092,-1.3476912217389845,-0.46481093728009504,1.9137534304218538,1,0.0,0.0,0.0,0.0,0.0,0.0,0.773425313013385,18,9,0
0.24528301886792453,7,0.2857142857142857,-1.314138458905139,0.7832670999204676,0.5418892835082805,0,-1.4213519696122774,0.7611027194936547,2.349857690456089,Melbourne,-1.1155053636747099,1.2000857038531876,-0.9826591590645471,-0.7013753798453112,0.9249332148291723,-1.2573200009838508,-1.2833719645746107,-0.42604530490542764,1.9906594755173128,1,0.0,0.0,0.0,0.0,0.0,0.0,0.8590609825105983,18,9,0
0.32075471698113206,7,0.35714285714285715,-1.314138458905139,0.7832670999204676,0.5418892835082805,0,-1.4213519696122774,0.7611027194936547,2.349857690456089,Melbourne,-1.1155053636747099,1.2000857038531876,-0.9826591590645471,-0.7013753798453112,0.9249332148291723,-1.5416236599932645,-1.2717989882153877,1.1818460405135343,-1.1701887240824402,1,0.0,0.0,0.0,0.0,0.0,0.0,1.1997728458752663,18,9,0
0.33962264150943394,7,0.375,-1.314138458905139,0.7832670999204676,0.5418892835082805,0,-1.4213519696122774,0.7611027194936547,2.349857690456089,Melbourne,-1.1155053636747099,1.2000857038531876,-0.9826591590645471,-0.7013753798453112,0.9249332148291723,-1.3987383329162946,-1.3133464125227452,1.1241988357920532,-0.5984134798081231,1,0.0,0.0,0.0,0.0,0.0,0.0,1.2849534082817848,18,9,0
0.3584905660377358,7,0.39285714285714285,-1.314138458905139,0.7832670999204676,0.5418892835082805,0,-1.4213519696122774,0.7611027194936547,2.349857690456089,Melbourne,-1.1155053636747099,1.2000857038531876,-0.9826591590645471,-0.7013753798453112,0.9249332148291723,-1.5381028716463985,-1.3205394694040922,1.114218442794771,-0.34171904290392346,1,0.0,0.0,0.0,0.0,0.0,0.0,1.3696854730366852,18,9,0
0.37735849056603776,7,0.4107142857142857,-1.314138458905139,0.7832670999204676,0.5418892835082805,0,-1.4213519696122774,0.7611027194936547,2.349857690456089,Melbourne,-1.1155053636747099,1.2000857038531876,-0.9826591590645471,-0.7013753798453112,0.9249332148291723,-1.5712569619127181,-1.3359912681791855,1.0927790149083785,-0.08814381826011944,1,0.0,0.0,0.0,0.0,0.0,0.0,1.4543108425607796,18,9,0
0.39622641509433965,7,0.42857142857142855,-1.314138458905139,0.7832670999204676,0.5418892835082805,0,-1.4213519696122774,0.7611027194936547,2.349857690456089,Melbourne,-1.1155053636747099,1.2000857038531876,-0.9826591590645471,-0.7013753798453112,0.9249332148291723,-1.6683720404804347,-1.3411865929743523,1.0855704825611991,0.21907865797273487,1,0.0,0.0,0.0,0.0,0.0,0.0,1.5386236800371145,18,9,0
0.41509433962264153,7,0.4464285714285714,-1.314138458905139,0.7832670999204676,0.5418892835082805,0,-1.4213519696122774,0.7611027194936547,2.349857690456089,Melbourne,-1.1155053636747099,1.2000857038531876,-0.9826591590645471,-0.7013753798453112,0.9249332148291723,-1.7159026831631252,-1.3675948144942416,1.0489289776384094,0.5145061608866526,1,0.0,0.0,0.0,0.0,0.0,0.0,1.6227835562091077,18,9,0
0.4339622641509434,7,0.46428571428571425,-1.314138458905139,0.7832670999204676,0.5418892835082805,0,-1.4213519696122774,0.7611027194936547,2.349857690456089,Melbourne,-1.1155053636747099,1.2000857038531876,-0.9826591590645471,-0.7013753798453112,0.9249332148291723,-1.7440689899380488,-1.3699532177137566,1.0456566844583215,0.7064197109631595,1,0.0,0.0,0.0,0.0,0.0,0.0,1.706852788645195,18,9,0
0.4528301886792453,7,0.48214285714285715,-1.314138458905139,0.7832670999204676,0.5418892835082805,0,-1.4213519696122774,0.7611027194936547,2.349857690456089,Melbourne,-1.1155053636747099,1.2000857038531876,-0.9826591590645471,-0.7013753798453112,0.9249332148291723,-1.8637757937314872,-1.3887234322461546,1.0196129424489364,0.8117334186421132,1,0.0,0.0,0.0,0.0,0.0,0.0,1.7905367852036822,18,9,0
0.4716981132075472,7,0.49999999999999994,-1.2666423718212778,0.967073228638497,1.0845407179076676,0,-1.3958551969521054,0.18208354672896096,0.7331636728006652,Melbourne,-1.1155053636747099,1.2000857038531876,-0.9826591590645471,-0.7013753798453112,0.9249332148291723,-1.993164765478807,-1.4310308965663343,0.9609111794017319,0.9231247274933901,1,0.0,0.0,0.0,0.0,0.0,0.0,-1.525701116935809,18,9,0
0.49056603773584906,7,0.5178571428571428,-1.2666423718212778,0.967073228638497,1.0845407179076676,0,-1.3958551969521054,0.18208354672896096,0.7331636728006652,Melbourne,-1.1155053636747099,1.2000857038531876,-0.9826591590645471,-0.7013753798453112,0.9249332148291723,-1.9512087043453223,-1.4466843710736343,0.939191925691821,1.0371572963882032,1,0.0,0.0,0.0,0.0,0.0,0.0,-1.4422984936408638,18,9,0
0.5094339622641509,7,0.5357142857142856,-1.2666423718212778,0.967073228638497,1.0845407179076676,0,-1.3958551969521054,0.18208354672896096,0.7331636728006652,Melbourne,-1.1155053636747099,1.2000857038531876,-0.9826591590645471,-0.7013753798453112,0.9249332148291723,-2.0729693013411006,-1.4191277766254125,0.977426802295283,1.024985447534329,1,0.0,0.0,0.0,0.0,0.0,0.0,-1.3592877156625955,18,9,0
0.5283018867924528,7,0.5535714285714285,-1.2666423718212778,0.967073228638497,1.0845407179076676,0,-1.3958551969521054,0.18208354672896096,0.7331636728006652,Melbourne,-1.1155053636747099,1.2000857038531876,-0.9826591590645471,-0.7013753798453112,0.9249332148291723,-1.6437265220523731,-1.3991606920535702,1.0051312059061774,1.0521875233645726,1,0.0,0.0,0.0,0.0,0.0,0.0,-1.2748955649173428,18,9,0
0.5471698113207547,7,0.5714285714285714,-1.2666423718212778,0.967073228638497,1.0845407179076676,0,-1.3958551969521054,0.18208354672896096,0.7331636728006652,Melbourne,-1.1155053636747099,1.2000857038531876,-0.9826591590645471,-0.7013753798453112,0.9249332148291723,-1.9820156023803996,-1.2654532680384343,1.1906507507030248,0.8954581625261296,1,0.0,0.0,0.0,0.0,0.0,0.0,-1.191592083208545,18,9,0
0.7169811320754716,3,0.125,-1.2666423718212778,0.967073228638497,1.0845407179076676,0,-1.3958551969521054,0.18208354672896096,0.7331636728006652,Melbourne,-1.1155053636747099,1.2000857038531876,-0.9826591590645471,-0.7013753798453112,0.9249332148291723,-3.0508682646830834,-0.7725886663161292,-0.7444876513058262,3.5308233695214817,1,0.0,0.0,0.0,0.0,0.0,0.0,-0.09107893192888478,18,9,0
0.7358490566037735,3,0.14285714285714285,-1.2666423718212778,0.967073228638497,1.0845407179076676,0,-1.3958551969521054,0.18208354672896096,0.7331636728006652,Melbourne,-1.1155053636747099,1.2000857038531876,-0.9826591590645471,-0.7013753798453112,0.9249332148291723,-3.444316362445338,-0.8121646384017079,-0.6473849948878081,3.597163589116261,1,0.0,0.0,0.0,0.0,0.0,0.0,-0.012481370842541048,18,9,0
0.7735849056603773,7,0.7857142857142856,-1.2666423718212778,0.967073228638497,1.0845407179076676,0,-1.3958551969521054,0.18208354672896096,0.7331636728006652,Melbourne,-1.1155053636747099,1.2000857038531876,-0.9826591590645471,-0.7013753798453112,0.9249332148291723,0.9396519274604248,-1.0138992217332936,1.5396829193061072,1.5436022246472376,1,0.0,0.0,0.0,0.0,0.0,0.0,0.2606215960032238,18,9,0
0.07547169811320754,7,0.125,-1.314138458905139,0.7832670999204676,0.5418892835082805,0,-1.4213519696122774,0.7611027194936547,2.349857690456089,Melbourne,-1.1155053636747099,1.2000857038531876,-0.9826591590645471,-0.7013753798453112,0.9249332148291723,2.075106169324655,0.9932106120014128,0.4110978818542599,-1.0317551999706285,1,0.0,0.0,0.0,0.0,0.0,0.0,0.0976960901512276,19,8,0
0.18867924528301888,2,0.0,0.5698729954213632,-1.7440671699524368,1.2202035765074564,0,0.7076285475120645,0.5644546985547021,0.4637146698580946,Shanghai,-0.7022262404899906,0.5784786755224227,-0.6141102119227658,-0.7877139084099387,0.8431035975402226,5.947386552819251,-0.9688088574368172,-0.20739207981209806,-1.4137522743917168,1,0.0,0.0,0.0,0.0,0.0,0.0,-0.364707821284021,0,0,0
0.20754716981132076,2,0.017857142857142856,0.5698729954213632,-1.7440671699524368,1.2202035765074564,0,0.7076285475120645,0.5644546985547021,0.4637146698580946,Shanghai,-0.7022262404899906,0.5784786755224227,-0.6141102119227658,-0.7877139084099387,0.8431035975402226,0.6867419645438978,-0.3006887149045991,-0.33766420930325175,-1.2384733125847676,1,0.0,0.0,0.0,0.0,0.0,0.0,-0.2728158455981276,0,0,0
0.22641509433962265,2,0.03571428571428571,0.5698729954213632,-1.7440671699524368,1.2202035765074564,0,0.7076285475120645,0.5644546985547021,0.4637146698580946,Shanghai,-0.7022262404899906,0.5784786755224227,-0.6141102119227658,-0.7877139084099387,0.8431035975402226,0.5993090539300626,-0.5346640604614883,-0.6430119154241684,-0.31821561899000606,1,0.0,0.0,0.0,0.0,0.0,0.0,-0.1812052431757756,0,0,0
0.33962264150943394,2,0.14285714285714285,0.5698729954213632,-1.7440671699524368,1.2202035765074564,0,0.7076285475120645,0.5644546985547021,0.4637146698580946,Shanghai,-0.7022262404899906,0.5784786755224227,-0.6141102119227658,-0.7877139084099387,0.8431035975402226,0.7515831499320111,-1.4119518427364453,-0.941859831863143,-1.4431442466593662,1,0.0,0.0,0.0,0.0,0.0,0.0,0.372335279479483,0,0,0
0.3584905660377358,2,0.1607142857142857,0.5698729954213632,-1.7440671699524368,1.2202035765074564,0,0.7076285475120645,0.5644546985547021,0.4637146698580946,Shanghai,-0.7022262404899906,0.5784786755224227,-0.6141102119227658,-0.7877139084099387,0.8431035975402226,0.7219498480125532,-1.4297433099807126,-0.9076176291074782,-0.9084928925747121,1,0.0,0.0,0.0,0.0,0.0,0.0,0.46434055983525907,0,0,0
0.37735849056603776,2,0.17857142857142858,0.5698729954213632,-1.7440671699524368,1.2202035765074564,0,0.7076285475120645,0.5644546985547021,0.4637146698580946,Shanghai,-0.7022262404899906,0.5784786755224227,-0.6141102119227658,-0.7877139084099387,0.8431035975402226,0.665617234462702,-1.4105941784206126,-0.8525817422071279,-0.44307294755687826,1,0.0,0.0,0.0,0.0,0.0,0.0,0.556164552719223,0,0,0
0.39622641509433965,2,0.19642857142857142,0.5698729954213632,-1.7440671699524368,1.2202035765074564,0,0.7076285475120645,0.5644546985547021,0.4637146698580946,Shanghai,-0.7022262404899906,0.5784786755224227,-0.6141102119227658,-0.7877139084099387,0.8431035975402226,0.8041015761060895,-1.38553022356897,-0.8324995084763066,-0.03690016673824208,1,0.0,0.0,0.0,0.0,0.0,0.0,0.6484342106380581,0,0,0
0.41509433962264153,2,0.21428571428571427,0.5698729954213632,-1.7440671699524368,1.2202035765074564,0,0.7076285475120645,0.5644546985547021,0.4637146698580946,Shanghai,-0.7022262404899906,0.5784786755224227,-0.6141102119227658,-0.7877139084099387,0.8431035975402226,0.7815098508803676,-1.3388842360538218,-0.7523636791428102,0.22302653127730337,1,0.0,0.0,0.0,0.0,0.0,0.0,0.740631164727052,0,0,0
0.4339622641509434,2,0.23214285714285715,0.5698729954213632,-1.7440671699524368,1.2202035765074564,0,0.7076285475120645,0.5644546985547021,0.4637146698580946,Shanghai,-0.7022262404899906,0.5784786755224227,-0.6141102119227658,-0.7877139084099387,0.8431035975402226,0.8751041411012183,-1.300408039643498,-0.72037746368904,0.4555560583208923,1,0.0,0.0,0.0,0.0,0.0,0.0,0.8331293203968175,0,0,0
0.4528301886792453,2,0.25,0.5698729954213632,-1.7440671699524368,1.2202035765074564,0,0.7076285475120645,0.5644546985547021,0.4637146698580946,Shanghai,-0.7022262404899906,0.5784786755224227,-0.6141102119227658,-0.7877139084099387,0.8431035975402226,0.6855683684282744,-1.2321151634699974,-0.53601345336624,0.556356939949582,1,0.0,0.0,0.0,0.0,0.0,0.0,0.9250175192603813,0,0,0
0.4716981132075472,2,0.26785714285714285,0.5698729954213632,-1.7440671699524368,1.2202035765074564,0,0.7076285475120645,0.5644546985547021,0.4637146698580946,Shanghai,-0.7022262404899906,0.5784786755224227,-0.6141102119227658,-0.7877139084099387,0.8431035975402226,0.6169129956643924,-1.2076699861091307,-0.4355038478956412,0.7029730026223033,1,0.0,0.0,0.0,0.0,0.0,0.0,1.0166847740176748,0,0,0
0.49056603773584906,2,0.2857142857142857,0.5698729954213632,-1.7440671699524368,1.2202035765074564,0,0.7076285475120645,0.5644546985547021,0.4637146698580946,Shanghai,-0.7022262404899906,0.5784786755224227,-0.6141102119227658,-0.7877139084099387,0.8431035975402226,0.6949571373532489,-1.1663350625076088,-0.4793566777428127,0.8556142435073896,1,0.0,0.0,0.0,0.0,0.0,0.0,1.108603187459874,0,0,0
0.5094339622641509,2,0.30357142857142855,0.5698729954213632,-1.7440671699524368,1.2202035765074564,0,0.7076285475120645,0.5644546985547021,0.4637146698580946,Shanghai,-0.7022262404899906,0.5784786755224227,-0.6141102119227658,-0.7877139084099387,0.8431035975402226,0.6169129956643924,-1.1271670441267847,-0.509146563589399,0.970457750956933,1,0.0,0.0,0.0,0.0,0.0,0.0,1.2002704422171673,0,0,0
0.5283018867924528,2,0.3214285714285714,0.5698729954213632,-1.7440671699524368,1.2202035765074564,0,0.7076285475120645,0.5644546985547021,0.4637146698580946,Shanghai,-0.7022262404899906,0.5784786755224227,-0.6141102119227658,-0.7877139084099387,0.8431035975402226,0.6515340810752382,-1.0974273950640459,-0.6373106227403253,1.1089210676486845,1,0.0,0.0,0.0,0.0,0.0,0.0,1.2920491132331784,0,0,0
0.5471698113207547,2,0.33928571428571425,0.5698729954213632,-1.7440671699524368,1.2202035765074564,0,0.7076285475120645,0.5644546985547021,0.4637146698580946,Shanghai,-0.7022262404899906,0.5784786755224227,-0.6141102119227658,-0.7877139084099387,0.8431035975402226,0.6216073801268776,-1.062852410416397,-0.5832939811734147,1.2222635203634946,1,0.0,0.0,0.0,0.0,0.0,0.0,1.3837314752797891,0,0,0
0.5660377358490566,2,0.35714285714285715,0.5698729954213632,-1.7440671699524368,1.2202035765074564,0,0.7076285475120645,0.5644546985547021,0.4637146698580946,Shanghai,-0.7022262404899906,0.5784786755224227,-0.6141102119227658,-0.7877139084099387,0.8431035975402226,0.5693823529817019,-1.0196244565107184,-0.7437735006416641,1.3472961840924023,1,0.0,0.0,0.0,0.0,0.0,0.0,1.475245768732741,0,0,0
0.5849056603773585,2,0.375,0.5698729954213632,-1.7440671699524368,1.2202035765074564,0,0.7076285475120645,0.5644546985547021,0.4637146698580946,Shanghai,-0.7022262404899906,0.5784786755224227,-0.6141102119227658,-0.7877139084099387,0.8431035975402226,0.5042477685646859,-1.0119536903903188,-0.8806465872379279,1.45231499248144,1,0.0,0.0,0.0,0.0,0.0,0.0,1.56655044854641,0,0,0
0.6037735849056604,2,0.39285714285714285,0.5698729954213632,-1.7440671699524368,1.2202035765074564,0,0.7076285475120645,0.5644546985547021,0.4637146698580946,Shanghai,-0.7022262404899906,0.5784786755224227,-0.6141102119227658,-0.7877139084099387,0.8431035975402226,0.488404221003789,-1.0080721052687065,-0.9834113619399184,1.566583696105708,1,0.0,0.0,0.0,0.0,0.0,0.0,1.657804141258632,0,0,0
0.6226415094339622,2,0.4107142857142857,0.5698729954213632,-1.7440671699524368,1.2202035765074564,0,0.7076285475120645,0.5644546985547021,0.4637146698580946,Shanghai,-0.7022262404899906,0.5784786755224227,-0.6141102119227658,-0.7877139084099387,0.8431035975402226,0.5438566374669237,-1.0177346992472476,-1.300683135072614,1.951995258165593,1,0.0,0.0,0.0,0.0,0.0,0.0,1.749236288825919,0,0,0
0.6415094339622641,2,0.42857142857142855,0.4907128502815942,-1.6062125734139148,1.0845407179076676,0,0.33792534393957424,0.47705557813738986,-0.4344486732838078,Shanghai,-0.7022262404899906,0.5784786755224227,-0.6141102119227658,-0.7877139084099387,0.8431035975402226,0.4796022501366241,-1.0083304856861461,-0.18761977745093014,-0.8948860146718983,1,0.0,0.0,0.0,0.0,0.0,0.0,-1.559026852965007,0,0,0
0.660377358490566,2,0.4464285714285714,0.4907128502815942,-1.6062125734139148,1.0845407179076676,0,0.33792534393957424,0.47705557813738986,-0.4344486732838078,Shanghai,-0.7022262404899906,0.5784786755224227,-0.6141102119227658,-0.7877139084099387,0.8431035975402226,0.43295180454065013,-1.002594688636678,-0.2556176956547994,1.8376033797598097,1,0.0,0.0,0.0,0.0,0.0,0.0,-1.46795161510785,0,0,0
0.6792452830188679,2,0.46428571428571425,0.4907128502815942,-1.6062125734139148,1.0845407179076676,0,0.33792534393957424,0.47705557813738986,-0.4344486732838078,Shanghai,-0.7022262404899906,0.5784786755224227,-0.6141102119227658,-0.7877139084099387,0.8431035975402226,0.4279640210492581,-0.9861846612636788,-0.38413720962777487,1.7868884792981976,1,0.0,0.0,0.0,0.0,0.0,0.0,-1.3768924287455933,0,0,0
0.6981132075471698,2,0.48214285714285715,0.4907128502815942,-1.6062125734139148,1.0845407179076676,0,0.33792534393957424,0.47705557813738986,-0.4344486732838078,Shanghai,-0.7022262404899906,0.5784786755224227,-0.6141102119227658,-0.7877139084099387,0.8431035975402226,0.3390641152908968,-0.9591603750899212,-0.45398477388726477,1.7056151749136834,1,0.0,0.0,0.0,0.0,0.0,0.0,-1.2861193366747896,0,0,0
0.7169811320754716,2,0.49999999999999994,0.4907128502815942,-1.6062125734139148,1.0845407179076676,0,0.33792534393957424,0.47705557813738986,-0.4344486732838078,Shanghai,-0.7022262404899906,0.5784786755224227,-0.6141102119227658,-0.7877139084099387,0.8431035975402226,0.36224263857442823,-0.9524216716411549,-0.5719904356904643,1.6097031808996316,1,0.0,0.0,0.0,0.0,0.0,0.0,-1.1952716523629798,0,0,0
0.7358490566037735,2,0.5178571428571428,0.4907128502815942,-1.6062125734139148,1.0845407179076676,0,0.33792534393957424,0.47705557813738986,-0.4344486732838078,Shanghai,-0.7022262404899906,0.5784786755224227,-0.6141102119227658,-0.7877139084099387,0.8431035975402226,0.36987101332597394,-0.958788447227647,-0.6663558683167928,1.5488741795596996,1,0.0,0.0,0.0,0.0,0.0,0.0,-1.104399418706029,0,0,0
0.7547169811320754,2,0.5357142857142856,0.4907128502815942,-1.6062125734139148,1.0845407179076676,0,0.33792534393957424,0.47705557813738986,-0.4344486732838078,Shanghai,-0.7022262404899906,0.5784786755224227,-0.6141102119227658,-0.7877139084099387,0.8431035975402226,0.36370963371895854,-0.9664985821775559,-0.7552369913725719,1.4789399853645957,1,0.0,0.0,0.0,0.0,0.0,0.0,-1.0135470133663078,0,0,0
0.7735849056603773,2,0.5535714285714285,0.4907128502815942,-1.6062125734139148,1.0845407179076676,0,0.33792534393957424,0.47705557813738986,-0.4344486732838078,Shanghai,-0.7022262404899906,0.5784786755224227,-0.6141102119227658,-0.7877139084099387,0.8431035975402226,0.35226707159164417,-0.986121247160677,-0.8442161702566958,1.4427703273726515,1,0.0,0.0,0.0,0.0,0.0,0.0,-0.9227314320442983,0,0,0
0.7924528301886792,2,0.5714285714285714,0.4907128502815942,-1.6062125734139148,1.0845407179076676,0,0.33792534393957424,0.47705557813738986,-0.4344486732838078,Shanghai,-0.7022262404899906,0.5784786755224227,-0.6141102119227658,-0.7877139084099387,0.8431035975402226,0.3540274657650771,-1.0177346992472773,-0.9430671877183985,1.355780209532765,1,0.0,0.0,0.0,0.0,0.0,0.0,-0.8319101854887947,0,0,0
0.8113207547169811,2,0.5892857142857142,0.4907128502815942,-1.6062125734139148,1.0845407179076676,0,0.33792534393957424,0.47705557813738986,-0.4344486732838078,Shanghai,-0.7022262404899906,0.5784786755224227,-0.6141102119227658,-0.7877139084099387,0.8431035975402226,0.33847731723308716,-1.0355778759540364,-0.996248924019678,1.2841341490647546,1,0.0,0.0,0.0,0.0,0.0,0.0,-0.7411389818291558,0,0,0
0.8301886792452831,2,0.6071428571428571,0.4907128502815942,-1.6062125734139148,1.0845407179076676,0,0.33792534393957424,0.47705557813738986,-0.4344486732838078,Shanghai,-0.7022262404899906,0.5784786755224227,-0.6141102119227658,-0.7877139084099387,0.8431035975402226,0.3056166259956702,-1.035842273860917,-1.0710797102451368,1.2428693918443334,1,0.0,0.0,0.0,0.0,0.0,0.0,-0.6504735291947407,0,0,0
0.8490566037735849,2,0.6249999999999999,0.4907128502815942,-1.6062125734139148,1.0845407179076676,0,0.33792534393957424,0.47705557813738986,-0.4344486732838078,Shanghai,-0.7022262404899906,0.5784786755224227,-0.6141102119227658,-0.7877139084099387,0.8431035975402226,0.2689417473824845,-1.0344548370871298,-1.3132183584187755,1.1532578877779889,1,0.0,0.0,0.0,0.0,0.0,0.0,-0.5599261022581198,0,0,0
0.8679245283018868,2,0.6428571428571428,0.4907128502815942,-1.6062125734139148,1.0845407179076676,0,0.33792534393957424,0.47705557813738986,-0.4344486732838078,Shanghai,-0.7022262404899906,0.5784786755224227,-0.6141102119227658,-0.7877139084099387,0.8431035975402226,0.21055534063029344,-1.039085905201311,-1.4489858516418106,1.0512919788400812,1,0.0,0.0,0.0,0.0,0.0,0.0,-0.4695665722323874,0,0,0
0.9622641509433962,2,0.7321428571428571,0.4907128502815942,-1.6062125734139148,1.0845407179076676,0,0.33792534393957424,0.47705557813738986,-0.4344486732838078,Shanghai,-0.7022262404899906,0.5784786755224227,-0.6141102119227658,-0.7877139084099387,0.8431035975402226,0.2393084454630307,-0.958664496995635,-0.06395407004738055,-0.8508128362401242,1,0.0,0.0,0.0,0.0,0.0,0.0,-0.016324287562723337,0,0,0
0.9811320754716981,2,0.7499999999999999,0.4907128502815942,-1.6062125734139148,1.0845407179076676,0,0.33792534393957424,0.47705557813738986,-0.4344486732838078,Shanghai,-0.7022262404899906,0.5784786755224227,-0.6141102119227658,-0.7877139084099387,0.8431035975402226,0.14864814553123643,-0.9698092805080019,-0.06846149417194099,-0.4025264842431903,1,0.0,0.0,0.0,0.0,0.0,0.0,0.07383601508513209,0,0,0
0.15094339622641512,2,0.017857142857142856,0.5698729954213632,-1.7440671699524368,1.2202035765074564,0,0.7076285475120645,0.5644546985547021,0.4637146698580946,Shanghai,-0.7022262404899906,0.5784786755224227,-0.6141102119227658,-0.7877139084099387,0.8431035975402226,0.8387226615169395,-0.018333991592708997,0.6291409481778608,0.8885766722595938,1,0.0,0.0,0.0,0.0,0.0,0.0,-0.5443363238878663,1,1,0
0.6037735849056604,2,0.4464285714285714,0.5698729954213632,-1.7440671699524368,1.2202035765074564,0,0.7076285475120645,0.5644546985547021,0.4637146698580946,Shanghai,-0.7022262404899906,0.5784786755224227,-0.6141102119227658,-0.7877139084099387,0.8431035975402226,0.6996515218157383,0.1415232609321477,-0.923854216638344,-1.1909109177513835,1,0.0,0.0,0.0,0.0,0.0,0.0,1.6867327118908055,1,1,0
0.6226415094339622,2,0.46428571428571425,0.5698729954213632,-1.7440671699524368,1.2202035765074564,0,0.7076285475120645,0.5644546985547021,0.4637146698580946,Shanghai,-0.7022262404899906,0.5784786755224227,-0.6141102119227658,-0.7877139084099387,0.8431035975402226,0.7131478771453925,0.1555322013543751,-0.9254468207394697,-1.4870731880634154,1,0.0,0.0,0.0,0.0,0.0,0.0,1.7787096660791109,1,1,0
0.7358490566037735,2,0.5714285714285714,0.4907128502815942,-1.6062125734139148,1.0845407179076676,0,0.33792534393957424,0.47705557813738986,-0.4344486732838078,Shanghai,-0.7022262404899906,0.5784786755224227,-0.6141102119227658,-0.7877139084099387,0.8431035975402226,0.5966684626699131,0.3687658521231848,-0.7631643736392577,-1.4658021439977624,1,0.0,0.0,0.0,0.0,0.0,0.0,-1.0665802083104066,1,1,0
0.8679245283018868,2,0.6964285714285713,0.4907128502815942,-1.6062125734139148,1.0845407179076676,0,0.33792534393957424,0.47705557813738986,-0.4344486732838078,Shanghai,-0.7022262404899906,0.5784786755224227,-0.6141102119227658,-0.7877139084099387,0.8431035975402226,0.5288932869927475,0.43247372568555553,-0.5547004682396027,-1.4624675742250002,1,0.0,0.0,0.0,0.0,0.0,0.0,-0.4272416127977697,1,1,0
0.8867924528301887,2,0.7142857142857142,0.4907128502815942,-1.6062125734139148,1.0845407179076676,0,0.33792534393957424,0.47705557813738986,-0.4344486732838078,Shanghai,-0.7022262404899906,0.5784786755224227,-0.6141102119227658,-0.7877139084099387,0.8431035975402226,0.45143594336169646,0.4547057666755953,-0.5404286377110963,-1.408364233462743,1,0.0,0.0,0.0,0.0,0.0,0.0,-0.3361068899889244,1,1,0
0.9056603773584906,2,0.7321428571428571,0.4907128502815942,-1.6062125734139148,1.0845407179076676,0,0.33792534393957424,0.47705557813738986,-0.4344486732838078,Shanghai,-0.7022262404899906,0.5784786755224227,-0.6141102119227658,-0.7877139084099387,0.8431035975402226,0.46199830840229433,0.46252233469808807,-0.5353836715003684,-1.1880703585614554,1,0.0,0.0,0.0,0.0,0.0,0.0,-0.2449381757791143,1,1,0
0.9245283018867925,2,0.7499999999999999,0.4907128502815942,-1.6062125734139148,1.0845407179076676,0,0.33792534393957424,0.47705557813738986,-0.4344486732838078,Shanghai,-0.7022262404899906,0.5784786755224227,-0.6141102119227658,-0.7877139084099387,0.8431035975402226,0.6568152635955371,0.4770722738169759,-0.4757082609211231,-0.9849063701165116,1,0.0,0.0,0.0,0.0,0.0,0.0,-0.1531425090626209,1,1,0
0.9433962264150944,2,0.7678571428571428,0.4907128502815942,-1.6062125734139148,1.0845407179076676,0,0.33792534393957424,0.47705557813738986,-0.4344486732838078,Shanghai,-0.7022262404899906,0.5784786755224227,-0.6141102119227658,-0.7877139084099387,0.8431035975402226,0.6729522101853408,0.5083411270930409,-0.36954518552615573,-0.9853265484086291,1,0.0,0.0,0.0,0.0,0.0,0.0,-0.06129491103909816,1,1,0
0.9622641509433962,2,0.7857142857142856,0.4907128502815942,-1.6062125734139148,1.0845407179076676,0,0.33792534393957424,0.47705557813738986,-0.4344486732838078,Shanghai,-0.7022262404899906,0.5784786755224227,-0.6141102119227658,-0.7877139084099387,0.8431035975402226,0.535054666599763,0.5376439073233512,-0.14577938068630517,-1.112198242839806,1,0.0,0.0,0.0,0.0,0.0,0.0,0.030108910360718198,1,1,0
0.9811320754716981,2,0.8035714285714285,0.4907128502815942,-1.6062125734139148,1.0845407179076676,0,0.33792534393957424,0.47705557813738986,-0.4344486732838078,Shanghai,-0.7022262404899906,0.5784786755224227,-0.6141102119227658,-0.7877139084099387,0.8431035975402226,0.5482576229005062,0.5522401694816296,-0.08973991244040173,-1.0184221607045463,1,0.0,0.0,0.0,0.0,0.0,0.0,0.12155522101174059,1,1,0
0.5660377358490566,2,0.375,0.5698729954213632,-1.7440671699524368,1.2202035765074564,0,0.7076285475120645,0.5644546985547021,0.4637146698580946,Shanghai,-0.7022262404899906,0.5784786755224227,-0.6141102119227658,-0.7877139084099387,0.8431035975402226,0.8454708391817646,-0.09921154509172037,-1.2773704592953585,-0.5718002926750981,1,0.0,0.0,0.0,0.0,0.0,0.0,1.4962090210721728,2,2,0
0.5849056603773585,2,0.39285714285714285,0.5698729954213632,-1.7440671699524368,1.2202035765074564,0,0.7076285475120645,0.5644546985547021,0.4637146698580946,Shanghai,-0.7022262404899906,0.5784786755224227,-0.6141102119227658,-0.7877139084099387,0.8431035975402226,0.799993989701414,-0.06766398074771539,-1.2293120004152227,-0.7063456701710075,1,0.0,0.0,0.0,0.0,0.0,0.0,1.5884654601128552,2,2,0
0.6415094339622641,2,0.4464285714285714,0.4907128502815942,-1.6062125734139148,1.0845407179076676,0,0.33792534393957424,0.47705557813738986,-0.4344486732838078,Shanghai,-0.7022262404899906,0.5784786755224227,-0.6141102119227658,-0.7877139084099387,0.8431035975402226,0.8029279799904703,0.004854732319887882,-1.1914695417062044,-0.8192491885957669,1,0.0,0.0,0.0,0.0,0.0,0.0,-1.5346748467905051,2,2,0
0.660377358490566,2,0.46428571428571425,0.4907128502815942,-1.6062125734139148,1.0845407179076676,0,0.33792534393957424,0.47705557813738986,-0.4344486732838078,Shanghai,-0.7022262404899906,0.5784786755224227,-0.6141102119227658,-0.7877139084099387,0.8431035975402226,0.6169129956643924,0.03736213024188123,-1.2534098191693581,-1.0081706180894692,1,0.0,0.0,0.0,0.0,0.0,0.0,-1.443007592033212,2,2,0
0.6792452830188679,2,0.48214285714285715,0.4907128502815942,-1.6062125734139148,1.0845407179076676,0,0.33792534393957424,0.47705557813738986,-0.4344486732838078,Shanghai,-0.7022262404899906,0.5784786755224227,-0.6141102119227658,-0.7877139084099387,0.8431035975402226,0.6348103364276249,0.06093097256624967,-1.2036738491621655,-0.9598824509892945,1,0.0,0.0,0.0,0.0,0.0,0.0,-1.3512827407353951,2,2,0
0.6981132075471698,2,0.49999999999999994,0.4907128502815942,-1.6062125734139148,1.0845407179076676,0,0.33792534393957424,0.47705557813738986,-0.4344486732838078,Shanghai,-0.7022262404899906,0.5784786755224227,-0.6141102119227658,-0.7877139084099387,0.8431035975402226,0.6562284655377275,0.0905515857141991,-1.2631478838283527,-0.9327719213137168,1,0.0,0.0,0.0,0.0,0.0,0.0,-1.2594889624300665,2,2,0
0.7169811320754716,2,0.5178571428571428,0.4907128502815942,-1.6062125734139148,1.0845407179076676,0,0.33792534393957424,0.47705557813738986,-0.4344486732838078,Shanghai,-0.7022262404899906,0.5784786755224227,-0.6141102119227658,-0.7877139084099387,0.8431035975402226,0.6612162490291196,0.12081234793725029,-1.22596608456383,-0.9157405344130887,1,0.0,0.0,0.0,0.0,0.0,0.0,-1.1676791326298377,2,2,0
0.7358490566037735,2,0.5357142857142856,0.4907128502815942,-1.6062125734139148,1.0845407179076676,0,0.33792534393957424,0.47705557813738986,-0.4344486732838078,Shanghai,-0.7022262404899906,0.5784786755224227,-0.6141102119227658,-0.7877139084099387,0.8431035975402226,0.6257149665315572,0.14359445294495618,-1.177962198692682,-1.0270122328650784,1,0.0,0.0,0.0,0.0,0.0,0.0,-1.075983551705074,2,2,0
0.7547169811320754,2,0.5535714285714285,0.4907128502815942,-1.6062125734139148,1.0845407179076676,0,0.33792534393957424,0.47705557813738986,-0.4344486732838078,Shanghai,-0.7022262404899906,0.5784786755224227,-0.6141102119227658,-0.7877139084099387,0.8431035975402226,0.5576463918254848,0.16188129846076546,-1.1654845593011072,-1.1331425263226276,1,0.0,0.0,0.0,0.0,0.0,0.0,-0.9845070264754165,2,2,0
0.7735849056603773,2,0.5714285714285714,0.4907128502815942,-1.6062125734139148,1.0845407179076676,0,0.33792534393957424,0.47705557813738986,-0.4344486732838078,Shanghai,-0.7022262404899906,0.5784786755224227,-0.6141102119227658,-0.7877139084099387,0.8431035975402226,0.5805315160801094,0.1703187117893969,-1.3026824126635907,-1.1418687227477442,1,0.0,0.0,0.0,0.0,0.0,0.0,-0.8929568532103351,2,2,0
0.7924528301886792,2,0.5892857142857142,0.4907128502815942,-1.6062125734139148,1.0845407179076676,0,0.33792534393957424,0.47705557813738986,-0.4344486732838078,Shanghai,-0.7022262404899906,0.5784786755224227,-0.6141102119227658,-0.7877139084099387,0.8431035975402226,0.5115827442873204,0.17718889571634974,-1.2872507074977624,-1.1809895018515186,1,0.0,0.0,0.0,0.0,0.0,0.0,-0.8016285682571072,2,2,0
0.8113207547169811,2,0.6071428571428571,0.4907128502815942,-1.6062125734139148,1.0845407179076676,0,0.33792534393957424,0.47705557813738986,-0.4344486732838078,Shanghai,-0.7022262404899906,0.5784786755224227,-0.6141102119227658,-0.7877139084099387,0.8431035975402226,0.5485510219294131,0.18351956004755166,-1.4256614911884709,-1.2556093674594053,1,0.0,0.0,0.0,0.0,0.0,0.0,-0.7101813134005025,2,2,0
0.8301886792452831,2,0.6249999999999999,0.4907128502815942,-1.6062125734139148,1.0845407179076676,0,0.33792534393957424,0.47705557813738986,-0.4344486732838078,Shanghai,-0.7022262404899906,0.5784786755224227,-0.6141102119227658,-0.7877139084099387,0.8431035975402226,0.42532342978910864,0.2003644659572939,-1.4202839297373742,-1.4191573176869163,1,0.0,0.0,0.0,0.0,0.0,0.0,-0.6191306248884868,2,2,0
0.8490566037735849,2,0.6428571428571428,0.4907128502815942,-1.6062125734139148,1.0845407179076676,0,0.33792534393957424,0.47705557813738986,-0.4344486732838078,Shanghai,-0.7022262404899906,0.5784786755224227,-0.6141102119227658,-0.7877139084099387,0.8431035975402226,0.39921091621652083,0.21040052235721513,-1.4208209016427902,-1.4508474383078644,1,0.0,0.0,0.0,0.0,0.0,0.0,-0.5281639706733006,2,2,0
0.9056603773584906,2,0.6964285714285713,0.4907128502815942,-1.6062125734139148,1.0845407179076676,0,0.33792534393957424,0.47705557813738986,-0.4344486732838078,Shanghai,-0.7022262404899906,0.5784786755224227,-0.6141102119227658,-0.7877139084099387,0.8431035975402226,0.4074260890258761,0.240739627911437,-1.4364692266045531,-1.4278410209441907,1,0.0,0.0,0.0,0.0,0.0,0.0,-0.2552451239160947,2,2,0
0.9245283018867925,2,0.7142857142857142,0.4907128502815942,-1.6062125734139148,1.0845407179076676,0,0.33792534393957424,0.47705557813738986,-0.4344486732838078,Shanghai,-0.7022262404899906,0.5784786755224227,-0.6141102119227658,-0.7877139084099387,0.8431035975402226,0.4696266831538358,0.2540651481025369,-1.329911321556994,-1.4921499944113286,1,0.0,0.0,0.0,0.0,0.0,0.0,-0.16405186036114355,2,2,0
0.9433962264150944,2,0.7321428571428571,0.4907128502815942,-1.6062125734139148,1.0845407179076676,0,0.33792534393957424,0.47705557813738986,-0.4344486732838078,Shanghai,-0.7022262404899906,0.5784786755224227,-0.6141102119227658,-0.7877139084099387,0.8431035975402226,0.4860570287725464,0.27768287574526523,-1.2307480340617116,-1.4724908220664974,1,0.0,0.0,0.0,0.0,0.0,0.0,-0.07280572129358029,2,2,0
0.9622641509433962,2,0.7499999999999999,0.4907128502815942,-1.6062125734139148,1.0845407179076676,0,0.33792534393957424,0.47705557813738986,-0.4344486732838078,Shanghai,-0.7022262404899906,0.5784786755224227,-0.6141102119227658,-0.7877139084099387,0.8431035975402226,0.4024383055344799,0.2994381282387371,-0.9511387749449919,-1.4780847421230618,1,0.0,0.0,0.0,0.0,0.0,0.0,0.018171319183011674,2,2,0
0.9811320754716981,2,0.7678571428571428,0.4907128502815942,-1.6062125734139148,1.0845407179076676,0,0.33792534393957424,0.47705557813738986,-0.4344486732838078,Shanghai,-0.7022262404899906,0.5784786755224227,-0.6141102119227658,-0.7877139084099387,0.8431035975402226,0.3123648036604994,0.30756241850127686,-0.8059725306916947,-1.3642858084584009,1,0.0,0.0,0.0,0.0,0.0,0.0,0.10885848854582104,2,2,0
0.18867924528301888,3,0.23214285714285715,0.5698729954213632,-1.7440671699524368,1.2202035765074564,0,0.7076285475120645,0.5644546985547021,0.4637146698580946,Shanghai,-0.7022262404899906,0.5784786755224227,-0.6141102119227658,-0.7877139084099387,0.8431035975402226,0.918527197379229,-1.811625486152869,-0.8594578380890221,-0.5494997168383338,1,0.0,0.0,0.0,0.0,0.0,0.0,-0.39002669397485396,4,4,0
0.22641509433962265,2,0.0,0.5698729954213632,-1.7440671699524368,1.2202035765074564,0,0.7076285475120645,0.5644546985547021,0.4637146698580946,Shanghai,-0.7022262404899906,0.5784786755224227,-0.6141102119227658,-0.7877139084099387,0.8431035975402226,5.912765467408406,-2.3104925484894347,-0.2593451117716538,0.37581353313680693,1,0.0,0.0,0.0,0.0,0.0,0.0,-0.18419270963834486,4,4,0
0.5283018867924528,2,0.2857142857142857,0.5698729954213632,-1.7440671699524368,1.2202035765074564,0,0.7076285475120645,0.5644546985547021,0.4637146698580946,Shanghai,-0.7022262404899906,0.5784786755224227,-0.6141102119227658,-0.7877139084099387,0.8431035975402226,0.6462528985549393,-1.7345729525131355,-1.3936546913059549,-0.957400049396868,1,0.0,0.0,0.0,0.0,0.0,0.0,1.2853329789258914,4,4,0
0.5471698113207547,2,0.30357142857142855,0.5698729954213632,-1.7440671699524368,1.2202035765074564,0,0.7076285475120645,0.5644546985547021,0.4637146698580946,Shanghai,-0.7022262404899906,0.5784786755224227,-0.6141102119227658,-0.7877139084099387,0.8431035975402226,0.6752994024165835,-1.678264735605523,-1.4021296017306586,-1.0188506427074484,1,0.0,0.0,0.0,0.0,0.0,0.0,1.377188130594073,4,4,0
0.5660377358490566,2,0.3214285714285714,0.5698729954213632,-1.7440671699524368,1.2202035765074564,0,0.7076285475120645,0.5644546985547021,0.4637146698580946,Shanghai,-0.7022262404899906,0.5784786755224227,-0.6141102119227658,-0.7877139084099387,0.8431035975402226,0.6198469859534446,-1.5874209924946543,-1.307691180043543,-0.8992764224788034,1,0.0,0.0,0.0,0.0,0.0,0.0,1.4688648274071898,4,4,0
0.5849056603773585,2,0.33928571428571425,0.5698729954213632,-1.7440671699524368,1.2202035765074564,0,0.7076285475120645,0.5644546985547021,0.4637146698580946,Shanghai,-0.7022262404899906,0.5784786755224227,-0.6141102119227658,-0.7877139084099387,0.8431035975402226,0.6418519131213568,-1.557384283174051,-1.1910019346684928,-0.8226852114107607,1,0.0,0.0,0.0,0.0,0.0,0.0,1.5606123396389833,4,4,0
0.6037735849056604,2,0.35714285714285715,0.5698729954213632,-1.7440671699524368,1.2202035765074564,0,0.7076285475120645,0.5644546985547021,0.4637146698580946,Shanghai,-0.7022262404899906,0.5784786755224227,-0.6141102119227658,-0.7877139084099387,0.8431035975402226,0.6412651150635472,-1.5044654401554567,-0.9702631334896286,-0.9056826264826296,1,0.0,0.0,0.0,0.0,0.0,0.0,1.652357963459612,4,4,0
0.6226415094339622,2,0.375,0.5698729954213632,-1.7440671699524368,1.2202035765074564,0,0.7076285475120645,0.5644546985547021,0.4637146698580946,Shanghai,-0.7022262404899906,0.5784786755224227,-0.6141102119227658,-0.7877139084099387,0.8431035975402226,0.6239545723581243,-1.4686076676680282,-0.7849791718187613,-0.835343263500482,1,0.0,0.0,0.0,0.0,0.0,0.0,1.7440478791508813,4,4,0
0.6415094339622641,2,0.39285714285714285,0.4907128502815942,-1.6062125734139148,1.0845407179076676,0,0.33792534393957424,0.47705557813738986,-0.4344486732838078,Shanghai,-0.7022262404899906,0.5784786755224227,-0.6141102119227658,-0.7877139084099387,0.8431035975402226,0.5561793966809546,-1.4295594822518083,-0.6551503521367765,-0.18727824413169872,1,0.0,0.0,0.0,0.0,0.0,0.0,-1.56396882498305,4,4,0
0.660377358490566,2,0.4107142857142857,0.4907128502815942,-1.6062125734139148,1.0845407179076676,0,0.33792534393957424,0.47705557813738986,-0.4344486732838078,Shanghai,-0.7022262404899906,0.5784786755224227,-0.6141102119227658,-0.7877139084099387,0.8431035975402226,0.5693823529817019,-1.3978174758490782,-0.557888739879093,-0.257530155829574,1,0.0,0.0,0.0,0.0,0.0,0.0,-1.4724545315300983,4,4,0
0.6792452830188679,2,0.42857142857142855,0.4907128502815942,-1.6062125734139148,1.0845407179076676,0,0.33792534393957424,0.47705557813738986,-0.4344486732838078,Shanghai,-0.7022262404899906,0.5784786755224227,-0.6141102119227658,-0.7877139084099387,0.8431035975402226,0.49779298992876353,-1.334886981812911,-0.4426333370762595,-0.39030983181926576,1,0.0,0.0,0.0,0.0,0.0,0.0,-1.3811706242392408,4,4,0
0.6981132075471698,2,0.4464285714285714,0.4907128502815942,-1.6062125734139148,1.0845407179076676,0,0.33792534393957424,0.47705557813738986,-0.4344486732838078,Shanghai,-0.7022262404899906,0.5784786755224227,-0.6141102119227658,-0.7877139084099387,0.8431035975402226,0.45055574627497996,-1.2793937627306375,-0.38701351281568663,-0.46247270159944875,1,0.0,0.0,0.0,0.0,0.0,0.0,-1.2900387340471424,4,4,0
0.7169811320754716,2,0.46428571428571425,0.4907128502815942,-1.6062125734139148,1.0845407179076676,0,0.33792534393957424,0.47705557813738986,-0.4344486732838078,Shanghai,-0.7022262404899906,0.5784786755224227,-0.6141102119227658,-0.7877139084099387,0.8431035975402226,0.4458613618124948,-1.2404021179764846,-0.37382364142736196,-0.5843900124793571,1,0.0,0.0,0.0,0.0,0.0,0.0,-1.198921951144362,4,4,0
0.7358490566037735,2,0.48214285714285715,0.4907128502815942,-1.6062125734139148,1.0845407179076676,0,0.33792534393957424,0.47705557813738986,-0.4344486732838078,Shanghai,-0.7022262404899906,0.5784786755224227,-0.6141102119227658,-0.7877139084099387,0.8431035975402226,0.4443943666679645,-1.226208751578558,-0.3276348682321854,-0.6818834683866499,1,0.0,0.0,0.0,0.0,0.0,0.0,-1.1078098892694932,4,4,0
0.7547169811320754,2,0.49999999999999994,0.4907128502815942,-1.6062125734139148,1.0845407179076676,0,0.33792534393957424,0.47705557813738986,-0.4344486732838078,Shanghai,-0.7022262404899906,0.5784786755224227,-0.6141102119227658,-0.7877139084099387,0.8431035975402226,0.43441879968518043,-1.216172872019209,-0.3173897705040558,-0.7737108209506183,1,0.0,0.0,0.0,0.0,0.0,0.0,-1.0167299303844246,4,4,0
0.7735849056603773,2,0.5178571428571428,0.4907128502815942,-1.6062125734139148,1.0845407179076676,0,0.33792534393957424,0.47705557813738986,-0.4344486732838078,Shanghai,-0.7022262404899906,0.5784786755224227,-0.6141102119227658,-0.7877139084099387,0.8431035975402226,0.426497025904732,-1.2216435568452737,-0.3491609032222874,-0.8656394796953684,1,0.0,0.0,0.0,0.0,0.0,0.0,-0.9256754650500792,4,4,0
0.7924528301886792,2,0.5357142857142856,0.4907128502815942,-1.6062125734139148,1.0845407179076676,0,0.33792534393957424,0.47705557813738986,-0.4344486732838078,Shanghai,-0.7022262404899906,0.5784786755224227,-0.6141102119227658,-0.7877139084099387,0.8431035975402226,0.39216933952278893,-1.2402452271889601,-0.3887416930362439,-0.9677672085052998,1,0.0,0.0,0.0,0.0,0.0,0.0,-0.8347314717688695,4,4,0
0.8113207547169811,2,0.5535714285714285,0.4907128502815942,-1.6062125734139148,1.0845407179076676,0,0.33792534393957424,0.47705557813738986,-0.4344486732838078,Shanghai,-0.7022262404899906,0.5784786755224227,-0.6141102119227658,-0.7877139084099387,0.8431035975402226,0.3901155463204532,-1.2514359826112493,-0.38356254731977846,-1.0227118118294143,1,0.0,0.0,0.0,0.0,0.0,0.0,-0.7437940879267364,4,4,0
0.8301886792452831,2,0.5714285714285714,0.4907128502815942,-1.6062125734139148,1.0845407179076676,0,0.33792534393957424,0.47705557813738986,-0.4344486732838078,Shanghai,-0.7022262404899906,0.5784786755224227,-0.6141102119227658,-0.7877139084099387,0.8431035975402226,0.45759732296871186,-1.237894334046407,-0.3755381201133417,-1.1000230873074681,1,0.0,0.0,0.0,0.0,0.0,0.0,-0.6526395368006616,4,4,0
0.8490566037735849,2,0.5892857142857142,0.4907128502815942,-1.6062125734139148,1.0845407179076676,0,0.33792534393957424,0.47705557813738986,-0.4344486732838078,Shanghai,-0.7022262404899906,0.5784786755224227,-0.6141102119227658,-0.7877139084099387,0.8431035975402226,0.34493209586900536,-1.1964261165877736,-0.2786481845203253,-1.3501881420542385,1,0.0,0.0,0.0,0.0,0.0,0.0,-0.5618475606182108,4,4,0
0.8679245283018868,2,0.6071428571428571,0.4907128502815942,-1.6062125734139148,1.0845407179076676,0,0.33792534393957424,0.47705557813738986,-0.4344486732838078,Shanghai,-0.7022262404899906,0.5784786755224227,-0.6141102119227658,-0.7877139084099387,0.8431035975402226,0.37603239293298935,-1.1822195286662258,-0.2649519961837644,-1.4904560531504316,1,0.0,0.0,0.0,0.0,0.0,0.0,-0.4709554986440307,4,4,0
0.9622641509433962,2,0.6964285714285713,0.4907128502815942,-1.6062125734139148,1.0845407179076676,0,0.33792534393957424,0.47705557813738986,-0.4344486732838078,Shanghai,-0.7022262404899906,0.5784786755224227,-0.6141102119227658,-0.7877139084099387,0.8431035975402226,0.6263017645893669,-0.7641330433373202,-0.829865231406186,-0.137121984824035,1,0.0,0.0,0.0,0.0,0.0,0.0,-0.011860083569351955,4,4,0
0.9811320754716981,2,0.7142857142857142,0.4907128502815942,-1.6062125734139148,1.0845407179076676,0,0.33792534393957424,0.47705557813738986,-0.4344486732838078,Shanghai,-0.7022262404899906,0.5784786755224227,-0.6141102119227658,-0.7877139084099387,0.8431035975402226,0.6846881713415579,-0.7055588284750469,-0.395961897556833,-0.7038480137358918,1,0.0,0.0,0.0,0.0,0.0,0.0,0.08002528267746514,4,4,0
0.4339622641509434,2,0.46428571428571425,0.5698729954213632,-1.7440671699524368,1.2202035765074564,0,0.7076285475120645,0.5644546985547021,0.4637146698580946,Shanghai,-0.7022262404899906,0.5784786755224227,-0.6141102119227658,-0.7877139084099387,0.8431035975402226,1.0432217846640637,-0.7511439481938313,0.4345895441230854,-0.5990841363549988,1,0.0,0.0,0.0,0.0,0.0,0.0,0.841651719983148,5,3,0
0.4528301886792453,2,0.48214285714285715,0.5698729954213632,-1.7440671699524368,1.2202035765074564,0,0.7076285475120645,0.5644546985547021,0.4637146698580946,Shanghai,-0.7022262404899906,0.5784786755224227,-0.6141102119227658,-0.7877139084099387,0.8431035975402226,0.9484538983275896,-0.6791277229492225,0.5321562855570108,-0.8652476561094331,1,0.0,0.0,0.0,0.0,0.0,0.0,0.9343859270485015,5,3,0
0.4716981132075472,2,0.49999999999999994,0.5698729954213632,-1.7440671699524368,1.2202035765074564,0,0.7076285475120645,0.5644546985547021,0.4637146698580946,Shanghai,-0.7022262404899906,0.5784786755224227,-0.6141102119227658,-0.7877139084099387,0.8431035975402226,0.9155932070901769,-0.6210698977216925,0.6740682534457735,-1.055231269779531,1,0.0,0.0,0.0,0.0,0.0,0.0,1.0270143830886314,5,3,0
0.49056603773584906,2,0.5178571428571428,0.5698729954213632,-1.7440671699524368,1.2202035765074564,0,0.7076285475120645,0.5644546985547021,0.4637146698580946,Shanghai,-0.7022262404899906,0.5784786755224227,-0.6141102119227658,-0.7877139084099387,0.8431035975402226,0.9378915332869918,-0.5499285738540151,0.8218120850567658,-1.1437114951673775,1,0.0,0.0,0.0,0.0,0.0,0.0,1.1197145987530206,5,3,0
0.5094339622641509,2,0.5357142857142856,0.5698729954213632,-1.7440671699524368,1.2202035765074564,0,0.7076285475120645,0.5644546985547021,0.4637146698580946,Shanghai,-0.7022262404899906,0.5784786755224227,-0.6141102119227658,-0.7877139084099387,0.8431035975402226,0.9323169517377902,-0.49117959109013,0.9329709024763306,-1.230211538706371,1,0.0,0.0,0.0,0.0,0.0,0.0,1.2123968745113445,5,3,0
0.5283018867924528,2,0.5535714285714285,0.5698729954213632,-1.7440671699524368,1.2202035765074564,0,0.7076285475120645,0.5644546985547021,0.4637146698580946,Shanghai,-0.7022262404899906,0.5784786755224227,-0.6141102119227658,-0.7877139084099387,0.8431035975402226,0.9293829614487338,-0.4300369291738167,1.0669917007021947,-1.148789365693395,1,0.0,0.0,0.0,0.0,0.0,0.0,1.3050697082138454,5,3,0
0.5471698113207547,2,0.5714285714285714,0.5698729954213632,-1.7440671699524368,1.2202035765074564,0,0.7076285475120645,0.5644546985547021,0.4637146698580946,Shanghai,-0.7022262404899906,0.5784786755224227,-0.6141102119227658,-0.7877139084099387,0.8431035975402226,0.9502142925010226,-0.373617045440237,1.1766976238929039,-1.1285675855719797,1,0.0,0.0,0.0,0.0,0.0,0.0,1.3978095805126929,5,3,0
0.5660377358490566,2,0.5892857142857142,0.5698729954213632,-1.7440671699524368,1.2202035765074564,0,0.7076285475120645,0.5644546985547021,0.4637146698580946,Shanghai,-0.7022262404899906,0.5784786755224227,-0.6141102119227658,-0.7877139084099387,0.8431035975402226,0.8645417760606204,-0.30817992685757783,1.2977186841825312,-1.3284864986457554,1,0.0,0.0,0.0,0.0,0.0,0.0,1.490273744781493,5,3,0
0.5849056603773585,2,0.6071428571428571,0.5698729954213632,-1.7440671699524368,1.2202035765074564,0,0.7076285475120645,0.5644546985547021,0.4637146698580946,Shanghai,-0.7022262404899906,0.5784786755224227,-0.6141102119227658,-0.7877139084099387,0.8431035975402226,0.8466444352973879,-0.26843413714196507,1.3993680225438327,-1.2448181377298184,1,0.0,0.0,0.0,0.0,0.0,0.0,1.58268031250977,5,3,0
0.6415094339622641,3,0.017857142857142856,0.4907128502815942,-1.6062125734139148,1.0845407179076676,0,0.33792534393957424,0.47705557813738986,-0.4344486732838078,Shanghai,-0.7022262404899906,0.5784786755224227,-0.6141102119227658,-0.7877139084099387,0.8431035975402226,0.4652256977202534,0.3782569013716185,-1.3243283044460652,-1.378500469282122,1,0.0,0.0,0.0,0.0,0.0,0.0,-1.5208035225801368,5,3,0
0.8679245283018868,3,0.23214285714285715,0.4907128502815942,-1.6062125734139148,1.0845407179076676,0,0.33792534393957424,0.47705557813738986,-0.4344486732838078,Shanghai,-0.7022262404899906,0.5784786755224227,-0.6141102119227658,-0.7877139084099387,0.8431035975402226,0.5579397908543876,0.47214215332156945,-1.4218953674880568,-0.3213498500547894,1,0.0,0.0,0.0,0.0,0.0,0.0,-0.42517946780590776,5,3,0
0.8867924528301887,3,0.25,0.4907128502815942,-1.6062125734139148,1.0845407179076676,0,0.33792534393957424,0.47705557813738986,-0.4344486732838078,Shanghai,-0.7022262404899906,0.5784786755224227,-0.6141102119227658,-0.7877139084099387,0.8431035975402226,0.579651318993393,0.49547290727529497,-1.3695279023074718,-0.35126950683955116,1,0.0,0.0,0.0,0.0,0.0,0.0,-0.33363212715757345,5,3,0
0.9056603773584906,3,0.26785714285714285,0.4907128502815942,-1.6062125734139148,1.0845407179076676,0,0.33792534393957424,0.47705557813738986,-0.4344486732838078,Shanghai,-0.7022262404899906,0.5784786755224227,-0.6141102119227658,-0.7877139084099387,0.8431035975402226,0.5957882655831966,0.5109706861833091,-1.1563020337962777,-0.38142569987512476,1,0.0,0.0,0.0,0.0,0.0,0.0,-0.24203285520220985,5,3,0
0.9245283018867925,3,0.2857142857142857,0.4907128502815942,-1.6062125734139148,1.0845407179076676,0,0.33792534393957424,0.47705557813738986,-0.4344486732838078,Shanghai,-0.7022262404899906,0.5784786755224227,-0.6141102119227658,-0.7877139084099387,0.8431035975402226,0.6565218645666303,0.5330824433995938,-0.9596564488666801,-0.3953647032220014,1,0.0,0.0,0.0,0.0,0.0,0.0,-0.1502381326912988,5,3,0
0.9433962264150944,3,0.30357142857142855,0.4907128502815942,-1.6062125734139148,1.0845407179076676,0,0.33792534393957424,0.47705557813738986,-0.4344486732838078,Shanghai,-0.7022262404899906,0.5784786755224227,-0.6141102119227658,-0.7877139084099387,0.8431035975402226,0.5875730927738413,0.5629197804865012,-0.9600631459721101,-0.2908228812779413,1,0.0,0.0,0.0,0.0,0.0,0.0,-0.05866529849224112,5,3,0
0.9622641509433962,3,0.3214285714285714,0.4907128502815942,-1.6062125734139148,1.0845407179076676,0,0.33792534393957424,0.47705557813738986,-0.4344486732838078,Shanghai,-0.7022262404899906,0.5784786755224227,-0.6141102119227658,-0.7877139084099387,0.8431035975402226,0.5975486597566296,0.5859889762999948,-1.082864232687283,-0.26083045896769763,1,0.0,0.0,0.0,0.0,0.0,0.0,0.032939638696616695,5,3,0
0.9811320754716981,3,0.33928571428571425,0.4907128502815942,-1.6062125734139148,1.0845407179076676,0,0.33792534393957424,0.47705557813738986,-0.4344486732838078,Shanghai,-0.7022262404899906,0.5784786755224227,-0.6141102119227658,-0.7877139084099387,0.8431035975402226,0.5514850122184695,0.6035858968210533,-0.9920969039641051,-0.15126621712845809,1,0.0,0.0,0.0,0.0,0.0,0.0,0.12439633560904473,5,3,0
0.4528301886792453,2,0.2857142857142857,0.5698729954213632,-1.7440671699524368,1.2202035765074564,0,0.7076285475120645,0.5644546985547021,0.4637146698580946,Shanghai,-0.7022262404899906,0.5784786755224227,-0.6141102119227658,-0.7877139084099387,0.8431035975402226,0.8137837440599709,-0.5242359171086545,-0.8438369181124787,-1.2453071760769598,1,0.0,0.0,0.0,0.0,0.0,0.0,0.9371363979098999,6,5,0
0.4716981132075472,2,0.30357142857142855,0.5698729954213632,-1.7440671699524368,1.2202035765074564,0,0.7076285475120645,0.5644546985547021,0.4637146698580946,Shanghai,-0.7022262404899906,0.5784786755224227,-0.6141102119227658,-0.7877139084099387,0.8431035975402226,0.8577935983957954,-0.49218577078048154,-1.0277250132574474,-1.168317260581502,1,0.0,0.0,0.0,0.0,0.0,0.0,1.0295788454503063,6,5,0
0.49056603773584906,2,0.3214285714285714,0.5698729954213632,-1.7440671699524368,1.2202035765074564,0,0.7076285475120645,0.5644546985547021,0.4637146698580946,Shanghai,-0.7022262404899906,0.5784786755224227,-0.6141102119227658,-0.7877139084099387,0.8431035975402226,0.8841995109972901,-0.4359843001112922,-1.1133663998499868,-1.3325990019393086,1,0.0,0.0,0.0,0.0,0.0,0.0,1.1221062714931243,6,5,0
0.5094339622641509,2,0.33928571428571425,0.5698729954213632,-1.7440671699524368,1.2202035765074564,0,0.7076285475120645,0.5644546985547021,0.4637146698580946,Shanghai,-0.7022262404899906,0.5784786755224227,-0.6141102119227658,-0.7877139084099387,0.8431035975402226,0.9827815847095328,-0.38948351108647317,-1.1970911376263895,-1.3213132918761352,1,0.0,0.0,0.0,0.0,0.0,0.0,1.2149509506116134,6,5,0
0.5283018867924528,2,0.35714285714285715,0.5698729954213632,-1.7440671699524368,1.2202035765074564,0,0.7076285475120645,0.5644546985547021,0.4637146698580946,Shanghai,-0.7022262404899906,0.5784786755224227,-0.6141102119227658,-0.7877139084099387,0.8431035975402226,0.9422925187205743,-0.3269151456861148,-1.1182813497258408,-1.4966753782826019,1,0.0,0.0,0.0,0.0,0.0,0.0,1.3076653293597373,6,5,0
0.6415094339622641,2,0.46428571428571425,0.4907128502815942,-1.6062125734139148,1.0845407179076676,0,0.33792534393957424,0.47705557813738986,-0.4344486732838078,Shanghai,-0.7022262404899906,0.5784786755224227,-0.6141102119227658,-0.7877139084099387,0.8431035975402226,0.5115827442873204,0.4227618833178196,-1.340622300382408,-1.4003138185233577,1,0.0,0.0,0.0,0.0,0.0,0.0,-1.518539317593651,6,5,0
0.660377358490566,2,0.48214285714285715,0.4907128502815942,-1.6062125734139148,1.0845407179076676,0,0.33792534393957424,0.47705557813738986,-0.4344486732838078,Shanghai,-0.7022262404899906,0.5784786755224227,-0.6141102119227658,-0.7877139084099387,0.8431035975402226,0.445274563754681,0.42661721838843647,-1.261683522707048,-1.3439595650131957,1,0.0,0.0,0.0,0.0,0.0,0.0,-1.4274244231020352,6,5,0
0.6792452830188679,2,0.49999999999999994,0.4907128502815942,-1.6062125734139148,1.0845407179076676,0,0.33792534393957424,0.47705557813738986,-0.4344486732838078,Shanghai,-0.7022262404899906,0.5784786755224227,-0.6141102119227658,-0.7877139084099387,0.8431035975402226,0.5852259005425987,0.43241568939170527,-1.2739262363051758,-1.2389605425124524,1,0.0,0.0,0.0,0.0,0.0,0.0,-1.3358591425476363,6,5,0
0.8113207547169811,3,0.8214285714285713,0.4907128502815942,-1.6062125734139148,1.0845407179076676,0,0.33792534393957424,0.47705557813738986,-0.4344486732838078,Shanghai,-0.7022262404899906,0.5784786755224227,-0.6141102119227658,-0.7877139084099387,0.8431035975402226,11.995807533705834,0.6719979036299064,-1.0663025207820411,1.3287868243774177,1,0.0,0.0,0.0,0.0,0.0,0.0,-0.6494282936150744,6,5,0
0.18867924528301888,3,0.23214285714285715,0.5698729954213632,-1.7440671699524368,1.2202035765074564,0,0.7076285475120645,0.5644546985547021,0.4637146698580946,Shanghai,-0.7022262404899906,0.5784786755224227,-0.6141102119227658,-0.7877139084099387,0.8431035975402226,1.0206300594383377,-0.8401189229479804,-1.3747430709415025,-1.0706209222646592,1,0.0,0.0,0.0,0.0,0.0,0.0,-0.3785102184868774,7,6,0
0.20754716981132076,3,0.25,0.5698729954213632,-1.7440671699524368,1.2202035765074564,0,0.7076285475120645,0.5644546985547021,0.4637146698580946,Shanghai,-0.7022262404899906,0.5784786755224227,-0.6141102119227658,-0.7877139084099387,0.8431035975402226,1.0878184370576935,-0.9873901691041844,0.7730592174787422,-0.8059520190179175,1,0.0,0.0,0.0,0.0,0.0,0.0,-0.28532751376990556,7,6,0
0.22641509433962265,3,0.26785714285714285,0.5698729954213632,-1.7440671699524368,1.2202035765074564,0,0.7076285475120645,0.5644546985547021,0.4637146698580946,Shanghai,-0.7022262404899906,0.5784786755224227,-0.6141102119227658,-0.7877139084099387,0.8431035975402226,1.0335396167101822,-1.32053946940413,0.3574055134855047,-1.1441724982112655,1,0.0,0.0,0.0,0.0,0.0,0.0,-0.19231948708566904,7,6,0
0.39622641509433965,2,0.07142857142857142,0.5698729954213632,-1.7440671699524368,1.2202035765074564,0,0.7076285475120645,0.5644546985547021,0.4637146698580946,Shanghai,-0.7022262404899906,0.5784786755224227,-0.6141102119227658,-0.7877139084099387,0.8431035975402226,0.8193583256091768,-0.30022430222020113,-1.2107558793314732,-1.230696423861549,1,0.0,0.0,0.0,0.0,0.0,0.0,0.6673343737800461,7,6,0
0.41509433962264153,2,0.08928571428571427,0.5698729954213632,-1.7440671699524368,1.2202035765074564,0,0.7076285475120645,0.5644546985547021,0.4637146698580946,Shanghai,-0.7022262404899906,0.5784786755224227,-0.6141102119227658,-0.7877139084099387,0.8431035975402226,0.9443463119229141,-0.2793699731753147,-1.4599472187887186,-0.9623684554878653,1,0.0,0.0,0.0,0.0,0.0,0.0,0.7600553619672465,7,6,0
0.4528301886792453,2,0.125,0.5698729954213632,-1.7440671699524368,1.2202035765074564,0,0.7076285475120645,0.5644546985547021,0.4637146698580946,Shanghai,-0.7022262404899906,0.5784786755224227,-0.6141102119227658,-0.7877139084099387,0.8431035975402226,1.0587719331960537,-0.20989727092163185,-1.4413557887387773,-1.0291664990261913,1,0.0,0.0,0.0,0.0,0.0,0.0,0.9458051493614956,7,6,0
0.4716981132075472,2,0.14285714285714285,0.5698729954213632,-1.7440671699524368,1.2202035765074564,0,0.7076285475120645,0.5644546985547021,0.4637146698580946,Shanghai,-0.7022262404899906,0.5784786755224227,-0.6141102119227658,-0.7877139084099387,0.8431035975402226,0.906497837194105,-0.15840078767622606,-1.0062564035501578,-1.2679552245619303,1,0.0,0.0,0.0,0.0,0.0,0.0,1.0384043350285725,7,6,0
0.49056603773584906,2,0.1607142857142857,0.5698729954213632,-1.7440671699524368,1.2202035765074564,0,0.7076285475120645,0.5644546985547021,0.4637146698580946,Shanghai,-0.7022262404899906,0.5784786755224227,-0.6141102119227658,-0.7877139084099387,0.8431035975402226,0.8428302479216151,-0.11058552109924043,-0.8571626359573469,-1.3248961402141584,1,0.0,0.0,0.0,0.0,0.0,0.0,1.1307986280842788,7,6,0
0.5094339622641509,2,0.17857142857142858,0.5698729954213632,-1.7440671699524368,1.2202035765074564,0,0.7076285475120645,0.5644546985547021,0.4637146698580946,Shanghai,-0.7022262404899906,0.5784786755224227,-0.6141102119227658,-0.7877139084099387,0.8431035975402226,0.8337348780255432,-0.07918540143392765,-0.9334328705819682,-1.2644894053157198,1,0.0,0.0,0.0,0.0,0.0,0.0,1.2231636507669317,7,6,0
0.5283018867924528,2,0.19642857142857142,0.5698729954213632,-1.7440671699524368,1.2202035765074564,0,0.7076285475120645,0.5644546985547021,0.4637146698580946,Shanghai,-0.7022262404899906,0.5784786755224227,-0.6141102119227658,-0.7877139084099387,0.8431035975402226,0.8610209877137545,-0.04520880373428413,-1.0066746956531,-1.2239204909830266,1,0.0,0.0,0.0,0.0,0.0,0.0,1.315616484568744,7,6,0
0.5471698113207547,2,0.21428571428571427,0.5698729954213632,-1.7440671699524368,1.2202035765074564,0,0.7076285475120645,0.5644546985547021,0.4637146698580946,Shanghai,-0.7022262404899906,0.5784786755224227,-0.6141102119227658,-0.7877139084099387,0.8431035975402226,0.7653729042905681,-0.010572993204720384,-1.0758707048197849,-1.2630061982965288,1,0.0,0.0,0.0,0.0,0.0,0.0,1.4077615073507082,7,6,0
0.5660377358490566,2,0.23214285714285715,0.5698729954213632,-1.7440671699524368,1.2202035765074564,0,0.7076285475120645,0.5644546985547021,0.4637146698580946,Shanghai,-0.7022262404899906,0.5784786755224227,-0.6141102119227658,-0.7877139084099387,0.8431035975402226,0.7304584198508154,0.020986966702675264,-0.5598046500403703,-1.3197800766769692,1,0.0,0.0,0.0,0.0,0.0,0.0,1.4997941696683725,7,6,0
0.5849056603773585,2,0.25,0.5698729954213632,-1.7440671699524368,1.2202035765074564,0,0.7076285475120645,0.5644546985547021,0.4637146698580946,Shanghai,-0.7022262404899906,0.5784786755224227,-0.6141102119227658,-0.7877139084099387,0.8431035975402226,0.7251772373305164,0.039057282355432765,-0.6900332139692897,-0.9429906415093794,1,0.0,0.0,0.0,0.0,0.0,0.0,1.5918098362855544,7,6,0
0.6037735849056604,2,0.26785714285714285,0.5698729954213632,-1.7440671699524368,1.2202035765074564,0,0.7076285475120645,0.5644546985547021,0.4637146698580946,Shanghai,-0.7022262404899906,0.5784786755224227,-0.6141102119227658,-0.7877139084099387,0.8431035975402226,0.7008251179313616,0.060719751028513326,-1.2074471668460305,-0.947917366283321,1,0.0,0.0,0.0,0.0,0.0,0.0,1.6837471338394008,7,6,0
0.6226415094339622,2,0.2857142857142857,0.5698729954213632,-1.7440671699524368,1.2202035765074564,0,0.7076285475120645,0.5644546985547021,0.4637146698580946,Shanghai,-0.7022262404899906,0.5784786755224227,-0.6141102119227658,-0.7877139084099387,0.8431035975402226,0.7504095538163877,0.07580698878257919,-0.8461137334048102,-0.9495627619900913,1,0.0,0.0,0.0,0.0,0.0,0.0,1.7758440021366655,7,6,0
0.6415094339622641,2,0.30357142857142855,0.4907128502815942,-1.6062125734139148,1.0845407179076676,0,0.33792534393957424,0.47705557813738986,-0.4344486732838078,Shanghai,-0.7022262404899906,0.5784786755224227,-0.6141102119227658,-0.7877139084099387,0.8431035975402226,0.6653238354337951,0.09774101917172118,-0.7993142858323923,-1.002643211434906,1,0.0,0.0,0.0,0.0,0.0,0.0,-1.5318214575206301,7,6,0
0.660377358490566,2,0.3214285714285714,0.4907128502815942,-1.6062125734139148,1.0845407179076676,0,0.33792534393957424,0.47705557813738986,-0.4344486732838078,Shanghai,-0.7022262404899906,0.5784786755224227,-0.6141102119227658,-0.7877139084099387,0.8431035975402226,0.6506538839885218,0.11608233493131431,-0.982174276389195,-0.6240848569424274,1,0.0,0.0,0.0,0.0,0.0,0.0,-1.4400456191213662,7,6,0
0.6792452830188679,2,0.33928571428571425,0.4907128502815942,-1.6062125734139148,1.0845407179076676,0,0.33792534393957424,0.47705557813738986,-0.4344486732838078,Shanghai,-0.7022262404899906,0.5784786755224227,-0.6141102119227658,-0.7877139084099387,0.8431035975402226,0.6541746723353876,0.14100490147656733,-0.9354354082596925,-0.29981132721829445,1,0.0,0.0,0.0,0.0,0.0,0.0,-1.348258450255114,7,6,0
0.6981132075471698,2,0.35714285714285715,0.4907128502815942,-1.6062125734139148,1.0845407179076676,0,0.33792534393957424,0.47705557813738986,-0.4344486732838078,Shanghai,-0.7022262404899906,0.5784786755224227,-0.6141102119227658,-0.7877139084099387,0.8431035975402226,0.6685512247517584,0.1703187117893969,-0.90919470484266,-0.3959603759104765,1,0.0,0.0,0.0,0.0,0.0,0.0,-1.2564250153153265,7,6,0
0.7169811320754716,2,0.375,0.4907128502815942,-1.6062125734139148,1.0845407179076676,0,0.33792534393957424,0.47705557813738986,-0.4344486732838078,Shanghai,-0.7022262404899906,0.5784786755224227,-0.6141102119227658,-0.7877139084099387,0.8431035975402226,0.5828787083113561,0.1996359735643396,-0.8927097605133459,-0.6108633335696678,1,0.0,0.0,0.0,0.0,0.0,0.0,-1.1648672884055864,7,6,0
0.7358490566037735,2,0.39285714285714285,0.4907128502815942,-1.6062125734139148,1.0845407179076676,0,0.33792534393957424,0.47705557813738986,-0.4344486732838078,Shanghai,-0.7022262404899906,0.5784786755224227,-0.6141102119227658,-0.7877139084099387,0.8431035975402226,0.5555925986231449,0.2147953928783709,-1.000411368439452,-0.8196306287040634,1,0.0,0.0,0.0,0.0,0.0,0.0,-1.0733973726150052,7,6,0
0.7547169811320754,2,0.4107142857142857,0.4907128502815942,-1.6062125734139148,1.0845407179076676,0,0.33792534393957424,0.47705557813738986,-0.4344486732838078,Shanghai,-0.7022262404899906,0.5784786755224227,-0.6141102119227658,-0.7877139084099387,0.8431035975402226,0.552071810276279,0.22655155068795638,-1.103136530489346,-0.9512097398083622,1,0.0,0.0,0.0,0.0,0.0,0.0,-0.9819387872914124,7,6,0
0.7735849056603773,2,0.42857142857142855,0.4907128502815942,-1.6062125734139148,1.0845407179076676,0,0.33792534393957424,0.47705557813738986,-0.4344486732838078,Shanghai,-0.7022262404899906,0.5784786755224227,-0.6141102119227658,-0.7877139084099387,0.8431035975402226,0.5558859976520518,0.23411207899616485,-1.1115827517579968,-1.0539185681198422,1,0.0,0.0,0.0,0.0,0.0,0.0,-0.890467927295249,7,6,0
0.7924528301886792,2,0.4464285714285714,0.4907128502815942,-1.6062125734139148,1.0845407179076676,0,0.33792534393957424,0.47705557813738986,-0.4344486732838078,Shanghai,-0.7022262404899906,0.5784786755224227,-0.6141102119227658,-0.7877139084099387,0.8431035975402226,0.4661058948069699,0.23871654496934183,-1.1494483624336211,-1.120818120435134,1,0.0,0.0,0.0,0.0,0.0,0.0,-0.799285994207286,7,6,0
0.8113207547169811,2,0.46428571428571425,0.4907128502815942,-1.6062125734139148,1.0845407179076676,0,0.33792534393957424,0.47705557813738986,-0.4344486732838078,Shanghai,-0.7022262404899906,0.5784786755224227,-0.6141102119227658,-0.7877139084099387,0.8431035975402226,0.4555435297663762,0.2412164855103968,-1.2216740911769182,-1.1285675855719797,1,0.0,0.0,0.0,0.0,0.0,0.0,-0.7081380525202876,7,6,0
0.8301886792452831,2,0.48214285714285715,0.4907128502815942,-1.6062125734139148,1.0845407179076676,0,0.33792534393957424,0.47705557813738986,-0.4344486732838078,Shanghai,-0.7022262404899906,0.5784786755224227,-0.6141102119227658,-0.7877139084099387,0.8431035975402226,0.4083062861125926,0.2501506761845433,-1.3799746964302997,-1.0799215250192307,1,0.0,0.0,0.0,0.0,0.0,0.0,-0.6171421279320485,7,6,0
0.8490566037735849,2,0.49999999999999994,0.4907128502815942,-1.6062125734139148,1.0845407179076676,0,0.33792534393957424,0.47705557813738986,-0.4344486732838078,Shanghai,-0.7022262404899906,0.5784786755224227,-0.6141102119227658,-0.7877139084099387,0.8431035975402226,0.4399933812343821,0.2584816265108131,-1.4106480571656086,-0.8857422755674558,1,0.0,0.0,0.0,0.0,0.0,0.0,-0.5260442291409151,7,6,0
0.8679245283018868,2,0.5178571428571428,0.4907128502815942,-1.6062125734139148,1.0845407179076676,0,0.33792534393957424,0.47705557813738986,-0.4344486732838078,Shanghai,-0.7022262404899906,0.5784786755224227,-0.6141102119227658,-0.7877139084099387,0.8431035975402226,0.3824871715689075,0.26990638409139567,-1.3380657836974645,-0.7589192195392866,1,0.0,0.0,0.0,0.0,0.0,0.0,-0.4351313946439229,7,6,0
0.8867924528301887,2,0.5357142857142856,0.4907128502815942,-1.6062125734139148,1.0845407179076676,0,0.33792534393957424,0.47705557813738986,-0.4344486732838078,Shanghai,-0.7022262404899906,0.5784786755224227,-0.6141102119227658,-0.7877139084099387,0.8431035975402226,0.385127762829057,0.2844679314724532,-1.3152328188629667,-0.5994195631257225,1,0.0,0.0,0.0,0.0,0.0,0.0,-0.3442100622966896,7,6,0
0.9056603773584906,2,0.5535714285714285,0.4907128502815942,-1.6062125734139148,1.0845407179076676,0,0.33792534393957424,0.47705557813738986,-0.4344486732838078,Shanghai,-0.7022262404899906,0.5784786755224227,-0.6141102119227658,-0.7877139084099387,0.8431035975402226,0.3733918016728399,0.288555462173347,-1.3883797879007527,-0.5303831746811365,1,0.0,0.0,0.0,0.0,0.0,0.0,-0.25332649817275066,7,6,0
0.9245283018867925,2,0.5714285714285714,0.4907128502815942,-1.6062125734139148,1.0845407179076676,0,0.33792534393957424,0.47705557813738986,-0.4344486732838078,Shanghai,-0.7022262404899906,0.5784786755224227,-0.6141102119227658,-0.7877139084099387,0.8431035975402226,0.479895649165531,0.29885415729070697,-1.450625443739973,-0.4956177337597464,1,0.0,0.0,0.0,0.0,0.0,0.0,-0.16210018742241702,7,6,0
0.9433962264150944,2,0.5892857142857142,0.4907128502815942,-1.6062125734139148,1.0845407179076676,0,0.33792534393957424,0.47705557813738986,-0.4344486732838078,Shanghai,-0.7022262404899906,0.5784786755224227,-0.6141102119227658,-0.7877139084099387,0.8431035975402226,0.4831230384834901,0.32235387257427417,-1.431597025000159,-0.42086527543535684,1,0.0,0.0,0.0,0.0,0.0,0.0,-0.07086349041067752,7,6,0
0.9622641509433962,2,0.6071428571428571,0.4907128502815942,-1.6062125734139148,1.0845407179076676,0,0.33792534393957424,0.47705557813738986,-0.4344486732838078,Shanghai,-0.7022262404899906,0.5784786755224227,-0.6141102119227658,-0.7877139084099387,0.8431035975402226,0.46405210160463417,0.3431093206114717,-1.4370114672445364,-0.4805291564048295,1,0.0,0.0,0.0,0.0,0.0,0.0,0.020311833238209117,7,6,0
0.9811320754716981,2,0.6249999999999999,0.4907128502815942,-1.6062125734139148,1.0845407179076676,0,0.33792534393957424,0.47705557813738986,-0.4344486732838078,Shanghai,-0.7022262404899906,0.5784786755224227,-0.6141102119227658,-0.7877139084099387,0.8431035975402226,0.40214490650557716,0.3552844092141019,-1.3268637090412365,-0.47646543730093455,1,0.0,0.0,0.0,0.0,0.0,0.0,0.11128792950921897,7,6,0
0.0,3,0.05357142857142857,0.5698729954213632,-1.7440671699524368,1.2202035765074564,0,0.7076285475120645,0.5644546985547021,0.4637146698580946,Shanghai,-0.7022262404899906,0.5784786755224227,-0.6141102119227658,-0.7877139084099387,0.8431035975402226,1.4686503765770145,-1.0498728605004033,-1.39154271555326,2.392591328028148,1,0.0,0.0,0.0,0.0,0.0,0.0,-1.305533147653578,8,7,0
0.018867924528301883,3,0.07142857142857142,0.5698729954213632,-1.7440671699524368,1.2202035765074564,0,0.7076285475120645,0.5644546985547021,0.4637146698580946,Shanghai,-0.7022262404899906,0.5784786755224227,-0.6141102119227658,-0.7877139084099387,0.8431035975402226,1.4155451523451223,-0.912112725861257,-1.2055594345138252,2.2987176095819892,1,0.0,0.0,0.0,0.0,0.0,0.0,-1.2112957653011163,8,7,0
0.05660377358490566,3,0.10714285714285715,0.5698729954213632,-1.7440671699524368,1.2202035765074564,0,0.7076285475120645,0.5644546985547021,0.4637146698580946,Shanghai,-0.7022262404899906,0.5784786755224227,-0.6141102119227658,-0.7877139084099387,0.8431035975402226,1.4495794396981585,-0.7014042860505816,-0.8212391024429033,2.2061287938326055,1,0.0,0.0,0.0,0.0,0.0,0.0,-1.022829498446434,8,7,0
0.07547169811320754,3,0.125,0.5698729954213632,-1.7440671699524368,1.2202035765074564,0,0.7076285475120645,0.5644546985547021,0.4637146698580946,Shanghai,-0.7022262404899906,0.5784786755224227,-0.6141102119227658,-0.7877139084099387,0.8431035975402226,1.485080722195725,-0.6043223261671841,-0.6790103552189587,2.151672094166925,1,0.0,0.0,0.0,0.0,0.0,0.0,-0.928368339370954,8,7,0
0.09433962264150943,3,0.14285714285714285,0.5698729954213632,-1.7440671699524368,1.2202035765074564,0,0.7076285475120645,0.5644546985547021,0.4637146698580946,Shanghai,-0.7022262404899906,0.5784786755224227,-0.6141102119227658,-0.7877139084099387,0.8431035975402226,1.484787323166818,-0.5219977487995136,-0.4055409707733777,2.083630800674975,1,0.0,0.0,0.0,0.0,0.0,0.0,-0.8339081245010566,8,7,0
0.11320754716981131,3,0.1607142857142857,0.5698729954213632,-1.7440671699524368,1.2202035765074564,0,0.7076285475120645,0.5644546985547021,0.4637146698580946,Shanghai,-0.7022262404899906,0.5784786755224227,-0.6141102119227658,-0.7877139084099387,0.8431035975402226,1.3888458407147248,-0.44526364393404694,-0.3207055730926677,2.0014954787532084,1,0.0,0.0,0.0,0.0,0.0,0.0,-0.739756664856589,8,7,0
0.13207547169811318,3,0.17857142857142858,0.5698729954213632,-1.7440671699524368,1.2202035765074564,0,0.7076285475120645,0.5644546985547021,0.4637146698580946,Shanghai,-0.7022262404899906,0.5784786755224227,-0.6141102119227658,-0.7877139084099387,0.8431035975402226,1.3251782514422348,-0.3778021361970679,-0.2856743432487752,1.9555464744864064,1,0.0,0.0,0.0,0.0,0.0,0.0,-0.6458100978234923,8,7,0
0.15094339622641512,3,0.19642857142857142,0.5698729954213632,-1.7440671699524368,1.2202035765074564,0,0.7076285475120645,0.5644546985547021,0.4637146698580946,Shanghai,-0.7022262404899906,0.5784786755224227,-0.6141102119227658,-0.7877139084099387,0.8431035975402226,1.3137356893149206,-0.3265499622371168,-1.3825967130159151,0.6565564480295292,1,0.0,0.0,0.0,0.0,0.0,0.0,-0.5519003548081075,8,7,0
0.169811320754717,3,0.21428571428571427,0.5698729954213632,-1.7440671699524368,1.2202035765074564,0,0.7076285475120645,0.5644546985547021,0.4637146698580946,Shanghai,-0.7022262404899906,0.5784786755224227,-0.6141102119227658,-0.7877139084099387,0.8431035975402226,1.4055695853623382,-0.2783876010201748,-0.06348031643879312,0.013089474582398423,1,0.0,0.0,0.0,0.0,0.0,0.0,-0.45769507544544563,8,7,0
0.18867924528301888,3,0.23214285714285715,0.5698729954213632,-1.7440671699524368,1.2202035765074564,0,0.7076285475120645,0.5644546985547021,0.4637146698580946,Shanghai,-0.7022262404899906,0.5784786755224227,-0.6141102119227658,-0.7877139084099387,0.8431035975402226,1.765276794800463,-0.21630593127083794,0.08091406264165972,-0.42570813230745574,1,0.0,0.0,0.0,0.0,0.0,0.0,-0.36233220003881733,8,7,0
0.20754716981132076,3,0.25,0.5698729954213632,-1.7440671699524368,1.2202035765074564,0,0.7076285475120645,0.5644546985547021,0.4637146698580946,Shanghai,-0.7022262404899906,0.5784786755224227,-0.6141102119227658,-0.7877139084099387,0.8431035975402226,1.4205329358365144,-0.21401080254593016,-1.2050878370872964,-1.2773979524312542,1,0.0,0.0,0.0,0.0,0.0,0.0,-0.2680787661914556,8,7,0
0.4528301886792453,2,0.125,0.5698729954213632,-1.7440671699524368,1.2202035765074564,0,0.7076285475120645,0.5644546985547021,0.4637146698580946,Shanghai,-0.7022262404899906,0.5784786755224227,-0.6141102119227658,-0.7877139084099387,0.8431035975402226,0.8261065032740017,0.5024261816651088,1.6918749242148399,1.547533766121562,1,0.0,0.0,0.0,0.0,0.0,0.0,0.9728254805117312,8,7,0
0.4716981132075472,2,0.14285714285714285,0.5698729954213632,-1.7440671699524368,1.2202035765074564,0,0.7076285475120645,0.5644546985547021,0.4637146698580946,Shanghai,-0.7022262404899906,0.5784786755224227,-0.6141102119227658,-0.7877139084099387,0.8431035975402226,0.8202385226958933,0.5168616145282707,1.764764069318883,1.3526706999512272,1,0.0,0.0,0.0,0.0,0.0,0.0,1.0651470697375955,8,7,0
0.49056603773584906,2,0.1607142857142857,0.5698729954213632,-1.7440671699524368,1.2202035765074564,0,0.7076285475120645,0.5644546985547021,0.4637146698580946,Shanghai,-0.7022262404899906,0.5784786755224227,-0.6141102119227658,-0.7877139084099387,0.8431035975402226,0.9466935041541567,0.5390779656088774,1.826573600778592,1.2614201633966224,1,0.0,0.0,0.0,0.0,0.0,0.0,1.1578756115694553,8,7,0
0.5094339622641509,2,0.17857142857142858,0.5698729954213632,-1.7440671699524368,1.2202035765074564,0,0.7076285475120645,0.5644546985547021,0.4637146698580946,Shanghai,-0.7022262404899906,0.5784786755224227,-0.6141102119227658,-0.7877139084099387,0.8431035975402226,0.8331480799677337,0.56356134555696,1.4746660742149362,1.1527755287776638,1,0.0,0.0,0.0,0.0,0.0,0.0,1.2502387458409434,8,7,0
0.5660377358490566,2,0.23214285714285715,0.5698729954213632,-1.7440671699524368,1.2202035765074564,0,0.7076285475120645,0.5644546985547021,0.4637146698580946,Shanghai,-0.7022262404899906,0.5784786755224227,-0.6141102119227658,-0.7877139084099387,0.8431035975402226,0.8560332042223624,0.6414363948021609,-0.7879096202029144,0.7015609841141336,1,0.0,0.0,0.0,0.0,0.0,0.0,1.5283346718061983,8,7,0
0.5849056603773585,2,0.25,0.5698729954213632,-1.7440671699524368,1.2202035765074564,0,0.7076285475120645,0.5644546985547021,0.4637146698580946,Shanghai,-0.7022262404899906,0.5784786755224227,-0.6141102119227658,-0.7877139084099387,0.8431035975402226,0.6729522101853408,0.6590894457483459,-0.3769682079631792,0.5484801478270692,1,0.0,0.0,0.0,0.0,0.0,0.0,1.6201822698297212,8,7,0
0.6037735849056604,2,0.26785714285714285,0.5698729954213632,-1.7440671699524368,1.2202035765074564,0,0.7076285475120645,0.5644546985547021,0.4637146698580946,Shanghai,-0.7022262404899906,0.5784786755224227,-0.6141102119227658,-0.7877139084099387,0.8431035975402226,0.8290404935630581,0.6692083850394184,-0.1110512291484136,0.47716286389695267,1,0.0,0.0,0.0,0.0,0.0,0.0,1.7125321852230568,8,7,0
0.6226415094339622,2,0.2857142857142857,0.4907128502815942,-1.6062125734139148,1.0845407179076676,0,0.33792534393957424,0.47705557813738986,-0.4344486732838078,Shanghai,-0.7022262404899906,0.5784786755224227,-0.6141102119227658,-0.7877139084099387,0.8431035975402226,0.7163752664633516,0.6851599034673569,0.18564511934280964,0.26869449622732156,1,0.0,0.0,0.0,0.0,0.0,0.0,-1.594968982662909,8,7,0
0.6415094339622641,2,0.30357142857142855,0.4907128502815942,-1.6062125734139148,1.0845407179076676,0,0.33792534393957424,0.47705557813738986,-0.4344486732838078,Shanghai,-0.7022262404899906,0.5784786755224227,-0.6141102119227658,-0.7877139084099387,0.8431035975402226,0.7633191110882283,0.696582172554904,0.36455599500644414,0.06120529388615219,1,0.0,0.0,0.0,0.0,0.0,0.0,-1.502830569320021,8,7,0
0.660377358490566,2,0.3214285714285714,0.4907128502815942,-1.6062125734139148,1.0845407179076676,0,0.33792534393957424,0.47705557813738986,-0.4344486732838078,Shanghai,-0.7022262404899906,0.5784786755224227,-0.6141102119227658,-0.7877139084099387,0.8431035975402226,0.7727078800132028,0.7128480994719709,0.5260266430572096,-0.221909499059464,1,0.0,0.0,0.0,0.0,0.0,0.0,-1.4106619413984975,8,7,0
0.6792452830188679,2,0.33928571428571425,0.4907128502815942,-1.6062125734139148,1.0845407179076676,0,0.33792534393957424,0.47705557813738986,-0.4344486732838078,Shanghai,-0.7022262404899906,0.5784786755224227,-0.6141102119227658,-0.7877139084099387,0.8431035975402226,0.7509963518741974,0.7343023779122713,0.6936850379138254,-0.4403194038381962,1,0.0,0.0,0.0,0.0,0.0,0.0,-1.3185631846900685,8,7,0
0.6981132075471698,2,0.35714285714285715,0.4907128502815942,-1.6062125734139148,1.0845407179076676,0,0.33792534393957424,0.47705557813738986,-0.4344486732838078,Shanghai,-0.7022262404899906,0.5784786755224227,-0.6141102119227658,-0.7877139084099387,0.8431035975402226,0.8918278857488317,0.7571043667866516,0.8216732265833838,-0.7446193580063724,1,0.0,0.0,0.0,0.0,0.0,0.0,-1.2260112093021094,8,7,0
0.7169811320754716,2,0.375,0.4907128502815942,-1.6062125734139148,1.0845407179076676,0,0.33792534393957424,0.47705557813738986,-0.4344486732838078,Shanghai,-0.7022262404899906,0.5784786755224227,-0.6141102119227658,-0.7877139084099387,0.8431035975402226,0.8167177343490273,0.7861311070707904,0.9960310849992037,-1.316207902704688,1,0.0,0.0,0.0,0.0,0.0,0.0,-1.1337009505432327,8,7,0
0.8301886792452831,2,0.48214285714285715,0.4907128502815942,-1.6062125734139148,1.0845407179076676,0,0.33792534393957424,0.47705557813738986,-0.4344486732838078,Shanghai,-0.7022262404899906,0.5784786755224227,-0.6141102119227658,-0.7877139084099387,0.8431035975402226,1.214566817544864,0.9463252620304875,-0.856398274145009,1.842931841293284,1,0.0,0.0,0.0,0.0,0.0,0.0,-0.5749569109236191,8,7,0
0.8490566037735849,2,0.49999999999999994,0.4907128502815942,-1.6062125734139148,1.0845407179076676,0,0.33792534393957424,0.47705557813738986,-0.4344486732838078,Shanghai,-0.7022262404899906,0.5784786755224227,-0.6141102119227658,-0.7877139084099387,0.8431035975402226,1.219848000065163,0.9849424358763942,-0.3279126433422364,1.5860797610589128,1,0.0,0.0,0.0,0.0,0.0,0.0,-0.48134931369458783,8,7,0
0.8679245283018868,2,0.5178571428571428,0.4907128502815942,-1.6062125734139148,1.0845407179076676,0,0.33792534393957424,0.47705557813738986,-0.4344486732838078,Shanghai,-0.7022262404899906,0.5784786755224227,-0.6141102119227658,-0.7877139084099387,0.8431035975402226,0.9422925187205743,1.0229643696862538,0.0623581295131028,1.248923308342285,1,0.0,0.0,0.0,0.0,0.0,0.0,-0.3886349349464636,8,7,0
0.8867924528301887,2,0.5357142857142856,0.4907128502815942,-1.6062125734139148,1.0845407179076676,0,0.33792534393957424,0.47705557813738986,-0.4344486732838078,Shanghai,-0.7022262404899906,0.5784786755224227,-0.6141102119227658,-0.7877139084099387,0.8431035975402226,0.8833193139105736,1.0529048062875102,-0.12181050476116419,0.979689338944523,1,0.0,0.0,0.0,0.0,0.0,0.0,-0.2961103415203925,8,7,0
0.9056603773584906,2,0.5535714285714285,0.4907128502815942,-1.6062125734139148,1.0845407179076676,0,0.33792534393957424,0.47705557813738986,-0.4344486732838078,Shanghai,-0.7022262404899906,0.5784786755224227,-0.6141102119227658,-0.7877139084099387,0.8431035975402226,0.7339792081976814,1.0744059877776662,-0.3919147097783678,0.7252536208019251,1,0.0,0.0,0.0,0.0,0.0,0.0,-0.20406634873573998,8,7,0
0.9245283018867925,2,0.5714285714285714,0.4907128502815942,-1.6062125734139148,1.0845407179076676,0,0.33792534393957424,0.47705557813738986,-0.4344486732838078,Shanghai,-0.7022262404899906,0.5784786755224227,-0.6141102119227658,-0.7877139084099387,0.8431035975402226,1.564298460000205,1.0935040235746318,-0.36357383603414495,0.6123228028437028,1,0.0,0.0,0.0,0.0,0.0,0.0,-0.1093502541530246,8,7,0
0.9433962264150944,2,0.5892857142857142,0.4907128502815942,-1.6062125734139148,1.0845407179076676,0,0.33792534393957424,0.47705557813738986,-0.4344486732838078,Shanghai,-0.7022262404899906,0.5784786755224227,-0.6141102119227658,-0.7877139084099387,0.8431035975402226,0.8381358634591257,1.145671571247677,0.35685419693394854,0.057323075627898845,1,0.0,0.0,0.0,0.0,0.0,0.0,-0.016971068386636253,8,7,0
0.15094339622641512,2,0.19642857142857142,0.5698729954213632,-1.7440671699524368,1.2202035765074564,0,0.7076285475120645,0.5644546985547021,0.4637146698580946,Shanghai,-0.7022262404899906,0.5784786755224227,-0.6141102119227658,-0.7877139084099387,0.8431035975402226,1.1576474059372033,-0.5450086526935878,-1.4122501517416906,-0.8901092786952363,1,0.0,0.0,0.0,0.0,0.0,0.0,-0.5575655883022339,9,0,0
0.2830188679245283,3,0.0,0.5698729954213632,-1.7440671699524368,1.2202035765074564,0,0.7076285475120645,0.5644546985547021,0.4637146698580946,Shanghai,-0.7022262404899906,0.5784786755224227,-0.6141102119227658,-0.7877139084099387,0.8431035975402226,6.216140063296679,-0.8838981878074318,0.33632551897080354,-1.0137159195051797,1,0.0,0.0,0.0,0.0,0.0,0.0,0.12056569356143318,9,0,0
0.3018867924528302,3,0.017857142857142856,0.5698729954213632,-1.7440671699524368,1.2202035765074564,0,0.7076285475120645,0.5644546985547021,0.4637146698580946,Shanghai,-0.7022262404899906,0.5784786755224227,-0.6141102119227658,-0.7877139084099387,0.8431035975402226,0.7973533984412645,-0.10223403484191697,-0.1361007170295984,-1.0469344328615489,1,0.0,0.0,0.0,0.0,0.0,0.0,0.21281363475187415,9,0,0
0.33962264150943394,3,0.05357142857142857,0.5698729954213632,-1.7440671699524368,1.2202035765074564,0,0.7076285475120645,0.5644546985547021,0.4637146698580946,Shanghai,-0.7022262404899906,0.5784786755224227,-0.6141102119227658,-0.7877139084099387,0.8431035975402226,0.8510454207309703,-0.09827612356812163,-0.5141122003727364,0.13093590399636484,1,0.0,0.0,0.0,0.0,0.0,0.0,0.397601276657704,9,0,0
0.3584905660377358,3,0.07142857142857142,0.5698729954213632,-1.7440671699524368,1.2202035765074564,0,0.7076285475120645,0.5644546985547021,0.4637146698580946,Shanghai,-0.7022262404899906,0.5784786755224227,-0.6141102119227658,-0.7877139084099387,0.8431035975402226,0.7806296537936511,-0.09394051547612299,-0.5972875340496399,0.48073764720189,1,0.0,0.0,0.0,0.0,0.0,0.0,0.48979539812995077,9,0,0
0.37735849056603776,3,0.08928571428571427,0.5698729954213632,-1.7440671699524368,1.2202035765074564,0,0.7076285475120645,0.5644546985547021,0.4637146698580946,Shanghai,-0.7022262404899906,0.5784786755224227,-0.6141102119227658,-0.7877139084099387,0.8431035975402226,0.8953486740956976,-0.08168154608231493,-0.6356374964083275,0.8265342581964049,1,0.0,0.0,0.0,0.0,0.0,0.0,0.5823587039848982,9,0,0
0.39622641509433965,3,0.10714285714285715,0.5698729954213632,-1.7440671699524368,1.2202035765074564,0,0.7076285475120645,0.5644546985547021,0.4637146698580946,Shanghai,-0.7022262404899906,0.5784786755224227,-0.6141102119227658,-0.7877139084099387,0.8431035975402226,0.9845419788829658,-0.050471582749736704,-0.880258910224302,1.0780826947157234,1,0.0,0.0,0.0,0.0,0.0,0.0,0.6752090483368818,9,0,0
0.41509433962264153,3,0.125,0.5698729954213632,-1.7440671699524368,1.2202035765074564,0,0.7076285475120645,0.5644546985547021,0.4637146698580946,Shanghai,-0.7022262404899906,0.5784786755224227,-0.6141102119227658,-0.7877139084099387,0.8431035975402226,0.8839061119683832,-0.017544342372265508,-0.9076176291072989,1.2548422771203325,1,0.0,0.0,0.0,0.0,0.0,0.0,0.7677355301741172,9,0,0
0.4339622641509434,3,0.14285714285714285,0.5698729954213632,-1.7440671699524368,1.2202035765074564,0,0.7076285475120645,0.5644546985547021,0.4637146698580946,Shanghai,-0.7022262404899906,0.5784786755224227,-0.6141102119227658,-0.7877139084099387,0.8431035975402226,0.9199941925237592,0.005020734020042829,-0.967809407228013,1.8271405526603393,1,0.0,0.0,0.0,0.0,0.0,0.0,0.8603781492979826,9,0,0
0.4528301886792453,3,0.1607142857142857,0.5698729954213632,-1.7440671699524368,1.2202035765074564,0,0.7076285475120645,0.5644546985547021,0.4637146698580946,Shanghai,-0.7022262404899906,0.5784786755224227,-0.6141102119227658,-0.7877139084099387,0.8431035975402226,0.775935269331166,0.03250554489795087,-0.9302338329437795,-1.445891411320289,1,0.0,0.0,0.0,0.0,0.0,0.0,0.9525571634809117,9,0,0
0.5094339622641509,2,0.5357142857142856,0.5698729954213632,-1.7440671699524368,1.2202035765074564,0,0.7076285475120645,0.5644546985547021,0.4637146698580946,Shanghai,-0.7022262404899906,0.5784786755224227,-0.6141102119227658,-0.7877139084099387,0.8431035975402226,5.972618869305123,0.23200910021033208,-0.3039186514768472,1.5301090223098326,1,0.0,0.0,0.0,0.0,0.0,0.0,1.2510082733905623,9,0,0
0.5660377358490566,2,0.5892857142857142,0.5698729954213632,-1.7440671699524368,1.2202035765074564,0,0.7076285475120645,0.5644546985547021,0.4637146698580946,Shanghai,-0.7022262404899906,0.5784786755224227,-0.6141102119227658,-0.7877139084099387,0.8431035975402226,0.4828296394545832,0.5828204345689758,1.6647064783491499,-0.8074664813613524,1,0.0,0.0,0.0,0.0,0.0,0.0,1.5238081502443914,9,0,0
0.5849056603773585,2,0.6071428571428571,0.5698729954213632,-1.7440671699524368,1.2202035765074564,0,0.7076285475120645,0.5644546985547021,0.4637146698580946,Shanghai,-0.7022262404899906,0.5784786755224227,-0.6141102119227658,-0.7877139084099387,0.8431035975402226,0.3772059890486086,0.5797973870699826,0.10868452244533089,-0.38290319224549074,1,0.0,0.0,0.0,0.0,0.0,0.0,1.6147039890409014,9,0,0
0.6037735849056604,2,0.6249999999999999,0.5698729954213632,-1.7440671699524368,1.2202035765074564,0,0.7076285475120645,0.5644546985547021,0.4637146698580946,Shanghai,-0.7022262404899906,0.5784786755224227,-0.6141102119227658,-0.7877139084099387,0.8431035975402226,0.43793958803204636,0.5734016319692578,0.19174782835008236,-0.10817160327755553,1,0.0,0.0,0.0,0.0,0.0,0.0,1.7057952783929582,9,0,0
0.6226415094339622,2,0.6428571428571428,0.5698729954213632,-1.7440671699524368,1.2202035765074564,0,0.7076285475120645,0.5644546985547021,0.4637146698580946,Shanghai,-0.7022262404899906,0.5784786755224227,-0.6141102119227658,-0.7877139084099387,0.8431035975402226,0.4443943666679645,0.5678699685970874,0.05708098741846569,0.19835962923452163,1,0.0,0.0,0.0,0.0,0.0,0.0,1.796907340267827,9,0,0
0.6415094339622641,2,0.6607142857142856,0.4907128502815942,-1.6062125734139148,1.0845407179076676,0,0.33792534393957424,0.47705557813738986,-0.4344486732838078,Shanghai,-0.7022262404899906,0.5784786755224227,-0.6141102119227658,-0.7877139084099387,0.8431035975402226,0.4913382112928454,0.5645143872057401,-0.18175921389694547,0.383201038661612,1,0.0,0.0,0.0,0.0,0.0,0.0,-1.5113180332998046,9,0,0
0.660377358490566,2,0.6785714285714285,0.4907128502815942,-1.6062125734139148,1.0845407179076676,0,0.33792534393957424,0.47705557813738986,-0.4344486732838078,Shanghai,-0.7022262404899906,0.5784786755224227,-0.6141102119227658,-0.7877139084099387,0.8431035975402226,0.4608247122866751,0.5667467252761488,-0.22714160118561244,0.5500241121952896,1,0.0,0.0,0.0,0.0,0.0,0.0,-1.420153095912324,9,0,0
0.6792452830188679,2,0.6964285714285713,0.4907128502815942,-1.6062125734139148,1.0845407179076676,0,0.33792534393957424,0.47705557813738986,-0.4344486732838078,Shanghai,-0.7022262404899906,0.5784786755224227,-0.6141102119227658,-0.7877139084099387,0.8431035975402226,0.49075141323503163,0.5728169347983542,-0.26843245117888703,0.7232400438295652,1,0.0,0.0,0.0,0.0,0.0,0.0,-1.3288918495554431,9,0,0
0.6981132075471698,2,0.7142857142857142,0.4907128502815942,-1.6062125734139148,1.0845407179076676,0,0.33792534393957424,0.47705557813738986,-0.4344486732838078,Shanghai,-0.7022262404899906,0.5784786755224227,-0.6141102119227658,-0.7877139084099387,0.8431035975402226,0.5033675714779694,0.5838605061874579,-0.28892725614637965,0.8554707821563922,1,0.0,0.0,0.0,0.0,0.0,0.0,-1.2375900023585211,9,0,0
0.7169811320754716,2,0.7321428571428571,0.4907128502815942,-1.6062125734139148,1.0845407179076676,0,0.33792534393957424,0.47705557813738986,-0.4344486732838078,Shanghai,-0.7022262404899906,0.5784786755224227,-0.6141102119227658,-0.7877139084099387,0.8431035975402226,0.4828296394545832,0.5952081754279244,-0.23684232111173326,1.035608251020282,1,0.0,0.0,0.0,0.0,0.0,0.0,-1.146354249552364,9,0,0
0.7358490566037735,2,0.7499999999999999,0.4907128502815942,-1.6062125734139148,1.0845407179076676,0,0.33792534393957424,0.47705557813738986,-0.4344486732838078,Shanghai,-0.7022262404899906,0.5784786755224227,-0.6141102119227658,-0.7877139084099387,0.8431035975402226,0.4904580142061289,0.6003965037217055,-0.22244277685459193,1.1766096722448502,1,0.0,0.0,0.0,0.0,0.0,0.0,-1.0550939474010654,9,0,0
0.7547169811320754,2,0.7678571428571428,0.4907128502815942,-1.6062125734139148,1.0845407179076676,0,0.33792534393957424,0.47705557813738986,-0.4344486732838078,Shanghai,-0.7022262404899906,0.5784786755224227,-0.6141102119227658,-0.7877139084099387,0.8431035975402226,0.4910448122639385,0.605210889295542,-0.3950938109280618,1.3580284046600128,1,0.0,0.0,0.0,0.0,0.0,0.0,-0.9638317568386023,9,0,0
0.7735849056603773,2,0.7857142857142856,0.4907128502815942,-1.6062125734139148,1.0845407179076676,0,0.33792534393957424,0.47705557813738986,-0.4344486732838078,Shanghai,-0.7022262404899906,0.5784786755224227,-0.6141102119227658,-0.7877139084099387,0.8431035975402226,0.5723163432707583,0.6072515615738655,-0.5319241410489691,1.4806339594741118,1,0.0,0.0,0.0,0.0,0.0,0.0,-0.872308021329827,9,0,0
0.7924528301886792,2,0.8035714285714285,0.4907128502815942,-1.6062125734139148,1.0845407179076676,0,0.33792534393957424,0.47705557813738986,-0.4344486732838078,Shanghai,-0.7022262404899906,0.5784786755224227,-0.6141102119227658,-0.7877139084099387,0.8431035975402226,0.6978911276423053,0.6115556374436248,-1.161805443801179,1.6031325251547672,1,0.0,0.0,0.0,0.0,0.0,0.0,-0.780380165831804,9,0,0
0.8113207547169811,2,0.8214285714285713,0.4907128502815942,-1.6062125734139148,1.0845407179076676,0,0.33792534393957424,0.47705557813738986,-0.4344486732838078,Shanghai,-0.7022262404899906,0.5784786755224227,-0.6141102119227658,-0.7877139084099387,0.8431035975402226,0.5347612675708561,0.626449634120492,-1.0447598483726082,-1.095087543673335,1,0.0,0.0,0.0,0.0,0.0,0.0,-0.6889772886375701,9,0,0
0.8301886792452831,2,0.8392857142857142,0.4907128502815942,-1.6062125734139148,1.0845407179076676,0,0.33792534393957424,0.47705557813738986,-0.4344486732838078,Shanghai,-0.7022262404899906,0.5784786755224227,-0.6141102119227658,-0.7877139084099387,0.8431035975402226,0.4458613618124948,0.6373365906652562,-0.9891966645159384,1.6779693917959566,1,0.0,0.0,0.0,0.0,0.0,0.0,-0.5978605057347895,9,0,0
0.8490566037735849,2,0.8571428571428571,0.4907128502815942,-1.6062125734139148,1.0845407179076676,0,0.33792534393957424,0.47705557813738986,-0.4344486732838078,Shanghai,-0.7022262404899906,0.5784786755224227,-0.6141102119227658,-0.7877139084099387,0.8431035975402226,0.5582331898832944,0.6454412485502433,-1.304183454633009,1.7637448131297178,1,0.0,0.0,0.0,0.0,0.0,0.0,-0.5063820920939672,9,0,0
0.9433962264150944,2,0.9464285714285713,0.4907128502815942,-1.6062125734139148,1.0845407179076676,0,0.33792534393957424,0.47705557813738986,-0.4344486732838078,Shanghai,-0.7022262404899906,0.5784786755224227,-0.6141102119227658,-0.7877139084099387,0.8431035975402226,0.6644436383470786,0.7335658413407748,-1.2631478838281307,2.16921803018393,1,0.0,0.0,0.0,0.0,0.0,0.0,-0.04843199839068432,9,0,0
0.9622641509433962,2,0.9642857142857142,0.4907128502815942,-1.6062125734139148,1.0845407179076676,0,0.33792534393957424,0.47705557813738986,-0.4344486732838078,Shanghai,-0.7022262404899906,0.5784786755224227,-0.6141102119227658,-0.7877139084099387,0.8431035975402226,0.5300668831083668,0.7574581389566177,-1.2553528615735334,2.1887611926554804,1,0.0,0.0,0.0,0.0,0.0,0.0,0.042955771514231966,9,0,0
0.9811320754716981,2,0.9821428571428571,0.4907128502815942,-1.6062125734139148,1.0845407179076676,0,0.33792534393957424,0.47705557813738986,-0.4344486732838078,Shanghai,-0.7022262404899906,0.5784786755224227,-0.6141102119227658,-0.7877139084099387,0.8431035975402226,0.6497736869018053,0.7693661248387054,-1.0890078634293947,2.3035293548162428,1,0.0,0.0,0.0,0.0,0.0,0.0,0.13472877729674898,9,0,0
0.4528301886792453,2,0.2857142857142857,0.5698729954213632,-1.7440671699524368,1.2202035765074564,0,0.7076285475120645,0.5644546985547021,0.4637146698580946,Shanghai,-0.7022262404899906,0.5784786755224227,-0.6141102119227658,-0.7877139084099387,0.8431035975402226,0.8610209877137545,-0.4210326933750636,-1.2117024398721563,-1.1575958467835414,1,0.0,0.0,0.0,0.0,0.0,0.0,0.9396508173757097,10,8,0
0.4716981132075472,2,0.30357142857142855,0.5698729954213632,-1.7440671699524368,1.2202035765074564,0,0.7076285475120645,0.5644546985547021,0.4637146698580946,Shanghai,-0.7022262404899906,0.5784786755224227,-0.6141102119227658,-0.7877139084099387,0.8431035975402226,0.7595049237124554,-0.38541079403386813,-1.137182702973078,-1.1678497140249677,1,0.0,0.0,0.0,0.0,0.0,0.0,1.0317769560460273,10,8,0
0.49056603773584906,2,0.3214285714285714,0.5698729954213632,-1.7440671699524368,1.2202035765074564,0,0.7076285475120645,0.5644546985547021,0.4637146698580946,Shanghai,-0.7022262404899906,0.5784786755224227,-0.6141102119227658,-0.7877139084099387,0.8431035975402226,0.8906542896332083,-0.34628285074444204,-1.2961935560766698,-1.0343478192329223,1,0.0,0.0,0.0,0.0,0.0,0.0,1.1243251546116568,10,8,0
0.5094339622641509,2,0.33928571428571425,0.5698729954213632,-1.7440671699524368,1.2202035765074564,0,0.7076285475120645,0.5644546985547021,0.4637146698580946,Shanghai,-0.7022262404899906,0.5784786755224227,-0.6141102119227658,-0.7877139084099387,0.8431035975402226,0.8871335012863423,-0.3022976925288649,-1.2852699417407563,-1.1497142343979536,1,0.0,0.0,0.0,0.0,0.0,0.0,1.2168620227102986,10,8,0
0.5283018867924528,2,0.35714285714285715,0.5698729954213632,-1.7440671699524368,1.2202035765074564,0,0.7076285475120645,0.5644546985547021,0.4637146698580946,Shanghai,-0.7022262404899906,0.5784786755224227,-0.6141102119227658,-0.7877139084099387,0.8431035975402226,0.8475246323841044,-0.2551873373003525,-1.45500563318796,-1.2205425500115588,1,0.0,0.0,0.0,0.0,0.0,0.0,1.3092714230553222,10,8,0
0.6037735849056604,2,0.42857142857142855,0.5698729954213632,-1.7440671699524368,1.2202035765074564,0,0.7076285475120645,0.5644546985547021,0.4637146698580946,Shanghai,-0.7022262404899906,0.5784786755224227,-0.6141102119227658,-0.7877139084099387,0.8431035975402226,0.7468887654695219,-0.1088496836667548,-0.7302627614521158,-1.27341572035811,1,0.0,0.0,0.0,0.0,0.0,0.0,1.6782424152942748,10,8,0
0.6415094339622641,2,0.46428571428571425,0.4907128502815942,-1.6062125734139148,1.0845407179076676,0,0.33792534393957424,0.47705557813738986,-0.4344486732838078,Shanghai,-0.7022262404899906,0.5784786755224227,-0.6141102119227658,-0.7877139084099387,0.8431035975402226,0.8410698537481821,-0.06772278246204483,1.6642888605878878,-1.2244035982485186,1,0.0,0.0,0.0,0.0,0.0,0.0,-1.5369551032718909,10,8,0
0.660377358490566,2,0.48214285714285715,0.4907128502815942,-1.6062125734139148,1.0845407179076676,0,0.33792534393957424,0.47705557813738986,-0.4344486732838078,Shanghai,-0.7022262404899906,0.5784786755224227,-0.6141102119227658,-0.7877139084099387,0.8431035975402226,0.5863994966582221,-0.029501177882983134,-0.9131439700299565,-1.2883970706639103,1,0.0,0.0,0.0,0.0,0.0,0.0,-1.4453860458951626,10,8,0
0.6792452830188679,2,0.49999999999999994,0.4907128502815942,-1.6062125734139148,1.0845407179076676,0,0.33792534393957424,0.47705557813738986,-0.4344486732838078,Shanghai,-0.7022262404899906,0.5784786755224227,-0.6141102119227658,-0.7877139084099387,0.8431035975402226,0.6711918160119079,-0.007493836135042214,-0.5141122003727364,-1.2370124538190574,1,0.0,0.0,0.0,0.0,0.0,0.0,-1.3535441131051338,10,8,0
0.6981132075471698,2,0.5178571428571428,0.4907128502815942,-1.6062125734139148,1.0845407179076676,0,0.33792534393957424,0.47705557813738986,-0.4344486732838078,Shanghai,-0.7022262404899906,0.5784786755224227,-0.6141102119227658,-0.7877139084099387,0.8431035975402226,0.6336367403120057,0.027221872536078023,-0.03623168861103317,-1.2984579324756027,1,0.0,0.0,0.0,0.0,0.0,0.0,-1.2618230386296463,10,8,0
0.7169811320754716,2,0.5357142857142856,0.4907128502815942,-1.6062125734139148,1.0845407179076676,0,0.33792534393957424,0.47705557813738986,-0.4344486732838078,Shanghai,-0.7022262404899906,0.5784786755224227,-0.6141102119227658,-0.7877139084099387,0.8431035975402226,0.631289548080759,0.05707028993193877,0.3874490155722148,-1.2600436317485146,1,0.0,0.0,0.0,0.0,0.0,0.0,-1.1701095177988179,10,8,0
0.7358490566037735,2,0.5535714285714285,0.4907128502815942,-1.6062125734139148,1.0845407179076676,0,0.33792534393957424,0.47705557813738986,-0.4344486732838078,Shanghai,-0.7022262404899906,0.5784786755224227,-0.6141102119227658,-0.7877139084099387,0.8431035975402226,0.6177931927511089,0.07843753649246266,0.6480602340677334,-1.2104485141264743,1,0.0,0.0,0.0,0.0,0.0,0.0,-1.0784394304247775,10,8,0
0.7547169811320754,2,0.5714285714285714,0.4907128502815942,-1.6062125734139148,1.0845407179076676,0,0.33792534393957424,0.47705557813738986,-0.4344486732838078,Shanghai,-0.7022262404899906,0.5784786755224227,-0.6141102119227658,-0.7877139084099387,0.8431035975402226,0.6415585140924541,0.09704963385660025,0.8728116100709628,-1.1975572662193439,1,0.0,0.0,0.0,0.0,0.0,0.0,-0.9866928623985667,10,8,0
0.7735849056603773,2,0.5892857142857142,0.4907128502815942,-1.6062125734139148,1.0845407179076676,0,0.33792534393957424,0.47705557813738986,-0.4344486732838078,Shanghai,-0.7022262404899906,0.5784786755224227,-0.6141102119227658,-0.7877139084099387,0.8431035975402226,0.5714361461840418,0.11320498944414302,1.0399450178336926,-1.339302951001364,1,0.0,0.0,0.0,0.0,0.0,0.0,-0.8951719595065385,10,8,0
0.7924528301886792,2,0.6071428571428571,0.4907128502815942,-1.6062125734139148,1.0845407179076676,0,0.33792534393957424,0.47705557813738986,-0.4344486732838078,Shanghai,-0.7022262404899906,0.5784786755224227,-0.6141102119227658,-0.7877139084099387,0.8431035975402226,0.5902136840339908,0.11963159890905392,1.2219224363245451,-1.3233597160128003,1,0.0,0.0,0.0,0.0,0.0,0.0,-0.8035906274572395,10,8,0
0.8113207547169811,2,0.6249999999999999,0.4907128502815942,-1.6062125734139148,1.0845407179076676,0,0.33792534393957424,0.47705557813738986,-0.4344486732838078,Shanghai,-0.7022262404899906,0.5784786755224227,-0.6141102119227658,-0.7877139084099387,0.8431035975402226,0.5456170316403567,0.1329538685884684,1.3739867083250443,-1.4663585373108334,1,0.0,0.0,0.0,0.0,0.0,0.0,-0.7121528146564584,10,8,0
0.8301886792452831,2,0.6428571428571428,0.4907128502815942,-1.6062125734139148,1.0845407179076676,0,0.33792534393957424,0.47705557813738986,-0.4344486732838078,Shanghai,-0.7022262404899906,0.5784786755224227,-0.6141102119227658,-0.7877139084099387,0.8431035975402226,0.42561682881801555,0.15027664117588257,1.4772863739681852,-1.4608027205712726,1,0.0,0.0,0.0,0.0,0.0,0.0,-0.6211011819388604,10,8,0
0.8490566037735849,2,0.6607142857142856,0.4907128502815942,-1.6062125734139148,1.0845407179076676,0,0.33792534393957424,0.47705557813738986,-0.4344486732838078,Shanghai,-0.7022262404899906,0.5784786755224227,-0.6141102119227658,-0.7877139084099387,0.8431035975402226,0.4482085540437374,0.16076474667319746,1.5834079646132484,-1.461357492009575,1,0.0,0.0,0.0,0.0,0.0,0.0,-0.529976845391421,10,8,0
0.9056603773584906,2,0.7142857142857142,0.4907128502815942,-1.6062125734139148,1.0845407179076676,0,0.33792534393957424,0.47705557813738986,-0.4344486732838078,Shanghai,-0.7022262404899906,0.5784786755224227,-0.6141102119227658,-0.7877139084099387,0.8431035975402226,0.3478660861580617,0.19305947795148531,1.847273636048734,-1.4775245273022948,1,0.0,0.0,0.0,0.0,0.0,0.0,-0.25737997273779795,10,8,0
0.9245283018867925,2,0.7321428571428571,0.4907128502815942,-1.6062125734139148,1.0845407179076676,0,0.33792534393957424,0.47705557813738986,-0.4344486732838078,Shanghai,-0.7022262404899906,0.5784786755224227,-0.6141102119227658,-0.7877139084099387,0.8431035975402226,0.4106534783438352,0.20217202768467016,1.9172877102990062,-1.367434443166664,1,0.0,0.0,0.0,0.0,0.0,0.0,-0.16637649450490005,10,8,0
0.9433962264150944,2,0.7499999999999999,0.4907128502815942,-1.6062125734139148,1.0845407179076676,0,0.33792534393957424,0.47705557813738986,-0.4344486732838078,Shanghai,-0.7022262404899906,0.5784786755224227,-0.6141102119227658,-0.7877139084099387,0.8431035975402226,0.29945524638865473,0.22219978674002122,1.9819145401405909,-1.264984093202962,1,0.0,0.0,0.0,0.0,0.0,0.0,-0.07573087018771435,10,8,0
0.9622641509433962,2,0.7678571428571428,0.4907128502815942,-1.6062125734139148,1.0845407179076676,0,0.33792534393957424,0.47705557813738986,-0.4344486732838078,Shanghai,-0.7022262404899906,0.5784786755224227,-0.6141102119227658,-0.7877139084099387,0.8431035975402226,0.29241366969492283,0.230498158223266,2.032517024240757,-0.9761063525273895,1,0.0,0.0,0.0,0.0,0.0,0.0,0.014892093195494933,10,8,0
0.9811320754716981,2,0.7857142857142856,0.4907128502815942,-1.6062125734139148,1.0845407179076676,0,0.33792534393957424,0.47705557813738986,-0.4344486732838078,Shanghai,-0.7022262404899906,0.5784786755224227,-0.6141102119227658,-0.7877139084099387,0.8431035975402226,0.2225847008154174,0.23054397242656396,2.081685596480942,-0.8261281408089235,1,0.0,0.0,0.0,0.0,0.0,0.0,0.10529033565010383,10,8,0
0.13207547169811318,3,0.17857142857142858,0.5698729954213632,-1.7440671699524368,1.2202035765074564,0,0.7076285475120645,0.5644546985547021,0.4637146698580946,Shanghai,-0.7022262404899906,0.5784786755224227,-0.6141102119227658,-0.7877139084099387,0.8431035975402226,0.920287591552662,-3.1549670136517918,-1.4310565520559777,-1.3684852755913093,1,0.0,0.0,0.0,0.0,0.0,0.0,-0.6738180680128705,11,9,0
0.15094339622641512,3,0.19642857142857142,0.5698729954213632,-1.7440671699524368,1.2202035765074564,0,0.7076285475120645,0.5644546985547021,0.4637146698580946,Shanghai,-0.7022262404899906,0.5784786755224227,-0.6141102119227658,-0.7877139084099387,0.8431035975402226,0.9434661148361976,-3.1573060947951004,-1.4343020357839447,-1.2384733125848781,1,0.0,0.0,0.0,0.0,0.0,0.0,-0.5810999124424169,11,9,0
0.169811320754717,3,0.21428571428571427,0.5698729954213632,-1.7440671699524368,1.2202035765074564,0,0.7076285475120645,0.5644546985547021,0.4637146698580946,Shanghai,-0.7022262404899906,0.5784786755224227,-0.6141102119227658,-0.7877139084099387,0.8431035975402226,0.9880627672298318,-3.124968444690162,-1.3894334267934016,-1.1464793764036212,1,0.0,0.0,0.0,0.0,0.0,0.0,-0.48823823762344526,11,9,0
0.18867924528301888,3,0.23214285714285715,0.5698729954213632,-1.7440671699524368,1.2202035765074564,0,0.7076285475120645,0.5644546985547021,0.4637146698580946,Shanghai,-0.7022262404899906,0.5784786755224227,-0.6141102119227658,-0.7877139084099387,0.8431035975402226,0.9997987283860488,-2.9839786438559686,-1.1938095572557104,-1.211407292096888,1,0.0,0.0,0.0,0.0,0.0,0.0,-0.3953387945811797,11,9,0
0.4339622641509434,2,0.19642857142857142,0.5698729954213632,-1.7440671699524368,1.2202035765074564,0,0.7076285475120645,0.5644546985547021,0.4637146698580946,Shanghai,-0.7022262404899906,0.5784786755224227,-0.6141102119227658,-0.7877139084099387,0.8431035975402226,0.5200913161255827,-2.5472428767428434,-0.5878370668863125,-1.4262094696552083,1,0.0,0.0,0.0,0.0,0.0,0.0,0.8231273506629372,11,9,0
0.4528301886792453,2,0.21428571428571427,0.5698729954213632,-1.7440671699524368,1.2202035765074564,0,0.7076285475120645,0.5644546985547021,0.4637146698580946,Shanghai,-0.7022262404899906,0.5784786755224227,-0.6141102119227658,-0.7877139084099387,0.8431035975402226,0.4482085540437374,-2.6341727535033823,-0.7084525920499375,-1.2689467480621723,1,0.0,0.0,0.0,0.0,0.0,0.0,0.9142516872103766,11,9,0
0.4716981132075472,2,0.23214285714285715,0.5698729954213632,-1.7440671699524368,1.2202035765074564,0,0.7076285475120645,0.5644546985547021,0.4637146698580946,Shanghai,-0.7022262404899906,0.5784786755224227,-0.6141102119227658,-0.7877139084099387,0.8431035975402226,0.4546633326796597,-2.765001625832437,-0.8899781357476727,-1.0816988084978456,1,0.0,0.0,0.0,0.0,0.0,0.0,1.0053967962806278,11,9,0
0.49056603773584906,2,0.25,0.5698729954213632,-1.7440671699524368,1.2202035765074564,0,0.7076285475120645,0.5644546985547021,0.4637146698580946,Shanghai,-0.7022262404899906,0.5784786755224227,-0.6141102119227658,-0.7877139084099387,0.8431035975402226,0.39715712301418093,-2.765563790150402,-0.8907581408157392,-1.0248606727292484,1,0.0,0.0,0.0,0.0,0.0,0.0,1.0963568410567375,11,9,0
0.5094339622641509,2,0.26785714285714285,0.5698729954213632,-1.7440671699524368,1.2202035765074564,0,0.7076285475120645,0.5644546985547021,0.4637146698580946,Shanghai,-0.7022262404899906,0.5784786755224227,-0.6141102119227658,-0.7877139084099387,0.8431035975402226,0.40654589193915963,-2.907179323148914,-1.087250216043161,-0.6917680775101314,1,0.0,0.0,0.0,0.0,0.0,0.0,1.1873471004114828,11,9,0
0.5283018867924528,2,0.2857142857142857,0.5698729954213632,-1.7440671699524368,1.2202035765074564,0,0.7076285475120645,0.5644546985547021,0.4637146698580946,Shanghai,-0.7022262404899906,0.5784786755224227,-0.6141102119227658,-0.7877139084099387,0.8431035975402226,0.5517784112473721,-3.0044044444196376,-1.2221504309999691,-0.4864858347204178,1,0.0,0.0,0.0,0.0,0.0,0.0,1.2788047415294934,11,9,0
0.5471698113207547,2,0.30357142857142855,0.5698729954213632,-1.7440671699524368,1.2202035765074564,0,0.7076285475120645,0.5644546985547021,0.4637146698580946,Shanghai,-0.7022262404899906,0.5784786755224227,-0.6141102119227658,-0.7877139084099387,0.8431035975402226,0.5259592967036912,-2.9493805852167556,-1.145804623072887,-0.3834945462300379,1,0.0,0.0,0.0,0.0,0.0,0.0,1.3701792925562566,11,9,0
0.5660377358490566,2,0.3214285714285714,0.5698729954213632,-1.7440671699524368,1.2202035765074564,0,0.7076285475120645,0.5644546985547021,0.4637146698580946,Shanghai,-0.7022262404899906,0.5784786755224227,-0.6141102119227658,-0.7877139084099387,0.8431035975402226,0.6494802878728984,-2.8472993446214763,-1.004166524612551,-0.2897026348030638,1,0.0,0.0,0.0,0.0,0.0,0.0,1.4619513541331912,11,9,0
0.5849056603773585,2,0.33928571428571425,0.5698729954213632,-1.7440671699524368,1.2202035765074564,0,0.7076285475120645,0.5644546985547021,0.4637146698580946,Shanghai,-0.7022262404899906,0.5784786755224227,-0.6141102119227658,-0.7877139084099387,0.8431035975402226,0.5494312190161296,-2.735030926555893,-0.848393679776116,-0.3882327423327771,1,0.0,0.0,0.0,0.0,0.0,0.0,1.5534014416065427,11,9,0
0.6037735849056604,2,0.35714285714285715,0.5698729954213632,-1.7440671699524368,1.2202035765074564,0,0.7076285475120645,0.5644546985547021,0.4637146698580946,Shanghai,-0.7022262404899906,0.5784786755224227,-0.6141102119227658,-0.7877139084099387,0.8431035975402226,0.3915825414649793,-2.6777769994844456,-0.7689536444425181,-0.4455242636087996,1,0.0,0.0,0.0,0.0,0.0,0.0,1.6443435464765876,11,9,0
0.6226415094339622,2,0.375,0.5698729954213632,-1.7440671699524368,1.2202035765074564,0,0.7076285475120645,0.5644546985547021,0.4637146698580946,Shanghai,-0.7022262404899906,0.5784786755224227,-0.6141102119227658,-0.7877139084099387,0.8431035975402226,0.3792597822509484,-2.8099562980693156,-0.9523529095592835,-0.33509401044987636,1,0.0,0.0,0.0,0.0,0.0,0.0,1.7352459947121741,11,9,0
0.6415094339622641,2,0.39285714285714285,0.4907128502815942,-1.6062125734139148,1.0845407179076676,0,0.33792534393957424,0.47705557813738986,-0.4344486732838078,Shanghai,-0.7022262404899906,0.5784786755224227,-0.6141102119227658,-0.7877139084099387,0.8431035975402226,0.35520106188069633,-2.9379587289558997,-1.129956755313433,-0.20637206153230908,1,0.0,0.0,0.0,0.0,0.0,0.0,-1.5734174902456701,11,9,0
0.660377358490566,2,0.4107142857142857,0.4907128502815942,-1.6062125734139148,1.0845407179076676,0,0.33792534393957424,0.47705557813738986,-0.4344486732838078,Shanghai,-0.7022262404899906,0.5784786755224227,-0.6141102119227658,-0.7877139084099387,0.8431035975402226,0.36253603760333514,-3.052037865352657,-1.2882419785239874,-0.1056552860938178,1,0.0,0.0,0.0,0.0,0.0,0.0,-1.4825688617282784,11,9,0
0.6792452830188679,2,0.42857142857142855,0.4907128502815942,-1.6062125734139148,1.0845407179076676,0,0.33792534393957424,0.47705557813738986,-0.4344486732838078,Shanghai,-0.7022262404899906,0.5784786755224227,-0.6141102119227658,-0.7877139084099387,0.8431035975402226,0.4153478628063245,-3.0459788027023076,-1.2798350067117024,-0.024385209623888137,1,0.0,0.0,0.0,0.0,0.0,0.0,-1.3915502762060625,11,9,0
0.6981132075471698,2,0.4464285714285714,0.4907128502815942,-1.6062125734139148,1.0845407179076676,0,0.33792534393957424,0.47705557813738986,-0.4344486732838078,Shanghai,-0.7022262404899906,0.5784786755224227,-0.6141102119227658,-0.7877139084099387,0.8431035975402226,0.49280520643737147,-2.9154374331412147,-1.098708374166681,-0.002701680333973922,1,0.0,0.0,0.0,0.0,0.0,0.0,-1.3002824204101053,11,9,0
0.7169811320754716,2,0.46428571428571425,0.4907128502815942,-1.6062125734139148,1.0845407179076676,0,0.33792534393957424,0.47705557813738986,-0.4344486732838078,Shanghai,-0.7022262404899906,0.5784786755224227,-0.6141102119227658,-0.7877139084099387,0.8431035975402226,0.5535388054208051,-2.729016874695419,-0.8400491606010736,-0.04829097908174409,1,0.0,0.0,0.0,0.0,0.0,0.0,-1.2088191140586007,11,9,0
0.7358490566037735,2,0.48214285714285715,0.4907128502815942,-1.6062125734139148,1.0845407179076676,0,0.33792534393957424,0.47705557813738986,-0.4344486732838078,Shanghai,-0.7022262404899906,0.5784786755224227,-0.6141102119227658,-0.7877139084099387,0.8431035975402226,0.5837589053980726,-2.5879773147953395,-0.6443562501756336,-0.18253786251149737,1,0.0,0.0,0.0,0.0,0.0,0.0,-1.1172585545321134,11,9,0
0.7547169811320754,2,0.49999999999999994,0.4907128502815942,-1.6062125734139148,1.0845407179076676,0,0.33792534393957424,0.47705557813738986,-0.4344486732838078,Shanghai,-0.7022262404899906,0.5784786755224227,-0.6141102119227658,-0.7877139084099387,0.8431035975402226,0.5168639268076194,-2.4496933339202647,-0.4524867158277441,-0.32277639864945235,1,0.0,0.0,0.0,0.0,0.0,0.0,-1.0259132738784031,11,9,0
0.7735849056603773,2,0.5178571428571428,0.4907128502815942,-1.6062125734139148,1.0845407179076676,0,0.33792534393957424,0.47705557813738986,-0.4344486732838078,Shanghai,-0.7022262404899906,0.5784786755224227,-0.6141102119227658,-0.7877139084099387,0.8431035975402226,0.4150544637774176,-2.405205860970381,-0.3907601827528855,-0.37111878526085096,1,0.0,0.0,0.0,0.0,0.0,0.0,-0.9348956325617699,11,9,0
0.7924528301886792,2,0.5357142857142856,0.4907128502815942,-1.6062125734139148,1.0845407179076676,0,0.33792534393957424,0.47705557813738986,-0.4344486732838078,Shanghai,-0.7022262404899906,0.5784786755224227,-0.6141102119227658,-0.7877139084099387,0.8431035975402226,0.31940638035422714,-2.4644612165661055,-0.472977207558103,-0.31963955855076714,1,0.0,0.0,0.0,0.0,0.0,0.0,-0.844185802264984,11,9,0
0.8113207547169811,2,0.5535714285714285,0.4907128502815942,-1.6062125734139148,1.0845407179076676,0,0.33792534393957424,0.47705557813738986,-0.4344486732838078,Shanghai,-0.7022262404899906,0.5784786755224227,-0.6141102119227658,-0.7877139084099387,0.8431035975402226,0.25691238719736054,-2.5528769000808604,-0.5956542950824475,-0.25533348121117405,1,0.0,0.0,0.0,0.0,0.0,0.0,-0.7536770877572397,11,9,0
0.8301886792452831,2,0.5714285714285714,0.4907128502815942,-1.6062125734139148,1.0845407179076676,0,0.33792534393957424,0.47705557813738986,-0.4344486732838078,Shanghai,-0.7022262404899906,0.5784786755224227,-0.6141102119227658,-0.7877139084099387,0.8431035975402226,0.2131959318904429,-2.621146676434992,-0.6903788619933119,-0.14225183831071658,1,0.0,0.0,0.0,0.0,0.0,0.0,-0.6633090598812661,11,9,0
0.8490566037735849,2,0.5892857142857142,0.4907128502815942,-1.6062125734139148,1.0845407179076676,0,0.33792534393957424,0.47705557813738986,-0.4344486732838078,Shanghai,-0.7022262404899906,0.5784786755224227,-0.6141102119227658,-0.7877139084099387,0.8431035975402226,0.20087317267641205,-2.6967353912373015,-0.7952584830405004,-0.02222841169079611,1,0.0,0.0,0.0,0.0,0.0,0.0,-0.5729806886397514,11,9,0
0.8679245283018868,2,0.6071428571428571,0.4907128502815942,-1.6062125734139148,1.0845407179076676,0,0.33792534393957424,0.47705557813738986,-0.4344486732838078,Shanghai,-0.7022262404899906,0.5784786755224227,-0.6141102119227658,-0.7877139084099387,0.8431035975402226,0.2035137639365615,-2.779704549694535,-0.9103784969256005,0.08003431791573878,1,0.0,0.0,0.0,0.0,0.0,0.0,-0.48264381954799557,11,9,0
0.8867924528301887,2,0.6249999999999999,0.4907128502815942,-1.6062125734139148,1.0845407179076676,0,0.33792534393957424,0.47705557813738986,-0.4344486732838078,Shanghai,-0.7022262404899906,0.5784786755224227,-0.6141102119227658,-0.7877139084099387,0.8431035975402226,0.26952854544029825,-2.765282674930645,-0.8903680924097593,0.18737567822131132,1,0.0,0.0,0.0,0.0,0.0,0.0,-0.3920945042002101,11,9,0
0.9056603773584906,2,0.6428571428571428,0.4907128502815942,-1.6062125734139148,1.0845407179076676,0,0.33792534393957424,0.47705557813738986,-0.4344486732838078,Shanghai,-0.7022262404899906,0.5784786755224227,-0.6141102119227658,-0.7877139084099387,0.8431035975402226,0.25515199302392755,-2.824931034430218,-0.9731304115835011,0.2514307195738441,1,0.0,0.0,0.0,0.0,0.0,0.0,-0.3015914549259598,11,9,0
0.9245283018867925,2,0.6607142857142856,0.4907128502815942,-1.6062125734139148,1.0845407179076676,0,0.33792534393957424,0.47705557813738986,-0.4344486732838078,Shanghai,-0.7022262404899906,0.5784786755224227,-0.6141102119227658,-0.7877139084099387,0.8431035975402226,0.13867257854844814,-2.804134701969705,-0.9442754234634579,0.3571082027923768,1,0.0,0.0,0.0,0.0,0.0,0.0,-0.2114632552679043,11,9,0
0.9433962264150944,2,0.6785714285714285,0.4907128502815942,-1.6062125734139148,1.0845407179076676,0,0.33792534393957424,0.47705557813738986,-0.4344486732838078,Shanghai,-0.7022262404899906,0.5784786755224227,-0.6141102119227658,-0.7877139084099387,0.8431035975402226,0.5547124015364285,-2.8234545975244023,-0.9710818499220546,0.5476217881003034,1,0.0,0.0,0.0,0.0,0.0,0.0,-0.11999617209407018,11,9,0
0.9622641509433962,2,0.6964285714285713,0.4907128502815942,-1.6062125734139148,1.0845407179076676,0,0.33792534393957424,0.47705557813738986,-0.4344486732838078,Shanghai,-0.7022262404899906,0.5784786755224227,-0.6141102119227658,-0.7877139084099387,0.8431035975402226,1.1673295738910805,-2.5062662776647904,-0.5309818842793784,0.3720126732640323,1,0.0,0.0,0.0,0.0,0.0,0.0,-0.026557587664280135,11,9,0
0.9811320754716981,2,0.7142857142857142,0.4907128502815942,-1.6062125734139148,1.0845407179076676,0,0.33792534393957424,0.47705557813738986,-0.4344486732838078,Shanghai,-0.7022262404899906,0.5784786755224227,-0.6141102119227658,-0.7877139084099387,0.8431035975402226,1.3017063291297966,-1.9709806821879625,0.2117288570324051,-0.3637944912009572,1,0.0,0.0,0.0,0.0,0.0,0.0,0.06731344292222807,11,9,0
0.18867924528301888,2,0.0,0.5698729954213632,-1.7440671699524368,1.2202035765074564,0,0.7076285475120645,0.5644546985547021,0.4637146698580946,Shanghai,-0.7022262404899906,0.5784786755224227,-0.6141102119227658,-0.7877139084099387,0.8431035975402226,6.089685081838411,-1.3669841357199104,-0.5382195757698099,-0.20770595833577005,1,0.0,0.0,0.0,0.0,0.0,0.0,-0.3693655874217752,12,4,0
0.3584905660377358,2,0.1607142857142857,0.5698729954213632,-1.7440671699524368,1.2202035765074564,0,0.7076285475120645,0.5644546985547021,0.4637146698580946,Shanghai,-0.7022262404899906,0.5784786755224227,-0.6141102119227658,-0.7877139084099387,0.8431035975402226,0.6802871859079754,-1.7682608932448936,-1.4353852770781381,-0.9311425687068227,1,0.0,0.0,0.0,0.0,0.0,0.0,0.4611784153399541,12,4,0
0.37735849056603776,2,0.17857142857142858,0.5698729954213632,-1.7440671699524368,1.2202035765074564,0,0.7076285475120645,0.5644546985547021,0.4637146698580946,Shanghai,-0.7022262404899906,0.5784786755224227,-0.6141102119227658,-0.7877139084099387,0.8431035975402226,0.6500670859307122,-1.7599917928668585,-1.388379787900992,-0.8742823534404432,1,0.0,0.0,0.0,0.0,0.0,0.0,0.5529523653280534,12,4,0
0.41509433962264153,2,0.21428571428571427,0.5698729954213632,-1.7440671699524368,1.2202035765074564,0,0.7076285475120645,0.5644546985547021,0.4637146698580946,Shanghai,-0.7022262404899906,0.5784786755224227,-0.6141102119227658,-0.7877139084099387,0.8431035975402226,0.7551039382788771,-1.6955920565911449,-1.171480590218816,-0.7707422642303898,1,0.0,0.0,0.0,0.0,0.0,0.0,0.7371281620165177,12,4,0
0.4339622641509434,2,0.23214285714285715,0.5698729954213632,-1.7440671699524368,1.2202035765074564,0,0.7076285475120645,0.5644546985547021,0.4637146698580946,Shanghai,-0.7022262404899906,0.5784786755224227,-0.6141102119227658,-0.7877139084099387,0.8431035975402226,0.7125610790875787,-1.6539551725219876,-1.0854944300791174,-0.7376957704117068,1,0.0,0.0,0.0,0.0,0.0,0.0,0.8291032277936583,12,4,0
0.4528301886792453,2,0.25,0.5698729954213632,-1.7440671699524368,1.2202035765074564,0,0.7076285475120645,0.5644546985547021,0.4637146698580946,Shanghai,-0.7022262404899906,0.5784786755224227,-0.6141102119227658,-0.7877139084099387,0.8431035975402226,0.5890400879183716,-1.6213575531299695,-0.949521310678558,-0.5472204659379513,1,0.0,0.0,0.0,0.0,0.0,0.0,0.9206807830206278,12,4,0
0.4716981132075472,2,0.26785714285714285,0.5698729954213632,-1.7440671699524368,1.2202035765074564,0,0.7076285475120645,0.5644546985547021,0.4637146698580946,Shanghai,-0.7022262404899906,0.5784786755224227,-0.6141102119227658,-0.7877139084099387,0.8431035975402226,0.6597492538845935,-1.6226531675001128,-0.9507342609154213,-0.44337917028035867,1,0.0,0.0,0.0,0.0,0.0,0.0,1.0124858917929447,12,4,0
0.49056603773584906,2,0.2857142857142857,0.5698729954213632,-1.7440671699524368,1.2202035765074564,0,0.7076285475120645,0.5644546985547021,0.4637146698580946,Shanghai,-0.7022262404899906,0.5784786755224227,-0.6141102119227658,-0.7877139084099387,0.8431035975402226,0.7234168431570835,-1.5496358858919717,-1.046901562585732,-0.4886856327648254,1,0.0,0.0,0.0,0.0,0.0,0.0,1.1044958931766327,12,4,0
0.5094339622641509,2,0.30357142857142855,0.5698729954213632,-1.7440671699524368,1.2202035765074564,0,0.7076285475120645,0.5644546985547021,0.4637146698580946,Shanghai,-0.7022262404899906,0.5784786755224227,-0.6141102119227658,-0.7877139084099387,0.8431035975402226,0.7336858091687745,-1.4865948344858182,-1.0585148724985738,-0.5194629930909108,1,0.0,0.0,0.0,0.0,0.0,0.0,1.1965389417557029,12,4,0
0.5283018867924528,2,0.3214285714285714,0.5698729954213632,-1.7440671699524368,1.2202035765074564,0,0.7076285475120645,0.5644546985547021,0.4637146698580946,Shanghai,-0.7022262404899906,0.5784786755224227,-0.6141102119227658,-0.7877139084099387,0.8431035975402226,0.6034166403347382,-1.4100515443350452,-0.9330326531409862,-0.651875431649946,1,0.0,0.0,0.0,0.0,0.0,0.0,1.2881627630562078,12,4,0
0.5471698113207547,2,0.33928571428571425,0.5698729954213632,-1.7440671699524368,1.2202035765074564,0,0.7076285475120645,0.5644546985547021,0.4637146698580946,Shanghai,-0.7022262404899906,0.5784786755224227,-0.6141102119227658,-0.7877139084099387,0.8431035975402226,0.7600917217702692,-1.379698079497859,-0.9925116383603799,-0.596068247638856,1,0.0,0.0,0.0,0.0,0.0,0.0,1.3802907901376895,12,4,0
0.5660377358490566,2,0.35714285714285715,0.5698729954213632,-1.7440671699524368,1.2202035765074564,0,0.7076285475120645,0.5644546985547021,0.4637146698580946,Shanghai,-0.7022262404899906,0.5784786755224227,-0.6141102119227658,-0.7877139084099387,0.8431035975402226,0.6773531956189233,-1.2845924340918886,-0.876773890448749,-0.7618673386816078,1,0.0,0.0,0.0,0.0,0.0,0.0,1.4721525512449476,12,4,0
0.5849056603773585,2,0.375,0.5698729954213632,-1.7440671699524368,1.2202035765074564,0,0.7076285475120645,0.5644546985547021,0.4637146698580946,Shanghai,-0.7022262404899906,0.5784786755224227,-0.6141102119227658,-0.7877139084099387,0.8431035975402226,0.579651318993393,-1.2456698992211384,-0.8026400657673977,-0.9032774913357992,1,0.0,0.0,0.0,0.0,0.0,0.0,1.5636998918932823,12,4,0
0.6037735849056604,2,0.39285714285714285,0.5698729954213632,-1.7440671699524368,1.2202035765074564,0,0.7076285475120645,0.5644546985547021,0.4637146698580946,Shanghai,-0.7022262404899906,0.5784786755224227,-0.6141102119227658,-0.7877139084099387,0.8431035975402226,0.6937835412376298,-1.220948701908691,-0.882974554961949,-1.0094487105247636,1,0.0,0.0,0.0,0.0,0.0,0.0,1.6556145285131523,12,4,0
0.6415094339622641,2,0.42857142857142855,0.4907128502815942,-1.6062125734139148,1.0845407179076676,0,0.33792534393957424,0.47705557813738986,-0.4344486732838078,Shanghai,-0.7022262404899906,0.5784786755224227,-0.6141102119227658,-0.7877139084099387,0.8431035975402226,5.433938252234651,-0.8123291129578265,-0.8725243464332145,1.7260174206263512,1,0.0,0.0,0.0,0.0,0.0,0.0,-1.5399699516963485,12,4,0
0.660377358490566,2,0.4464285714285714,0.4907128502815942,-1.6062125734139148,1.0845407179076676,0,0.33792534393957424,0.47705557813738986,-0.4344486732838078,Shanghai,-0.7022262404899906,0.5784786755224227,-0.6141102119227658,-0.7877139084099387,0.8431035975402226,0.25163120467706157,-0.12407051350545159,1.7722946463163733,-0.9368520966564035,1,0.0,0.0,0.0,0.0,0.0,0.0,-1.4494782328890865,12,4,0
0.6792452830188679,2,0.46428571428571425,0.4907128502815942,-1.6062125734139148,1.0845407179076676,0,0.33792534393957424,0.47705557813738986,-0.4344486732838078,Shanghai,-0.7022262404899906,0.5784786755224227,-0.6141102119227658,-0.7877139084099387,0.8431035975402226,0.14835474650232952,-0.1352491312253165,1.72320690521494,-0.524593230692904,1,0.0,0.0,0.0,0.0,0.0,0.0,-1.3593188744468132,12,4,0
0.6981132075471698,2,0.48214285714285715,0.4907128502815942,-1.6062125734139148,1.0845407179076676,0,0.33792534393957424,0.47705557813738986,-0.4344486732838078,Shanghai,-0.7022262404899906,0.5784786755224227,-0.6141102119227658,-0.7877139084099387,0.8431035975402226,0.025713952419838888,-0.1516004450352749,1.644541209575749,-0.030871946259400537,1,0.0,0.0,0.0,0.0,0.0,0.0,-1.2695541939379642,12,4,0
0.7169811320754716,2,0.49999999999999994,0.4907128502815942,-1.6062125734139148,1.0845407179076676,0,0.33792534393957424,0.47705557813738986,-0.4344486732838078,Shanghai,-0.7022262404899906,0.5784786755224227,-0.6141102119227658,-0.7877139084099387,0.8431035975402226,0.17241346687258166,-0.18223639212486054,1.5517064985178473,0.4068529165685542,1,0.0,0.0,0.0,0.0,0.0,0.0,-1.179317410637938,12,4,0
0.7358490566037735,2,0.5178571428571428,0.4907128502815942,-1.6062125734139148,1.0845407179076676,0,0.33792534393957424,0.47705557813738986,-0.4344486732838078,Shanghai,-0.7022262404899906,0.5784786755224227,-0.6141102119227658,-0.7877139084099387,0.8431035975402226,0.1597973086296439,-0.20675532791792223,1.4928291618366185,0.6761028699911145,1,0.0,0.0,0.0,0.0,0.0,0.0,-1.0891212281779528,12,4,0
0.7547169811320754,2,0.5357142857142856,0.4907128502815942,-1.6062125734139148,1.0845407179076676,0,0.33792534393957424,0.47705557813738986,-0.4344486732838078,Shanghai,-0.7022262404899906,0.5784786755224227,-0.6141102119227658,-0.7877139084099387,0.8431035975402226,0.2583793823418866,-0.23482741550476433,1.4251387673462432,0.9083042996527713,1,0.0,0.0,0.0,0.0,0.0,0.0,-0.9986077926422966,12,4,0
0.7735849056603773,2,0.5535714285714285,0.4907128502815942,-1.6062125734139148,1.0845407179076676,0,0.33792534393957424,0.47705557813738986,-0.4344486732838078,Shanghai,-0.7022262404899906,0.5784786755224227,-0.6141102119227658,-0.7877139084099387,0.8431035975402226,0.10786568051337517,-0.257735350987099,1.3901295927037753,1.080977841932543,1,0.0,0.0,0.0,0.0,0.0,0.0,-0.9085787345703884,12,4,0
0.7924528301886792,2,0.5714285714285714,0.4907128502815942,-1.6062125734139148,1.0845407179076676,0,0.33792534393957424,0.47705557813738986,-0.4344486732838078,Shanghai,-0.7022262404899906,0.5784786755224227,-0.6141102119227658,-0.7877139084099387,0.8431035975402226,0.16185110183198376,-0.3043030062699171,1.3059305043877139,1.268987443880904,1,0.0,0.0,0.0,0.0,0.0,0.0,-0.8183759426713269,12,4,0
0.8113207547169811,2,0.5892857142857142,0.4907128502815942,-1.6062125734139148,1.0845407179076676,0,0.33792534393957424,0.47705557813738986,-0.4344486732838078,Shanghai,-0.7022262404899906,0.5784786755224227,-0.6141102119227658,-0.7877139084099387,0.8431035975402226,0.2313866716825823,-0.3379965981369632,1.2365831679012027,1.4260923390183096,1,0.0,0.0,0.0,0.0,0.0,0.0,-0.7279493740492473,12,4,0
0.8301886792452831,2,0.6071428571428571,0.4907128502815942,-1.6062125734139148,1.0845407179076676,0,0.33792534393957424,0.47705557813738986,-0.4344486732838078,Shanghai,-0.7022262404899906,0.5784786755224227,-0.6141102119227658,-0.7877139084099387,0.8431035975402226,0.08175316694078735,-0.3516775210384024,1.1966423674537525,1.5328161797015534,1,0.0,0.0,0.0,0.0,0.0,0.0,-0.6380043502741686,12,4,0
0.8490566037735849,2,0.6249999999999999,0.4907128502815942,-1.6062125734139148,1.0845407179076676,0,0.33792534393957424,0.47705557813738986,-0.4344486732838078,Shanghai,-0.7022262404899906,0.5784786755224227,-0.6141102119227658,-0.7877139084099387,0.8431035975402226,0.028061144651081473,-0.37967113348345244,1.109905998629596,1.64245548649449,1,0.0,0.0,0.0,0.0,0.0,0.0,-0.5482321161206608,12,4,0
0.8679245283018868,2,0.6428571428571428,0.4907128502815942,-1.6062125734139148,1.0845407179076676,0,0.33792534393957424,0.47705557813738986,-0.4344486732838078,Shanghai,-0.7022262404899906,0.5784786755224227,-0.6141102119227658,-0.7877139084099387,0.8431035975402226,0.07705878247829802,-0.41417641677943745,1.0112116091393706,1.7675396381046815,1,0.0,0.0,0.0,0.0,0.0,0.0,-0.45830219963489954,12,4,0
0.8867924528301887,2,0.6607142857142856,0.4907128502815942,-1.6062125734139148,1.0845407179076676,0,0.33792534393957424,0.47705557813738986,-0.4344486732838078,Shanghai,-0.7022262404899906,0.5784786755224227,-0.6141102119227658,-0.7877139084099387,0.8431035975402226,0.14189996786641138,-0.42920108413540287,0.9538739671543046,1.8556209172460423,1,0.0,0.0,0.0,0.0,0.0,0.0,-0.36816361371543815,12,4,0
0.9056603773584906,2,0.6785714285714285,0.4907128502815942,-1.6062125734139148,1.0845407179076676,0,0.33792534393957424,0.47705557813738986,-0.4344486732838078,Shanghai,-0.7022262404899906,0.5784786755224227,-0.6141102119227658,-0.7877139084099387,0.8431035975402226,0.06737661452441664,-0.45502211959117095,0.9221583264103356,1.915067771391346,1,0.0,0.0,0.0,0.0,0.0,0.0,-0.2782648560138947,12,4,0
0.9245283018867925,2,0.6964285714285713,0.4907128502815942,-1.6062125734139148,1.0845407179076676,0,0.33792534393957424,0.47705557813738986,-0.4344486732838078,Shanghai,-0.7022262404899906,0.5784786755224227,-0.6141102119227658,-0.7877139084099387,0.8431035975402226,0.1410197707796949,-0.4783830606998552,0.735310642663994,1.987402670631816,1,0.0,0.0,0.0,0.0,0.0,0.0,-0.18812910271118038,12,4,0
0.9433962264150944,2,0.7142857142857142,0.4907128502815942,-1.6062125734139148,1.0845407179076676,0,0.33792534393957424,0.47705557813738986,-0.4344486732838078,Shanghai,-0.7022262404899906,0.5784786755224227,-0.6141102119227658,-0.7877139084099387,0.8431035975402226,0.08087296985407087,-0.4807901697657211,0.37313246395450356,2.0541717492046696,1,0.0,0.0,0.0,0.0,0.0,0.0,-0.09818691155284862,12,4,0
0.9622641509433962,2,0.7321428571428571,0.4907128502815942,-1.6062125734139148,1.0845407179076676,0,0.33792534393957424,0.47705557813738986,-0.4344486732838078,Shanghai,-0.7022262404899906,0.5784786755224227,-0.6141102119227658,-0.7877139084099387,0.8431035975402226,0.07353799413143206,-0.4968504049134394,-0.13907275381288556,2.1064516033325527,1,0.0,0.0,0.0,0.0,0.0,0.0,-0.008268325534075789,12,4,0
0.9811320754716981,2,0.7499999999999999,0.4907128502815942,-1.6062125734139148,1.0845407179076676,0,0.33792534393957424,0.47705557813738986,-0.4344486732838078,Shanghai,-0.7022262404899906,0.5784786755224227,-0.6141102119227658,-0.7877139084099387,0.8431035975402226,0.2052741581099945,-0.528595144751296,-0.6876156934510331,2.1572500143217224,1,0.0,0.0,0.0,0.0,0.0,0.0,0.08207420879117422,12,4,0
0.018867924528301883,2,0.05357142857142857,0.5698729954213632,-1.7440671699524368,1.2202035765074564,0,0.7076285475120645,0.5644546985547021,0.4637146698580946,Shanghai,-0.7022262404899906,0.5784786755224227,-0.6141102119227658,-0.7877139084099387,0.8431035975402226,1.147378439925508,0.10024713594083683,2.2186142826692303,0.4481108169400185,1,0.0,0.0,0.0,0.0,0.0,0.0,-1.1869229866038027,13,7,0
0.33962264150943394,2,0.35714285714285715,0.5698729954213632,-1.7440671699524368,1.2202035765074564,0,0.7076285475120645,0.5644546985547021,0.4637146698580946,Shanghai,-0.7022262404899906,0.5784786755224227,-0.6141102119227658,-0.7877139084099387,0.8431035975402226,1.3709484999514883,0.09155556783091502,0.12038464680988925,1.2601745728358238,1,0.0,0.0,0.0,0.0,0.0,0.0,0.4057148352268751,13,7,0
0.3584905660377358,2,0.375,0.5698729954213632,-1.7440671699524368,1.2202035765074564,0,0.7076285475120645,0.5644546985547021,0.4637146698580946,Shanghai,-0.7022262404899906,0.5784786755224227,-0.6141102119227658,-0.7877139084099387,0.8431035975402226,1.4102639698248234,0.13986866103770634,0.4589631957375416,1.0235554125540987,1,0.0,0.0,0.0,0.0,0.0,0.0,0.49993522187885453,13,7,0
0.37735849056603776,2,0.39285714285714285,0.5698729954213632,-1.7440671699524368,1.2202035765074564,0,0.7076285475120645,0.5644546985547021,0.4637146698580946,Shanghai,-0.7022262404899906,0.5784786755224227,-0.6141102119227658,-0.7877139084099387,0.8431035975402226,1.440190670773184,0.20142116522948725,0.7936651148924528,0.8022880358299547,1,0.0,0.0,0.0,0.0,0.0,0.0,0.594251917500234,13,7,0
0.39622641509433965,2,0.4107142857142857,0.5698729954213632,-1.7440671699524368,1.2202035765074564,0,0.7076285475120645,0.5644546985547021,0.4637146698580946,Shanghai,-0.7022262404899906,0.5784786755224227,-0.6141102119227658,-0.7877139084099387,0.8431035975402226,1.4181857436052718,0.26806532523151977,1.0371427598042728,0.5758918898157395,1,0.0,0.0,0.0,0.0,0.0,0.0,0.6884977977029371,13,7,0
0.8113207547169811,2,0.8035714285714285,0.4907128502815942,-1.6062125734139148,1.0845407179076676,0,0.33792534393957424,0.47705557813738986,-0.4344486732838078,Shanghai,-0.7022262404899906,0.5784786755224227,-0.6141102119227658,-0.7877139084099387,0.8431035975402226,0.7507029528452946,0.8851392311498917,1.2798031869741673,-1.3455145871796523,1,0.0,0.0,0.0,0.0,0.0,0.0,-0.6717002148916495,13,7,0
0.8301886792452831,2,0.8214285714285713,0.4907128502815942,-1.6062125734139148,1.0845407179076676,0,0.33792534393957424,0.47705557813738986,-0.4344486732838078,Shanghai,-0.7022262404899906,0.5784786755224227,-0.6141102119227658,-0.7877139084099387,0.8431035975402226,0.7366197994578308,0.903552394192961,1.6177824260254083,-0.8782253956948882,1,0.0,0.0,0.0,0.0,0.0,0.0,-0.5796477242567558,13,7,0
0.8490566037735849,2,0.8392857142857142,0.4907128502815942,-1.6062125734139148,1.0845407179076676,0,0.33792534393957424,0.47705557813738986,-0.4344486732838078,Shanghai,-0.7022262404899906,0.5784786755224227,-0.6141102119227658,-0.7877139084099387,0.8431035975402226,0.7551039382788771,0.922828830002693,1.7008057906968057,-0.33222153484963546,1,0.0,0.0,0.0,0.0,0.0,0.0,-0.4875357486701737,13,7,0
0.8679245283018868,2,0.8571428571428571,0.4907128502815942,-1.6062125734139148,1.0845407179076676,0,0.33792534393957424,0.47705557813738986,-0.4344486732838078,Shanghai,-0.7022262404899906,0.5784786755224227,-0.6141102119227658,-0.7877139084099387,0.8431035975402226,1.175251347671529,0.9430238244249394,1.7547488941823315,0.07098592498307922,1,0.0,0.0,0.0,0.0,0.0,0.0,-0.39407167068966004,13,7,0
0.8867924528301887,2,0.8749999999999999,0.4907128502815942,-1.6062125734139148,1.0845407179076676,0,0.33792534393957424,0.47705557813738986,-0.4344486732838078,Shanghai,-0.7022262404899906,0.5784786755224227,-0.6141102119227658,-0.7877139084099387,0.8431035975402226,1.1814127272785442,0.9847231157827194,1.8727351924440625,-0.11928752712119235,1,0.0,0.0,0.0,0.0,0.0,0.0,-0.3005877643919172,13,7,0
0.9056603773584906,2,0.8928571428571428,0.4907128502815942,-1.6062125734139148,1.0845407179076676,0,0.33792534393957424,0.47705557813738986,-0.4344486732838078,Shanghai,-0.7022262404899906,0.5784786755224227,-0.6141102119227658,-0.7877139084099387,0.8431035975402226,0.7049327043360372,1.019560621584147,2.0314463314944815,-0.3983451403734411,1,0.0,0.0,0.0,0.0,0.0,0.0,-0.20863724795991767,13,7,0
0.9245283018867925,2,0.9107142857142856,0.4907128502815942,-1.6062125734139148,1.0845407179076676,0,0.33792534393957424,0.47705557813738986,-0.4344486732838078,Shanghai,-0.7022262404899906,0.5784786755224227,-0.6141102119227658,-0.7877139084099387,0.8431035975402226,0.6315829471096658,1.038395405217331,2.0936565181584856,-0.3690648239709533,1,0.0,0.0,0.0,0.0,0.0,0.0,-0.11692278292350676,13,7,0
0.9433962264150944,2,0.9285714285714285,0.4907128502815942,-1.6062125734139148,1.0845407179076676,0,0.33792534393957424,0.47705557813738986,-0.4344486732838078,Shanghai,-0.7022262404899906,0.5784786755224227,-0.6141102119227658,-0.7877139084099387,0.8431035975402226,0.7509963518741974,1.0570526030506378,2.093269625214008,0.3752439415563503,1,0.0,0.0,0.0,0.0,0.0,0.0,-0.024824026215077472,13,7,0
0.2830188679245283,2,0.017857142857142856,0.5698729954213632,-1.7440671699524368,1.2202035765074564,0,0.7076285475120645,0.5644546985547021,0.4637146698580946,Shanghai,-0.7022262404899906,0.5784786755224227,-0.6141102119227658,-0.7877139084099387,0.8431035975402226,0.8633681799450013,-0.31401899606852257,-0.8178758404589468,0.010036880946254252,1,0.0,0.0,0.0,0.0,0.0,0.0,0.11518372174201313,14,6,0
0.32075471698113206,2,0.05357142857142857,0.5698729954213632,-1.7440671699524368,1.2202035765074564,0,0.7076285475120645,0.5644546985547021,0.4637146698580946,Shanghai,-0.7022262404899906,0.5784786755224227,-0.6141102119227658,-0.7877139084099387,0.8431035975402226,0.9299697595065434,-0.24235798442937012,-1.3570780259678044,-0.4229823406987833,1,0.0,0.0,0.0,0.0,0.0,0.0,0.301088358851768,14,6,0
0.660377358490566,2,0.375,0.4907128502815942,-1.6062125734139148,1.0845407179076676,0,0.33792534393957424,0.47705557813738986,-0.4344486732838078,Shanghai,-0.7022262404899906,0.5784786755224227,-0.6141102119227658,-0.7877139084099387,0.8431035975402226,0.6450793024393201,0.307304669752648,-0.6581988986438703,-1.4508474383076138,1,0.0,0.0,0.0,0.0,0.0,0.0,-1.4322965239069836,14,6,0
0.6792452830188679,2,0.39285714285714285,0.4907128502815942,-1.6062125734139148,1.0845407179076676,0,0.33792534393957424,0.47705557813738986,-0.4344486732838078,Shanghai,-0.7022262404899906,0.5784786755224227,-0.6141102119227658,-0.7877139084099387,0.8431035975402226,0.7536369431343468,0.32817312317993785,-1.017587499429484,-1.3434415378508542,1,0.0,0.0,0.0,0.0,0.0,0.0,-1.3401892693483135,14,6,0
0.8113207547169811,2,0.5178571428571428,0.4907128502815942,-1.6062125734139148,1.0845407179076676,0,0.33792534393957424,0.47705557813738986,-0.4344486732838078,Shanghai,-0.7022262404899906,0.5784786755224227,-0.6141102119227658,-0.7877139084099387,0.8431035975402226,0.6345169373987222,0.5041035394896598,-0.6745531692770245,-0.7733394698815806,1,0.0,0.0,0.0,0.0,0.0,0.0,-0.6953327364123975,14,6,0
0.8301886792452831,2,0.5357142857142856,0.4907128502815942,-1.6062125734139148,1.0845407179076676,0,0.33792534393957424,0.47705557813738986,-0.4344486732838078,Shanghai,-0.7022262404899906,0.5784786755224227,-0.6141102119227658,-0.7877139084099387,0.8431035975402226,0.6946637383243462,0.5222751169355474,-0.5972875340494911,-0.9706812929586927,1,0.0,0.0,0.0,0.0,0.0,0.0,-0.6034152671757804,14,6,0
0.8490566037735849,2,0.5535714285714285,0.4907128502815942,-1.6062125734139148,1.0845407179076676,0,0.33792534393957424,0.47705557813738986,-0.4344486732838078,Shanghai,-0.7022262404899906,0.5784786755224227,-0.6141102119227658,-0.7877139084099387,0.8431035975402226,0.5602869830856343,0.5462049649509291,-0.38183975456884006,-0.9840663226261829,1,0.0,0.0,0.0,0.0,0.0,0.0,-0.5119302440958816,14,6,0
0.8679245283018868,2,0.5714285714285714,0.4907128502815942,-1.6062125734139148,1.0845407179076676,0,0.33792534393957424,0.47705557813738986,-0.4344486732838078,Shanghai,-0.7022262404899906,0.5784786755224227,-0.6141102119227658,-0.7877139084099387,0.8431035975402226,0.5274262918482173,0.562329930339951,-0.31738977050430683,-0.6574186623739842,1,0.0,0.0,0.0,0.0,0.0,0.0,-0.4205509720412065,14,6,0
0.8867924528301887,2,0.5892857142857142,0.4907128502815942,-1.6062125734139148,1.0845407179076676,0,0.33792534393957424,0.47705557813738986,-0.4344486732838078,Shanghai,-0.7022262404899906,0.5784786755224227,-0.6141102119227658,-0.7877139084099387,0.8431035975402226,0.5494312190161296,0.5822061967394873,-0.3463494717504098,-0.5857206451342253,1,0.0,0.0,0.0,0.0,0.0,0.0,-0.3291008845678548,14,6,0
0.9056603773584906,2,0.6071428571428571,0.4907128502815942,-1.6062125734139148,1.0845407179076676,0,0.33792534393957424,0.47705557813738986,-0.4344486732838078,Shanghai,-0.7022262404899906,0.5784786755224227,-0.6141102119227658,-0.7877139084099387,0.8431035975402226,0.5819985112246396,0.5948873772787678,-0.3755381201133417,-0.6363805916492838,1,0.0,0.0,0.0,0.0,0.0,0.0,-0.23754599027486187,14,6,0
0.9245283018867925,2,0.6249999999999999,0.4907128502815942,-1.6062125734139148,1.0845407179076676,0,0.33792534393957424,0.47705557813738986,-0.4344486732838078,Shanghai,-0.7022262404899906,0.5784786755224227,-0.6141102119227658,-0.7877139084099387,0.8431035975402226,0.7627323130304187,0.6147320305909796,-0.38902989829441925,-0.8326503943119703,1,0.0,0.0,0.0,0.0,0.0,0.0,-0.14540946534313842,14,6,0
0.9433962264150944,2,0.6428571428571428,0.4907128502815942,-1.6062125734139148,1.0845407179076676,0,0.33792534393957424,0.47705557813738986,-0.4344486732838078,Shanghai,-0.7022262404899906,0.5784786755224227,-0.6141102119227658,-0.7877139084099387,0.8431035975402226,0.619260187895635,0.6484805061193214,-0.2878422425334351,-1.1961308760195828,1,0.0,0.0,0.0,0.0,0.0,0.0,-0.053734656941186544,14,6,0
0.9622641509433962,2,0.6607142857142856,0.4907128502815942,-1.6062125734139148,1.0845407179076676,0,0.33792534393957424,0.47705557813738986,-0.4344486732838078,Shanghai,-0.7022262404899906,0.5784786755224227,-0.6141102119227658,-0.7877139084099387,0.8431035975402226,0.7181356606367846,0.6716812406532977,-0.25881211040324376,-1.1492517376222402,1,0.0,0.0,0.0,0.0,0.0,0.0,0.038258348742018985,14,6,0
0.5849056603773585,2,0.39285714285714285,0.5698729954213632,-1.7440671699524368,1.2202035765074564,0,0.7076285475120645,0.5644546985547021,0.4637146698580946,Shanghai,-0.7022262404899906,0.5784786755224227,-0.6141102119227658,-0.7877139084099387,0.8431035975402226,0.2601397765153196,0.4580998572078209,0.7719148510887419,0.11884794416723082,1,0.0,0.0,0.0,0.0,0.0,0.0,1.6079387560433318,15,5,0
0.6037735849056604,2,0.4107142857142857,0.5698729954213632,-1.7440671699524368,1.2202035765074564,0,0.7076285475120645,0.5644546985547021,0.4637146698580946,Shanghai,-0.7022262404899906,0.5784786755224227,-0.6141102119227658,-0.7877139084099387,0.8431035975402226,0.6248347694448408,0.4433922808608135,0.3209952495213442,0.20466463070546895,1,0.0,0.0,0.0,0.0,0.0,0.0,1.6996315043513488,15,5,0
0.6415094339622641,2,0.4464285714285714,0.4907128502815942,-1.6062125734139148,1.0845407179076676,0,0.33792534393957424,0.47705557813738986,-0.4344486732838078,Shanghai,-0.7022262404899906,0.5784786755224227,-0.6141102119227658,-0.7877139084099387,0.8431035975402226,0.5429764403802072,0.464896906236696,-1.361735780451632,-0.18122341474618833,1,0.0,0.0,0.0,0.0,0.0,0.0,-1.516361979520742,15,5,0
0.660377358490566,2,0.46428571428571425,0.4907128502815942,-1.6062125734139148,1.0845407179076676,0,0.33792534393957424,0.47705557813738986,-0.4344486732838078,Shanghai,-0.7022262404899906,0.5784786755224227,-0.6141102119227658,-0.7877139084099387,0.8431035975402226,0.5065949607959285,0.4706254155533378,-1.3071896218061017,-0.22811013640851113,1,0.0,0.0,0.0,0.0,0.0,0.0,-1.4250497460624139,15,5,0
0.6792452830188679,2,0.48214285714285715,0.4907128502815942,-1.6062125734139148,1.0845407179076676,0,0.33792534393957424,0.47705557813738986,-0.4344486732838078,Shanghai,-0.7022262404899906,0.5784786755224227,-0.6141102119227658,-0.7877139084099387,0.8431035975402226,0.5130497394318507,0.48010612378110895,-1.2055594345138785,-0.27076969458734784,1,0.0,0.0,0.0,0.0,0.0,0.0,-1.3337167400812742,15,5,0
0.6981132075471698,2,0.49999999999999994,0.4907128502815942,-1.6062125734139148,1.0845407179076676,0,0.33792534393957424,0.47705557813738986,-0.4344486732838078,Shanghai,-0.7022262404899906,0.5784786755224227,-0.6141102119227658,-0.7877139084099387,0.8431035975402226,0.4461547608413975,0.49343415976965616,-1.32584908187273,-0.291943860898215,1,0.0,0.0,0.0,0.0,0.0,0.0,-1.2425990129729112,15,5,0
0.7169811320754716,2,0.5178571428571428,0.4907128502815942,-1.6062125734139148,1.0845407179076676,0,0.33792534393957424,0.47705557813738986,-0.4344486732838078,Shanghai,-0.7022262404899906,0.5784786755224227,-0.6141102119227658,-0.7877139084099387,0.8431035975402226,0.46669269286478365,0.5021159771963826,-1.4478936903759676,-0.23813241558494747,1,0.0,0.0,0.0,0.0,0.0,0.0,-1.1514151914737834,15,5,0
0.15094339622641512,3,0.19642857142857142,0.5698729954213632,-1.7440671699524368,1.2202035765074564,0,0.7076285475120645,0.5644546985547021,0.4637146698580946,Shanghai,-0.7022262404899906,0.5784786755224227,-0.6141102119227658,-0.7877139084099387,0.8431035975402226,1.0003855264438626,-2.440662344392962,-1.2050878370874036,-1.4646898992838577,1,0.0,0.0,0.0,0.0,0.0,0.0,-0.5785411153142365,16,2,0
0.169811320754717,3,0.21428571428571427,0.5698729954213632,-1.7440671699524368,1.2202035765074564,0,0.7076285475120645,0.5644546985547021,0.4637146698580946,Shanghai,-0.7022262404899906,0.5784786755224227,-0.6141102119227658,-0.7877139084099387,0.8431035975402226,0.9475737012408731,-2.3825475667946914,-1.1160454751569984,-1.285891061732745,1,0.0,0.0,0.0,0.0,0.0,0.0,-0.4858097408656299,16,2,0
0.5283018867924528,2,0.30357142857142855,0.5698729954213632,-1.7440671699524368,1.2202035765074564,0,0.7076285475120645,0.5644546985547021,0.4637146698580946,Shanghai,-0.7022262404899906,0.5784786755224227,-0.6141102119227658,-0.7877139084099387,0.8431035975402226,0.6509472830174285,-2.0196737362504917,-0.47722745899454644,-1.4332907767312142,1,0.0,0.0,0.0,0.0,0.0,0.0,1.2833293746801355,16,2,0
0.5471698113207547,2,0.3214285714285714,0.5698729954213632,-1.7440671699524368,1.2202035765074564,0,0.7076285475120645,0.5644546985547021,0.4637146698580946,Shanghai,-0.7022262404899906,0.5784786755224227,-0.6141102119227658,-0.7877139084099387,0.8431035975402226,0.6216073801268776,-1.9463667099687911,-0.37754058868420076,-1.4420466132998964,1,0.0,0.0,0.0,0.0,0.0,0.0,1.3750117367267463,16,2,0
0.5660377358490566,2,0.33928571428571425,0.5698729954213632,-1.7440671699524368,1.2202035765074564,0,0.7076285475120645,0.5644546985547021,0.4637146698580946,Shanghai,-0.7022262404899906,0.5784786755224227,-0.6141102119227658,-0.7877139084099387,0.8431035975402226,0.5491378199872227,-1.8575434259000252,-0.2867579385433246,-1.3444777488920379,1,0.0,0.0,0.0,0.0,0.0,0.0,1.4664608799945156,16,2,0
0.5849056603773585,2,0.35714285714285715,0.5698729954213632,-1.7440671699524368,1.2202035765074564,0,0.7076285475120645,0.5644546985547021,0.4637146698580946,Shanghai,-0.7022262404899906,0.5784786755224227,-0.6141102119227658,-0.7877139084099387,0.8431035975402226,0.49368540352408796,-1.8511175604921477,-0.38212676240162996,-1.2239204909830266,1,0.0,0.0,0.0,0.0,0.0,0.0,1.5577315684072197,16,2,0
0.6037735849056604,2,0.375,0.5698729954213632,-1.7440671699524368,1.2202035765074564,0,0.7076285475120645,0.5644546985547021,0.4637146698580946,Shanghai,-0.7022262404899906,0.5784786755224227,-0.6141102119227658,-0.7877139084099387,0.8431035975402226,0.5007269802178199,-1.8479827613985695,-0.43758011709831124,-0.9958646448875793,1,0.0,0.0,0.0,0.0,0.0,0.0,1.6490249177539007,16,2,0
0.6226415094339622,2,0.39285714285714285,0.5698729954213632,-1.7440671699524368,1.2202035765074564,0,0.7076285475120645,0.5644546985547021,0.4637146698580946,Shanghai,-0.7022262404899906,0.5784786755224227,-0.6141102119227658,-0.7877139084099387,0.8431035975402226,0.5156903306920002,-1.8620225852816914,-0.33069295716127933,-0.8044388945387457,1,0.0,0.0,0.0,0.0,0.0,0.0,1.7403664215852817,16,2,0
0.6415094339622641,2,0.4107142857142857,0.4907128502815942,-1.6062125734139148,1.0845407179076676,0,0.33792534393957424,0.47705557813738986,-0.4344486732838078,Shanghai,-0.7022262404899906,0.5784786755224227,-0.6141102119227658,-0.7877139084099387,0.8431035975402226,0.46933328412493314,-1.8555726515198723,-0.20610098034530755,-0.6703065120032585,1,0.0,0.0,0.0,0.0,0.0,0.0,-1.5679297674010266,16,2,0
0.660377358490566,2,0.42857142857142855,0.4907128502815942,-1.6062125734139148,1.0845407179076676,0,0.33792534393957424,0.47705557813738986,-0.4344486732838078,Shanghai,-0.7022262404899906,0.5784786755224227,-0.6141102119227658,-0.7877139084099387,0.8431035975402226,0.45965111617105175,-1.848504657120251,-0.10861564660127045,-0.5698208739660199,1,0.0,0.0,0.0,0.0,0.0,0.0,-1.4767686068358754,16,2,0
0.6792452830188679,2,0.4464285714285714,0.4907128502815942,-1.6062125734139148,1.0845407179076676,0,0.33792534393957424,0.47705557813738986,-0.4344486732838078,Shanghai,-0.7022262404899906,0.5784786755224227,-0.6141102119227658,-0.7877139084099387,0.8431035975402226,0.4420471744367219,-1.803931608893239,-0.029953075310820955,-0.45074498761120824,1,0.0,0.0,0.0,0.0,0.0,0.0,-1.3856640986056654,16,2,0
0.6981132075471698,2,0.46428571428571425,0.4907128502815942,-1.6062125734139148,1.0845407179076676,0,0.33792534393957424,0.47705557813738986,-0.4344486732838078,Shanghai,-0.7022262404899906,0.5784786755224227,-0.6141102119227658,-0.7877139084099387,0.8431035975402226,0.43705939094532986,-1.74517829174153,-0.008965249992020658,-0.39328147864185914,1,0.0,0.0,0.0,0.0,0.0,0.0,-1.2945756418703553,16,2,0
0.7169811320754716,2,0.48214285714285715,0.4907128502815942,-1.6062125734139148,1.0845407179076676,0,0.33792534393957424,0.47705557813738986,-0.4344486732838078,Shanghai,-0.7022262404899906,0.5784786755224227,-0.6141102119227658,-0.7877139084099387,0.8431035975402226,0.39774392107199474,-1.6932977389971824,-0.05309184145837632,-0.37965438968744775,1,0.0,0.0,0.0,0.0,0.0,0.0,-1.203613708683081,16,2,0
0.7358490566037735,2,0.49999999999999994,0.4907128502815942,-1.6062125734139148,1.0845407179076676,0,0.33792534393957424,0.47705557813738986,-0.4344486732838078,Shanghai,-0.7022262404899906,0.5784786755224227,-0.6141102119227658,-0.7877139084099387,0.8431035975402226,0.43353860259846394,-1.6912366130193737,-0.1830314883371504,-0.33193455205635847,1,0.0,0.0,0.0,0.0,0.0,0.0,-1.1125365824147593,16,2,0
0.7547169811320754,2,0.5178571428571428,0.4907128502815942,-1.6062125734139148,1.0845407179076676,0,0.33792534393957424,0.47705557813738986,-0.4344486732838078,Shanghai,-0.7022262404899906,0.5784786755224227,-0.6141102119227658,-0.7877139084099387,0.8431035975402226,0.4678662889804029,-1.6806437347276801,-0.3187705490811363,-0.32134985005453,1,0.0,0.0,0.0,0.0,0.0,0.0,-1.021348984093302,16,2,0
0.7735849056603773,2,0.5357142857142856,0.4907128502815942,-1.6062125734139148,1.0845407179076676,0,0.33792534393957424,0.47705557813738986,-0.4344486732838078,Shanghai,-0.7022262404899906,0.5784786755224227,-0.6141102119227658,-0.7877139084099387,0.8431035975402226,0.46727949092259324,-1.6757775206675245,-0.36556189711901643,-0.35417413157989697,1,0.0,0.0,0.0,0.0,0.0,0.0,-0.9301632741830097,16,2,0
0.7924528301886792,2,0.5535714285714285,0.4907128502815942,-1.6062125734139148,1.0845407179076676,0,0.33792534393957424,0.47705557813738986,-0.4344486732838078,Shanghai,-0.7022262404899906,0.5784786755224227,-0.6141102119227658,-0.7877139084099387,0.8431035975402226,0.38688815700248996,-1.68712499660443,-0.31573435275147166,-0.39506694454227986,1,0.0,0.0,0.0,0.0,0.0,0.0,-0.8392362766022824,16,2,0
0.8113207547169811,2,0.5714285714285714,0.4907128502815942,-1.6062125734139148,1.0845407179076676,0,0.33792534393957424,0.47705557813738986,-0.4344486732838078,Shanghai,-0.7022262404899906,0.5784786755224227,-0.6141102119227658,-0.7877139084099387,0.8431035975402226,0.3819003735110979,-1.7055081320554393,-0.25349150011915544,-0.38971612061774896,1,0.0,0.0,0.0,0.0,0.0,0.0,-0.748325330516455,16,2,0
0.8301886792452831,2,0.5892857142857142,0.4907128502815942,-1.6062125734139148,1.0845407179076676,0,0.33792534393957424,0.47705557813738986,-0.4344486732838078,Shanghai,-0.7022262404899906,0.5784786755224227,-0.6141102119227658,-0.7877139084099387,0.8431035975402226,0.35520106188069633,-1.688950635211368,-0.14403801880503747,-0.38142569987512476,1,0.0,0.0,0.0,0.0,0.0,0.0,-0.657500307138622,16,2,0
0.8490566037735849,2,0.6071428571428571,0.4907128502815942,-1.6062125734139148,1.0845407179076676,0,0.33792534393957424,0.47705557813738986,-0.4344486732838078,Shanghai,-0.7022262404899906,0.5784786755224227,-0.6141102119227658,-0.7877139084099387,0.8431035975402226,0.329968745394825,-1.6674492268543737,-0.027865477039226857,-0.2813240588324421,1,0.0,0.0,0.0,0.0,0.0,0.0,-0.5667564854408714,16,2,0
0.8679245283018868,2,0.6249999999999999,0.4907128502815942,-1.6062125734139148,1.0845407179076676,0,0.33792534393957424,0.47705557813738986,-0.4344486732838078,Shanghai,-0.7022262404899906,0.5784786755224227,-0.6141102119227658,-0.7877139084099387,0.8431035975402226,0.3475726871291548,-1.6520714642440437,0.07111620979364358,-0.2671738695467532,1,0.0,0.0,0.0,0.0,0.0,0.0,-0.47595601140817956,16,2,0
0.8867924528301887,2,0.6428571428571428,0.4907128502815942,-1.6062125734139148,1.0845407179076676,0,0.33792534393957424,0.47705557813738986,-0.4344486732838078,Shanghai,-0.7022262404899906,0.5784786755224227,-0.6141102119227658,-0.7877139084099387,0.8431035975402226,0.35989544634318565,-1.5935200160047507,0.17501358228565977,-0.2405791600990699,1,0.0,0.0,0.0,0.0,0.0,0.0,-0.38511588074102876,16,2,0
0.9056603773584906,2,0.6607142857142856,0.4907128502815942,-1.6062125734139148,1.0845407179076676,0,0.33792534393957424,0.47705557813738986,-0.4344486732838078,Shanghai,-0.7022262404899906,0.5784786755224227,-0.6141102119227658,-0.7877139084099387,0.8431035975402226,0.41182707445945854,-1.5829193137008475,0.23701345328086743,-0.09762782301704637,1,0.0,0.0,0.0,0.0,0.0,0.0,-0.2941086256858013,16,2,0
0.9245283018867925,2,0.6785714285714285,0.4907128502815942,-1.6062125734139148,1.0845407179076676,0,0.33792534393957424,0.47705557813738986,-0.4344486732838078,Shanghai,-0.7022262404899906,0.5784786755224227,-0.6141102119227658,-0.7877139084099387,0.8431035975402226,0.4467415588992113,-1.5213165313912314,0.33930033325628994,-0.04877737885750644,1,0.0,0.0,0.0,0.0,0.0,0.0,-0.20298901016627377,16,2,0
0.9433962264150944,2,0.6964285714285713,0.4907128502815942,-1.6062125734139148,1.0845407179076676,0,0.33792534393957424,0.47705557813738986,-0.4344486732838078,Shanghai,-0.7022262404899906,0.5784786755224227,-0.6141102119227658,-0.7877139084099387,0.8431035975402226,0.26952854544029825,-1.4274474935810328,0.5237013961939987,-0.03039060389309495,1,0.0,0.0,0.0,0.0,0.0,0.0,-0.11243969481848809,16,2,0
0.9622641509433962,2,0.7142857142857142,0.4907128502815942,-1.6062125734139148,1.0845407179076676,0,0.33792534393957424,0.47705557813738986,-0.4344486732838078,Shanghai,-0.7022262404899906,0.5784786755224227,-0.6141102119227658,-0.7877139084099387,0.8431035975402226,0.24488302701223655,-1.4039188524790989,0.3537266020866977,-0.05951326858462243,1,0.0,0.0,0.0,0.0,0.0,0.0,-0.02196969273962025,16,2,0
0.9811320754716981,2,0.7321428571428571,0.4907128502815942,-1.6062125734139148,1.0845407179076676,0,0.33792534393957424,0.47705557813738986,-0.4344486732838078,Shanghai,-0.7022262404899906,0.5784786755224227,-0.6141102119227658,-0.7877139084099387,0.8431035975402226,0.27187573767154083,-1.4183991355564547,-0.35847259895831163,-0.06417010470472402,1,0.0,0.0,0.0,0.0,0.0,0.0,0.06858717625282408,16,2,0
0.15094339622641512,2,0.0,0.5698729954213632,-1.7440671699524368,1.2202035765074564,0,0.7076285475120645,0.5644546985547021,0.4637146698580946,Shanghai,-0.7022262404899906,0.5784786755224227,-0.6141102119227658,-0.7877139084099387,0.8431035975402226,6.055063996427566,-0.4081017710783708,-0.8679008693722712,-1.4218662488205245,1,0.0,0.0,0.0,0.0,0.0,0.0,-0.5386805324495636,17,1,0
0.169811320754717,2,0.017857142857142856,0.5698729954213632,-1.7440671699524368,1.2202035765074564,0,0.7076285475120645,0.5644546985547021,0.4637146698580946,Shanghai,-0.7022262404899906,0.5784786755224227,-0.6141102119227658,-0.7877139084099387,0.8431035975402226,0.8158375372623108,0.1329538685884684,-0.0658504394180506,-0.007918747855419005,1,0.0,0.0,0.0,0.0,0.0,0.0,-0.4463731063074342,17,1,0
0.18867924528301888,2,0.03571428571428571,0.5698729954213632,-1.7440671699524368,1.2202035765074564,0,0.7076285475120645,0.5644546985547021,0.4637146698580946,Shanghai,-0.7022262404899906,0.5784786755224227,-0.6141102119227658,-0.7877139084099387,0.8431035975402226,0.9780872002470434,0.12814699431877524,-0.3815527964129362,0.20277556597251667,1,0.0,0.0,0.0,0.0,0.0,0.0,-0.3535435344782627,17,1,0
0.20754716981132076,2,0.05357142857142857,0.5698729954213632,-1.7440671699524368,1.2202035765074564,0,0.7076285475120645,0.5644546985547021,0.4637146698580946,Shanghai,-0.7022262404899906,0.5784786755224227,-0.6141102119227658,-0.7877139084099387,0.8431035975402226,0.9464001051252499,0.06106296706909522,-0.4067058404798933,0.3685846731893292,1,0.0,0.0,0.0,0.0,0.0,0.0,-0.2608159368519857,17,1,0
0.22641509433962265,2,0.07142857142857142,0.5698729954213632,-1.7440671699524368,1.2202035765074564,0,0.7076285475120645,0.5644546985547021,0.4637146698580946,Shanghai,-0.7022262404899906,0.5784786755224227,-0.6141102119227658,-0.7877139084099387,0.8431035975402226,0.9915835555766976,-0.08064085202854387,-0.6824471324480754,0.5248041030619965,1,0.0,0.0,0.0,0.0,0.0,0.0,-0.16794293156602585,17,1,0
0.24528301886792453,2,0.08928571428571427,0.5698729954213632,-1.7440671699524368,1.2202035765074564,0,0.7076285475120645,0.5644546985547021,0.4637146698580946,Shanghai,-0.7022262404899906,0.5784786755224227,-0.6141102119227658,-0.7877139084099387,0.8431035975402226,1.0699210962944612,-0.5644545567359511,-0.7773112987570477,0.6621868816470837,1,0.0,0.0,0.0,0.0,0.0,0.0,-0.07481782338957757,17,1,0
0.2641509433962264,2,0.10714285714285715,0.5698729954213632,-1.7440671699524368,1.2202035765074564,0,0.7076285475120645,0.5644546985547021,0.4637146698580946,Shanghai,-0.7022262404899906,0.5784786755224227,-0.6141102119227658,-0.7877139084099387,0.8431035975402226,1.4325622960216424,-0.5591640248453492,-1.4005372525686592,0.7426572519156122,1,0.0,0.0,0.0,0.0,0.0,0.0,0.01947432288666083,17,1,0
0.32075471698113206,2,0.1607142857142857,0.5698729954213632,-1.7440671699524368,1.2202035765074564,0,0.7076285475120645,0.5644546985547021,0.4637146698580946,Shanghai,-0.7022262404899906,0.5784786755224227,-0.6141102119227658,-0.7877139084099387,0.8431035975402226,1.081950456479585,-0.3199593611190666,-1.3390879173559773,-1.395501668896553,1,0.0,0.0,0.0,0.0,0.0,0.0,0.29949265141758924,17,1,0
0.5849056603773585,2,0.4107142857142857,0.5698729954213632,-1.7440671699524368,1.2202035765074564,0,0.7076285475120645,0.5644546985547021,0.4637146698580946,Shanghai,-0.7022262404899906,0.5784786755224227,-0.6141102119227658,-0.7877139084099387,0.8431035975402226,1.0696276972655543,0.23869379422942966,-1.145804623073094,0.8040630171274857,1,0.0,0.0,0.0,0.0,0.0,0.0,1.6005484589502443,17,1,0
0.6037735849056604,2,0.42857142857142855,0.5698729954213632,-1.7440671699524368,1.2202035765074564,0,0.7076285475120645,0.5644546985547021,0.4637146698580946,Shanghai,-0.7022262404899906,0.5784786755224227,-0.6141102119227658,-0.7877139084099387,0.8431035975402226,0.837842464430223,0.2830657725794058,-0.9821742763893824,0.33819634254521336,1,0.0,0.0,0.0,0.0,0.0,0.0,1.6929267005110502,17,1,0
0.4528301886792453,3,0.017857142857142856,0.5698729954213632,-1.7440671699524368,1.2202035765074564,0,0.7076285475120645,0.5644546985547021,0.4637146698580946,Shanghai,-0.7022262404899906,0.5784786755224227,-0.6141102119227658,-0.7877139084099387,0.8431035975402226,0.5599935840567274,0.08836049230150098,-1.4058510415460674,1.7545179064824363,1,0.0,0.0,0.0,0.0,0.0,0.0,0.9538592229789786,19,8,0
0.6226415094339622,3,0.17857142857142858,0.5698729954213632,-1.7440671699524368,1.2202035765074564,0,0.7076285475120645,0.5644546985547021,0.4637146698580946,Shanghai,-0.7022262404899906,0.5784786755224227,-0.6141102119227658,-0.7877139084099387,0.8431035975402226,0.48664382683035606,0.20430471762624075,-1.4457115238986609,-1.1772249798989736,1,0.0,0.0,0.0,0.0,0.0,0.0,1.7799078629631189,19,8,0
0.6981132075471698,3,0.25,0.4907128502815942,-1.6062125734139148,1.0845407179076676,0,0.33792534393957424,0.47705557813738986,-0.4344486732838078,Shanghai,-0.7022262404899906,0.5784786755224227,-0.6141102119227658,-0.7877139084099387,0.8431035975402226,0.4696266831538358,0.27959713125807467,-0.38960645915615644,-1.4311087932529079,1,0.0,0.0,0.0,0.0,0.0,0.0,-1.2525802101839794,19,8,0
0.7169811320754716,3,0.26785714285714285,0.4907128502815942,-1.6062125734139148,1.0845407179076676,0,0.33792534393957424,0.47705557813738986,-0.4344486732838078,Shanghai,-0.7022262404899906,0.5784786755224227,-0.6141102119227658,-0.7877139084099387,0.8431035975402226,0.4121204734883613,0.2917153409847156,-0.597614375005103,-1.1049728936648922,1,0.0,0.0,0.0,0.0,0.0,0.0,-1.1615720109231695,19,8,0
0.7358490566037735,3,0.2857142857142857,0.4907128502815942,-1.6062125734139148,1.0845407179076676,0,0.33792534393957424,0.47705557813738986,-0.4344486732838078,Shanghai,-0.7022262404899906,0.5784786755224227,-0.6141102119227658,-0.7877139084099387,0.8431035975402226,0.45818412102652567,0.2931726050208975,-0.7996834876470725,-0.7819009799099674,1,0.0,0.0,0.0,0.0,0.0,0.0,-1.07041557138593,19,8,0
0.7547169811320754,3,0.30357142857142855,0.4907128502815942,-1.6062125734139148,1.0845407179076676,0,0.33792534393957424,0.47705557813738986,-0.4344486732838078,Shanghai,-0.7022262404899906,0.5784786755224227,-0.6141102119227658,-0.7877139084099387,0.8431035975402226,0.4810692452811502,0.2970138644791865,-0.9270409561909291,-0.6142437506896845,1,0.0,0.0,0.0,0.0,0.0,0.0,-0.979185483813267,19,8,0
0.7735849056603773,3,0.3214285714285714,0.4907128502815942,-1.6062125734139148,1.0845407179076676,0,0.33792534393957424,0.47705557813738986,-0.4344486732838078,Shanghai,-0.7022262404899906,0.5784786755224227,-0.6141102119227658,-0.7877139084099387,0.8431035975402226,0.5118761433162273,0.2989190570473398,-1.0264544289000355,-0.49277848249909484,1,0.0,0.0,0.0,0.0,0.0,0.0,-0.8878562546544567,19,8,0
0.7924528301886792,3,0.33928571428571425,0.4907128502815942,-1.6062125734139148,1.0845407179076676,0,0.33792534393957424,0.47705557813738986,-0.4344486732838078,Shanghai,-0.7022262404899906,0.5784786755224227,-0.6141102119227658,-0.7877139084099387,0.8431035975402226,0.46111811131557784,0.3000434264371123,-1.0912075463066364,-0.44460460892954334,1,0.0,0.0,0.0,0.0,0.0,0.0,-0.7966903730613937,19,8,0
0.8113207547169811,3,0.35714285714285715,0.4907128502815942,-1.6062125734139148,1.0845407179076676,0,0.33792534393957424,0.47705557813738986,-0.4344486732838078,Shanghai,-0.7022262404899906,0.5784786755224227,-0.6141102119227658,-0.7877139084099387,0.8431035975402226,0.48723062488816565,0.30205168342591654,-1.0987083741668822,-0.34489661777384256,1,0.0,0.0,0.0,0.0,0.0,0.0,-0.7054404571715012,19,8,0
0.8301886792452831,3,0.375,0.4907128502815942,-1.6062125734139148,1.0845407179076676,0,0.33792534393957424,0.47705557813738986,-0.4344486732838078,Shanghai,-0.7022262404899906,0.5784786755224227,-0.6141102119227658,-0.7877139084099387,0.8431035975402226,0.5441500364958306,0.31285543405662986,-1.0516230953970755,-0.3582488990384675,1,0.0,0.0,0.0,0.0,0.0,0.0,-0.6140073653986318,19,8,0
0.8490566037735849,3,0.39285714285714285,0.4907128502815942,-1.6062125734139148,1.0845407179076676,0,0.33792534393957424,0.47705557813738986,-0.4344486732838078,Shanghai,-0.7022262404899906,0.5784786755224227,-0.6141102119227658,-0.7877139084099387,0.8431035975402226,0.5374018588310056,0.3305561150596568,-0.8636739791097555,-0.44337917028035867,1,0.0,0.0,0.0,0.0,0.0,0.0,-0.5225959903541568,19,8,0
0.8679245283018868,3,0.4107142857142857,0.4907128502815942,-1.6062125734139148,1.0845407179076676,0,0.33792534393957424,0.47705557813738986,-0.4344486732838078,Shanghai,-0.7022262404899906,0.5784786755224227,-0.6141102119227658,-0.7877139084099387,0.8431035975402226,0.5156903306920002,0.3482267667249461,-0.7409199702614955,-0.5665269175684905,1,0.0,0.0,0.0,0.0,0.0,0.0,-0.4312544865227758,19,8,0
0.8867924528301887,3,0.42857142857142855,0.4907128502815942,-1.6062125734139148,1.0845407179076676,0,0.33792534393957424,0.47705557813738986,-0.4344486732838078,Shanghai,-0.7022262404899906,0.5784786755224227,-0.6141102119227658,-0.7877139084099387,0.8431035975402226,0.4467415588992113,0.3711507823756222,-0.5865377715677792,-0.551782004716164,1,0.0,0.0,0.0,0.0,0.0,0.0,-0.3401348710032483,19,8,0
0.9056603773584906,3,0.4464285714285714,0.4907128502815942,-1.6062125734139148,1.0845407179076676,0,0.33792534393957424,0.47705557813738986,-0.4344486732838078,Shanghai,-0.7022262404899906,0.5784786755224227,-0.6141102119227658,-0.7877139084099387,0.8431035975402226,0.40537229582353623,0.379207941143473,-0.5197163772300152,-0.5465698080766697,1,0.0,0.0,0.0,0.0,0.0,0.0,-0.24914838847083257,19,8,0
0.9245283018867925,3,0.46428571428571425,0.4907128502815942,-1.6062125734139148,1.0845407179076676,0,0.33792534393957424,0.47705557813738986,-0.4344486732838078,Shanghai,-0.7022262404899906,0.5784786755224227,-0.6141102119227658,-0.7877139084099387,0.8431035975402226,0.5508982141606557,0.39094237909447505,-0.48606636613479215,-0.4849162783027385,1,0.0,0.0,0.0,0.0,0.0,0.0,-0.15769357996956898,19,8,0
0.9433962264150944,3,0.48214285714285715,0.4907128502815942,-1.6062125734139148,1.0845407179076676,0,0.33792534393957424,0.47705557813738986,-0.4344486732838078,Shanghai,-0.7022262404899906,0.5784786755224227,-0.6141102119227658,-0.7877139084099387,0.8431035975402226,0.42620362687582514,0.4174648911908759,-0.4137122988385179,-0.37523411162432185,1,0.0,0.0,0.0,0.0,0.0,0.0,-0.06664005884080618,19,8,0
0.9622641509433962,3,0.49999999999999994,0.4907128502815942,-1.6062125734139148,1.0845407179076676,0,0.33792534393957424,0.47705557813738986,-0.4344486732838078,Shanghai,-0.7022262404899906,0.5784786755224227,-0.6141102119227658,-0.7877139084099387,0.8431035975402226,0.4678662889804029,0.4328992390635519,-0.4714618973880232,-0.1440509228172464,1,0.0,0.0,0.0,0.0,0.0,0.0,0.024547539480650988,19,8,0
0.9811320754716981,3,0.5178571428571428,0.4907128502815942,-1.6062125734139148,1.0845407179076676,0,0.33792534393957424,0.47705557813738986,-0.4344486732838078,Shanghai,-0.7022262404899906,0.5784786755224227,-0.6141102119227658,-0.7877139084099387,0.8431035975402226,0.5476708248426966,0.4444461108236985,-0.467528560450254,-0.08615385951298962,1,0.0,0.0,0.0,0.0,0.0,0.0,0.11599196172050849,19,8,0
0.39622641509433965,1,0.05357142857142857,-1.5041228072405848,0.967073228638497,0.6097207128082135,0,-1.1663842430105598,0.11653420641597674,-0.5242650075979979,Suzuka,0.2918775963597438,-0.3539318669737246,-0.24556126478098445,1.1895300923253573,-1.3257116175893464,-0.7262677586649212,-1.6758904636456384,-1.4224328616545316,-1.2409108493543466,1,0.0,0.0,0.0,0.0,0.0,0.0,0.38564857819067977,0,0,0
0.4339622641509434,1,0.08928571428571427,-1.5041228072405848,0.967073228638497,0.6097207128082135,0,-1.1663842430105598,0.11653420641597674,-0.5242650075979979,Suzuka,0.2918775963597438,-0.3539318669737246,-0.24556126478098445,1.1895300923253573,-1.3257116175893464,-0.7732116032897979,-1.8285744261571175,-0.6879608377724569,-1.3151886484057411,1,0.0,0.0,0.0,0.0,0.0,0.0,0.5601321045762759,0,0,0
0.4528301886792453,1,0.10714285714285715,-1.5041228072405848,0.967073228638497,0.6097207128082135,0,-1.1663842430105598,0.11653420641597674,-0.5242650075979979,Suzuka,0.2918775963597438,-0.3539318669737246,-0.24556126478098445,1.1895300923253573,-1.3257116175893464,-0.7388839169078589,-1.9644918457969738,-0.9925116383605684,-1.337237401400864,1,0.0,0.0,0.0,0.0,0.0,0.0,0.6474361853375097,0,0,0
0.5849056603773585,1,0.17857142857142858,-1.5041228072405848,0.967073228638497,0.6097207128082135,0,-1.1663842430105598,0.11653420641597674,-0.5242650075979979,Suzuka,0.2918775963597438,-0.3539318669737246,-0.24556126478098445,1.1895300923253573,-1.3257116175893464,-0.7867079586194521,0.1918770603002069,-0.5150449153011167,-1.2418868361607174,1,0.0,0.0,0.0,0.0,0.0,0.0,1.3026761470625767,1,1,0
0.6037735849056604,1,0.19642857142857142,-1.5041228072405848,0.967073228638497,0.6097207128082135,0,-1.1663842430105598,0.11653420641597674,-0.5242650075979979,Suzuka,0.2918775963597438,-0.3539318669737246,-0.24556126478098445,1.1895300923253573,-1.3257116175893464,-0.8222092411170144,0.1987188518205606,-0.55406354900704,-0.8391975783557294,1,0.0,0.0,0.0,0.0,0.0,0.0,1.3897120734384216,1,1,0
0.6226415094339622,1,0.21428571428571427,-1.5041228072405848,0.967073228638497,0.6097207128082135,0,-1.1663842430105598,0.11653420641597674,-0.5242650075979979,Suzuka,0.2918775963597438,-0.3539318669737246,-0.24556126478098445,1.1895300923253573,-1.3257116175893464,-0.7708644110585553,0.20858204353915827,-0.609423769357535,-0.49530202888401187,1,0.0,0.0,0.0,0.0,0.0,0.0,1.476913235791179,1,1,0
0.6415094339622641,1,0.23214285714285715,-1.5041228072405848,0.967073228638497,0.6097207128082135,0,-1.1663842430105598,0.11653420641597674,-0.5242650075979979,Suzuka,0.2918775963597438,-0.3539318669737246,-0.24556126478098445,1.1895300923253573,-1.3257116175893464,-0.799030717833483,0.22284549344898072,-0.609423769357535,-0.31764637445215027,1,0.0,0.0,0.0,0.0,0.0,0.0,1.5640237544080295,1,1,0
0.660377358490566,1,0.25,-1.5041228072405848,0.967073228638497,0.6097207128082135,0,-1.1663842430105598,0.11653420641597674,-0.5242650075979979,Suzuka,0.2918775963597438,-0.3539318669737246,-0.24556126478098445,1.1895300923253573,-1.3257116175893464,-0.7641162333937302,0.23363237712572213,-0.6941857540028389,-0.09612685303728147,1,0.0,0.0,0.0,0.0,0.0,0.0,1.6512466334891807,1,1,0
0.6792452830188679,1,0.26785714285714285,-1.5041228072405848,0.967073228638497,0.6097207128082135,0,-1.1663842430105598,0.11653420641597674,-0.5242650075979979,Suzuka,0.2918775963597438,-0.3539318669737246,-0.24556126478098445,1.1895300923253573,-1.3257116175893464,-0.7435783013703441,0.24721767815484086,-0.7725822314494829,0.08476565834961393,1,0.0,0.0,0.0,0.0,0.0,0.0,1.7385356069610967,1,1,0
0.6981132075471698,1,0.2857142857142857,-1.4566267201567233,0.967073228638497,0.20273213700869241,0,-1.357610037961848,-2.319716275216603,-0.07518333602704678,Suzuka,0.2918775963597438,-0.3539318669737246,-0.24556126478098445,1.1895300923253573,-1.3257116175893464,-0.8368791925622878,0.26813191896361427,-0.7267255278899696,0.25672989999895,1,0.0,0.0,0.0,0.0,0.0,0.0,-1.5738810951866062,1,1,0
0.7169811320754716,1,0.30357142857142855,-1.4566267201567233,0.967073228638497,0.20273213700869241,0,-1.357610037961848,-2.319716275216603,-0.07518333602704678,Suzuka,0.2918775963597438,-0.3539318669737246,-0.24556126478098445,1.1895300923253573,-1.3257116175893464,-0.8521359420653751,0.2802565089341842,-0.871752870969506,0.4750144072980542,1,0.0,0.0,0.0,0.0,0.0,0.0,-1.4869414777801615,1,1,0
0.7358490566037735,1,0.3214285714285714,-1.4566267201567233,0.967073228638497,0.20273213700869241,0,-1.357610037961848,-2.319716275216603,-0.07518333602704678,Suzuka,0.2918775963597438,-0.3539318669737246,-0.24556126478098445,1.1895300923253573,-1.3257116175893464,-0.867686090597365,0.2935638061056208,-1.0357947394729432,0.6620262686975333,1,0.0,0.0,0.0,0.0,0.0,0.0,-1.4000519032695815,1,1,0
0.7547169811320754,1,0.33928571428571425,-1.4566267201567233,0.967073228638497,0.20273213700869241,0,-1.357610037961848,-2.319716275216603,-0.07518333602704678,Suzuka,0.2918775963597438,-0.3539318669737246,-0.24556126478098445,1.1895300923253573,-1.3257116175893464,-0.8940920031988597,0.30616561390851377,-1.081988426675583,0.7981392457074773,1,0.0,0.0,0.0,0.0,0.0,0.0,-1.3132473072614133,1,1,0
0.7735849056603773,1,0.35714285714285715,-1.4566267201567233,0.967073228638497,0.20273213700869241,0,-1.357610037961848,-2.319716275216603,-0.07518333602704678,Suzuka,0.2918775963597438,-0.3539318669737246,-0.24556126478098445,1.1895300923253573,-1.3257116175893464,-0.8709134799153241,0.3133043679263484,-1.200379226306252,0.9458663419416707,1,0.0,0.0,0.0,0.0,0.0,0.0,-1.2263681190122393,1,1,0
0.7924528301886792,1,0.375,-1.4566267201567233,0.967073228638497,0.20273213700869241,0,-1.357610037961848,-2.319716275216603,-0.07518333602704678,Suzuka,0.2918775963597438,-0.3539318669737246,-0.24556126478098445,1.1895300923253573,-1.3257116175893464,-0.8600577158458235,0.3220144239866718,-1.1975604655113992,1.0768224071164945,1,0.0,0.0,0.0,0.0,0.0,0.0,-1.1394539951565181,1,1,0
0.8113207547169811,1,0.39285714285714285,-1.4566267201567233,0.967073228638497,0.20273213700869241,0,-1.357610037961848,-2.319716275216603,-0.07518333602704678,Suzuka,0.2918775963597438,-0.3539318669737246,-0.24556126478098445,1.1895300923253573,-1.3257116175893464,-0.8113534770475138,0.33432124297959875,-1.1467148074174445,1.162037162488064,1,0.0,0.0,0.0,0.0,0.0,0.0,-1.052383133174126,1,1,0
0.8301886792452831,1,0.4107142857142857,-1.4566267201567233,0.967073228638497,0.20273213700869241,0,-1.357610037961848,-2.319716275216603,-0.07518333602704678,Suzuka,0.2918775963597438,-0.3539318669737246,-0.24556126478098445,1.1895300923253573,-1.3257116175893464,-0.8679794896262719,0.3518125397447428,-1.2235802721767541,1.217392504449342,1,0.0,0.0,0.0,0.0,0.0,0.0,-0.9654945028691284,1,1,0
0.8490566037735849,1,0.42857142857142855,-1.4566267201567233,0.967073228638497,0.20273213700869241,0,-1.357610037961848,-2.319716275216603,-0.07518333602704678,Suzuka,0.2918775963597438,-0.3539318669737246,-0.24556126478098445,1.1895300923253573,-1.3257116175893464,-0.8492019517763187,0.365496683912006,-1.1691718574384362,1.3063303492473113,1,0.0,0.0,0.0,0.0,0.0,0.0,-0.8785454434068601,1,1,0
0.8679245283018868,1,0.4464285714285714,-1.4566267201567233,0.967073228638497,0.20273213700869241,0,-1.357610037961848,-2.319716275216603,-0.07518333602704678,Suzuka,0.2918775963597438,-0.3539318669737246,-0.24556126478098445,1.1895300923253573,-1.3257116175893464,-0.8424537741114937,0.3819959895575856,-1.0978241604168721,1.4089388276182144,1,0.0,0.0,0.0,0.0,0.0,0.0,-0.7915746672161976,1,1,0
0.8867924528301887,1,0.46428571428571425,-1.4566267201567233,0.967073228638497,0.20273213700869241,0,-1.357610037961848,-2.319716275216603,-0.07518333602704678,Suzuka,0.2918775963597438,-0.3539318669737246,-0.24556126478098445,1.1895300923253573,-1.3257116175893464,-0.8896910177652773,0.3969560013014289,-1.0404847022654797,1.3494480145247048,1,0.0,0.0,0.0,0.0,0.0,0.0,-0.7047559081242942,1,1,0
0.9056603773584906,1,0.48214285714285715,-1.4566267201567233,0.967073228638497,0.20273213700869241,0,-1.357610037961848,-2.319716275216603,-0.07518333602704678,Suzuka,0.2918775963597438,-0.3539318669737246,-0.24556126478098445,1.1895300923253573,-1.3257116175893464,-0.9275394924940863,0.41208528032571246,-1.0075115966005002,1.2719150199796125,1,0.0,0.0,0.0,0.0,0.0,0.0,-0.6180589515525147,1,1,0
0.9245283018867925,1,0.49999999999999994,-1.4566267201567233,0.967073228638497,0.20273213700869241,0,-1.357610037961848,-2.319716275216603,-0.07518333602704678,Suzuka,0.2918775963597438,-0.3539318669737246,-0.24556126478098445,1.1895300923253573,-1.3257116175893464,-0.5317442025005853,0.42731685389284546,-1.1476254917259627,1.2393184786947684,1,0.0,0.0,0.0,0.0,0.0,0.0,-0.5300882616501388,1,1,0
0.2830188679245283,2,0.3214285714285714,-1.5041228072405848,0.967073228638497,0.6097207128082135,0,-1.1663842430105598,0.11653420641597674,-0.5242650075979979,Suzuka,0.2918775963597438,-0.3539318669737246,-0.24556126478098445,1.1895300923253573,-1.3257116175893464,-0.3601057705908739,-1.4991930396468656,-1.1659450233342963,-1.5034859510679826,1,0.0,0.0,0.0,0.0,0.0,0.0,-0.15083014959143495,2,2,0
0.32075471698113206,2,0.35714285714285715,-1.5041228072405848,0.967073228638497,0.6097207128082135,0,-1.1663842430105598,0.11653420641597674,-0.5242650075979979,Suzuka,0.2918775963597438,-0.3539318669737246,-0.24556126478098445,1.1895300923253573,-1.3257116175893464,-0.5381989811365034,-1.4156706820133103,-0.36726784898443576,-1.2336086208772166,1,0.0,0.0,0.0,0.0,0.0,0.0,0.025455865250875898,2,2,0
0.33962264150943394,2,0.375,-1.5041228072405848,0.967073228638497,0.6097207128082135,0,-1.1663842430105598,0.11653420641597674,-0.5242650075979979,Suzuka,0.2918775963597438,-0.3539318669737246,-0.24556126478098445,1.1895300923253573,-1.3257116175893464,-0.5270498180380959,-1.6206024263363545,-1.1881990586979059,-0.9719317055696471,1,0.0,0.0,0.0,0.0,0.0,0.0,0.11344166244256927,2,2,0
0.6037735849056604,1,0.07142857142857142,-1.5041228072405848,0.967073228638497,0.6097207128082135,0,-1.1663842430105598,0.11653420641597674,-0.5242650075979979,Suzuka,0.2918775963597438,-0.3539318669737246,-0.24556126478098445,1.1895300923253573,-1.3257116175893464,-1.0005958506915509,-0.8182102253724755,0.23879072778559077,-1.4262094696549616,1,0.0,0.0,0.0,0.0,0.0,0.0,1.3616559487643436,2,2,0
0.6226415094339622,1,0.08928571428571427,-1.5041228072405848,0.967073228638497,0.6097207128082135,0,-1.1663842430105598,0.11653420641597674,-0.5242650075979979,Suzuka,0.2918775963597438,-0.3539318669737246,-0.24556126478098445,1.1895300923253573,-1.3257116175893464,-0.9636275730494582,-0.8285584481666127,0.18829238510715177,-1.2487343596105736,1,0.0,0.0,0.0,0.0,0.0,0.0,1.4482367680494936,2,2,0
0.6415094339622641,1,0.10714285714285715,-1.5041228072405848,0.967073228638497,0.6097207128082135,0,-1.1663842430105598,0.11653420641597674,-0.5242650075979979,Suzuka,0.2918775963597438,-0.3539318669737246,-0.24556126478098445,1.1895300923253573,-1.3257116175893464,-0.93810185753468,-0.830895024472461,0.15312814883856182,-1.1571312172408992,1,0.0,0.0,0.0,0.0,0.0,0.0,1.5348997332203087,2,2,0
0.660377358490566,1,0.125,-1.5041228072405848,0.967073228638497,0.6097207128082135,0,-1.1663842430105598,0.11653420641597674,-0.5242650075979979,Suzuka,0.2918775963597438,-0.3539318669737246,-0.24556126478098445,1.1895300923253573,-1.3257116175893464,-0.9204979158003544,-0.8311177940346622,0.14144833684705668,-1.1180913645416204,1,0.0,0.0,0.0,0.0,0.0,0.0,1.6216193507260646,2,2,0
0.6792452830188679,1,0.14285714285714285,-1.5041228072405848,0.967073228638497,0.6097207128082135,0,-1.1663842430105598,0.11653420641597674,-0.5242650075979979,Suzuka,0.2918775963597438,-0.3539318669737246,-0.24556126478098445,1.1895300923253573,-1.3257116175893464,-0.9894466875931434,-0.8275029247244067,0.09281111164446311,-1.0582981583319055,1,0.0,0.0,0.0,0.0,0.0,0.0,1.7081170799199679,2,2,0
0.6981132075471698,1,0.1607142857142857,-1.5041228072405848,0.967073228638497,0.6097207128082135,0,-1.1663842430105598,0.11653420641597674,-0.5242650075979979,Suzuka,0.2918775963597438,-0.3539318669737246,-0.24556126478098445,1.1895300923253573,-1.3257116175893464,-1.0633832428773244,-0.8221839646921363,0.025509441260321508,-1.034780304224097,1,0.0,0.0,0.0,0.0,0.0,0.0,1.7943768693071174,2,2,0
0.7169811320754716,1,0.17857142857142858,-1.4566267201567233,0.967073228638497,0.20273213700869241,0,-1.357610037961848,-2.319716275216603,-0.07518333602704678,Suzuka,0.2918775963597438,-0.3539318669737246,-0.24556126478098445,1.1895300923253573,-1.3257116175893464,-1.0255347681485152,-0.8345760437934963,-0.09987705730714408,-0.9454522325421534,1,0.0,0.0,0.0,0.0,0.0,0.0,-1.5186469570300394,2,2,0
0.7358490566037735,1,0.19642857142857142,-1.4566267201567233,0.967073228638497,0.20273213700869241,0,-1.357610037961848,-2.319716275216603,-0.07518333602704678,Suzuka,0.2918775963597438,-0.3539318669737246,-0.24556126478098445,1.1895300923253573,-1.3257116175893464,-1.0228941768883657,-0.8335710042835488,-0.26495199618388593,-0.9327719213137168,1,0.0,0.0,0.0,0.0,0.0,0.0,-1.4322568672725249,2,2,0
0.7547169811320754,1,0.21428571428571427,-1.4566267201567233,0.967073228638497,0.20273213700869241,0,-1.357610037961848,-2.319716275216603,-0.07518333602704678,Suzuka,0.2918775963597438,-0.3539318669737246,-0.24556126478098445,1.1895300923253573,-1.3257116175893464,-1.0683710263687163,-0.830560947983085,-0.3835625473199092,-0.5220261911733284,1,0.0,0.0,0.0,0.0,0.0,0.0,-1.3460131293802753,2,2,0
0.7735849056603773,1,0.23214285714285715,-1.4566267201567233,0.967073228638497,0.20273213700869241,0,-1.357610037961848,-2.319716275216603,-0.07518333602704678,Suzuka,0.2918775963597438,-0.3539318669737246,-0.24556126478098445,1.1895300923253573,-1.3257116175893464,-1.0780531943225977,-0.8451803142983086,-0.5144230470485256,-0.27049282449890105,1,0.0,0.0,0.0,0.0,0.0,0.0,-1.2598005502722431,2,2,0
0.7924528301886792,1,0.25,-1.4566267201567233,0.967073228638497,0.20273213700869241,0,-1.357610037961848,-2.319716275216603,-0.07518333602704678,Suzuka,0.2918775963597438,-0.3539318669737246,-0.24556126478098445,1.1895300923253573,-1.3257116175893464,-1.1470019661153867,-0.8620366714575147,-0.6163516305127054,0.0700784511611441,1,0.0,0.0,0.0,0.0,0.0,0.0,-1.1738098594760646,2,2,0
0.8113207547169811,1,0.26785714285714285,-1.4566267201567233,0.967073228638497,0.20273213700869241,0,-1.357610037961848,-2.319716275216603,-0.07518333602704678,Suzuka,0.2918775963597438,-0.3539318669737246,-0.24556126478098445,1.1895300923253573,-1.3257116175893464,-1.098297727317077,-0.8848299591663251,-0.7831502684435302,0.2261368586234559,1,0.0,0.0,0.0,0.0,0.0,0.0,-1.0876624305532152,2,2,0
0.8301886792452831,1,0.2857142857142857,-1.4566267201567233,0.967073228638497,0.20273213700869241,0,-1.357610037961848,-2.319716275216603,-0.07518333602704678,Suzuka,0.2918775963597438,-0.3539318669737246,-0.24556126478098445,1.1895300923253573,-1.3257116175893464,-1.1255838370052882,-0.892955444982179,-0.9202764412000536,0.3001312916111369,1,0.0,0.0,0.0,0.0,0.0,0.0,-1.0016028127495247,2,2,0
0.8490566037735849,1,0.30357142857142855,-1.4566267201567233,0.967073228638497,0.20273213700869241,0,-1.357610037961848,-2.319716275216603,-0.07518333602704678,Suzuka,0.2918775963597438,-0.3539318669737246,-0.24556126478098445,1.1895300923253573,-1.3257116175893464,-1.1229432457451387,-0.905514937369066,-1.0863720906298384,0.3695375838113122,1,0.0,0.0,0.0,0.0,0.0,0.0,-0.9155346970955932,2,2,0
0.8679245283018868,1,0.3214285714285714,-1.4566267201567233,0.967073228638497,0.20273213700869241,0,-1.357610037961848,-2.319716275216603,-0.07518333602704678,Suzuka,0.2918775963597438,-0.3539318669737246,-0.24556126478098445,1.1895300923253573,-1.3257116175893464,-1.1783956622082734,-0.9127089139964651,-1.2991852574748175,0.5138057491823385,1,0.0,0.0,0.0,0.0,0.0,0.0,-0.8296450362967265,2,2,0
0.2830188679245283,2,0.3214285714285714,-1.5041228072405848,0.967073228638497,0.6097207128082135,0,-1.1663842430105598,0.11653420641597674,-0.5242650075979979,Suzuka,0.2918775963597438,-0.3539318669737246,-0.24556126478098445,1.1895300923253573,-1.3257116175893464,-0.2553623172716158,-0.6357358030635352,-1.1049111099916966,-1.3559176364606929,1,0.0,0.0,0.0,0.0,0.0,0.0,-0.13821933983350979,3,3,0
0.3018867924528302,2,0.33928571428571425,-1.5041228072405848,0.967073228638497,0.6097207128082135,0,-1.1663842430105598,0.11653420641597674,-0.5242650075979979,Suzuka,0.2918775963597438,-0.3539318669737246,-0.24556126478098445,1.1895300923253573,-1.3257116175893464,-0.23922537068181624,-0.6006425134707196,-1.1668663352456312,-1.2128464660776828,1,0.0,0.0,0.0,0.0,0.0,0.0,-0.04930727696552675,3,3,0
0.32075471698113206,2,0.35714285714285715,-1.5041228072405848,0.967073228638497,0.6097207128082135,0,-1.1663842430105598,0.11653420641597674,-0.5242650075979979,Suzuka,0.2918775963597438,-0.3539318669737246,-0.24556126478098445,1.1895300923253573,-1.3257116175893464,0.06033503783068471,-0.551073601441682,-1.11917654453257,-1.1244605605084201,1,0.0,0.0,0.0,0.0,0.0,0.0,0.04056881980204006,3,3,0
0.2830188679245283,2,0.3214285714285714,-1.5041228072405848,0.967073228638497,0.6097207128082135,0,-1.1663842430105598,0.11653420641597674,-0.5242650075979979,Suzuka,0.2918775963597438,-0.3539318669737246,-0.24556126478098445,1.1895300923253573,-1.3257116175893464,-0.4214261676321213,-2.075159186054024,-1.1335657923666935,-1.4591394835429166,1,0.0,0.0,0.0,0.0,0.0,0.0,-0.15545675694497152,4,4,0
0.3018867924528302,2,0.33928571428571425,-1.5041228072405848,0.967073228638497,0.6097207128082135,0,-1.1663842430105598,0.11653420641597674,-0.5242650075979979,Suzuka,0.2918775963597438,-0.3539318669737246,-0.24556126478098445,1.1895300923253573,-1.3257116175893464,-0.3970740482329665,-2.0460162215268993,-1.08461723389908,-0.5349000345568956,1,0.0,0.0,0.0,0.0,0.0,0.0,-0.06705267668029517,4,4,0
0.33962264150943394,1,0.0,-1.5041228072405848,0.967073228638497,0.6097207128082135,0,-1.1663842430105598,0.11653420641597674,-0.5242650075979979,Suzuka,0.2918775963597438,-0.3539318669737246,-0.24556126478098445,1.1895300923253573,-1.3257116175893464,5.465918746385352,-1.933406316259196,-0.017006078607170867,-1.2210247053415397,1,0.0,0.0,0.0,0.0,0.0,0.0,0.13031839302157158,4,4,0
0.39622641509433965,1,0.05357142857142857,-1.5041228072405848,0.967073228638497,0.6097207128082135,0,-1.1663842430105598,0.11653420641597674,-0.5242650075979979,Suzuka,0.2918775963597438,-0.3539318669737246,-0.24556126478098445,1.1895300923253573,-1.3257116175893464,-0.6755097266642717,-0.9304921649494742,-0.3675523450368229,-1.267955224562156,1,0.0,0.0,0.0,0.0,0.0,0.0,0.39446273730195797,4,4,0
0.41509433962264153,1,0.07142857142857142,-1.5041228072405848,0.967073228638497,0.6097207128082135,0,-1.1663842430105598,0.11653420641597674,-0.5242650075979979,Suzuka,0.2918775963597438,-0.3539318669737246,-0.24556126478098445,1.1895300923253573,-1.3257116175893464,-0.7271479557516377,-0.9560645078905985,-0.27649226647712416,-1.1557380843467218,1,0.0,0.0,0.0,0.0,0.0,0.0,0.48180458628648587,4,4,0
0.4339622641509434,1,0.08928571428571427,-1.5041228072405848,0.967073228638497,0.6097207128082135,0,-1.1663842430105598,0.11653420641597674,-0.5242650075979979,Suzuka,0.2918775963597438,-0.3539318669737246,-0.24556126478098445,1.1895300923253573,-1.3257116175893464,-0.7165855907110398,-0.9952238068953491,-0.25961167672786634,-1.1989848452424239,1,0.0,0.0,0.0,0.0,0.0,0.0,0.5691804266719781,4,4,0
0.4528301886792453,1,0.10714285714285715,-1.5041228072405848,0.967073228638497,0.6097207128082135,0,-1.1663842430105598,0.11653420641597674,-0.5242650075979979,Suzuka,0.2918775963597438,-0.3539318669737246,-0.24556126478098445,1.1895300923253573,-1.3257116175893464,-0.7867079586194521,-1.0480014736874383,-0.23211596166283172,-1.1650471116019858,1,0.0,0.0,0.0,0.0,0.0,0.0,0.6563306019232881,4,4,0
0.4716981132075472,1,0.125,-1.5041228072405848,0.967073228638497,0.6097207128082135,0,-1.1663842430105598,0.11653420641597674,-0.5242650075979979,Suzuka,0.2918775963597438,-0.3539318669737246,-0.24556126478098445,1.1895300923253573,-1.3257116175893464,-0.7831871702725861,-1.1093892383884703,-0.19119724653076753,-1.079477492145914,1,0.0,0.0,0.0,0.0,0.0,0.0,0.743492107641586,4,4,0
0.49056603773584906,1,0.14285714285714285,-1.5041228072405848,0.967073228638497,0.6097207128082135,0,-1.1663842430105598,0.11653420641597674,-0.5242650075979979,Suzuka,0.2918775963597438,-0.3539318669737246,-0.24556126478098445,1.1895300923253573,-1.3257116175893464,-0.8562435284700507,-1.1559102609748018,-0.158020397094886,-1.0378107606173375,1,0.0,0.0,0.0,0.0,0.0,0.0,0.830418506169878,4,4,0
0.5094339622641509,1,0.1607142857142857,-1.5041228072405848,0.967073228638497,0.6097207128082135,0,-1.1663842430105598,0.11653420641597674,-0.5242650075979979,Suzuka,0.2918775963597438,-0.3539318669737246,-0.24556126478098445,1.1895300923253573,-1.3257116175893464,-0.8709134799153241,-1.2310249442011216,-0.1540133842883769,-0.9141272950199641,1,0.0,0.0,0.0,0.0,0.0,0.0,0.917297694419052,4,4,0
0.5283018867924528,1,0.17857142857142858,-1.5041228072405848,0.967073228638497,0.6097207128082135,0,-1.1663842430105598,0.11653420641597674,-0.5242650075979979,Suzuka,0.2918775963597438,-0.3539318669737246,-0.24556126478098445,1.1895300923253573,-1.3257116175893464,-0.8673926915684581,-1.534488887200274,-0.15101446744717825,-0.8625073978188805,1,0.0,0.0,0.0,0.0,0.0,0.0,1.0041882131352144,4,4,0
0.5471698113207547,1,0.19642857142857142,-1.5041228072405848,0.967073228638497,0.6097207128082135,0,-1.1663842430105598,0.11653420641597674,-0.5242650075979979,Suzuka,0.2918775963597438,-0.3539318669737246,-0.24556126478098445,1.1895300923253573,-1.3257116175893464,-0.941622645881546,-1.7110786793746922,-0.1025422983865005,-0.8601620891929866,1,0.0,0.0,0.0,0.0,0.0,0.0,1.090839847839041,4,4,0
0.5660377358490566,1,0.21428571428571427,-1.5041228072405848,0.967073228638497,0.6097207128082135,0,-1.1663842430105598,0.11653420641597674,-0.5242650075979979,Suzuka,0.2918775963597438,-0.3539318669737246,-0.24556126478098445,1.1895300923253573,-1.3257116175893464,-0.8354121974177617,-1.715974303226812,-0.022080347498287318,-0.7438892400077484,1,0.0,0.0,0.0,0.0,0.0,0.0,1.17783328496368,4,4,0
0.5849056603773585,1,0.23214285714285715,-1.5041228072405848,0.967073228638497,0.6097207128082135,0,-1.1663842430105598,0.11653420641597674,-0.5242650075979979,Suzuka,0.2918775963597438,-0.3539318669737246,-0.24556126478098445,1.1895300923253573,-1.3257116175893464,-0.8873438255340347,-1.675551666733236,0.07939375007138902,-0.7131434397571499,1,0.0,0.0,0.0,0.0,0.0,0.0,1.2646595977002422,4,4,0
0.6037735849056604,1,0.25,-1.5041228072405848,0.967073228638497,0.6097207128082135,0,-1.1663842430105598,0.11653420641597674,-0.5242650075979979,Suzuka,0.2918775963597438,-0.3539318669737246,-0.24556126478098445,1.1895300923253573,-1.3257116175893464,-0.9026005750371178,-1.6815512674672484,0.10162460798007794,-0.7206882852603731,1,0.0,0.0,0.0,0.0,0.0,0.0,1.351436811746522,4,4,0
0.6226415094339622,1,0.26785714285714285,-1.5041228072405848,0.967073228638497,0.6097207128082135,0,-1.1663842430105598,0.11653420641597674,-0.5242650075979979,Suzuka,0.2918775963597438,-0.3539318669737246,-0.24556126478098445,1.1895300923253573,-1.3257116175893464,-0.8345320003310452,-1.664984400365011,0.16266110436834544,-0.750471532988582,1,0.0,0.0,0.0,0.0,0.0,0.0,1.4384330814879078,4,4,0
0.6415094339622641,1,0.2857142857142857,-1.5041228072405848,0.967073228638497,0.6097207128082135,0,-1.1663842430105598,0.11653420641597674,-0.5242650075979979,Suzuka,0.2918775963597438,-0.3539318669737246,-0.24556126478098445,1.1895300923253573,-1.3257116175893464,-0.9278328915229891,-1.6212496486519927,0.2669710222530525,-0.8519787059155667,1,0.0,0.0,0.0,0.0,0.0,0.0,1.5251290938541051,4,4,0
0.660377358490566,1,0.30357142857142855,-1.5041228072405848,0.967073228638497,0.6097207128082135,0,-1.1663842430105598,0.11653420641597674,-0.5242650075979979,Suzuka,0.2918775963597438,-0.3539318669737246,-0.24556126478098445,1.1895300923253573,-1.3257116175893464,-0.8095930828740808,-1.6179094339054343,0.2779947248417291,-0.8438342339248976,1,0.0,0.0,0.0,0.0,0.0,0.0,1.6122056210699915,4,4,0
0.6792452830188679,1,0.3214285714285714,-1.5041228072405848,0.967073228638497,0.6097207128082135,0,-1.1663842430105598,0.11653420641597674,-0.5242650075979979,Suzuka,0.2918775963597438,-0.3539318669737246,-0.24556126478098445,1.1895300923253573,-1.3257116175893464,-0.9295932856964221,-1.5711695373744896,0.38817062635252725,-0.9024765295260962,1,0.0,0.0,0.0,0.0,0.0,0.0,1.698895968202695,4,4,0
0.6981132075471698,1,0.33928571428571425,-1.5041228072405848,0.967073228638497,0.6097207128082135,0,-1.1663842430105598,0.11653420641597674,-0.5242650075979979,Suzuka,0.2918775963597438,-0.3539318669737246,-0.24556126478098445,1.1895300923253573,-1.3257116175893464,-0.9040675701816439,-1.54052466482225,0.44803937368039753,-0.8621162899741746,1,0.0,0.0,0.0,0.0,0.0,0.0,1.785668461221063,4,4,0
0.7169811320754716,1,0.35714285714285715,-1.4566267201567233,0.967073228638497,0.20273213700869241,0,-1.357610037961848,-2.319716275216603,-0.07518333602704678,Suzuka,0.2918775963597438,-0.3539318669737246,-0.24556126478098445,1.1895300923253573,-1.3257116175893464,-0.8861702294184113,-1.5086805353949775,0.5053172278189871,-0.8640727228526848,1,0.0,0.0,0.0,0.0,0.0,0.0,-1.5269068674644755,4,4,0
0.7358490566037735,1,0.375,-1.4566267201567233,0.967073228638497,0.20273213700869241,0,-1.357610037961848,-2.319716275216603,-0.07518333602704678,Suzuka,0.2918775963597438,-0.3539318669737246,-0.24556126478098445,1.1895300923253573,-1.3257116175893464,-0.8923316090254267,-1.4612236591911278,0.6081088854332914,-0.797269751089385,1,0.0,0.0,0.0,0.0,0.0,0.0,-1.4400966062228133,4,4,0
0.7547169811320754,1,0.39285714285714285,-1.4566267201567233,0.967073228638497,0.20273213700869241,0,-1.357610037961848,-2.319716275216603,-0.07518333602704678,Suzuka,0.2918775963597438,-0.3539318669737246,-0.24556126478098445,1.1895300923253573,-1.3257116175893464,-0.9222583099737874,-1.4150349383240404,0.6882758952961687,-0.8036828332601549,1,0.0,0.0,0.0,0.0,0.0,0.0,-1.3533826539505511,4,4,0
0.7735849056603773,1,0.4107142857142857,-1.4566267201567233,0.967073228638497,0.20273213700869241,0,-1.357610037961848,-2.319716275216603,-0.07518333602704678,Suzuka,0.2918775963597438,-0.3539318669737246,-0.24556126478098445,1.1895300923253573,-1.3257116175893464,-0.9741899380900562,-1.3937076698796917,0.6826980471213713,-0.8265111160590882,1,0.0,0.0,0.0,0.0,0.0,0.0,-1.2668358260663657,4,4,0
0.7924528301886792,1,0.42857142857142855,-1.4566267201567233,0.967073228638497,0.20273213700869241,0,-1.357610037961848,-2.319716275216603,-0.07518333602704678,Suzuka,0.2918775963597438,-0.3539318669737246,-0.24556126478098445,1.1895300923253573,-1.3257116175893464,-0.8392263847935346,-1.3886346166787502,0.6992261051232334,-0.8403555660949108,1,0.0,0.0,0.0,0.0,0.0,0.0,-1.1798546636142975,4,4,0
0.8113207547169811,1,0.4464285714285714,-1.4566267201567233,0.967073228638497,0.20273213700869241,0,-1.357610037961848,-2.319716275216603,-0.07518333602704678,Suzuka,0.2918775963597438,-0.3539318669737246,-0.24556126478098445,1.1895300923253573,-1.3257116175893464,-1.0305225516399115,-1.331918965790985,0.8198670072854888,-1.0754863677019768,1,0.0,0.0,0.0,0.0,0.0,0.0,-1.0934891232019242,4,4,0
0.8301886792452831,1,0.46428571428571425,-1.4566267201567233,0.967073228638497,0.20273213700869241,0,-1.357610037961848,-2.319716275216603,-0.07518333602704678,Suzuka,0.2918775963597438,-0.3539318669737246,-0.24556126478098445,1.1895300923253573,-1.3257116175893464,-0.9425028429682625,-1.3241523013334477,0.853853133137867,-1.0192792319250545,1,0.0,0.0,0.0,0.0,0.0,0.0,-1.0068403211148447,4,4,0
0.8490566037735849,1,0.48214285714285715,-1.4566267201567233,0.967073228638497,0.20273213700869241,0,-1.357610037961848,-2.319716275216603,-0.07518333602704678,Suzuka,0.2918775963597438,-0.3539318669737246,-0.24556126478098445,1.1895300923253573,-1.3257116175893464,-0.9360480643323443,-1.290059135955613,0.9413896189144655,-1.1189998009450135,1,0.0,0.0,0.0,0.0,0.0,0.0,-0.9201707465049532,4,4,0
0.8679245283018868,1,0.49999999999999994,-1.4566267201567233,0.967073228638497,0.20273213700869241,0,-1.357610037961848,-2.319716275216603,-0.07518333602704678,Suzuka,0.2918775963597438,-0.3539318669737246,-0.24556126478098445,1.1895300923253573,-1.3257116175893464,-0.9395688526792103,-1.248588957074199,0.9349174810040152,-1.2037520534373312,1,0.0,0.0,0.0,0.0,0.0,0.0,-0.8335125023620501,4,4,0
0.8867924528301887,1,0.5178571428571428,-1.4566267201567233,0.967073228638497,0.20273213700869241,0,-1.357610037961848,-2.319716275216603,-0.07518333602704678,Suzuka,0.2918775963597438,-0.3539318669737246,-0.24556126478098445,1.1895300923253573,-1.3257116175893464,-0.9017203779504013,-1.2162497502715157,0.9651192133859384,-1.4110561353195112,1,0.0,0.0,0.0,0.0,0.0,0.0,-0.7467324556990231,4,4,0
0.39622641509433965,1,0.017857142857142856,-1.5041228072405848,0.967073228638497,0.6097207128082135,0,-1.1663842430105598,0.11653420641597674,-0.5242650075979979,Suzuka,0.2918775963597438,-0.3539318669737246,-0.24556126478098445,1.1895300923253573,-1.3257116175893464,-0.4000080385220228,0.118550316146982,0.008588486644656846,-1.4283852169133266,1,0.0,0.0,0.0,0.0,0.0,0.0,0.42155577228203467,6,0,0
0.2830188679245283,2,0.3214285714285714,-1.5041228072405848,0.967073228638497,0.6097207128082135,0,-1.1663842430105598,0.11653420641597674,-0.5242650075979979,Suzuka,0.2918775963597438,-0.3539318669737246,-0.24556126478098445,1.1895300923253573,-1.3257116175893464,-0.22543561632325929,-0.9638192678257184,-1.4170657454694195,-0.8813863779970873,1,0.0,0.0,0.0,0.0,0.0,0.0,-0.1438505819266715,7,5,0
0.3018867924528302,2,0.33928571428571425,-1.5041228072405848,0.967073228638497,0.6097207128082135,0,-1.1663842430105598,0.11653420641597674,-0.5242650075979979,Suzuka,0.2918775963597438,-0.3539318669737246,-0.24556126478098445,1.1895300923253573,-1.3257116175893464,-0.28998340268246575,-0.9117551557132004,-1.224057160067744,-0.8675999432250742,1,0.0,0.0,0.0,0.0,0.0,0.0,-0.055101866624435565,7,5,0
0.32075471698113206,2,0.35714285714285715,-1.5041228072405848,0.967073228638497,0.6097207128082135,0,-1.1663842430105598,0.11653420641597674,-0.5242650075979979,Suzuka,0.2918775963597438,-0.3539318669737246,-0.24556126478098445,1.1895300923253573,-1.3257116175893464,-0.3398612375963988,-0.8576436195895709,-1.1756444285102885,-0.8411279930746944,1,0.0,0.0,0.0,0.0,0.0,0.0,0.03348633372879983,7,5,0
0.33962264150943394,2,0.375,-1.5041228072405848,0.967073228638497,0.6097207128082135,0,-1.1663842430105598,0.11653420641597674,-0.5242650075979979,Suzuka,0.2918775963597438,-0.3539318669737246,-0.24556126478098445,1.1895300923253573,-1.3257116175893464,-0.3287120744979872,-0.9399720151515757,-1.1209683855518313,-0.779290769849627,1,0.0,0.0,0.0,0.0,0.0,0.0,0.12211041389416492,7,5,0
0.41509433962264153,1,0.017857142857142856,-1.5041228072405848,0.967073228638497,0.6097207128082135,0,-1.1663842430105598,0.11653420641597674,-0.5242650075979979,Suzuka,0.2918775963597438,-0.3539318669737246,-0.24556126478098445,1.1895300923253573,-1.3257116175893464,-0.5511085384083481,-0.16148156454803198,-0.7864437485410215,-0.7614985461730831,1,0.0,0.0,0.0,0.0,0.0,0.0,0.49960286151386596,7,5,0
0.5660377358490566,1,0.1607142857142857,-1.5041228072405848,0.967073228638497,0.6097207128082135,0,-1.1663842430105598,0.11653420641597674,-0.5242650075979979,Suzuka,0.2918775963597438,-0.3539318669737246,-0.24556126478098445,1.1895300923253573,-1.3257116175893464,-0.6508642082362099,-0.22157810819700208,-0.8257340913916853,-0.4758411045806171,1,0.0,0.0,0.0,0.0,0.0,0.0,1.2025044326250176,7,5,0
0.5849056603773585,1,0.17857142857142858,-1.5041228072405848,0.967073228638497,0.6097207128082135,0,-1.1663842430105598,0.11653420641597674,-0.5242650075979979,Suzuka,0.2918775963597438,-0.3539318669737246,-0.24556126478098445,1.1895300923253573,-1.3257116175893464,-0.7341895324453697,-0.18921386216605038,-0.613709030644186,-0.4562902123067728,1,0.0,0.0,0.0,0.0,0.0,0.0,1.289823620675569,7,5,0
0.6037735849056604,1,0.19642857142857142,-1.5041228072405848,0.967073228638497,0.6097207128082135,0,-1.1663842430105598,0.11653420641597674,-0.5242650075979979,Suzuka,0.2918775963597438,-0.3539318669737246,-0.24556126478098445,1.1895300923253573,-1.3257116175893464,-0.8078326887006478,-0.17404540169485058,-0.5153559369213838,-0.49719713156544193,1,0.0,0.0,0.0,0.0,0.0,0.0,1.376905813124949,7,5,0
0.6226415094339622,1,0.21428571428571427,-1.5041228072405848,0.967073228638497,0.6097207128082135,0,-1.1663842430105598,0.11653420641597674,-0.5242650075979979,Suzuka,0.2918775963597438,-0.3539318669737246,-0.24556126478098445,1.1895300923253573,-1.3257116175893464,-0.7875881557061686,-0.1590353496857346,-0.4702506456507899,-0.5025780036948784,1,0.0,0.0,0.0,0.0,0.0,0.0,1.4640531557595118,7,5,0
0.6415094339622641,1,0.23214285714285715,-1.5041228072405848,0.967073228638497,0.6097207128082135,0,-1.1663842430105598,0.11653420641597674,-0.5242650075979979,Suzuka,0.2918775963597438,-0.3539318669737246,-0.24556126478098445,1.1895300923253573,-1.3257116175893464,-0.8157544624810963,-0.14145631524048696,-0.4186931831378102,-0.49120315193761555,1,0.0,0.0,0.0,0.0,0.0,0.0,1.5511098546581685,7,5,0
0.660377358490566,1,0.25,-1.5041228072405848,0.967073228638497,0.6097207128082135,0,-1.1663842430105598,0.11653420641597674,-0.5242650075979979,Suzuka,0.2918775963597438,-0.3539318669737246,-0.24556126478098445,1.1895300923253573,-1.3257116175893464,-0.8216224430592048,-0.1286098564590185,-0.3567756686756015,-0.4094180716688594,1,0.0,0.0,0.0,0.0,0.0,0.0,1.6381476694451782,7,5,0
0.6792452830188679,1,0.26785714285714285,-1.5041228072405848,0.967073228638497,0.6097207128082135,0,-1.1663842430105598,0.11653420641597674,-0.5242650075979979,Suzuka,0.2918775963597438,-0.3539318669737246,-0.24556126478098445,1.1895300923253573,-1.3257116175893464,-0.8362923945044782,-0.11623681676691867,-0.29681491297469387,-0.37346918947012875,1,0.0,0.0,0.0,0.0,0.0,0.0,1.72513827395307,7,5,0
0.6981132075471698,1,0.2857142857142857,-1.4566267201567233,0.967073228638497,0.20273213700869241,0,-1.357610037961848,-2.319716275216603,-0.07518333602704678,Suzuka,0.2918775963597438,-0.3539318669737246,-0.24556126478098445,1.1895300923253573,-1.3257116175893464,-0.8492019517763187,-0.09746199783181914,-0.2617457407285218,-0.3837902998003915,1,0.0,0.0,0.0,0.0,0.0,0.0,-1.5873180848290915,7,5,0
0.7169811320754716,1,0.30357142857142855,-1.4566267201567233,0.967073228638497,0.20273213700869241,0,-1.357610037961848,-2.319716275216603,-0.07518333602704678,Suzuka,0.2918775963597438,-0.3539318669737246,-0.24556126478098445,1.1895300923253573,-1.3257116175893464,-0.8808890468981124,-0.08227663560893089,-0.2537571254889411,-0.3451857807354858,1,0.0,0.0,0.0,0.0,0.0,0.0,-1.5004709995697174,7,5,0
0.7358490566037735,1,0.3214285714285714,-1.4566267201567233,0.967073228638497,0.20273213700869241,0,-1.357610037961848,-2.319716275216603,-0.07518333602704678,Suzuka,0.2918775963597438,-0.3539318669737246,-0.24556126478098445,1.1895300923253573,-1.3257116175893464,-0.922845108031597,-0.06716428297510789,-0.2665574521599435,-0.30799805020622145,1,0.0,0.0,0.0,0.0,0.0,0.0,-1.41375893570862,7,5,0
0.7547169811320754,1,0.33928571428571425,-1.4566267201567233,0.967073228638497,0.20273213700869241,0,-1.357610037961848,-2.319716275216603,-0.07518333602704678,Suzuka,0.2918775963597438,-0.3539318669737246,-0.24556126478098445,1.1895300923253573,-1.3257116175893464,-0.9856325002173705,-0.05561210964868183,-0.25987828455058004,-0.24248460290074036,1,0.0,0.0,0.0,0.0,0.0,0.0,-1.3272489318421465,7,5,0
0.7735849056603773,1,0.35714285714285715,-1.4566267201567233,0.967073228638497,0.20273213700869241,0,-1.357610037961848,-2.319716275216603,-0.07518333602704678,Suzuka,0.2918775963597438,-0.3539318669737246,-0.24556126478098445,1.1895300923253573,-1.3257116175893464,-0.9791777215814482,-0.05500105909409537,-0.3410208510604804,0.09888176654314333,1,0.0,0.0,0.0,0.0,0.0,0.0,-1.2407181554528612,7,5,0
0.7924528301886792,1,0.375,-1.4566267201567233,0.967073228638497,0.20273213700869241,0,-1.357610037961848,-2.319716275216603,-0.07518333602704678,Suzuka,0.2918775963597438,-0.3539318669737246,-0.24556126478098445,1.1895300923253573,-1.3257116175893464,-0.9604001837314992,-0.05383801704016313,-0.3641416102663965,0.27172306446880334,1,0.0,0.0,0.0,0.0,0.0,0.0,-1.1541269499063052,7,5,0
0.8113207547169811,1,0.39285714285714285,-1.4566267201567233,0.967073228638497,0.20273213700869241,0,-1.357610037961848,-2.319716275216603,-0.07518333602704678,Suzuka,0.2918775963597438,-0.3539318669737246,-0.24556126478098445,1.1895300923253573,-1.3257116175893464,-0.989740086622046,-0.046854545115939374,-0.37011500878016423,0.4242876679738058,1,0.0,0.0,0.0,0.0,0.0,0.0,-1.0676301649179847,7,5,0
0.8301886792452831,1,0.4107142857142857,-1.4566267201567233,0.967073228638497,0.20273213700869241,0,-1.357610037961848,-2.319716275216603,-0.07518333602704678,Suzuka,0.2918775963597438,-0.3539318669737246,-0.24556126478098445,1.1895300923253573,-1.3257116175893464,-1.0698380215132466,-0.040198937093086036,-0.41928015455183437,0.5041459313278984,1,0.0,0.0,0.0,0.0,0.0,0.0,-0.9813911480536468,7,5,0
0.8490566037735849,1,0.42857142857142855,-1.4566267201567233,0.967073228638497,0.20273213700869241,0,-1.357610037961848,-2.319716275216603,-0.07518333602704678,Suzuka,0.2918775963597438,-0.3539318669737246,-0.24556126478098445,1.1895300923253573,-1.3257116175893464,-1.0938967418834946,-0.040859957312324724,-0.5231505010747965,0.6322141605755265,1,0.0,0.0,0.0,0.0,0.0,0.0,-0.895229556047062,7,5,0
0.8679245283018868,1,0.4464285714285714,-1.4566267201567233,0.967073228638497,0.20273213700869241,0,-1.357610037961848,-2.319716275216603,-0.07518333602704678,Suzuka,0.2918775963597438,-0.3539318669737246,-0.24556126478098445,1.1895300923253573,-1.3257116175893464,-1.053407675894536,-0.04149257988598176,-0.6443562501759394,0.751064490599405,1,0.0,0.0,0.0,0.0,0.0,0.0,-0.8089376636701124,7,5,0
0.8867924528301887,1,0.46428571428571425,-1.4566267201567233,0.967073228638497,0.20273213700869241,0,-1.357610037961848,-2.319716275216603,-0.07518333602704678,Suzuka,0.2918775963597438,-0.3539318669737246,-0.24556126478098445,1.1895300923253573,-1.3257116175893464,-1.0821607807272733,-0.040716226154146135,-0.6426760019912037,0.872174748293504,1,0.0,0.0,0.0,0.0,0.0,0.0,-0.7227383034402335,7,5,0
0.9056603773584906,1,0.48214285714285715,-1.4566267201567233,0.967073228638497,0.20273213700869241,0,-1.357610037961848,-2.319716275216603,-0.07518333602704678,Suzuka,0.2918775963597438,-0.3539318669737246,-0.24556126478098445,1.1895300923253573,-1.3257116175893464,-1.1314518175833967,-0.03761584564650553,-0.6990435662651336,0.9762166087490194,1,0.0,0.0,0.0,0.0,0.0,0.0,-0.6366975697481901,7,5,0
0.9245283018867925,1,0.49999999999999994,-1.4566267201567233,0.967073228638497,0.20273213700869241,0,-1.357610037961848,-2.319716275216603,-0.07518333602704678,Suzuka,0.2918775963597438,-0.3539318669737246,-0.24556126478098445,1.1895300923253573,-1.3257116175893464,-1.1229432457451387,-0.03520998803443993,-0.7671423247588848,1.099491335993629,1,0.0,0.0,0.0,0.0,0.0,0.0,-0.5506294540942586,7,5,0
0.49056603773584906,2,0.5178571428571428,-1.5041228072405848,0.967073228638497,0.6097207128082135,0,-1.1663842430105598,0.11653420641597674,-0.5242650075979979,Suzuka,0.2918775963597438,-0.3539318669737246,-0.24556126478098445,1.1895300923253573,-1.3257116175893464,-0.2571227114450488,-0.3269151456861312,1.1341195071824663,-1.4803274354695033,1,0.0,0.0,0.0,0.0,0.0,0.0,0.8478013309410221,9,7,0
0.6415094339622641,3,0.07142857142857142,-1.5041228072405848,0.967073228638497,0.6097207128082135,0,-1.1663842430105598,0.11653420641597674,-0.5242650075979979,Suzuka,0.2918775963597438,-0.3539318669737246,-0.24556126478098445,1.1895300923253573,-1.3257116175893464,-0.8031383042381586,0.5036115155025533,-1.1581344747030182,-1.418074943686389,1,0.0,0.0,0.0,0.0,0.0,0.0,1.5769725897644375,9,7,0
0.660377358490566,3,0.08928571428571427,-1.5041228072405848,0.967073228638497,0.6097207128082135,0,-1.1663842430105598,0.11653420641597674,-0.5242650075979979,Suzuka,0.2918775963597438,-0.3539318669737246,-0.24556126478098445,1.1895300923253573,-1.3257116175893464,-0.8621115090481593,0.511894191673975,-1.0554961942837247,-1.1706569096254529,1,0.0,0.0,0.0,0.0,0.0,0.0,1.6638801041810825,9,7,0
0.6792452830188679,3,0.10714285714285715,-1.5041228072405848,0.967073228638497,0.6097207128082135,0,-1.1663842430105598,0.11653420641597674,-0.5242650075979979,Suzuka,0.2918775963597438,-0.3539318669737246,-0.24556126478098445,1.1895300923253573,-1.3257116175893464,-0.7485660848617361,0.5166633136053179,-1.057651832009945,-0.8613343420953408,1,0.0,0.0,0.0,0.0,0.0,0.0,1.751153026158098,9,7,0
0.6981132075471698,3,0.125,-1.4566267201567233,0.967073228638497,0.20273213700869241,0,-1.357610037961848,-2.319716275216603,-0.07518333602704678,Suzuka,0.2918775963597438,-0.3539318669737246,-0.24556126478098445,1.1895300923253573,-1.3257116175893464,-0.7884683527928851,0.5330824433995938,-0.9887827584491349,-0.8268941769571287,1,0.0,0.0,0.0,0.0,0.0,0.0,-1.561107882068516,9,7,0
0.7169811320754716,3,0.14285714285714285,-1.4566267201567233,0.967073228638497,0.20273213700869241,0,-1.357610037961848,-2.319716275216603,-0.07518333602704678,Suzuka,0.2918775963597438,-0.3539318669737246,-0.24556126478098445,1.1895300923253573,-1.3257116175893464,-0.8439207692560198,0.5457123831709628,-0.9390460828081795,-0.7700009282314396,1,0.0,0.0,0.0,0.0,0.0,0.0,-1.4741418269057653,9,7,0
0.7358490566037735,3,0.1607142857142857,-1.4566267201567233,0.967073228638497,0.20273213700869241,0,-1.357610037961848,-2.319716275216603,-0.07518333602704678,Suzuka,0.2918775963597438,-0.3539318669737246,-0.24556126478098445,1.1895300923253573,-1.3257116175893464,-0.7667568246538797,0.5568686845474798,-1.2783558386655807,-0.7142192422413588,1,0.0,0.0,0.0,0.0,0.0,0.0,-1.3869274456748555,9,7,0
0.37735849056603776,1,0.4107142857142857,-1.5041228072405848,0.967073228638497,0.6097207128082135,0,-1.1663842430105598,0.11653420641597674,-0.5242650075979979,Suzuka,0.2918775963597438,-0.3539318669737246,-0.24556126478098445,1.1895300923253573,-1.3257116175893464,-0.21986103477405347,-0.4256254989022734,-1.3674464196215115,-1.1786357062370914,1,0.0,0.0,0.0,0.0,0.0,0.0,0.3178668920502054,10,8,0
0.37735849056603776,1,0.03571428571428571,-1.5041228072405848,0.967073228638497,0.6097207128082135,0,-1.1663842430105598,0.11653420641597674,-0.5242650075979979,Suzuka,0.2918775963597438,-0.3539318669737246,-0.24556126478098445,1.1895300923253573,-1.3257116175893464,-0.6643605635658641,-1.390945969689571,-1.4218953674883008,-1.4508474383076138,1,0.0,0.0,0.0,0.0,0.0,0.0,0.3006747968066969,11,9,0
0.2830188679245283,1,0.3214285714285714,-1.5041228072405848,0.967073228638497,0.6097207128082135,0,-1.1663842430105598,0.11653420641597674,-0.5242650075979979,Suzuka,0.2918775963597438,-0.3539318669737246,-0.24556126478098445,1.1895300923253573,-1.3257116175893464,-0.265337884254404,-1.3176905249957065,-1.4615976925353757,-1.0932963207136202,1,0.0,0.0,0.0,0.0,0.0,0.0,-0.14862542955663763,12,4,0
0.3018867924528302,1,0.33928571428571425,-1.5041228072405848,0.967073228638497,0.6097207128082135,0,-1.1663842430105598,0.11653420641597674,-0.5242650075979979,Suzuka,0.2918775963597438,-0.3539318669737246,-0.24556126478098445,1.1895300923253573,-1.3257116175893464,-0.3621595637932138,-1.25898170000709,-1.292710047308493,-1.2070970112845862,1,0.0,0.0,0.0,0.0,0.0,0.0,-0.06010898882766098,12,4,0
0.32075471698113206,1,0.35714285714285715,-1.5041228072405848,0.967073228638497,0.6097207128082135,0,-1.1663842430105598,0.11653420641597674,-0.5242650075979979,Suzuka,0.2918775963597438,-0.3539318669737246,-0.24556126478098445,1.1895300923253573,-1.3257116175893464,-0.3674407463135127,-1.2057632416394246,-1.2003792263061455,-1.1400279307395802,1,0.0,0.0,0.0,0.0,0.0,0.0,0.02839045620083328,12,4,0
0.33962264150943394,1,0.375,-1.5041228072405848,0.967073228638497,0.6097207128082135,0,-1.1663842430105598,0.11653420641597674,-0.5242650075979979,Suzuka,0.2918775963597438,-0.3539318669737246,-0.24556126478098445,1.1895300923253573,-1.3257116175893464,-0.3765361162095845,-1.3251624861780764,-0.9470980692118385,-1.152028593348779,1,0.0,0.0,0.0,0.0,0.0,0.0,0.11686063085627438,12,4,0
0.3584905660377358,1,0.39285714285714285,-1.5041228072405848,0.967073228638497,0.6097207128082135,0,-1.1663842430105598,0.11653420641597674,-0.5242650075979979,Suzuka,0.2918775963597438,-0.3539318669737246,-0.24556126478098445,1.1895300923253573,-1.3257116175893464,-0.5293970102693385,-2.6655616954743624,-0.7520048649996565,-1.1267410252292978,1,0.0,0.0,0.0,0.0,0.0,0.0,0.20483887440330908,12,4,0
0.37735849056603776,1,0.4107142857142857,-1.5041228072405848,0.967073228638497,0.6097207128082135,0,-1.1663842430105598,0.11653420641597674,-0.5242650075979979,Suzuka,0.2918775963597438,-0.3539318669737246,-0.24556126478098445,1.1895300923253573,-1.3257116175893464,-0.4205459705454048,-2.659114716222449,-0.7430596574695623,-0.9068864616960355,1,0.0,0.0,0.0,0.0,0.0,0.0,0.2931674182213972,12,4,0
0.39622641509433965,1,0.42857142857142855,-1.5041228072405848,0.967073228638497,0.6097207128082135,0,-1.1663842430105598,0.11653420641597674,-0.5242650075979979,Suzuka,0.2918775963597438,-0.3539318669737246,-0.24556126478098445,1.1895300923253573,-1.3257116175893464,-0.4677832141991884,-2.5386088056383413,-0.5758572613306425,-0.8715276147439165,1,0.0,0.0,0.0,0.0,0.0,0.0,0.3813439449407263,12,4,0
0.41509433962264153,1,0.4464285714285714,-1.5041228072405848,0.967073228638497,0.6097207128082135,0,-1.1663842430105598,0.11653420641597674,-0.5242650075979979,Suzuka,0.2918775963597438,-0.3539318669737246,-0.24556126478098445,1.1895300923253573,-1.3257116175893464,-0.5214752364888943,-2.4730141262047636,-0.4848444012800669,-0.45382345141419916,1,0.0,0.0,0.0,0.0,0.0,0.0,0.46934768203848426,12,4,0
0.4339622641509434,1,0.46428571428571425,-1.5041228072405848,0.967073228638497,0.6097207128082135,0,-1.1663842430105598,0.11653420641597674,-0.5242650075979979,Suzuka,0.2918775963597438,-0.3539318669737246,-0.24556126478098445,1.1895300923253573,-1.3257116175893464,-0.5367319859919774,-2.455969093495741,-0.4611943554242195,-0.7042045988936754,1,0.0,0.0,0.0,0.0,0.0,0.0,0.5573023204459601,12,4,0
0.4528301886792453,1,0.48214285714285715,-1.5041228072405848,0.967073228638497,0.6097207128082135,0,-1.1663842430105598,0.11653420641597674,-0.5242650075979979,Suzuka,0.2918775963597438,-0.3539318669737246,-0.24556126478098445,1.1895300923253573,-1.3257116175893464,-0.5695926772293902,-2.4990464355426,-0.5209643266614686,-1.0188506427076431,1,0.0,0.0,0.0,0.0,0.0,0.0,0.645151207828212,12,4,0
0.4716981132075472,1,0.49999999999999994,-1.5041228072405848,0.967073228638497,0.6097207128082135,0,-1.1663842430105598,0.11653420641597674,-0.5242650075979979,Suzuka,0.2918775963597438,-0.3539318669737246,-0.24556126478098445,1.1895300923253573,-1.3257116175893464,-0.5182478471709311,-2.534662621573819,-0.5703819163621244,-1.2858910617329724,1,0.0,0.0,0.0,0.0,0.0,0.0,0.7331653311873763,12,4,0
0.5283018867924528,2,0.017857142857142856,-1.5041228072405848,0.967073228638497,0.6097207128082135,0,-1.1663842430105598,0.11653420641597674,-0.5242650075979979,Suzuka,0.2918775963597438,-0.3539318669737246,-0.24556126478098445,1.1895300923253573,-1.3257116175893464,-0.9325272759854784,-0.6272997113738104,0.7092130402170598,0.25224704595604525,1,0.0,0.0,0.0,0.0,0.0,0.0,1.0167584220530985,12,4,0
0.6037735849056604,2,0.08928571428571427,-1.5041228072405848,0.967073228638497,0.6097207128082135,0,-1.1663842430105598,0.11653420641597674,-0.5242650075979979,Suzuka,0.2918775963597438,-0.3539318669737246,-0.24556126478098445,1.1895300923253573,-1.3257116175893464,-0.8996665847480614,-0.7052078870811475,-1.3868005840267352,0.5541345594406712,1,0.0,0.0,0.0,0.0,0.0,0.0,1.3640117416923176,12,4,0
0.6226415094339622,2,0.10714285714285715,-1.5041228072405848,0.967073228638497,0.6097207128082135,0,-1.1663842430105598,0.11653420641597674,-0.5242650075979979,Suzuka,0.2918775963597438,-0.3539318669737246,-0.24556126478098445,1.1895300923253573,-1.3257116175893464,-0.907294959499607,-0.6973637328400121,-1.2150196641292061,0.5822982514529536,1,0.0,0.0,0.0,0.0,0.0,0.0,1.4507738484492798,12,4,0
0.6415094339622641,2,0.125,-1.5041228072405848,0.967073228638497,0.6097207128082135,0,-1.1663842430105598,0.11653420641597674,-0.5242650075979979,Suzuka,0.2918775963597438,-0.3539318669737246,-0.24556126478098445,1.1895300923253573,-1.3257116175893464,-0.9131629400777156,-0.6899171162180683,-1.1263555576084026,0.6213929750938023,1,0.0,0.0,0.0,0.0,0.0,0.0,1.5375170710945951,12,4,0
0.660377358490566,2,0.14285714285714285,-1.5041228072405848,0.967073228638497,0.6097207128082135,0,-1.1663842430105598,0.11653420641597674,-0.5242650075979979,Suzuka,0.2918775963597438,-0.3539318669737246,-0.24556126478098445,1.1895300923253573,-1.3257116175893464,-0.8811824459270192,-0.6859151567160747,-1.0885682768586185,0.6405294114730923,1,0.0,0.0,0.0,0.0,0.0,0.0,1.6243632121483869,12,4,0
0.6792452830188679,2,0.1607142857142857,-1.5041228072405848,0.967073228638497,0.6097207128082135,0,-1.1663842430105598,0.11653420641597674,-0.5242650075979979,Suzuka,0.2918775963597438,-0.3539318669737246,-0.24556126478098445,1.1895300923253573,-1.3257116175893464,-0.9736031400322466,-0.6761397248198865,-1.0306935023972388,0.6384136680917961,1,0.0,0.0,0.0,0.0,0.0,0.0,1.7109119284437369,12,4,0
0.6981132075471698,2,0.17857142857142858,-1.5041228072405848,0.967073228638497,0.6097207128082135,0,-1.1663842430105598,0.11653420641597674,-0.5242650075979979,Suzuka,0.2918775963597438,-0.3539318669737246,-0.24556126478098445,1.1895300923253573,-1.3257116175893464,-1.0011826487493605,-0.6688238100768702,-1.0079302055515866,0.6925910671990755,1,0.0,0.0,0.0,0.0,0.0,0.0,1.7973718894143456,12,4,0
0.7169811320754716,2,0.19642857142857142,-1.4566267201567233,0.967073228638497,0.20273213700869241,0,-1.357610037961848,-2.319716275216603,-0.07518333602704678,Suzuka,0.2918775963597438,-0.3539318669737246,-0.24556126478098445,1.1895300923253573,-1.3257116175893464,-1.0164393982524476,-0.6693587911629589,-0.9214681753414978,0.767907174447401,1,0.0,0.0,0.0,0.0,0.0,0.0,-1.5156226665497583,12,4,0
0.7358490566037735,2,0.21428571428571427,-1.4566267201567233,0.967073228638497,0.20273213700869241,0,-1.357610037961848,-2.319716275216603,-0.07518333602704678,Suzuka,0.2918775963597438,-0.3539318669737246,-0.24556126478098445,1.1895300923253573,-1.3257116175893464,-0.688712682965019,-0.6669775343888663,-0.90919470484266,0.8432324391739978,1,0.0,0.0,0.0,0.0,0.0,0.0,-1.4281571266339421,12,4,0
0.7547169811320754,2,0.23214285714285715,-1.4566267201567233,0.967073228638497,0.20273213700869241,0,-1.357610037961848,-2.319716275216603,-0.07518333602704678,Suzuka,0.2918775963597438,-0.3539318669737246,-0.24556126478098445,1.1895300923253573,-1.3257116175893464,-0.8204488469435814,-0.6104189027702299,-0.5116275228876755,0.7199823339514881,1,0.0,0.0,0.0,0.0,0.0,0.0,-1.3411155350246031,12,4,0
0.7735849056603773,2,0.25,-1.4566267201567233,0.967073228638497,0.20273213700869241,0,-1.357610037961848,-2.319716275216603,-0.07518333602704678,Suzuka,0.2918775963597438,-0.3539318669737246,-0.24556126478098445,1.1895300923253573,-1.3257116175893464,-0.6787371159822307,-0.5836786958299484,-0.26816446431315916,0.6781725954263171,1,0.0,0.0,0.0,0.0,0.0,0.0,-1.2536178921189869,12,4,0
0.7924528301886792,2,0.26785714285714285,-1.4566267201567233,0.967073228638497,0.20273213700869241,0,-1.357610037961848,-2.319716275216603,-0.07518333602704678,Suzuka,0.2918775963597438,-0.3539318669737246,-0.24556126478098445,1.1895300923253573,-1.3257116175893464,-0.9357546653034374,-0.5364472369319545,0.06147977148376587,0.5213202072227449,1,0.0,0.0,0.0,0.0,0.0,0.0,-1.166947373303513,12,4,0
0.8113207547169811,2,0.2857142857142857,-1.4566267201567233,0.967073228638497,0.20273213700869241,0,-1.357610037961848,-2.319716275216603,-0.07518333602704678,Suzuka,0.2918775963597438,-0.3539318669737246,-0.24556126478098445,1.1895300923253573,-1.3257116175893464,-0.9912070817665763,-0.5223848241964739,0.2125311317838916,0.5102993880829189,1,0.0,0.0,0.0,0.0,0.0,0.0,-1.0804553093431044,12,4,0
0.8301886792452831,2,0.30357142857142855,-1.4566267201567233,0.967073228638497,0.20273213700869241,0,-1.357610037961848,-2.319716275216603,-0.07518333602704678,Suzuka,0.2918775963597438,-0.3539318669737246,-0.24556126478098445,1.1895300923253573,-1.3257116175893464,-1.02084038368603,-0.5127026897855675,0.28415149456457006,0.5407393808541562,1,0.0,0.0,0.0,0.0,0.0,0.0,-0.9940586101465134,12,4,0
0.8490566037735849,2,0.3214285714285714,-1.4566267201567233,0.967073228638497,0.20273213700869241,0,-1.357610037961848,-2.319716275216603,-0.07518333602704678,Suzuka,0.2918775963597438,-0.3539318669737246,-0.24556126478098445,1.1895300923253573,-1.3257116175893464,-0.8911580129098033,-0.5065742123974399,0.3513309245017643,0.5708172560460287,1,0.0,0.0,0.0,0.0,0.0,0.0,-0.9072445720825216,12,4,0
0.8679245283018868,2,0.33928571428571425,-1.4566267201567233,0.967073228638497,0.20273213700869241,0,-1.357610037961848,-2.319716275216603,-0.07518333602704678,Suzuka,0.2918775963597438,-0.3539318669737246,-0.24556126478098445,1.1895300923253573,-1.3257116175893464,-0.9240187041472204,-0.4785074474899501,0.4909703260672312,0.5162559381343749,1,0.0,0.0,0.0,0.0,0.0,0.0,-0.8205362850437536,12,4,0
0.8867924528301887,2,0.35714285714285715,-1.4566267201567233,0.967073228638497,0.20273213700869241,0,-1.357610037961848,-2.319716275216603,-0.07518333602704678,Suzuka,0.2918775963597438,-0.3539318669737246,-0.24556126478098445,1.1895300923253573,-1.3257116175893464,-1.0490066904609536,-0.4592579881075961,0.6317902237905183,0.4364239021841119,1,0.0,0.0,0.0,0.0,0.0,0.0,-0.7342302295830687,12,4,0
0.9056603773584906,2,0.375,-1.4566267201567233,0.967073228638497,0.20273213700869241,0,-1.357610037961848,-2.319716275216603,-0.07518333602704678,Suzuka,0.2918775963597438,-0.3539318669737246,-0.24556126478098445,1.1895300923253573,-1.3257116175893464,-0.921084713858164,-0.4502746479382234,0.6858661554218695,0.44592558577123886,1,0.0,0.0,0.0,0.0,0.0,0.0,-0.6475125004884773,12,4,0
0.9245283018867925,2,0.39285714285714285,-1.4566267201567233,0.967073228638497,0.20273213700869241,0,-1.357610037961848,-2.319716275216603,-0.07518333602704678,Suzuka,0.2918775963597438,-0.3539318669737246,-0.24556126478098445,1.1895300923253573,-1.3257116175893464,-1.0440189069695616,-0.4182696894844247,0.8000083214888144,0.3474853864780096,1,0.0,0.0,0.0,0.0,0.0,0.0,-0.5611903935328922,12,4,0
0.24528301886792453,1,0.2857142857142857,-1.5041228072405848,0.967073228638497,0.6097207128082135,0,-1.1663842430105598,0.11653420641597674,-0.5242650075979979,Suzuka,0.2918775963597438,-0.3539318669737246,-0.24556126478098445,1.1895300923253573,-1.3257116175893464,-0.0995674329228054,-0.1922120631580691,-1.179818750669202,1.961122871981785,1,0.0,0.0,0.0,0.0,0.0,0.0,-0.3034638145957685,13,6,0
0.2641509433962264,1,0.30357142857142855,-1.5041228072405848,0.967073228638497,0.6097207128082135,0,-1.1663842430105598,0.11653420641597674,-0.5242650075979979,Suzuka,0.2918775963597438,-0.3539318669737246,-0.24556126478098445,1.1895300923253573,-1.3257116175893464,-0.07550871255255329,-0.15684753349325564,-1.2131232947582666,1.8964964562526117,1,0.0,0.0,0.0,0.0,0.0,0.0,-0.2140248850128317,13,6,0
0.2830188679245283,1,0.3214285714285714,-1.5041228072405848,0.967073228638497,0.6097207128082135,0,-1.1663842430105598,0.11653420641597674,-0.5242650075979979,Suzuka,0.2918775963597438,-0.3539318669737246,-0.24556126478098445,1.1895300923253573,-1.3257116175893464,-0.22807620758340877,-0.11418704283854825,-1.2341036243909704,1.806515307590996,1,0.0,0.0,0.0,0.0,0.0,0.0,-0.1250769423327192,13,6,0
0.3018867924528302,1,0.33928571428571425,-1.5041228072405848,0.967073228638497,0.6097207128082135,0,-1.1663842430105598,0.11653420641597674,-0.5242650075979979,Suzuka,0.2918775963597438,-0.3539318669737246,-0.24556126478098445,1.1895300923253573,-1.3257116175893464,-0.12978753290006878,-0.08860287310258363,-1.3825967130159151,1.788054141174029,1,0.0,0.0,0.0,0.0,0.0,0.0,-0.035812690782517954,13,6,0
0.32075471698113206,1,0.35714285714285715,-1.5041228072405848,0.967073228638497,0.6097207128082135,0,-1.1663842430105598,0.11653420641597674,-0.5242650075979979,Suzuka,0.2918775963597438,-0.3539318669737246,-0.24556126478098445,1.1895300923253573,-1.3257116175893464,-0.1787851707272853,-0.04526651069052996,-1.292710047308493,1.7167580110322396,1,0.0,0.0,0.0,0.0,0.0,0.0,0.0532938784354302,13,6,0
0.33962264150943394,1,0.375,-1.5041228072405848,0.967073228638497,0.6097207128082135,0,-1.1663842430105598,0.11653420641597674,-0.5242650075979979,Suzuka,0.2918775963597438,-0.3539318669737246,-0.24556126478098445,1.1895300923253573,-1.3257116175893464,-0.14357728725862573,-0.06998885159087143,-1.2131232947583745,1.6673744592929425,1,0.0,0.0,0.0,0.0,0.0,0.0,0.14251375232326077,13,6,0
0.37735849056603776,1,0.4107142857142857,-1.5041228072405848,0.967073228638497,0.6097207128082135,0,-1.1663842430105598,0.11653420641597674,-0.5242650075979979,Suzuka,0.2918775963597438,-0.3539318669737246,-0.24556126478098445,1.1895300923253573,-1.3257116175893464,-0.34690281429012654,-0.32519975308324445,-1.147170087041675,1.5171912692549367,1,0.0,0.0,0.0,0.0,0.0,0.0,0.319951697976044,13,6,0
0.39622641509433965,1,0.42857142857142855,-1.5041228072405848,0.967073228638497,0.6097207128082135,0,-1.1663842430105598,0.11653420641597674,-0.5242650075979979,Suzuka,0.2918775963597438,-0.3539318669737246,-0.24556126478098445,1.1895300923253573,-1.3257116175893464,-0.3941400579439101,-0.298368454407986,-1.3570780259678044,0.30923383299042667,1,0.0,0.0,0.0,0.0,0.0,0.0,0.4083652202965441,13,6,0
0.4716981132075472,1,0.49999999999999994,-1.5041228072405848,0.967073228638497,0.6097207128082135,0,-1.1663842430105598,0.11653420641597674,-0.5242650075979979,Suzuka,0.2918775963597438,-0.3539318669737246,-0.24556126478098445,1.1895300923253573,-1.3257116175893464,-0.3425018288565483,-0.09782376301258369,-1.3731767970964115,-1.5000772796964643,1,0.0,0.0,0.0,0.0,0.0,0.0,0.7662805093717093,13,6,0
0.5471698113207547,2,0.017857142857142856,-1.5041228072405848,0.967073228638497,0.6097207128082135,0,-1.1663842430105598,0.11653420641597674,-0.5242650075979979,Suzuka,0.2918775963597438,-0.3539318669737246,-0.24556126478098445,1.1895300923253573,-1.3257116175893464,-0.736830123705519,0.4780595857568214,1.1538981666332535,1.3568511466683382,1,0.0,0.0,0.0,0.0,0.0,0.0,1.1423887516076785,13,6,0
0.6415094339622641,3,0.07142857142857142,-1.5041228072405848,0.967073228638497,0.6097207128082135,0,-1.1663842430105598,0.11653420641597674,-0.5242650075979979,Suzuka,0.2918775963597438,-0.3539318669737246,-0.24556126478098445,1.1895300923253573,-1.3257116175893464,-0.8709134799153241,0.4549336052161631,-0.2767616029641062,-1.189963541178987,1,0.0,0.0,0.0,0.0,0.0,0.0,1.5742834922658924,14,5,0
0.660377358490566,3,0.08928571428571427,-1.5041228072405848,0.967073228638497,0.6097207128082135,0,-1.1663842430105598,0.11653420641597674,-0.5242650075979979,Suzuka,0.2918775963597438,-0.3539318669737246,-0.24556126478098445,1.1895300923253573,-1.3257116175893464,-0.8606445139036331,0.45919755354981445,-0.5178462126305857,-1.0839230093024144,1,0.0,0.0,0.0,0.0,0.0,0.0,1.661195727710449,14,5,0
0.6792452830188679,3,0.10714285714285715,-1.5041228072405848,0.967073228638497,0.6097207128082135,0,-1.1663842430105598,0.11653420641597674,-0.5242650075979979,Suzuka,0.2918775963597438,-0.3539318669737246,-0.24556126478098445,1.1895300923253573,-1.3257116175893464,-0.7963901265733335,0.464275450611815,-0.8648256990185047,-1.0861501020604754,1,0.0,0.0,0.0,0.0,0.0,0.0,1.748314744177541,14,5,0
0.6981132075471698,3,0.125,-1.4566267201567233,0.967073228638497,0.20273213700869241,0,-1.357610037961848,-2.319716275216603,-0.07518333602704678,Suzuka,0.2918775963597438,-0.3539318669737246,-0.24556126478098445,1.1895300923253573,-1.3257116175893464,-0.8242630343193543,0.4783947137506173,-1.3177543413895882,-1.0149981579670866,1,0.0,0.0,0.0,0.0,0.0,0.0,-1.5640613571301207,14,5,0
0.8867924528301887,3,0.30357142857142855,-1.4566267201567233,0.967073228638497,0.20273213700869241,0,-1.357610037961848,-2.319716275216603,-0.07518333602704678,Suzuka,0.2918775963597438,-0.3539318669737246,-0.24556126478098445,1.1895300923253573,-1.3257116175893464,-1.096537333143644,0.662636841434013,1.2998014743328343,-1.3346589622581213,1,0.0,0.0,0.0,0.0,0.0,0.0,-0.6913245837153031,14,5,0
0.9056603773584906,3,0.3214285714285714,-1.4566267201567233,0.967073228638497,0.20273213700869241,0,-1.357610037961848,-2.319716275216603,-0.07518333602704678,Suzuka,0.2918775963597438,-0.3539318669737246,-0.24556126478098445,1.1895300923253573,-1.3257116175893464,-1.0117450137899584,0.6635778490431473,1.224756082773224,-0.6285148083595118,1,0.0,0.0,0.0,0.0,0.0,0.0,-0.6048986141456592,14,5,0
0.9245283018867925,3,0.33928571428571425,-1.4566267201567233,0.967073228638497,0.20273213700869241,0,-1.357610037961848,-2.319716275216603,-0.07518333602704678,Suzuka,0.2918775963597438,-0.3539318669737246,-0.24556126478098445,1.1895300923253573,-1.3257116175893464,-1.098297727317077,0.6713961722041947,1.1932053833766278,-0.19573811895600862,1,0.0,0.0,0.0,0.0,0.0,0.0,-0.5187511852228096,14,5,0
0.2830188679245283,2,0.3214285714285714,-1.5041228072405848,0.967073228638497,0.6097207128082135,0,-1.1663842430105598,0.11653420641597674,-0.5242650075979979,Suzuka,0.2918775963597438,-0.3539318669737246,-0.24556126478098445,1.1895300923253573,-1.3257116175893464,-0.33751404536515206,-1.10182047023851,-1.0645687682142335,-1.4574778600021299,1,0.0,0.0,0.0,0.0,0.0,0.0,-0.14618843494858083,15,7,0
0.3018867924528302,2,0.33928571428571425,-1.5041228072405848,0.967073228638497,0.6097207128082135,0,-1.1663842430105598,0.11653420641597674,-0.5242650075979979,Suzuka,0.2918775963597438,-0.3539318669737246,-0.24556126478098445,1.1895300923253573,-1.3257116175893464,-0.32020350265972913,-1.0692254817075755,-1.1747182269544776,-1.258071430265303,1,0.0,0.0,0.0,0.0,0.0,0.0,-0.05753697282132769,15,7,0
0.32075471698113206,2,0.35714285714285715,-1.5041228072405848,0.967073228638497,0.6097207128082135,0,-1.1663842430105598,0.11653420641597674,-0.5242650075979979,Suzuka,0.2918775963597438,-0.3539318669737246,-0.24556126478098445,1.1895300923253573,-1.3257116175893464,-0.37506912106505425,-1.014353635215018,-1.109801020537076,-1.2080539145491562,1,0.0,0.0,0.0,0.0,0.0,0.0,0.030937922862025284,15,7,0
0.33962264150943394,2,0.375,-1.5041228072405848,0.967073228638497,0.6097207128082135,0,-1.1663842430105598,0.11653420641597674,-0.5242650075979979,Suzuka,0.2918775963597438,-0.3539318669737246,-0.24556126478098445,1.1895300923253573,-1.3257116175893464,-0.3603991696197808,-1.1171477702184383,-1.121416648564423,-1.1515654713237253,1,0.0,0.0,0.0,0.0,0.0,0.0,0.11946002882449615,15,7,0
0.3584905660377358,2,0.39285714285714285,-1.5041228072405848,0.967073228638497,0.6097207128082135,0,-1.1663842430105598,0.11653420641597674,-0.5242650075979979,Suzuka,0.2918775963597438,-0.3539318669737246,-0.24556126478098445,1.1895300923253573,-1.3257116175893464,-0.37858990941192017,-2.1071354114941263,-1.096940417996376,-1.1022712262296457,1,0.0,0.0,0.0,0.0,0.0,0.0,0.20792359404086092,15,7,0
0.37735849056603776,2,0.4107142857142857,-1.5041228072405848,0.967073228638497,0.6097207128082135,0,-1.1663842430105598,0.11653420641597674,-0.5242650075979979,Suzuka,0.2918775963597438,-0.3539318669737246,-0.24556126478098445,1.1895300923253573,-1.3257116175893464,-0.394433456972817,-2.022840581664848,-0.8841397657924265,-0.963197926108839,1,0.0,0.0,0.0,0.0,0.0,0.0,0.2963361721557785,15,7,0
0.5471698113207547,1,0.125,-1.5041228072405848,0.967073228638497,0.6097207128082135,0,-1.1663842430105598,0.11653420641597674,-0.5242650075979979,Suzuka,0.2918775963597438,-0.3539318669737246,-0.24556126478098445,1.1895300923253573,-1.3257116175893464,-0.7693974159140292,-0.36212663355528696,0.38600485107176163,-0.9393048753077616,1,0.0,0.0,0.0,0.0,0.0,0.0,1.1116879070974257,15,7,0
0.5660377358490566,1,0.14285714285714285,-1.5041228072405848,0.967073228638497,0.6097207128082135,0,-1.1663842430105598,0.11653420641597674,-0.5242650075979979,Suzuka,0.2918775963597438,-0.3539318669737246,-0.24556126478098445,1.1895300923253573,-1.3257116175893464,-0.8277838226662203,-0.34179965943463286,0.5195410408324376,-0.8465447572874696,1,0.0,0.0,0.0,0.0,0.0,0.0,1.198705893567206,15,7,0
0.5849056603773585,1,0.1607142857142857,-1.5041228072405848,0.967073228638497,0.6097207128082135,0,-1.1663842430105598,0.11653420641597674,-0.5242650075979979,Suzuka,0.2918775963597438,-0.3539318669737246,-0.24556126478098445,1.1895300923253573,-1.3257116175893464,-0.8242630343193543,-0.3279016988472842,0.5649027726475929,-0.6274914944991627,1,0.0,0.0,0.0,0.0,0.0,0.0,1.2857352105039743,15,7,0
0.6037735849056604,1,0.17857142857142858,-1.5041228072405848,0.967073228638497,0.6097207128082135,0,-1.1663842430105598,0.11653420641597674,-0.5242650075979979,Suzuka,0.2918775963597438,-0.3539318669737246,-0.24556126478098445,1.1895300923253573,-1.3257116175893464,-0.8509623459497517,-0.32199456123411335,0.5300052088900485,-0.5258781945932549,1,0.0,0.0,0.0,0.0,0.0,0.0,1.3726786047327486,15,7,0
0.6226415094339622,1,0.19642857142857142,-1.5041228072405848,0.967073228638497,0.6097207128082135,0,-1.1663842430105598,0.11653420641597674,-0.5242650075979979,Suzuka,0.2918775963597438,-0.3539318669737246,-0.24556126478098445,1.1895300923253573,-1.3257116175893464,-0.8383461877068181,-0.31030319927573324,0.5572652845162619,-0.47927775412170537,1,0.0,0.0,0.0,0.0,0.0,0.0,1.4596625998015642,15,7,0
0.6415094339622641,1,0.21428571428571427,-1.5041228072405848,0.967073228638497,0.6097207128082135,0,-1.1663842430105598,0.11653420641597674,-0.5242650075979979,Suzuka,0.2918775963597438,-0.3539318669737246,-0.24556126478098445,1.1895300923253573,-1.3257116175893464,-0.8788352536957725,-0.2965154845667958,0.5951056757039895,-0.4260112659776277,1,0.0,0.0,0.0,0.0,0.0,0.0,1.5465162945000146,15,7,0
0.660377358490566,1,0.23214285714285715,-1.5041228072405848,0.967073228638497,0.6097207128082135,0,-1.1663842430105598,0.11653420641597674,-0.5242650075979979,Suzuka,0.2918775963597438,-0.3539318669737246,-0.24556126478098445,1.1895300923253573,-1.3257116175893464,-0.8849966333027879,-0.28948613052407357,0.6136281301708317,-0.36204131111063464,1,0.0,0.0,0.0,0.0,0.0,0.0,1.6333501608812355,15,7,0
0.6792452830188679,1,0.25,-1.5041228072405848,0.967073228638497,0.6097207128082135,0,-1.1663842430105598,0.11653420641597674,-0.5242650075979979,Suzuka,0.2918775963597438,-0.3539318669737246,-0.24556126478098445,1.1895300923253573,-1.3257116175893464,-0.8744342682621901,-0.2829202561084208,0.6115802692385846,-0.300092977601237,1,0.0,0.0,0.0,0.0,0.0,0.0,1.7202180186634215,15,7,0
0.6981132075471698,1,0.26785714285714285,-1.4566267201567233,0.967073228638497,0.20273213700869241,0,-1.357610037961848,-2.319716275216603,-0.07518333602704678,Suzuka,0.2918775963597438,-0.3539318669737246,-0.24556126478098445,1.1895300923253573,-1.3257116175893464,-0.8580039226434837,-0.2658632310982276,0.6640194166434029,-0.26386133320634325,1,0.0,0.0,0.0,0.0,0.0,0.0,-1.5922666662862108,15,7,0
0.7169811320754716,1,0.2857142857142857,-1.4566267201567233,0.967073228638497,0.20273213700869241,0,-1.357610037961848,-2.319716275216603,-0.07518333602704678,Suzuka,0.2918775963597438,-0.3539318669737246,-0.24556126478098445,1.1895300923253573,-1.3257116175893464,-0.8668058935106485,-0.24942274869603187,0.7369190485015402,-0.2556079115248632,1,0.0,0.0,0.0,0.0,0.0,0.0,-1.5053742591588837,15,7,0
0.7358490566037735,1,0.30357142857142855,-1.4566267201567233,0.967073228638497,0.20273213700869241,0,-1.357610037961848,-2.319716275216603,-0.07518333602704678,Suzuka,0.2918775963597438,-0.3539318669737246,-0.24556126478098445,1.1895300923253573,-1.3257116175893464,-0.9301800837542317,-0.23043955625738882,0.8098275440253544,-0.26883254314224775,1,0.0,0.0,0.0,0.0,0.0,0.0,-1.4186858004373453,15,7,0
0.7547169811320754,1,0.3214285714285714,-1.4566267201567233,0.967073228638497,0.20273213700869241,0,-1.357610037961848,-2.319716275216603,-0.07518333602704678,Suzuka,0.2918775963597438,-0.3539318669737246,-0.24556126478098445,1.1895300923253573,-1.3257116175893464,-0.8984929886324422,-0.21803851124822501,0.6905318498443809,-0.26193197463217227,1,0.0,0.0,0.0,0.0,0.0,0.0,-1.3318953675129124,15,7,0
0.7735849056603773,1,0.33928571428571425,-1.4566267201567233,0.967073228638497,0.20273213700869241,0,-1.357610037961848,-2.319716275216603,-0.07518333602704678,Suzuka,0.2918775963597438,-0.3539318669737246,-0.24556126478098445,1.1895300923253573,-1.3257116175893464,-0.9551190012112002,-0.2074822010272753,0.6500635535140801,-0.34576425314843023,1,0.0,0.0,0.0,0.0,0.0,0.0,-1.2452871662658742,15,7,0
0.7924528301886792,1,0.35714285714285715,-1.4566267201567233,0.967073228638497,0.20273213700869241,0,-1.357610037961848,-2.319716275216603,-0.07518333602704678,Suzuka,0.2918775963597438,-0.3539318669737246,-0.24556126478098445,1.1895300923253573,-1.3257116175893464,-0.9542388041244837,-0.20345692071157023,0.4982436869029536,-0.3696514187709423,1,0.0,0.0,0.0,0.0,0.0,0.0,-1.1586761324020887,15,7,0
0.8113207547169811,1,0.375,-1.4566267201567233,0.967073228638497,0.20273213700869241,0,-1.357610037961848,-2.319716275216603,-0.07518333602704678,Suzuka,0.2918775963597438,-0.3539318669737246,-0.24556126478098445,1.1895300923253573,-1.3257116175893464,-0.939862251708113,-0.19485802564019217,0.4875764646125147,-0.3758228233669958,1,0.0,0.0,0.0,0.0,0.0,0.0,-1.072018832464768,15,7,0
0.8301886792452831,1,0.39285714285714285,-1.4566267201567233,0.967073228638497,0.20273213700869241,0,-1.357610037961848,-2.319716275216603,-0.07518333602704678,Suzuka,0.2918775963597438,-0.3539318669737246,-0.24556126478098445,1.1895300923253573,-1.3257116175893464,-0.9692021545986641,-0.18181580204223652,0.5170398071545165,-0.4266176943071476,1,0.0,0.0,0.0,0.0,0.0,0.0,-0.9854559530856826,15,7,0
0.8490566037735849,1,0.4107142857142857,-1.4566267201567233,0.967073228638497,0.20273213700869241,0,-1.357610037961848,-2.319716275216603,-0.07518333602704678,Suzuka,0.2918775963597438,-0.3539318669737246,-0.24556126478098445,1.1895300923253573,-1.3257116175893464,-0.9841655050728444,-0.171509215715221,0.5461526504581813,-0.5339311327874395,1,0.0,0.0,0.0,0.0,0.0,0.0,-0.8989412281912972,15,7,0
0.8679245283018868,1,0.42857142857142855,-1.4566267201567233,0.967073228638497,0.20273213700869241,0,-1.357610037961848,-2.319716275216603,-0.07518333602704678,Suzuka,0.2918775963597438,-0.3539318669737246,-0.24556126478098445,1.1895300923253573,-1.3257116175893464,-1.0548746710390664,-0.16027371572839902,0.493341902070189,-0.6591546073885164,1,0.0,0.0,0.0,0.0,0.0,0.0,-0.8126540568422593,15,7,0
0.8867924528301887,1,0.4464285714285714,-1.4566267201567233,0.967073228638497,0.20273213700869241,0,-1.357610037961848,-2.319716275216603,-0.07518333602704678,Suzuka,0.2918775963597438,-0.3539318669737246,-0.24556126478098445,1.1895300923253573,-1.3257116175893464,-1.0337499409578705,-0.15957499248303494,0.4160712325695538,-0.6574186623739842,1,0.0,0.0,0.0,0.0,0.0,0.0,-0.7262989026912919,15,7,0
0.9056603773584906,1,0.46428571428571425,-1.4566267201567233,0.967073228638497,0.20273213700869241,0,-1.357610037961848,-2.319716275216603,-0.07518333602704678,Suzuka,0.2918775963597438,-0.3539318669737246,-0.24556126478098445,1.1895300923253573,-1.3257116175893464,-1.0751192040335456,-0.1509382955559416,0.42526805992615435,-0.7156546974261735,1,0.0,0.0,0.0,0.0,0.0,0.0,-0.6400768815274365,15,7,0
0.9245283018867925,1,0.48214285714285715,-1.4566267201567233,0.967073228638497,0.20273213700869241,0,-1.357610037961848,-2.319716275216603,-0.07518333602704678,Suzuka,0.2918775963597438,-0.3539318669737246,-0.24556126478098445,1.1895300923253573,-1.3257116175893464,-1.0214271817438396,-0.142269691005152,0.3299862596485964,-0.7860107920656373,1,0.0,0.0,0.0,0.0,0.0,0.0,-0.5536820707420103,15,7,0
0.41509433962264153,1,0.10714285714285715,-1.5041228072405848,0.967073228638497,0.6097207128082135,0,-1.1663842430105598,0.11653420641597674,-0.5242650075979979,Suzuka,0.2918775963597438,-0.3539318669737246,-0.24556126478098445,1.1895300923253573,-1.3257116175893464,-0.754140666410942,-0.8003272930256873,-1.1250071226079033,0.23605212103703935,1,0.0,0.0,0.0,0.0,0.0,0.0,0.4842576323894425,16,2,0
0.4339622641509434,1,0.125,-1.5041228072405848,0.967073228638497,0.6097207128082135,0,-1.1663842430105598,0.11653420641597674,-0.5242650075979979,Suzuka,0.2918775963597438,-0.3539318669737246,-0.24556126478098445,1.1895300923253573,-1.3257116175893464,-0.695460860629844,-0.8397822579345072,-1.1668663352456312,0.5383239901251597,1,0.0,0.0,0.0,0.0,0.0,0.0,0.5717014555768644,16,2,0
0.4528301886792453,1,0.14285714285714285,-1.5041228072405848,0.967073228638497,0.6097207128082135,0,-1.1663842430105598,0.11653420641597674,-0.5242650075979979,Suzuka,0.2918775963597438,-0.3539318669737246,-0.24556126478098445,1.1895300923253573,-1.3257116175893464,-0.7315489411852202,-0.8818043550827092,-1.134017474903842,0.7724309647313956,1,0.0,0.0,0.0,0.0,0.0,0.0,0.6590291414776567,16,2,0
0.4716981132075472,1,0.1607142857142857,-1.5041228072405848,0.967073228638497,0.6097207128082135,0,-1.1663842430105598,0.11653420641597674,-0.5242650075979979,Suzuka,0.2918775963597438,-0.3539318669737246,-0.24556126478098445,1.1895300923253573,-1.3257116175893464,-0.7553142625265654,-0.9236720193139024,-1.05119330907141,0.9831550425992417,1,0.0,0.0,0.0,0.0,0.0,0.0,0.7462803467262785,16,2,0
0.49056603773584906,1,0.17857142857142858,-1.5041228072405848,0.967073228638497,0.6097207128082135,0,-1.1663842430105598,0.11653420641597674,-0.5242650075979979,Suzuka,0.2918775963597438,-0.3539318669737246,-0.24556126478098445,1.1895300923253573,-1.3257116175893464,-0.7693974159140292,-0.9574876106362508,-1.0108634314377967,1.178274025178725,1,0.0,0.0,0.0,0.0,0.0,0.0,0.8334862301069471,16,2,0
0.5094339622641509,1,0.19642857142857142,-1.5041228072405848,0.967073228638497,0.6097207128082135,0,-1.1663842430105598,0.11653420641597674,-0.5242650075979979,Suzuka,0.2918775963597438,-0.3539318669737246,-0.24556126478098445,1.1895300923253573,-1.3257116175893464,-0.8327716061576124,-1.0016306867805878,-0.8911482810084365,1.3741076857511172,1,0.0,0.0,0.0,0.0,0.0,0.0,0.9204881650818273,16,2,0
0.5283018867924528,1,0.21428571428571427,-1.5041228072405848,0.967073228638497,0.6097207128082135,0,-1.1663842430105598,0.11653420641597674,-0.5242650075979979,Suzuka,0.2918775963597438,-0.3539318669737246,-0.24556126478098445,1.1895300923253573,-1.3257116175893464,-0.8656322973950251,-1.2360169440916022,-0.8411845794843172,0.7392827680109233,1,0.0,0.0,0.0,0.0,0.0,0.0,1.0073843490314838,16,2,0
0.5471698113207547,1,0.23214285714285715,-1.5041228072405848,0.967073228638497,0.6097207128082135,0,-1.1663842430105598,0.11653420641597674,-0.5242650075979979,Suzuka,0.2918775963597438,-0.3539318669737246,-0.24556126478098445,1.1895300923253573,-1.3257116175893464,-0.8512557449786586,-1.3707403876812423,-0.8389145187806,0.5873390343696028,1,0.0,0.0,0.0,0.0,0.0,0.0,1.0943267990546754,16,2,0
0.5660377358490566,1,0.25,-1.5041228072405848,0.967073228638497,0.6097207128082135,0,-1.1663842430105598,0.11653420641597674,-0.5242650075979979,Suzuka,0.2918775963597438,-0.3539318669737246,-0.24556126478098445,1.1895300923253573,-1.3257116175893464,-0.8104732799607973,-1.3476912217389452,-0.7263722192595496,0.4692719799641292,1,0.0,0.0,0.0,0.0,0.0,0.0,1.1814004936538147,16,2,0
0.5849056603773585,1,0.26785714285714285,-1.5041228072405848,0.967073228638497,0.6097207128082135,0,-1.1663842430105598,0.11653420641597674,-0.5242650075979979,Suzuka,0.2918775963597438,-0.3539318669737246,-0.24556126478098445,1.1895300923253573,-1.3257116175893464,-0.8935052051410459,-1.3107641474227134,-0.6966128809009904,0.3321702839248853,1,0.0,0.0,0.0,0.0,0.0,0.0,1.2682069780731475,16,2,0
0.6037735849056604,1,0.2857142857142857,-1.5041228072405848,0.967073228638497,0.6097207128082135,0,-1.1663842430105598,0.11653420641597674,-0.5242650075979979,Suzuka,0.2918775963597438,-0.3539318669737246,-0.24556126478098445,1.1895300923253573,-1.3257116175893464,-0.9266592954073698,-1.3169375282881959,-0.7039156542346948,0.2532669071346804,1,0.0,0.0,0.0,0.0,0.0,0.0,1.3549067672616741,16,2,0
0.6226415094339622,1,0.30357142857142855,-1.5041228072405848,0.967073228638497,0.6097207128082135,0,-1.1663842430105598,0.11653420641597674,-0.5242650075979979,Suzuka,0.2918775963597438,-0.3539318669737246,-0.24556126478098445,1.1895300923253573,-1.3257116175893464,-0.9134563391066225,-1.3115132625684522,-0.7327433230329173,0.2010946465060767,1,0.0,0.0,0.0,0.0,0.0,0.0,1.4416490457014068,16,2,0
0.6415094339622641,1,0.3214285714285714,-1.5041228072405848,0.967073228638497,0.6097207128082135,0,-1.1663842430105598,0.11653420641597674,-0.5242650075979979,Suzuka,0.2918775963597438,-0.3539318669737246,-0.24556126478098445,1.1895300923253573,-1.3257116175893464,-0.9216715119159736,-1.3008205651907478,-0.830993694801859,0.16476478690864516,1,0.0,0.0,0.0,0.0,0.0,0.0,1.5283648863848338,16,2,0
0.660377358490566,1,0.33928571428571425,-1.5041228072405848,0.967073228638497,0.6097207128082135,0,-1.1663842430105598,0.11653420641597674,-0.5242650075979979,Suzuka,0.2918775963597438,-0.3539318669737246,-0.24556126478098445,1.1895300923253573,-1.3257116175893464,-0.8533095381809984,-1.296537245268048,-0.8231105336628867,0.15269781276665867,1,0.0,0.0,0.0,0.0,0.0,0.0,1.615300726968949,16,2,0
0.6792452830188679,1,0.35714285714285715,-1.5041228072405848,0.967073228638497,0.6097207128082135,0,-1.1663842430105598,0.11653420641597674,-0.5242650075979979,Suzuka,0.2918775963597438,-0.3539318669737246,-0.24556126478098445,1.1895300923253573,-1.3257116175893464,-0.8996665847480614,-1.2726046522171837,-0.8798713238421811,0.10244836189497225,1,0.0,0.0,0.0,0.0,0.0,0.0,1.7020873830710528,16,2,0
0.6981132075471698,1,0.375,-1.5041228072405848,0.967073228638497,0.6097207128082135,0,-1.1663842430105598,0.11653420641597674,-0.5242650075979979,Suzuka,0.2918775963597438,-0.3539318669737246,-0.24556126478098445,1.1895300923253573,-1.3257116175893464,-0.905534565326174,-1.240637492789755,-0.8408060201171703,0.03291577722420824,1,0.0,0.0,0.0,0.0,0.0,0.0,1.788855155061509,16,2,0
0.7169811320754716,1,0.39285714285714285,-1.4566267201567233,0.967073228638497,0.20273213700869241,0,-1.357610037961848,-2.319716275216603,-0.07518333602704678,Suzuka,0.2918775963597438,-0.3539318669737246,-0.24556126478098445,1.1895300923253573,-1.3257116175893464,-0.8351187983888549,-1.2161728720192442,-0.8426996819354625,-0.09662703023436076,1,0.0,0.0,0.0,0.0,0.0,0.0,-1.5235558818526997,16,2,0
0.7358490566037735,1,0.4107142857142857,-1.4566267201567233,0.967073228638497,0.20273213700869241,0,-1.357610037961848,-2.319716275216603,-0.07518333602704678,Suzuka,0.2918775963597438,-0.3539318669737246,-0.24556126478098445,1.1895300923253573,-1.3257116175893464,-0.8973193925168188,-1.1659664429656298,-0.7780400463475866,-0.2671738695468787,1,0.0,0.0,0.0,0.0,0.0,0.0,-1.4367616721059375,16,2,0
0.7547169811320754,1,0.42857142857142855,-1.4566267201567233,0.967073228638497,0.20273213700869241,0,-1.357610037961848,-2.319716275216603,-0.07518333602704678,Suzuka,0.2918775963597438,-0.3539318669737246,-0.24556126478098445,1.1895300923253573,-1.3257116175893464,-0.939862251708113,-1.1309549859598274,-0.7842473683455714,-0.38971612061788397,1,0.0,0.0,0.0,0.0,0.0,0.0,-1.3501043721686168,16,2,0
0.7735849056603773,1,0.4464285714285714,-1.4566267201567233,0.967073228638497,0.20273213700869241,0,-1.357610037961848,-2.319716275216603,-0.07518333602704678,Suzuka,0.2918775963597438,-0.3539318669737246,-0.24556126478098445,1.1895300923253573,-1.3257116175893464,-0.984752303130654,-1.1183513232166142,-0.8063432183940706,-0.5249143813074513,1,0.0,0.0,0.0,0.0,0.0,0.0,-1.2635915356853962,16,2,0
0.7924528301886792,1,0.46428571428571425,-1.4566267201567233,0.967073228638497,0.20273213700869241,0,-1.357610037961848,-2.319716275216603,-0.07518333602704678,Suzuka,0.2918775963597438,-0.3539318669737246,-0.24556126478098445,1.1895300923253573,-1.3257116175893464,-1.0061704322407525,-1.1168647573711514,-0.8197434769544636,-0.6302216912098831,1,0.0,0.0,0.0,0.0,0.0,0.0,-1.1771476262096876,16,2,0
0.8113207547169811,1,0.48214285714285715,-1.4566267201567233,0.967073228638497,0.20273213700869241,0,-1.357610037961848,-2.319716275216603,-0.07518333602704678,Suzuka,0.2918775963597438,-0.3539318669737246,-0.24556126478098445,1.1895300923253573,-1.3257116175893464,-0.9926740769111024,-1.1108665271434484,-1.0473302376343303,-0.80254936671474,1,0.0,0.0,0.0,0.0,0.0,0.0,-1.0906602832771906,16,2,0
0.8301886792452831,1,0.49999999999999994,-1.4566267201567233,0.967073228638497,0.20273213700869241,0,-1.357610037961848,-2.319716275216603,-0.07518333602704678,Suzuka,0.2918775963597438,-0.3539318669737246,-0.24556126478098445,1.1895300923253573,-1.3257116175893464,-1.008811023500902,-1.0954106017068632,-0.9929264765314347,-0.9442209948236533,1,0.0,0.0,0.0,0.0,0.0,0.0,-1.004224871651723,16,2,0
0.8490566037735849,1,0.5178571428571428,-1.4566267201567233,0.967073228638497,0.20273213700869241,0,-1.357610037961848,-2.319716275216603,-0.07518333602704678,Suzuka,0.2918775963597438,-0.3539318669737246,-0.24556126478098445,1.1895300923253573,-1.3257116175893464,-0.9894466875931434,-1.082624359234198,-1.0894475665855228,-1.115822379180131,1,0.0,0.0,0.0,0.0,0.0,0.0,-0.91772714245782,16,2,0
0.8679245283018868,1,0.5357142857142856,-1.4566267201567233,0.967073228638497,0.20273213700869241,0,-1.357610037961848,-2.319716275216603,-0.07518333602704678,Suzuka,0.2918775963597438,-0.3539318669737246,-0.24556126478098445,1.1895300923253573,-1.3257116175893464,-1.0595690555015516,-1.0598809099658448,-1.1714805902183956,-1.3356898721894677,1,0.0,0.0,0.0,0.0,0.0,0.0,-0.8314550783980998,16,2,0
0.2641509433962264,1,0.03571428571428571,-1.5041228072405848,0.967073228638497,0.6097207128082135,0,-1.1663842430105598,0.11653420641597674,-0.5242650075979979,Suzuka,0.2918775963597438,-0.3539318669737246,-0.24556126478098445,1.1895300923253573,-1.3257116175893464,-0.404702422984508,0.370458216246149,1.8292981712219152,-1.4541594408844325,1,0.0,0.0,0.0,0.0,0.0,0.0,-0.19532772607105026,17,1,0
0.2830188679245283,1,0.05357142857142857,-1.5041228072405848,0.967073228638497,0.6097207128082135,0,-1.1663842430105598,0.11653420641597674,-0.5242650075979979,Suzuka,0.2918775963597438,-0.3539318669737246,-0.24556126478098445,1.1895300923253573,-1.3257116175893464,-0.29350419102933173,0.37552097412814817,1.742204017643632,-1.0395448602833846,1,0.0,0.0,0.0,0.0,0.0,0.0,-0.10659034123580273,17,1,0
0.3018867924528302,1,0.07142857142857142,-1.5041228072405848,0.967073228638497,0.6097207128082135,0,-1.1663842430105598,0.11653420641597674,-0.5242650075979979,Suzuka,0.2918775963597438,-0.3539318669737246,-0.24556126478098445,1.1895300923253573,-1.3257116175893464,-0.37594931815177074,0.3880948465568367,1.7243351674781366,-1.0068934786252746,1,0.0,0.0,0.0,0.0,0.0,0.0,-0.018118278169196755,17,1,0
0.32075471698113206,1,0.08928571428571427,-1.5041228072405848,0.967073228638497,0.6097207128082135,0,-1.1663842430105598,0.11653420641597674,-0.5242650075979979,Suzuka,0.2918775963597438,-0.3539318669737246,-0.24556126478098445,1.1895300923253573,-1.3257116175893464,-0.3433820259432606,0.4007960479922974,1.655326533998054,-1.0278736142254656,1,0.0,0.0,0.0,0.0,0.0,0.0,0.07045859171705045,17,1,0
0.33962264150943394,1,0.10714285714285715,-1.5041228072405848,0.967073228638497,0.6097207128082135,0,-1.1663842430105598,0.11653420641597674,-0.5242650075979979,Suzuka,0.2918775963597438,-0.3539318669737246,-0.24556126478098445,1.1895300923253573,-1.3257116175893464,-0.42817434529694637,0.37247368962678845,1.6075274260360306,-1.109937045417137,1,0.0,0.0,0.0,0.0,0.0,0.0,0.15876258618999745,17,1,0
0.3584905660377358,1,0.125,-1.5041228072405848,0.967073228638497,0.6097207128082135,0,-1.1663842430105598,0.11653420641597674,-0.5242650075979979,Suzuka,0.2918775963597438,-0.3539318669737246,-0.24556126478098445,1.1895300923253573,-1.3257116175893464,-0.439323508395358,0.1557760843277995,1.521482455295902,-1.0005220262735193,1,0.0,0.0,0.0,0.0,0.0,0.0,0.24703070085081477,17,1,0
0.41509433962264153,1,0.17857142857142858,-1.5041228072405848,0.967073228638497,0.6097207128082135,0,-1.1663842430105598,0.11653420641597674,-0.5242650075979979,Suzuka,0.2918775963597438,-0.3539318669737246,-0.24556126478098445,1.1895300923253573,-1.3257116175893464,-0.3656803521400797,0.18337659473710874,-1.39947653548707,-0.6169528960533964,1,0.0,0.0,0.0,0.0,0.0,0.0,0.5120692078176908,17,1,0
0.4339622641509434,1,0.19642857142857142,-1.5041228072405848,0.967073228638497,0.6097207128082135,0,-1.1663842430105598,0.11653420641597674,-0.5242650075979979,Suzuka,0.2918775963597438,-0.3539318669737246,-0.24556126478098445,1.1895300923253573,-1.3257116175893464,-0.4481254792625229,0.19780102560579516,-1.404786920366022,-0.7905054986872435,1,0.0,0.0,0.0,0.0,0.0,0.0,0.6003089963110378,17,1,0
0.4528301886792453,1,0.21428571428571427,-1.5041228072405848,0.967073228638497,0.6097207128082135,0,-1.1663842430105598,0.11653420641597674,-0.5242650075979979,Suzuka,0.2918775963597438,-0.3539318669737246,-0.24556126478098445,1.1895300923253573,-1.3257116175893464,-0.4985901122342655,0.20031747984864656,-1.1304074555315058,-0.9933295825619217,1,0.0,0.0,0.0,0.0,0.0,0.0,0.6883863814442193,17,1,0
0.4716981132075472,1,0.23214285714285715,-1.5041228072405848,0.967073228638497,0.6097207128082135,0,-1.1663842430105598,0.11653420641597674,-0.5242650075979979,Suzuka,0.2918775963597438,-0.3539318669737246,-0.24556126478098445,1.1895300923253573,-1.3257116175893464,-0.520008241344364,0.20233621596878346,-1.0230709568241112,-1.1575958467837528,1,0.0,0.0,0.0,0.0,0.0,0.0,0.7763948395698895,17,1,0
0.49056603773584906,1,0.25,-1.5041228072405848,0.967073228638497,0.6097207128082135,0,-1.1663842430105598,0.11653420641597674,-0.5242650075979979,Suzuka,0.2918775963597438,-0.3539318669737246,-0.24556126478098445,1.1895300923253573,-1.3257116175893464,-0.5361451879341678,0.20813866125588812,-0.919085563087218,-1.4371159490315266,1,0.0,0.0,0.0,0.0,0.0,0.0,0.8643513663885299,17,1,0
0.2830188679245283,2,0.3214285714285714,-1.5041228072405848,0.967073228638497,0.6097207128082135,0,-1.1663842430105598,0.11653420641597674,-0.5242650075979979,Suzuka,0.2918775963597438,-0.3539318669737246,-0.24556126478098445,1.1895300923253573,-1.3257116175893464,-0.45370006081172454,-2.5947816135576143,-1.428356827079677,-1.1645804567020506,1,0.0,0.0,0.0,0.0,0.0,0.0,-0.15808259266949903,18,9,0
0.37735849056603776,1,0.05357142857142857,-1.5041228072405848,0.967073228638497,0.6097207128082135,0,-1.1663842430105598,0.11653420641597674,-0.5242650075979979,Suzuka,0.2918775963597438,-0.3539318669737246,-0.24556126478098445,1.1895300923253573,-1.3257116175893464,-0.7614756421335808,-1.2168649544225045,-1.410648057165366,-0.6346675634046215,1,0.0,0.0,0.0,0.0,0.0,0.0,0.30235076171537584,18,9,0
0.49056603773584906,1,0.1607142857142857,-1.5041228072405848,0.967073228638497,0.6097207128082135,0,-1.1663842430105598,0.11653420641597674,-0.5242650075979979,Suzuka,0.2918775963597438,-0.3539318669737246,-0.24556126478098445,1.1895300923253573,-1.3257116175893464,-0.86093791293254,-1.6583991766620816,-1.4660070056172594,-0.15669770416795736,1,0.0,0.0,0.0,0.0,0.0,0.0,0.8251045171523873,18,9,0
0.5283018867924528,1,0.19642857142857142,-1.5041228072405848,0.967073228638497,0.6097207128082135,0,-1.1663842430105598,0.11653420641597674,-0.5242650075979979,Suzuka,0.2918775963597438,-0.3539318669737246,-0.24556126478098445,1.1895300923253573,-1.3257116175893464,-0.9251923002628396,-2.3013070049641877,-1.3684868343036594,-0.1494595421186921,1,0.0,0.0,0.0,0.0,0.0,0.0,0.9986768851510118,18,9,0
0.5471698113207547,1,0.21428571428571427,-1.5041228072405848,0.967073228638497,0.6097207128082135,0,-1.1663842430105598,0.11653420641597674,-0.5242650075979979,Suzuka,0.2918775963597438,-0.3539318669737246,-0.24556126478098445,1.1895300923253573,-1.3257116175893464,-1.041378315709412,-2.714651576912151,-1.4122501517416906,-0.09938061866627605,1,0.0,0.0,0.0,0.0,0.0,0.0,1.0850074899568378,18,9,0
0.169811320754717,2,0.21428571428571427,-1.5041228072405848,0.967073228638497,0.6097207128082135,0,-1.1663842430105598,0.11653420641597674,-0.5242650075979979,Suzuka,0.2918775963597438,-0.3539318669737246,-0.24556126478098445,1.1895300923253573,-1.3257116175893464,-0.21898083768733698,-1.0810442385253562,-1.4391822050230638,-1.4398534544869046,1,0.0,0.0,0.0,0.0,0.0,0.0,-0.6749530031228604,19,8,0
0.18867924528301888,2,0.23214285714285715,-1.5041228072405848,0.967073228638497,0.6097207128082135,0,-1.1663842430105598,0.11653420641597674,-0.5242650075979979,Suzuka,0.2918775963597438,-0.3539318669737246,-0.24556126478098445,1.1895300923253573,-1.3257116175893464,-0.19198812702803267,-1.0408769820872488,-1.2872507074979878,-1.3901706443663706,1,0.0,0.0,0.0,0.0,0.0,0.0,-0.5858889231561182,19,8,0
0.20754716981132076,2,0.25,-1.5041228072405848,0.967073228638497,0.6097207128082135,0,-1.1663842430105598,0.11653420641597674,-0.5242650075979979,Suzuka,0.2918775963597438,-0.3539318669737246,-0.24556126478098445,1.1895300923253573,-1.3257116175893464,-0.27795404249733763,-0.9796075543363268,-1.2041450444877675,-1.2773979524312542,1,0.0,0.0,0.0,0.0,0.0,0.0,-0.49710149542500603,19,8,0
0.22641509433962265,2,0.26785714285714285,-1.5041228072405848,0.967073228638497,0.6097207128082135,0,-1.1663842430105598,0.11653420641597674,-0.5242650075979979,Suzuka,0.2918775963597438,-0.3539318669737246,-0.24556126478098445,1.1895300923253573,-1.3257116175893464,-0.1632350221952954,-0.9383258804234166,-1.0995930597489236,-1.1446336253641993,1,0.0,0.0,0.0,0.0,0.0,0.0,-0.4079448833111932,19,8,0
0.24528301886792453,2,0.2857142857142857,-1.5041228072405848,0.967073228638497,0.6097207128082135,0,-1.1663842430105598,0.11653420641597674,-0.5242650075979979,Suzuka,0.2918775963597438,-0.3539318669737246,-0.24556126478098445,1.1895300923253573,-1.3257116175893464,-0.15971423384842942,-0.8792501989228141,-1.0706448510317335,-1.1303960958056642,1,0.0,0.0,0.0,0.0,0.0,0.0,-0.318776940730392,19,8,0
0.2641509433962264,2,0.30357142857142855,-1.5041228072405848,0.967073228638497,0.6097207128082135,0,-1.1663842430105598,0.11653420641597674,-0.5242650075979979,Suzuka,0.2918775963597438,-0.3539318669737246,-0.24556126478098445,1.1895300923253573,-1.3257116175893464,-0.17614457946713585,-0.8284472965167037,-0.9801145162267271,-1.1294815966923006,1,0.0,0.0,0.0,0.0,0.0,0.0,-0.22966187366220261,19,8,0
0.2830188679245283,2,0.3214285714285714,-1.5041228072405848,0.967073228638497,0.6097207128082135,0,-1.1663842430105598,0.11653420641597674,-0.5242650075979979,Suzuka,0.2918775963597438,-0.3539318669737246,-0.24556126478098445,1.1895300923253573,-1.3257116175893464,-0.21516665031156412,-0.7726417025680121,-0.8594578380890221,-1.134975929547212,1,0.0,0.0,0.0,0.0,0.0,0.0,-0.14067238593646664,19,8,0
0.3018867924528302,2,0.33928571428571425,-1.5041228072405848,0.967073228638497,0.6097207128082135,0,-1.1663842430105598,0.11653420641597674,-0.5242650075979979,Suzuka,0.2918775963597438,-0.3539318669737246,-0.24556126478098445,1.1895300923253573,-1.3257116175893464,-0.27003226871688923,-0.7263469155810223,-0.8461137334049829,-1.1989848452424239,1,0.0,0.0,0.0,0.0,0.0,0.0,-0.051859464654630635,19,8,0
0.32075471698113206,2,0.35714285714285715,-1.5041228072405848,0.967073228638497,0.6097207128082135,0,-1.1663842430105598,0.11653420641597674,-0.5242650075979979,Suzuka,0.2918775963597438,-0.3539318669737246,-0.24556126478098445,1.1895300923253573,-1.3257116175893464,-0.2920371958848015,-0.6765311679800879,-0.8204911210444304,-1.1497142343978481,1,0.0,0.0,0.0,0.0,0.0,0.0,0.03688264120852854,19,8,0
0.39622641509433965,1,0.017857142857142856,-1.5041228072405848,0.967073228638497,0.6097207128082135,0,-1.1663842430105598,0.11653420641597674,-0.5242650075979979,Suzuka,0.2918775963597438,-0.3539318669737246,-0.24556126478098445,1.1895300923253573,-1.3257116175893464,-0.5431867646278996,-0.05180541347570636,0.2929619859689627,0.01543392717786686,1,0.0,0.0,0.0,0.0,0.0,0.0,0.41513611852760723,19,8,0
0.41509433962264153,1,0.03571428571428571,-1.5041228072405848,0.967073228638497,0.6097207128082135,0,-1.1663842430105598,0.11653420641597674,-0.5242650075979979,Suzuka,0.2918775963597438,-0.3539318669737246,-0.24556126478098445,1.1895300923253573,-1.3257116175893464,-0.48362676176008523,-0.05084838400128205,-0.7434165406355547,0.0008463223132112787,1,0.0,0.0,0.0,0.0,0.0,0.0,0.5032616581454892,19,8,0
0.4339622641509434,1,0.05357142857142857,-1.5041228072405848,0.967073228638497,0.6097207128082135,0,-1.1663842430105598,0.11653420641597674,-0.5242650075979979,Suzuka,0.2918775963597438,-0.3539318669737246,-0.24556126478098445,1.1895300923253573,-1.3257116175893464,-0.4669030171124719,-0.04486262051088817,-0.6632922997056636,-0.11523702142295301,1,0.0,0.0,0.0,0.0,0.0,0.0,0.5914410174815652,19,8,0
0.4528301886792453,1,0.07142857142857142,-1.5041228072405848,0.967073228638497,0.6097207128082135,0,-1.1663842430105598,0.11653420641597674,-0.5242650075979979,Suzuka,0.2918775963597438,-0.3539318669737246,-0.24556126478098445,1.1895300923253573,-1.3257116175893464,-0.47130400254605437,-0.04362295359692203,-0.8167562676025495,-0.19520815088307467,1,0.0,0.0,0.0,0.0,0.0,0.0,0.679606213733906,19,8,0
0.4716981132075472,1,0.08928571428571427,-1.5041228072405848,0.967073228638497,0.6097207128082135,0,-1.1663842430105598,0.11653420641597674,-0.5242650075979979,Suzuka,0.2918775963597438,-0.3539318669737246,-0.24556126478098445,1.1895300923253573,-1.3257116175893464,-0.55815011510208,-0.03847625581940364,-1.4582983864880021,-0.2925046259381644,1,0.0,0.0,0.0,0.0,0.0,0.0,0.7674919251338699,19,8,0
0.5849056603773585,1,0.19642857142857142,-1.5041228072405848,0.967073228638497,0.6097207128082135,0,-1.1663842430105598,0.11653420641597674,-0.5242650075979979,Suzuka,0.2918775963597438,-0.3539318669737246,-0.24556126478098445,1.1895300923253573,-1.3257116175893464,-0.7726248052319883,-0.049573535908088016,-0.44800064632319747,-1.0085965429455754,1,0.0,0.0,0.0,0.0,0.0,0.0,1.2939970093495752,19,8,0
0.6037735849056604,1,0.21428571428571427,-1.5041228072405848,0.967073228638497,0.6097207128082135,0,-1.1663842430105598,0.11653420641597674,-0.5242650075979979,Suzuka,0.2918775963597438,-0.3539318669737246,-0.24556126478098445,1.1895300923253573,-1.3257116175893464,-0.8128204721920399,-0.039825478663474495,-0.48759508984077354,-0.8786201996148627,1,0.0,0.0,0.0,0.0,0.0,0.0,1.3810631503040556,19,8,0
0.6226415094339622,1,0.23214285714285715,-1.5041228072405848,0.967073228638497,0.6097207128082135,0,-1.1663842430105598,0.11653420641597674,-0.5242650075979979,Suzuka,0.2918775963597438,-0.3539318669737246,-0.24556126478098445,1.1895300923253573,-1.3257116175893464,-0.7770257906655708,-0.026884256283341845,-0.49280331968221097,-0.730437891760314,1,0.0,0.0,0.0,0.0,0.0,0.0,1.4682444843395832,19,8,0
0.6415094339622641,1,0.25,-1.5041228072405848,0.967073228638497,0.6097207128082135,0,-1.1663842430105598,0.11653420641597674,-0.5242650075979979,Suzuka,0.2918775963597438,-0.3539318669737246,-0.24556126478098445,1.1895300923253573,-1.3257116175893464,-0.7377103207922355,-0.010124622370577185,-0.4817934237138584,-0.6801243465324153,1,0.0,0.0,0.0,0.0,0.0,0.0,1.5555523419231458,19,8,0
0.660377358490566,1,0.26785714285714285,-1.5041228072405848,0.967073228638497,0.6097207128082135,0,-1.1663842430105598,0.11653420641597674,-0.5242650075979979,Suzuka,0.2918775963597438,-0.3539318669737246,-0.24556126478098445,1.1895300923253573,-1.3257116175893464,-0.7861211605616384,0.008749688162122089,-0.4026323722348855,-0.653605764960811,1,0.0,0.0,0.0,0.0,0.0,0.0,1.6427044055856206,19,8,0
0.6792452830188679,1,0.2857142857142857,-1.5041228072405848,0.967073228638497,0.6097207128082135,0,-1.1663842430105598,0.11653420641597674,-0.5242650075979979,Suzuka,0.2918775963597438,-0.3539318669737246,-0.24556126478098445,1.1895300923253573,-1.3257116175893464,-0.8465613605161693,0.02308705234065728,-0.36783688991716024,-0.49561773375989016,1,0.0,0.0,0.0,0.0,0.0,0.0,1.72966196289813,19,8,0
0.6981132075471698,1,0.30357142857142855,-1.4566267201567233,0.967073228638497,0.20273213700869241,0,-1.357610037961848,-2.319716275216603,-0.07518333602704678,Suzuka,0.2918775963597438,-0.3539318669737246,-0.24556126478098445,1.1895300923253573,-1.3257116175893464,-0.8104732799607973,0.03886905083631859,-0.3778268531658264,-0.4284382685784209,1,0.0,0.0,0.0,0.0,0.0,0.0,-1.5826697607471607,19,8,0
0.7169811320754716,1,0.3214285714285714,-1.4566267201567233,0.967073228638497,0.20273213700869241,0,-1.357610037961848,-2.319716275216603,-0.07518333602704678,Suzuka,0.2918775963597438,-0.3539318669737246,-0.24556126478098445,1.1895300923253573,-1.3257116175893464,-0.8427471731404006,0.05593085756438316,-0.3404609386130049,-0.35214037719067703,1,0.0,0.0,0.0,0.0,0.0,0.0,-1.4956999287620807,19,8,0
0.7358490566037735,1,0.33928571428571425,-1.4566267201567233,0.967073228638497,0.20273213700869241,0,-1.357610037961848,-2.319716275216603,-0.07518333602704678,Suzuka,0.2918775963597438,-0.3539318669737246,-0.24556126478098445,1.1895300923253573,-1.3257116175893464,-0.8536029372099012,0.0728047427582532,-0.3044663557240538,-0.3085640967411904,1,0.0,0.0,0.0,0.0,0.0,0.0,-1.4087650323835477,19,8,0
0.7547169811320754,1,0.35714285714285715,-1.4566267201567233,0.967073228638497,0.20273213700869241,0,-1.357610037961848,-2.319716275216603,-0.07518333602704678,Suzuka,0.2918775963597438,-0.3539318669737246,-0.24556126478098445,1.1895300923253573,-1.3257116175893464,-0.578688047125462,0.08918584617865184,-0.24105487091934444,-0.28578753184391603,1,0.0,0.0,0.0,0.0,0.0,0.0,-1.3209454153743487,19,8,0
0.7735849056603773,1,0.375,-1.4566267201567233,0.967073228638497,0.20273213700869241,0,-1.357610037961848,-2.319716275216603,-0.07518333602704678,Suzuka,0.2918775963597438,-0.3539318669737246,-0.24556126478098445,1.1895300923253573,-1.3257116175893464,-0.7400575130234781,0.1249483168844583,0.08935894851980755,-0.5504774678680043,1,0.0,0.0,0.0,0.0,0.0,0.0,-1.2336451114354445,19,8,0
0.7924528301886792,1,0.39285714285714285,-1.4566267201567233,0.967073228638497,0.20273213700869241,0,-1.357610037961848,-2.319716275216603,-0.07518333602704678,Suzuka,0.2918775963597438,-0.3539318669737246,-0.24556126478098445,1.1895300923253573,-1.3257116175893464,-0.7283215518672611,0.14615382173096117,0.2566547295818776,-0.6206849812750804,1,0.0,0.0,0.0,0.0,0.0,0.0,-1.1463070392732462,19,8,0
0.8113207547169811,1,0.4107142857142857,-1.4566267201567233,0.967073228638497,0.20273213700869241,0,-1.357610037961848,-2.319716275216603,-0.07518333602704678,Suzuka,0.2918775963597438,-0.3539318669737246,-0.24556126478098445,1.1895300923253573,-1.3257116175893464,-0.8597643168169166,0.1712578843076288,0.4043243826804802,-0.8345734402071473,1,0.0,0.0,0.0,0.0,0.0,0.0,-1.0593919712119428,19,8,0
0.8301886792452831,1,0.42857142857142855,-1.4566267201567233,0.967073228638497,0.20273213700869241,0,-1.357610037961848,-2.319716275216603,-0.07518333602704678,Suzuka,0.2918775963597438,-0.3539318669737246,-0.24556126478098445,1.1895300923253573,-1.3257116175893464,-0.8483217546896022,0.187373171681534,0.48162043809328786,-0.7519377062424332,1,0.0,0.0,0.0,0.0,0.0,0.0,-0.9724400791329273,19,8,0
0.8490566037735849,1,0.4464285714285714,-1.4566267201567233,0.967073228638497,0.20273213700869241,0,-1.357610037961848,-2.319716275216603,-0.07518333602704678,Suzuka,0.2918775963597438,-0.3539318669737246,-0.24556126478098445,1.1895300923253573,-1.3257116175893464,-0.872967273117664,0.20463248617466673,0.6055796694711575,-0.762974192871147,1,0.0,0.0,0.0,0.0,0.0,0.0,-0.8855675003228297,19,8,0
0.8679245283018868,1,0.46428571428571425,-1.4566267201567233,0.967073228638497,0.20273213700869241,0,-1.357610037961848,-2.319716275216603,-0.07518333602704678,Suzuka,0.2918775963597438,-0.3539318669737246,-0.24556126478098445,1.1895300923253573,-1.3257116175893464,-0.8119402751053234,0.22162296788459754,0.7206167527924215,-0.7905054986872435,1,0.0,0.0,0.0,0.0,0.0,0.0,-0.7984985267516024,19,8,0
0.8867924528301887,1,0.48214285714285715,-1.4566267201567233,0.967073228638497,0.20273213700869241,0,-1.357610037961848,-2.319716275216603,-0.07518333602704678,Suzuka,0.2918775963597438,-0.3539318669737246,-0.24556126478098445,1.1895300923253573,-1.3257116175893464,-0.8606445139036331,0.24108025990001677,0.8378412552621805,-0.849259576737422,1,0.0,0.0,0.0,0.0,0.0,0.0,-0.7115862913070459,19,8,0
0.9056603773584906,1,0.49999999999999994,-1.4566267201567233,0.967073228638497,0.20273213700869241,0,-1.357610037961848,-2.319716275216603,-0.07518333602704678,Suzuka,0.2918775963597438,-0.3539318669737246,-0.24556126478098445,1.1895300923253573,-1.3257116175893464,-0.8509623459497517,0.2605162268332385,0.9385449905207681,-0.9607107183160953,1,0.0,0.0,0.0,0.0,0.0,0.0,-0.6246428970782717,19,8,0
0.9245283018867925,1,0.5178571428571428,-1.4566267201567233,0.967073228638497,0.20273213700869241,0,-1.357610037961848,-2.319716275216603,-0.07518333602704678,Suzuka,0.2918775963597438,-0.3539318669737246,-0.24556126478098445,1.1895300923253573,-1.3257116175893464,-0.7136516004219835,0.2835260373615709,1.0578645167399638,-0.9865877020785923,1,0.0,0.0,0.0,0.0,0.0,0.0,-0.5372576146369556,19,8,0
0.2641509433962264,2,0.125,0.5382089373654557,-0.5033758011057382,-0.40775072669055057,0,0.23593825329888665,-1.9810446835995177,-0.2548160046554274,Sakhir,-0.8111308743021796,0.8892821896878051,-0.7983846854936565,2.05175915243102,-1.8355120703834062,1.223368788412029,-0.8743314414600608,-0.904861351262818,-1.2418868361608284,1,0.0,0.0,0.0,0.0,0.0,0.0,-0.15828842948645236,1,1,0
0.3018867924528302,2,0.1607142857142857,0.5382089373654557,-0.5033758011057382,-0.40775072669055057,0,0.23593825329888665,-1.9810446835995177,-0.2548160046554274,Sakhir,-0.8111308743021796,0.8892821896878051,-0.7983846854936565,2.05175915243102,-1.8355120703834062,1.015055477889136,-1.6137204477105092,-1.3299113215567628,-1.4480923198129436,1,0.0,0.0,0.0,0.0,0.0,0.0,0.027298010342049324,1,1,0
0.32075471698113206,2,0.17857142857142858,0.5382089373654557,-0.5033758011057382,-0.40775072669055057,0,0.23593825329888665,-1.9810446835995177,-0.2548160046554274,Sakhir,-0.8111308743021796,0.8892821896878051,-0.7983846854936565,2.05175915243102,-1.8355120703834062,0.9422925187205743,-1.5172544993983896,-0.7974695090295337,-1.3527900820940588,1,0.0,0.0,0.0,0.0,0.0,0.0,0.1200123890901735,1,1,0
0.33962264150943394,2,0.19642857142857142,0.5382089373654557,-0.5033758011057382,-0.40775072669055057,0,0.23593825329888665,-1.9810446835995177,-0.2548160046554274,Sakhir,-0.8111308743021796,0.8892821896878051,-0.7983846854936565,2.05175915243102,-1.8355120703834062,0.9871825701431153,-1.4706034911547154,-0.5259655393278533,-1.06841391667779,1,0.0,0.0,0.0,0.0,0.0,0.0,0.2128712312923979,1,1,0
0.3584905660377358,2,0.21428571428571427,0.5382089373654557,-0.5033758011057382,-0.40775072669055057,0,0.23593825329888665,-1.9810446835995177,-0.2548160046554274,Sakhir,-0.8111308743021796,0.8892821896878051,-0.7983846854936565,2.05175915243102,-1.8355120703834062,1.0664003079475952,-1.3612415996859322,-0.2436931603710671,-0.9466843559368786,1,0.0,0.0,0.0,0.0,0.0,0.0,0.305985009001858,1,1,0
0.37735849056603776,2,0.23214285714285715,0.5382089373654557,-0.5033758011057382,-0.40775072669055057,0,0.23593825329888665,-1.9810446835995177,-0.2548160046554274,Sakhir,-0.8111308743021796,0.8892821896878051,-0.7983846854936565,2.05175915243102,-1.8355120703834062,1.0147620788602292,-1.3033814073553018,-0.010111554913349233,-0.8268941769571287,1,0.0,0.0,0.0,0.0,0.0,0.0,0.39893260652882356,1,1,0
0.39622641509433965,2,0.25,0.5382089373654557,-0.5033758011057382,-0.40775072669055057,0,0.23593825329888665,-1.9810446835995177,-0.2548160046554274,Sakhir,-0.8111308743021796,0.8892821896878051,-0.7983846854936565,2.05175915243102,-1.8355120703834062,1.0895788312311265,-1.2385207867697738,0.08503361149387019,-0.6801243465324153,1,0.0,0.0,0.0,0.0,0.0,0.0,0.4921209764792898,1,1,0
0.41509433962264153,2,0.26785714285714285,0.5382089373654557,-0.5033758011057382,-0.40775072669055057,0,0.23593825329888665,-1.9810446835995177,-0.2548160046554274,Sakhir,-0.8111308743021796,0.8892821896878051,-0.7983846854936565,2.05175915243102,-1.8355120703834062,1.149138834098941,-1.1712115283140836,0.11167057887883662,-0.44705811953538965,1,0.0,0.0,0.0,0.0,0.0,0.0,0.585501020162974,1,1,0
0.4339622641509434,2,0.2857142857142857,0.5382089373654557,-0.5033758011057382,-0.40775072669055057,0,0.23593825329888665,-1.9810446835995177,-0.2548160046554274,Sakhir,-0.8111308743021796,0.8892821896878051,-0.7983846854936565,2.05175915243102,-1.8355120703834062,1.10630257587874,-1.0644763489222167,0.2511785867281857,-0.8150589441424889,1,0.0,0.0,0.0,0.0,0.0,0.0,0.6787432098316343,1,1,0
0.49056603773584906,1,0.017857142857142856,0.5382089373654557,-0.5033758011057382,-0.40775072669055057,0,0.23593825329888665,-1.9810446835995177,-0.2548160046554274,Sakhir,-0.8111308743021796,0.8892821896878051,-0.7983846854936565,2.05175915243102,-1.8355120703834062,0.670898416983001,-0.00587346989005052,-0.6209863400773407,-0.9105030521749331,1,0.0,0.0,0.0,0.0,0.0,0.0,0.9776947486999324,1,1,0
0.5094339622641509,1,0.03571428571428571,0.5382089373654557,-0.5033758011057382,-0.40775072669055057,0,0.23593825329888665,-1.9810446835995177,-0.2548160046554274,Sakhir,-0.8111308743021796,0.8892821896878051,-0.7983846854936565,2.05175915243102,-1.8355120703834062,0.7950062062100219,-0.02113015751272901,-1.4517194066579042,-0.4824079757509823,1,0.0,0.0,0.0,0.0,0.0,0.0,1.069935136245715,1,1,0
0.13207547169811318,3,0.17857142857142858,0.5382089373654557,-0.5033758011057382,-0.40775072669055057,0,0.23593825329888665,-1.9810446835995177,-0.2548160046554274,Sakhir,-0.8111308743021796,0.8892821896878051,-0.7983846854936565,2.05175915243102,-1.8355120703834062,1.374762687327261,-1.6635302983305846,-1.1322114826318102,-0.5807360937489999,1,0.0,0.0,0.0,0.0,0.0,0.0,-0.8293126759317377,2,2,0
0.6037735849056604,3,0.6249999999999999,0.5382089373654557,-0.5033758011057382,-0.40775072669055057,0,0.23593825329888665,-1.9810446835995177,-0.2548160046554274,Sakhir,-0.8111308743021796,0.8892821896878051,-0.7983846854936565,2.05175915243102,-1.8355120703834062,1.4481124445536324,-0.15808363299995165,-1.2121759228801487,-1.388574567097128,1,0.0,0.0,0.0,0.0,0.0,0.0,1.6606745262289893,2,2,0
0.7358490566037735,3,0.7499999999999999,0.4907128502815942,-0.4574242689262309,-0.2042564387908286,0,0.09570600366794227,-1.8390211129213854,-0.3446323389696175,Sakhir,-0.8111308743021796,0.8892821896878051,-0.7983846854936565,2.05175915243102,-1.8355120703834062,0.7730012790421097,0.19911870938490023,-1.067170077442977,-0.7056316823328921,1,0.0,0.0,0.0,0.0,0.0,0.0,-1.0943823416828315,2,2,0
0.7547169811320754,3,0.7678571428571428,0.4907128502815942,-0.4574242689262309,-0.2042564387908286,0,0.09570600366794227,-1.8390211129213854,-0.3446323389696175,Sakhir,-0.8111308743021796,0.8892821896878051,-0.7983846854936565,2.05175915243102,-1.8355120703834062,0.8610209877137545,0.23383798722368979,-1.1160454751569984,-0.6875248297606286,1,0.0,0.0,0.0,0.0,0.0,0.0,-1.0019295078810193,2,2,0
0.7735849056603773,3,0.7857142857142856,0.4907128502815942,-0.4574242689262309,-0.2042564387908286,0,0.09570600366794227,-1.8390211129213854,-0.3446323389696175,Sakhir,-0.8111308743021796,0.8892821896878051,-0.7983846854936565,2.05175915243102,-1.8355120703834062,0.8349084741411666,0.27043821017599123,-1.081550697104402,-0.7852628196523423,1,0.0,0.0,0.0,0.0,0.0,0.0,-0.909560708376037,2,2,0
0.7924528301886792,3,0.8035714285714285,0.4907128502815942,-0.4574242689262309,-0.2042564387908286,0,0.09570600366794227,-1.8390211129213854,-0.3446323389696175,Sakhir,-0.8111308743021796,0.8892821896878051,-0.7983846854936565,2.05175915243102,-1.8355120703834062,0.8087959605685788,0.3094937639267548,-0.8370251730015755,-0.8349583086054023,1,0.0,0.0,0.0,0.0,0.0,0.0,-0.817275943167884,2,2,0
0.8113207547169811,3,0.8214285714285713,0.4907128502815942,-0.4574242689262309,-0.2042564387908286,0,0.09570600366794227,-1.8390211129213854,-0.3446323389696175,Sakhir,-0.8111308743021796,0.8892821896878051,-0.7983846854936565,2.05175915243102,-1.8355120703834062,0.7938326100943985,0.34830979641270593,-0.836270037146129,-0.6200058152078051,1,0.0,0.0,0.0,0.0,0.0,0.0,-0.7250393324444311,2,2,0
0.8301886792452831,3,0.8392857142857142,0.4907128502815942,-0.4574242689262309,-0.2042564387908286,0,0.09570600366794227,-1.8390211129213854,-0.3446323389696175,Sakhir,-0.8111308743021796,0.8892821896878051,-0.7983846854936565,2.05175915243102,-1.8355120703834062,0.7354462033422074,0.3810067750292097,-0.8208650695610926,-0.816200721853227,1,0.0,0.0,0.0,0.0,0.0,0.0,-0.6329906186318669,2,2,0
0.8490566037735849,3,0.8571428571428571,0.4907128502815942,-0.4574242689262309,-0.2042564387908286,0,0.09570600366794227,-1.8390211129213854,-0.3446323389696175,Sakhir,-0.8111308743021796,0.8892821896878051,-0.7983846854936565,2.05175915243102,-1.8355120703834062,0.7727078800132028,0.4036333256544219,-0.9076176291076575,-0.795012030904465,1,0.0,0.0,0.0,0.0,0.0,0.0,-0.5408219907103434,2,2,0
0.8679245283018868,3,0.8749999999999999,0.4907128502815942,-0.4574242689262309,-0.2042564387908286,0,0.09570600366794227,-1.8390211129213854,-0.3446323389696175,Sakhir,-0.8111308743021796,0.8892821896878051,-0.7983846854936565,2.05175915243102,-1.8355120703834062,0.8093827586263884,0.41938312017375134,-0.9950022258218377,-0.7905054986872435,1,0.0,0.0,0.0,0.0,0.0,0.0,-0.4485353370910257,2,2,0
0.8867924528301887,3,0.8928571428571428,0.4907128502815942,-0.4574242689262309,-0.2042564387908286,0,0.09570600366794227,-1.8390211129213854,-0.3446323389696175,Sakhir,-0.8111308743021796,0.8892821896878051,-0.7983846854936565,2.05175915243102,-1.8355120703834062,0.8918278857488317,0.4479267183251538,-1.0345179579377817,-0.7449845337459509,1,0.0,0.0,0.0,0.0,0.0,0.0,-0.3559833617030665,2,2,0
0.9056603773584906,3,0.9107142857142856,0.4907128502815942,-0.4574242689262309,-0.2042564387908286,0,0.09570600366794227,-1.8390211129213854,-0.3446323389696175,Sakhir,-0.8111308743021796,0.8892821896878051,-0.7983846854936565,2.05175915243102,-1.8355120703834062,1.0793098652194357,0.48396638666446484,-1.1453497182160164,-0.8238320857748052,1,0.0,0.0,0.0,0.0,0.0,0.0,-0.26282803894798296,2,2,0
0.9245283018867925,3,0.9285714285714285,0.4907128502815942,-0.4574242689262309,-0.2042564387908286,0,0.09570600366794227,-1.8390211129213854,-0.3446323389696175,Sakhir,-0.8111308743021796,0.8892821896878051,-0.7983846854936565,2.05175915243102,-1.8355120703834062,1.0077205021664972,0.5329579572572811,-1.07282028861141,-0.8543128286461157,1,0.0,0.0,0.0,0.0,0.0,0.0,-0.1699031023549936,2,2,0
0.9433962264150944,3,0.9464285714285713,0.4907128502815942,-0.4574242689262309,-0.2042564387908286,0,0.09570600366794227,-1.8390211129213854,-0.3446323389696175,Sakhir,-0.8111308743021796,0.8892821896878051,-0.7983846854936565,2.05175915243102,-1.8355120703834062,1.0945666147225228,0.5694407374417588,-1.0654354178637553,-0.8500360304221719,1,0.0,0.0,0.0,0.0,0.0,0.0,-0.07669868090962748,2,2,0
0.9622641509433962,3,0.9642857142857142,0.4907128502815942,-0.4574242689262309,-0.2042564387908286,0,0.09570600366794227,-1.8390211129213854,-0.3446323389696175,Sakhir,-0.8111308743021796,0.8892821896878051,-0.7983846854936565,2.05175915243102,-1.8355120703834062,1.140630262260683,0.6115223320700348,-0.9867147767145369,-0.8885199890438135,1,0.0,0.0,0.0,0.0,0.0,0.0,0.016653980812168203,2,2,0
0.9811320754716981,3,0.9821428571428571,0.4907128502815942,-0.4574242689262309,-0.2042564387908286,0,0.09570600366794227,-1.8390211129213854,-0.3446323389696175,Sakhir,-0.8111308743021796,0.8892821896878051,-0.7983846854936565,2.05175915243102,-1.8355120703834062,1.1981364719261576,0.6542146021548448,-0.8556342645729763,-0.9096987052247973,1,0.0,0.0,0.0,0.0,0.0,0.0,0.11019170682810547,2,2,0
1.0,3,0.9999999999999999,0.4907128502815942,-0.4574242689262309,-0.2042564387908286,0,0.09570600366794227,-1.8390211129213854,-0.3446323389696175,Sakhir,-0.8111308743021796,0.8892821896878051,-0.7983846854936565,2.05175915243102,-1.8355120703834062,1.3392614048296987,0.6987204532596684,-0.6831353436419959,-0.8484834748671218,1,0.0,0.0,0.0,0.0,0.0,0.0,0.2041835957291552,2,2,0
0.3584905660377358,2,0.39285714285714285,0.5382089373654557,-0.5033758011057382,-0.40775072669055057,0,0.23593825329888665,-1.9810446835995177,-0.2548160046554274,Sakhir,-0.8111308743021796,0.8892821896878051,-0.7983846854936565,2.05175915243102,-1.8355120703834062,1.0347132128258014,-0.12558171252877476,-1.2646135395080593,-1.480888567923081,1,0.0,0.0,0.0,0.0,0.0,0.0,0.32944379669545276,3,3,0
0.7547169811320754,1,0.19642857142857142,0.4907128502815942,-0.4574242689262309,-0.2042564387908286,0,0.09570600366794227,-1.8390211129213854,-0.3446323389696175,Sakhir,-0.8111308743021796,0.8892821896878051,-0.7983846854936565,2.05175915243102,-1.8355120703834062,0.9642974458884865,0.44486738270607573,-1.2451772003518726,-0.6196663331337124,1,0.0,0.0,0.0,0.0,0.0,0.0,-0.9928679669071644,3,3,0
0.7924528301886792,1,0.23214285714285715,0.4907128502815942,-0.4574242689262309,-0.2042564387908286,0,0.09570600366794227,-1.8390211129213854,-0.3446323389696175,Sakhir,-0.8111308743021796,0.8892821896878051,-0.7983846854936565,2.05175915243102,-1.8355120703834062,0.8915344867199247,0.5256439066109277,-0.5547004682396027,-0.3518500378734857,1,0.0,0.0,0.0,0.0,0.0,0.0,-0.8073872781038866,3,3,0
0.8113207547169811,1,0.25,0.4907128502815942,-0.4574242689262309,-0.2042564387908286,0,0.09570600366794227,-1.8390211129213854,-0.3446323389696175,Sakhir,-0.8111308743021796,0.8892821896878051,-0.7983846854936565,2.05175915243102,-1.8355120703834062,0.920287591552662,0.563023841469444,-0.4639060519261652,-0.5990841363549988,1,0.0,0.0,0.0,0.0,0.0,0.0,-0.7147437147744389,3,3,0
0.8301886792452831,1,0.26785714285714285,0.4907128502815942,-0.4574242689262309,-0.2042564387908286,0,0.09570600366794227,-1.8390211129213854,-0.3446323389696175,Sakhir,-0.8111308743021796,0.8892821896878051,-0.7983846854936565,2.05175915243102,-1.8355120703834062,0.982194786651719,0.5976872334381969,-0.4093297936654711,-0.8203937638463141,1,0.0,0.0,0.0,0.0,0.0,0.0,-0.6219009240671146,3,3,0
0.8490566037735849,1,0.2857142857142857,0.4907128502815942,-0.4574242689262309,-0.2042564387908286,0,0.09570600366794227,-1.8390211129213854,-0.3446323389696175,Sakhir,-0.8111308743021796,0.8892821896878051,-0.7983846854936565,2.05175915243102,-1.8355120703834062,1.0446887798085898,0.6304557769512318,-0.2873000018934514,-1.0937439508739717,1,0.0,0.0,0.0,0.0,0.0,0.0,-0.5288570175707485,3,3,0
0.8679245283018868,1,0.30357142857142855,0.4907128502815942,-0.4574242689262309,-0.2042564387908286,0,0.09570600366794227,-1.8390211129213854,-0.3446323389696175,Sakhir,-0.8111308743021796,0.8892821896878051,-0.7983846854936565,2.05175915243102,-1.8355120703834062,0.9197007934948525,0.6584331424092222,-0.09673274100377499,-1.4842592285039518,1,0.0,0.0,0.0,0.0,0.0,0.0,-0.4362153426524657,3,3,0
0.15094339622641512,2,0.19642857142857142,0.5382089373654557,-0.5033758011057382,-0.40775072669055057,0,0.23593825329888665,-1.9810446835995177,-0.2548160046554274,Sakhir,-0.8111308743021796,0.8892821896878051,-0.7983846854936565,2.05175915243102,-1.8355120703834062,1.1711437612668534,-2.0919999521264603,-1.1650242231210093,-0.5658688857513189,1,0.0,0.0,0.0,0.0,0.0,0.0,-0.739834089714342,4,4,0
0.169811320754717,2,0.21428571428571427,0.5382089373654557,-0.5033758011057382,-0.40775072669055057,0,0.23593825329888665,-1.9810446835995177,-0.2548160046554274,Sakhir,-0.8111308743021796,0.8892821896878051,-0.7983846854936565,2.05175915243102,-1.8355120703834062,1.0972072059826723,-2.1008325187842827,-1.223580272176646,0.19519840385443954,1,0.0,0.0,0.0,0.0,0.0,0.0,-0.6466211704187347,4,4,0
0.20754716981132076,2,0.25,0.5382089373654557,-0.5033758011057382,-0.40775072669055057,0,0.23593825329888665,-1.9810446835995177,-0.2548160046554274,Sakhir,-0.8111308743021796,0.8892821896878051,-0.7983846854936565,2.05175915243102,-1.8355120703834062,1.13681607488491,-2.5848312991926057,-0.6399911419040318,0.5802777772594845,1,0.0,0.0,0.0,0.0,0.0,0.0,-0.4599271774421314,4,4,0
0.3018867924528302,2,0.33928571428571425,0.5382089373654557,-0.5033758011057382,-0.40775072669055057,0,0.23593825329888665,-1.9810446835995177,-0.2548160046554274,Sakhir,-0.8111308743021796,0.8892821896878051,-0.7983846854936565,2.05175915243102,-1.8355120703834062,0.6527076771908615,-1.884673758692676,-1.0370725050404082,-1.3674344431664252,1,0.0,0.0,0.0,0.0,0.0,0.0,0.0239970676261383,4,4,0
0.32075471698113206,2,0.35714285714285715,0.5382089373654557,-0.5033758011057382,-0.40775072669055057,0,0.23593825329888665,-1.9810446835995177,-0.2548160046554274,Sakhir,-0.8111308743021796,0.8892821896878051,-0.7983846854936565,2.05175915243102,-1.8355120703834062,0.7075732955961866,-1.9254464699069538,-1.3763108258968328,-0.8173432611721045,1,0.0,0.0,0.0,0.0,0.0,0.0,0.11595608190837901,4,4,0
0.8679245283018868,1,0.30357142857142855,0.4907128502815942,-0.4574242689262309,-0.2042564387908286,0,0.09570600366794227,-1.8390211129213854,-0.3446323389696175,Sakhir,-0.8111308743021796,0.8892821896878051,-0.7983846854936565,2.05175915243102,-1.8355120703834062,0.5793579199644902,-0.944311593657064,-1.4391822050226937,-1.1492517376222402,1,0.0,0.0,0.0,0.0,0.0,0.0,-0.4689736111266689,4,4,0
0.8867924528301887,1,0.3214285714285714,0.4907128502815942,-0.4574242689262309,-0.2042564387908286,0,0.09570600366794227,-1.8390211129213854,-0.3446323389696175,Sakhir,-0.8111308743021796,0.8892821896878051,-0.7983846854936565,2.05175915243102,-1.8355120703834062,0.6741258063009601,-0.9026139508552645,-1.448439681074535,-1.112650840754773,1,0.0,0.0,0.0,0.0,0.0,0.0,-0.37712223628081665,4,4,0
0.20754716981132076,2,0.03571428571428571,0.5382089373654557,-0.5033758011057382,-0.40775072669055057,0,0.23593825329888665,-1.9810446835995177,-0.2548160046554274,Sakhir,-0.8111308743021796,0.8892821896878051,-0.7983846854936565,2.05175915243102,-1.8355120703834062,1.2890901708868587,0.16636127216655058,0.17788263249281985,-0.39655625582563137,1,0.0,0.0,0.0,0.0,0.0,0.0,-0.41742848418036055,5,3,0
0.22641509433962265,2,0.05357142857142857,0.5382089373654557,-0.5033758011057382,-0.40775072669055057,0,0.23593825329888665,-1.9810446835995177,-0.2548160046554274,Sakhir,-0.8111308743021796,0.8892821896878051,-0.7983846854936565,2.05175915243102,-1.8355120703834062,1.206351644735513,0.08056897736171202,-0.23605365825306432,-0.6608923135320379,1,0.0,0.0,0.0,0.0,0.0,0.0,-0.3238643204081173,5,3,0
0.24528301886792453,2,0.07142857142857142,0.5382089373654557,-0.5033758011057382,-0.40775072669055057,0,0.23593825329888665,-1.9810446835995177,-0.2548160046554274,Sakhir,-0.8111308743021796,0.8892821896878051,-0.7983846854936565,2.05175915243102,-1.8355120703834062,1.3841514562522355,0.08139972887360611,-0.06371717632084349,-1.1543460836209127,1,0.0,0.0,0.0,0.0,0.0,0.0,-0.22972796805296758,5,3,0
0.6226415094339622,1,0.07142857142857142,0.5382089373654557,-0.5033758011057382,-0.40775072669055057,0,0.23593825329888665,-1.9810446835995177,-0.2548160046554274,Sakhir,-0.8111308743021796,0.8892821896878051,-0.7983846854936565,2.05175915243102,-1.8355120703834062,1.0634663176585388,0.17019825165240485,-1.1169394631762841,-0.9752706087690003,1,0.0,0.0,0.0,0.0,0.0,0.0,1.756428302746712,5,3,0
0.6415094339622641,1,0.08928571428571427,0.4907128502815942,-0.4574242689262309,-0.2042564387908286,0,0.09570600366794227,-1.8390211129213854,-0.3446323389696175,Sakhir,-0.8111308743021796,0.8892821896878051,-0.7983846854936565,2.05175915243102,-1.8355120703834062,0.9044440439917651,0.24561276504396334,-1.0096056991167204,-0.9360352836703825,1,0.0,0.0,0.0,0.0,0.0,0.0,-1.5504081444092763,5,3,0
0.660377358490566,1,0.10714285714285715,0.4907128502815942,-0.4574242689262309,-0.2042564387908286,0,0.09570600366794227,-1.8390211129213854,-0.3446323389696175,Sakhir,-0.8111308743021796,0.8892821896878051,-0.7983846854936565,2.05175915243102,-1.8355120703834062,0.982194786651719,0.2914759187407524,-0.9131439700299565,-0.9598824509891062,1,0.0,0.0,0.0,0.0,0.0,0.0,-1.4575653537019517,5,3,0
0.6792452830188679,1,0.125,0.4907128502815942,-0.4574242689262309,-0.2042564387908286,0,0.09570600366794227,-1.8390211129213854,-0.3446323389696175,Sakhir,-0.8111308743021796,0.8892821896878051,-0.7983846854936565,2.05175915243102,-1.8355120703834062,0.9956911419813732,0.33748821280192476,-0.9454845403821059,-0.9173552946541392,1,0.0,0.0,0.0,0.0,0.0,0.0,-1.364679129537839,5,3,0
0.6981132075471698,1,0.14285714285714285,0.4907128502815942,-0.4574242689262309,-0.2042564387908286,0,0.09570600366794227,-1.8390211129213854,-0.3446323389696175,Sakhir,-0.8111308743021796,0.8892821896878051,-0.7983846854936565,2.05175915243102,-1.8355120703834062,1.0778428700749096,0.37896519442986504,-0.9386445082049765,-0.9434006610918683,1,0.0,0.0,0.0,0.0,0.0,0.0,-1.2715285278106674,5,3,0
0.7169811320754716,1,0.1607142857142857,0.4907128502815942,-0.4574242689262309,-0.2042564387908286,0,0.09570600366794227,-1.8390211129213854,-0.3446323389696175,Sakhir,-0.8111308743021796,0.8892821896878051,-0.7983846854936565,2.05175915243102,-1.8355120703834062,1.0432217846640637,0.4251777909588676,-0.5904387162889208,-0.9016759420852782,1,0.0,0.0,0.0,0.0,0.0,0.0,-1.178489342342213,5,3,0
0.7358490566037735,1,0.17857142857142858,0.4907128502815942,-0.4574242689262309,-0.2042564387908286,0,0.09570600366794227,-1.8390211129213854,-0.3446323389696175,Sakhir,-0.8111308743021796,0.8892821896878051,-0.7983846854936565,2.05175915243102,-1.8355120703834062,1.1485520360411314,0.46890036257899687,-0.5807035107376417,-0.9205893891695094,1,0.0,0.0,0.0,0.0,0.0,0.0,-1.085111187069694,5,3,0
0.7547169811320754,1,0.19642857142857142,0.4907128502815942,-0.4574242689262309,-0.2042564387908286,0,0.09570600366794227,-1.8390211129213854,-0.3446323389696175,Sakhir,-0.8111308743021796,0.8892821896878051,-0.7983846854936565,2.05175915243102,-1.8355120703834062,1.5472813163236847,0.5199220880885133,-0.6061349352267077,-1.0378107606175344,1,0.0,0.0,0.0,0.0,0.0,0.0,-0.9904498564107549,5,3,0
0.8490566037735849,1,0.2857142857142857,0.4907128502815942,-0.4574242689262309,-0.2042564387908286,0,0.09570600366794227,-1.8390211129213854,-0.3446323389696175,Sakhir,-0.8111308743021796,0.8892821896878051,-0.7983846854936565,2.05175915243102,-1.8355120703834062,1.0757890768725697,0.7322870979933812,-1.228833598812937,-0.7677788434236699,1,0.0,0.0,0.0,0.0,0.0,0.0,-0.5259120403593853,5,3,0
0.8679245283018868,1,0.30357142857142855,0.4907128502815942,-0.4574242689262309,-0.2042564387908286,0,0.09570600366794227,-1.8390211129213854,-0.3446323389696175,Sakhir,-0.8111308743021796,0.8892821896878051,-0.7983846854936565,2.05175915243102,-1.8355120703834062,1.0983808020982915,0.7595638629174897,-0.7982071734430252,-0.8593810327274573,1,0.0,0.0,0.0,0.0,0.0,0.0,-0.4326953442414487,5,3,0
0.8867924528301887,1,0.3214285714285714,0.4907128502815942,-0.4574242689262309,-0.2042564387908286,0,0.09570600366794227,-1.8390211129213854,-0.3446323389696175,Sakhir,-0.8111308743021796,0.8892821896878051,-0.7983846854936565,2.05175915243102,-1.8355120703834062,1.0696276972655543,0.7952475600024893,-0.45278621916917305,-1.0816988084978456,1,0.0,0.0,0.0,0.0,0.0,0.0,-0.33957118027058253,5,3,0
0.9056603773584906,1,0.33928571428571425,0.4907128502815942,-0.4574242689262309,-0.2042564387908286,0,0.09570600366794227,-1.8390211129213854,-0.3446323389696175,Sakhir,-0.8111308743021796,0.8892821896878051,-0.7983846854936565,2.05175915243102,-1.8355120703834062,1.0892854322022238,0.8307284271792958,-0.29517990224889173,-1.2181338071045213,1,0.0,0.0,0.0,0.0,0.0,0.0,-0.24638375452569883,5,3,0
0.9245283018867925,1,0.35714285714285715,0.4907128502815942,-0.4574242689262309,-0.2042564387908286,0,0.09570600366794227,-1.8390211129213854,-0.3446323389696175,Sakhir,-0.8111308743021796,0.8892821896878051,-0.7983846854936565,2.05175915243102,-1.8355120703834062,1.1192121331505847,0.8680243429551449,-0.13214627092898887,-1.3684852755913093,1,0.0,0.0,0.0,0.0,0.0,0.0,-0.1531000198114151,5,3,0
0.24528301886792453,2,0.08928571428571427,0.5382089373654557,-0.5033758011057382,-0.40775072669055057,0,0.23593825329888665,-1.9810446835995177,-0.2548160046554274,Sakhir,-0.8111308743021796,0.8892821896878051,-0.7983846854936565,2.05175915243102,-1.8355120703834062,1.078723067161626,-0.3117809187814468,-0.5910897670499997,-1.2056626579847132,1,0.0,0.0,0.0,0.0,0.0,0.0,-0.24290058013239363,6,0,0
0.2641509433962264,2,0.10714285714285715,0.5382089373654557,-0.5033758011057382,-0.40775072669055057,0,0.23593825329888665,-1.9810446835995177,-0.2548160046554274,Sakhir,-0.8111308743021796,0.8892821896878051,-0.7983846854936565,2.05175915243102,-1.8355120703834062,1.0426349866062499,-0.4213093454890317,-0.6018691813362658,-1.162715107431022,1,0.0,0.0,0.0,0.0,0.0,0.0,-0.14986328307510416,6,0,0
0.6792452830188679,3,0.6964285714285713,0.4907128502815942,-0.4574242689262309,-0.2042564387908286,0,0.09570600366794227,-1.8390211129213854,-0.3446323389696175,Sakhir,-0.8111308743021796,0.8892821896878051,-0.7983846854936565,2.05175915243102,-1.8355120703834062,0.6811673829946919,0.04117955634052115,1.435719511171525,-1.2853902996188291,1,0.0,0.0,0.0,0.0,0.0,0.0,-1.3719447914940561,6,0,0
0.6981132075471698,3,0.7142857142857142,0.4907128502815942,-0.4574242689262309,-0.2042564387908286,0,0.09570600366794227,-1.8390211129213854,-0.3446323389696175,Sakhir,-0.8111308743021796,0.8892821896878051,-0.7983846854936565,2.05175915243102,-1.8355120703834062,0.7374999965445473,0.06622569639834235,1.4963455858040353,-1.178165335013697,1,0.0,0.0,0.0,0.0,0.0,0.0,-1.2798894682424151,6,0,0
0.7169811320754716,3,0.7321428571428571,0.4907128502815942,-0.4574242689262309,-0.2042564387908286,0,0.09570600366794227,-1.8390211129213854,-0.3446323389696175,Sakhir,-0.8111308743021796,0.8892821896878051,-0.7983846854936565,2.05175915243102,-1.8355120703834062,0.7703606877819602,0.09656286352683925,1.5551003599724091,-1.136811297308175,1,0.0,0.0,0.0,0.0,0.0,0.0,-1.1877283939655507,6,0,0
0.7358490566037735,3,0.7499999999999999,0.4907128502815942,-0.4574242689262309,-0.2042564387908286,0,0.09570600366794227,-1.8390211129213854,-0.3446323389696175,Sakhir,-0.8111308743021796,0.8892821896878051,-0.7983846854936565,2.05175915243102,-1.8355120703834062,0.8055685712506198,0.130864133727064,1.5984259168698043,-1.0959838580833476,1,0.0,0.0,0.0,0.0,0.0,0.0,-1.0954540150188037,6,0,0
0.7547169811320754,3,0.7678571428571428,0.4907128502815942,-0.4574242689262309,-0.2042564387908286,0,0.09570600366794227,-1.8390211129213854,-0.3446323389696175,Sakhir,-0.8111308743021796,0.8892821896878051,-0.7983846854936565,2.05175915243102,-1.8355120703834062,0.8381358634591257,0.17027052919186336,1.6807466487418796,-1.1464793764036212,1,0.0,0.0,0.0,0.0,0.0,0.0,-1.0030748292524154,6,0,0
0.7735849056603773,3,0.7857142857142856,0.4907128502815942,-0.4574242689262309,-0.2042564387908286,0,0.09570600366794227,-1.8390211129213854,-0.3446323389696175,Sakhir,-0.8111308743021796,0.8892821896878051,-0.7983846854936565,2.05175915243102,-1.8355120703834062,0.6582822587400632,0.2070178042004979,1.7485677170090848,-1.1108411662083728,1,0.0,0.0,0.0,0.0,0.0,0.0,-0.9112744415080102,6,0,0
0.7924528301886792,3,0.8035714285714285,0.4907128502815942,-0.4574242689262309,-0.2042564387908286,0,0.09570600366794227,-1.8390211129213854,-0.3446323389696175,Sakhir,-0.8111308743021796,0.8892821896878051,-0.7983846854936565,2.05175915243102,-1.8355120703834062,0.8082091625107692,0.23450026807812654,1.7636629966795583,-0.8582101154217188,1,0.0,0.0,0.0,0.0,0.0,0.0,-0.818991564711022,6,0,0
0.8113207547169811,3,0.8214285714285713,0.4907128502815942,-0.4574242689262309,-0.2042564387908286,0,0.09570600366794227,-1.8390211129213854,-0.3446323389696175,Sakhir,-0.8111308743021796,0.8892821896878051,-0.7983846854936565,2.05175915243102,-1.8355120703834062,0.7818032499092745,0.2757434924438579,1.818677374223065,-0.8574299483395784,1,0.0,0.0,0.0,0.0,0.0,0.0,-0.7267936664164456,6,0,0
0.8301886792452831,3,0.8392857142857142,0.4907128502815942,-0.4574242689262309,-0.2042564387908286,0,0.09570600366794227,-1.8390211129213854,-0.3446323389696175,Sakhir,-0.8111308743021796,0.8892821896878051,-0.7983846854936565,2.05175915243102,-1.8355120703834062,0.8017543838748469,0.30957952908872577,1.8758262321439692,-0.8415143372285455,1,0.0,0.0,0.0,0.0,0.0,0.0,-0.6345315621422691,6,0,0
0.8490566037735849,3,0.8571428571428571,0.4907128502815942,-0.4574242689262309,-0.2042564387908286,0,0.09570600366794227,-1.8390211129213854,-0.3446323389696175,Sakhir,-0.8111308743021796,0.8892821896878051,-0.7983846854936565,2.05175915243102,-1.8355120703834062,0.83608207025679,0.33832574081969824,1.9262988399561556,-0.9311425687070078,1,0.0,0.0,0.0,0.0,0.0,0.0,-0.5421589858149574,6,0,0
0.8679245283018868,3,0.8749999999999999,0.4907128502815942,-0.4574242689262309,-0.2042564387908286,0,0.09570600366794227,-1.8390211129213854,-0.3446323389696175,Sakhir,-0.8111308743021796,0.8892821896878051,-0.7983846854936565,2.05175915243102,-1.8355120703834062,0.8369622673435065,0.3594044768647011,1.9403609679056255,-1.0214237881071881,1,0.0,0.0,0.0,0.0,0.0,0.0,-0.4497835768708983,6,0,0
0.8867924528301887,3,0.8928571428571428,0.4907128502815942,-0.4574242689262309,-0.2042564387908286,0,0.09570600366794227,-1.8390211129213854,-0.3446323389696175,Sakhir,-0.8111308743021796,0.8892821896878051,-0.7983846854936565,2.05175915243102,-1.8355120703834062,0.9657644410330126,0.39128282649114754,1.9585071863670058,-1.0622493868404186,1,0.0,0.0,0.0,0.0,0.0,0.0,-0.3569936616761856,6,0,0
0.9056603773584906,3,0.9107142857142856,0.4907128502815942,-0.4574242689262309,-0.2042564387908286,0,0.09570600366794227,-1.8390211129213854,-0.3446323389696175,Sakhir,-0.8111308743021796,0.8892821896878051,-0.7983846854936565,2.05175915243102,-1.8355120703834062,1.0314858235078423,0.43392371765515075,1.9697311646225675,-1.176754995865719,1,0.0,0.0,0.0,0.0,0.0,0.0,-0.26399224443102587,6,0,0
0.9245283018867925,3,0.9285714285714285,0.4907128502815942,-0.4574242689262309,-0.2042564387908286,0,0.09570600366794227,-1.8390211129213854,-0.3446323389696175,Sakhir,-0.8111308743021796,0.8892821896878051,-0.7983846854936565,2.05175915243102,-1.8355120703834062,1.0027327186751052,0.48194501582264043,2.0210380421825054,-1.1018213623270658,1,0.0,0.0,0.0,0.0,0.0,0.0,-0.17108335933293656,6,0,0
0.9433962264150944,3,0.9464285714285713,0.4907128502815942,-0.4574242689262309,-0.2042564387908286,0,0.09570600366794227,-1.8390211129213854,-0.3446323389696175,Sakhir,-0.8111308743021796,0.8892821896878051,-0.7983846854936565,2.05175915243102,-1.8355120703834062,1.0399943953461004,0.5196883284762436,2.036926337322857,-1.094191698046624,1,0.0,0.0,0.0,0.0,0.0,0.0,-0.07805456012588852,6,0,0
0.9622641509433962,3,0.9642857142857142,0.4907128502815942,-0.4574242689262309,-0.2042564387908286,0,0.09570600366794227,-1.8390211129213854,-0.3446323389696175,Sakhir,-0.8111308743021796,0.8892821896878051,-0.7983846854936565,2.05175915243102,-1.8355120703834062,1.0438085827218733,0.5602979239840529,2.0698238454734947,-1.0128616268195267,1,0.0,0.0,0.0,0.0,0.0,0.0,0.014986513753730286,6,0,0
0.9811320754716981,3,0.9821428571428571,0.4907128502815942,-0.4574242689262309,-0.2042564387908286,0,0.09570600366794227,-1.8390211129213854,-0.3446323389696175,Sakhir,-0.8111308743021796,0.8892821896878051,-0.7983846854936565,2.05175915243102,-1.8355120703834062,1.0584785341671468,0.5992866140429361,2.1030431918653476,-0.8774360607503998,1,0.0,0.0,0.0,0.0,0.0,0.0,0.10807479791246698,6,0,0
1.0,3,0.9999999999999999,0.4907128502815942,-0.4574242689262309,-0.2042564387908286,0,0.09570600366794227,-1.8390211129213854,-0.3446323389696175,Sakhir,-0.8111308743021796,0.8892821896878051,-0.7983846854936565,2.05175915243102,-1.8355120703834062,1.1382830700294404,0.6381185910384002,2.1364898327694113,-0.6992191493901276,1,0.0,0.0,0.0,0.0,0.0,0.0,0.20141990598960377,6,0,0
0.2641509433962264,1,0.017857142857142856,0.5382089373654557,-0.5033758011057382,-0.40775072669055057,0,0.23593825329888665,-1.9810446835995177,-0.2548160046554274,Sakhir,-0.8111308743021796,0.8892821896878051,-0.7983846854936565,2.05175915243102,-1.8355120703834062,0.653587874277578,-0.03784522778639701,-0.7831502684435302,-1.2404230644160577,1,0.0,0.0,0.0,0.0,0.0,0.0,-0.1403145320207542,7,5,0
0.37735849056603776,1,0.125,0.5382089373654557,-0.5033758011057382,-0.40775072669055057,0,0.23593825329888665,-1.9810446835995177,-0.2548160046554274,Sakhir,-0.8111308743021796,0.8892821896878051,-0.7983846854936565,2.05175915243102,-1.8355120703834062,0.8924146838066412,-0.35093197896902817,-1.3001836921581664,-1.456371005812507,1,0.0,0.0,0.0,0.0,0.0,0.0,0.41517105413415417,7,5,0
0.660377358490566,2,0.10714285714285715,0.4907128502815942,-0.4574242689262309,-0.2042564387908286,0,0.09570600366794227,-1.8390211129213854,-0.3446323389696175,Sakhir,-0.8111308743021796,0.8892821896878051,-0.7983846854936565,2.05175915243102,-1.8355120703834062,1.1409236612895899,0.13141179858776436,-1.3493440635289637,-1.1687849347955874,1,0.0,0.0,0.0,0.0,0.0,0.0,-1.4620172830227527,7,5,0
0.6792452830188679,2,0.125,0.4907128502815942,-0.4574242689262309,-0.2042564387908286,0,0.09570600366794227,-1.8390211129213854,-0.3446323389696175,Sakhir,-0.8111308743021796,0.8892821896878051,-0.7983846854936565,2.05175915243102,-1.8355120703834062,0.777402264475692,0.1966939897568266,-0.7901108607231369,-1.4089022754961378,1,0.0,0.0,0.0,0.0,0.0,0.0,-1.3698335478119117,7,5,0
0.6981132075471698,2,0.14285714285714285,0.4907128502815942,-0.4574242689262309,-0.2042564387908286,0,0.09570600366794227,-1.8390211129213854,-0.3446323389696175,Sakhir,-0.8111308743021796,0.8892821896878051,-0.7983846854936565,2.05175915243102,-1.8355120703834062,0.7401405878046968,0.22627571891805368,-1.014642363471632,-1.043453015404934,1,0.0,0.0,0.0,0.0,0.0,0.0,-1.2777697267100296,7,5,0
0.7169811320754716,2,0.1607142857142857,0.4907128502815942,-0.4574242689262309,-0.2042564387908286,0,0.09570600366794227,-1.8390211129213854,-0.3446323389696175,Sakhir,-0.8111308743021796,0.8892821896878051,-0.7983846854936565,2.05175915243102,-1.8355120703834062,0.798233595527981,0.2530540134343089,-1.4500787328555562,-0.6470397770601485,1,0.0,0.0,0.0,0.0,0.0,0.0,-1.1855189529028416,7,5,0
0.7735849056603773,2,0.21428571428571427,0.4907128502815942,-0.4574242689262309,-0.2042564387908286,0,0.09570600366794227,-1.8390211129213854,-0.3446323389696175,Sakhir,-0.8111308743021796,0.8892821896878051,-0.7983846854936565,2.05175915243102,-1.8355120703834062,0.796473201354548,0.3472507354727279,-0.7664183506242489,-0.795012030904465,1,0.0,0.0,0.0,0.0,0.0,0.0,-0.908857275217183,7,5,0
0.7924528301886792,2,0.23214285714285715,0.4907128502815942,-0.4574242689262309,-0.2042564387908286,0,0.09570600366794227,-1.8390211129213854,-0.3446323389696175,Sakhir,-0.8111308743021796,0.8892821896878051,-0.7983846854936565,2.05175915243102,-1.8355120703834062,0.9833683827673424,0.3812692995245494,-0.8145193874681141,-0.8562603635903401,1,0.0,0.0,0.0,0.0,0.0,0.0,-0.8160107076875291,7,5,0
0.8113207547169811,2,0.25,0.4907128502815942,-0.4574242689262309,-0.2042564387908286,0,0.09570600366794227,-1.8390211129213854,-0.3446323389696175,Sakhir,-0.8111308743021796,0.8892821896878051,-0.7983846854936565,2.05175915243102,-1.8355120703834062,0.6336367403120057,0.42945209433925335,-0.6064635252073635,-1.1103890461584396,1,0.0,0.0,0.0,0.0,0.0,0.0,-0.7242896332120418,7,5,0
0.8301886792452831,2,0.26785714285714285,0.4907128502815942,-0.4574242689262309,-0.2042564387908286,0,0.09570600366794227,-1.8390211129213854,-0.3446323389696175,Sakhir,-0.8111308743021796,0.8892821896878051,-0.7983846854936565,2.05175915243102,-1.8355120703834062,0.7518765489609139,0.44966322740180176,-0.7963636274489178,-0.7848889558946152,1,0.0,0.0,0.0,0.0,0.0,0.0,-0.6321880438868656,7,5,0
0.8490566037735849,2,0.2857142857142857,0.4907128502815942,-0.4574242689262309,-0.2042564387908286,0,0.09570600366794227,-1.8390211129213854,-0.3446323389696175,Sakhir,-0.8111308743021796,0.8892821896878051,-0.7983846854936565,2.05175915243102,-1.8355120703834062,0.7762286683600688,0.47208601216828533,-0.7758547638584546,-0.6584600182471139,1,0.0,0.0,0.0,0.0,0.0,0.0,-0.540008085498354,7,5,0
0.8679245283018868,2,0.30357142857142855,0.4907128502815942,-0.4574242689262309,-0.2042564387908286,0,0.09570600366794227,-1.8390211129213854,-0.3446323389696175,Sakhir,-0.8111308743021796,0.8892821896878051,-0.7983846854936565,2.05175915243102,-1.8355120703834062,0.8454708391817646,0.4871860925341913,-0.7714928212196894,-0.6004262377351909,1,0.0,0.0,0.0,0.0,0.0,0.0,-0.4476052945924067,7,5,0
0.8867924528301887,2,0.3214285714285714,0.4907128502815942,-0.4574242689262309,-0.2042564387908286,0,0.09570600366794227,-1.8390211129213854,-0.3446323389696175,Sakhir,-0.8111308743021796,0.8892821896878051,-0.7983846854936565,2.05175915243102,-1.8355120703834062,0.8299206906497746,0.5163928502084661,-0.7274323711076559,-0.6449715254916127,1,0.0,0.0,0.0,0.0,0.0,0.0,-0.3552525465823243,7,5,0
0.9056603773584906,2,0.33928571428571425,0.4907128502815942,-0.4574242689262309,-0.2042564387908286,0,0.09570600366794227,-1.8390211129213854,-0.3446323389696175,Sakhir,-0.8111308743021796,0.8892821896878051,-0.7983846854936565,2.05175915243102,-1.8355120703834062,1.0561313419359042,0.5467500865902537,-0.8037501433056689,-0.5883850155704832,1,0.0,0.0,0.0,0.0,0.0,0.0,-0.2621718160682465,7,5,0
0.9245283018867925,2,0.35714285714285715,0.4907128502815942,-0.4574242689262309,-0.2042564387908286,0,0.09570600366794227,-1.8390211129213854,-0.3446323389696175,Sakhir,-0.8111308743021796,0.8892821896878051,-0.7983846854936565,2.05175915243102,-1.8355120703834062,1.0109478914844605,0.5919455286795002,-0.833252928503459,-0.896880259627725,1,0.0,0.0,0.0,0.0,0.0,0.0,-0.16923649321385148,7,5,0
0.9433962264150944,2,0.375,0.4907128502815942,-0.4574242689262309,-0.2042564387908286,0,0.09570600366794227,-1.8390211129213854,-0.3446323389696175,Sakhir,-0.8111308743021796,0.8892821896878051,-0.7983846854936565,2.05175915243102,-1.8355120703834062,1.0658135098897856,0.6268771581198674,-0.8291133489706365,-1.0115809861627059,1,0.0,0.0,0.0,0.0,0.0,0.0,-0.07612460391555606,7,5,0
0.9622641509433962,2,0.39285714285714285,0.4907128502815942,-0.4574242689262309,-0.2042564387908286,0,0.09570600366794227,-1.8390211129213854,-0.3446323389696175,Sakhir,-0.8111308743021796,0.8892821896878051,-0.7983846854936565,2.05175915243102,-1.8355120703834062,1.1250801137286932,0.6654576439516575,-0.8663625711949281,-1.102721208315309,1,0.0,0.0,0.0,0.0,0.0,0.0,0.017178014910374947,7,5,0
0.9811320754716981,2,0.4107142857142857,0.4907128502815942,-0.4574242689262309,-0.2042564387908286,0,0.09570600366794227,-1.8390211129213854,-0.3446323389696175,Sakhir,-0.8111308743021796,0.8892821896878051,-0.7983846854936565,2.05175915243102,-1.8355120703834062,1.2436133214065082,0.7054819345953642,-0.8868617800524866,-1.4360221707064682,1,0.0,0.0,0.0,0.0,0.0,0.0,0.11086209279157712,7,5,0
0.18867924528301888,2,0.14285714285714285,0.5382089373654557,-0.5033758011057382,-0.40775072669055057,0,0.23593825329888665,-1.9810446835995177,-0.2548160046554274,Sakhir,-0.8111308743021796,0.8892821896878051,-0.7983846854936565,2.05175915243102,-1.8355120703834062,1.3175498766906892,0.03161302575184522,-1.090327322903312,0.28258178446364146,1,0.0,0.0,0.0,0.0,0.0,0.0,-0.5179599409447967,8,6,0
0.20754716981132076,2,0.1607142857142857,0.5382089373654557,-0.5033758011057382,-0.40775072669055057,0,0.23593825329888665,-1.9810446835995177,-0.2548160046554274,Sakhir,-0.8111308743021796,0.8892821896878051,-0.7983846854936565,2.05175915243102,-1.8355120703834062,1.2931977572915343,-0.0188136762013977,-1.0667362423648523,0.19033983164150695,1,0.0,0.0,0.0,0.0,0.0,0.0,-0.4241162923201767,8,6,0
0.2641509433962264,2,0.21428571428571427,0.5382089373654557,-0.5033758011057382,-0.40775072669055057,0,0.23593825329888665,-1.9810446835995177,-0.2548160046554274,Sakhir,-0.8111308743021796,0.8892821896878051,-0.7983846854936565,2.05175915243102,-1.8355120703834062,1.2588700709095955,-0.14377276398807104,-1.3763108258967138,-0.80254936671474,1,0.0,0.0,0.0,0.0,0.0,0.0,-0.14170440263797984,8,6,0
0.33962264150943394,2,0.2857142857142857,0.5382089373654557,-0.5033758011057382,-0.40775072669055057,0,0.23593825329888665,-1.9810446835995177,-0.2548160046554274,Sakhir,-0.8111308743021796,0.8892821896878051,-0.7983846854936565,2.05175915243102,-1.8355120703834062,1.2934911563204412,-0.2781070715431232,-0.8721385638271761,-0.9205893891696931,1,0.0,0.0,0.0,0.0,0.0,0.0,0.23417345343589513,8,6,0
0.3584905660377358,2,0.30357142857142855,0.5382089373654557,-0.5033758011057382,-0.40775072669055057,0,0.23593825329888665,-1.9810446835995177,-0.2548160046554274,Sakhir,-0.8111308743021796,0.8892821896878051,-0.7983846854936565,2.05175915243102,-1.8355120703834062,1.314615886401637,-0.20177823244662177,-0.5518362566289094,-1.2999721716774784,1,0.0,0.0,0.0,0.0,0.0,0.0,0.32808602906802703,8,6,0
0.7547169811320754,2,0.6785714285714285,0.4907128502815942,-0.4574242689262309,-0.2042564387908286,0,0.09570600366794227,-1.8390211129213854,-0.3446323389696175,Sakhir,-0.8111308743021796,0.8892821896878051,-0.7983846854936565,2.05175915243102,-1.8355120703834062,0.8384292624880326,0.8130915498570565,0.11805121821681316,-1.3901706443664916,1,0.0,0.0,0.0,0.0,0.0,0.0,-0.9959696822451987,8,6,0
0.7735849056603773,2,0.6964285714285713,0.4907128502815942,-0.4574242689262309,-0.2042564387908286,0,0.09570600366794227,-1.8390211129213854,-0.3446323389696175,Sakhir,-0.8111308743021796,0.8892821896878051,-0.7983846854936565,2.05175915243102,-1.8355120703834062,0.8633681799450013,0.8347001325586447,0.11507664220637023,-1.4525026390796456,1,0.0,0.0,0.0,0.0,0.0,0.0,-0.9035092947987277,8,6,0
0.7924528301886792,2,0.7142857142857142,0.4907128502815942,-0.4574242689262309,-0.2042564387908286,0,0.09570600366794227,-1.8390211129213854,-0.3446323389696175,Sakhir,-0.8111308743021796,0.8892821896878051,-0.7983846854936565,2.05175915243102,-1.8355120703834062,0.7712408848686767,0.860517104397865,0.12715418840015041,-1.4008493373016602,1,0.0,0.0,0.0,0.0,0.0,0.0,-0.8113453879051161,8,6,0
0.8113207547169811,2,0.7321428571428571,0.4907128502815942,-0.4574242689262309,-0.2042564387908286,0,0.09570600366794227,-1.8390211129213854,-0.3446323389696175,Sakhir,-0.8111308743021796,0.8892821896878051,-0.7983846854936565,2.05175915243102,-1.8355120703834062,0.8636615789739039,0.8834427108743749,-0.23710529212377973,-1.3055358632039313,1,0.0,0.0,0.0,0.0,0.0,0.0,-0.7188840562530628,8,6,0
0.8301886792452831,2,0.7499999999999999,0.4907128502815942,-0.4574242689262309,-0.2042564387908286,0,0.09570600366794227,-1.8390211129213854,-0.3446323389696175,Sakhir,-0.8111308743021796,0.8892821896878051,-0.7983846854936565,2.05175915243102,-1.8355120703834062,0.9296763604776407,0.9075366340418495,-0.52065225122719,-1.3901706443660073,1,0.0,0.0,0.0,0.0,0.0,0.0,-0.6262102783449799,8,6,0
0.8490566037735849,2,0.7678571428571428,0.4907128502815942,-0.4574242689262309,-0.2042564387908286,0,0.09570600366794227,-1.8390211129213854,-0.3446323389696175,Sakhir,-0.8111308743021796,0.8892821896878051,-0.7983846854936565,2.05175915243102,-1.8355120703834062,0.8897740925464918,0.9306189269512156,-0.5842664520634352,-1.4602481287588613,1,0.0,0.0,0.0,0.0,0.0,0.0,-0.5336649123960971,8,6,0
0.8679245283018868,2,0.7857142857142856,0.4907128502815942,-0.4574242689262309,-0.2042564387908286,0,0.09570600366794227,-1.8390211129213854,-0.3446323389696175,Sakhir,-0.8111308743021796,0.8892821896878051,-0.7983846854936565,2.05175915243102,-1.8355120703834062,0.8522190168465895,0.9458092265071016,-0.6433478969312897,-1.4764046470411218,1,0.0,0.0,0.0,0.0,0.0,0.0,-0.44124040476175586,8,6,0
0.8867924528301887,2,0.8035714285714285,0.4907128502815942,-0.4574242689262309,-0.2042564387908286,0,0.09570600366794227,-1.8390211129213854,-0.3446323389696175,Sakhir,-0.8111308743021796,0.8892821896878051,-0.7983846854936565,2.05175915243102,-1.8355120703834062,0.8833193139105736,0.9660683718842129,-1.2867552941546279,-1.3387863300355332,1,0.0,0.0,0.0,0.0,0.0,0.0,-0.3487158113356849,8,6,0
0.7735849056603773,3,0.21428571428571427,0.4907128502815942,-0.4574242689262309,-0.2042564387908286,0,0.09570600366794227,-1.8390211129213854,-0.3446323389696175,Sakhir,-0.8111308743021796,0.8892821896878051,-0.7983846854936565,2.05175915243102,-1.8355120703834062,0.7495293567296712,0.41891363446555546,-0.7758547638584546,-0.8857422755678164,1,0.0,0.0,0.0,0.0,0.0,0.0,-0.9063456883681202,9,7,0
0.7924528301886792,3,0.23214285714285715,0.4907128502815942,-0.4574242689262309,-0.2042564387908286,0,0.09570600366794227,-1.8390211129213854,-0.3446323389696175,Sakhir,-0.8111308743021796,0.8892821896878051,-0.7983846854936565,2.05175915243102,-1.8355120703834062,0.8055685712506198,0.4479267183251538,-0.8351379778727356,-0.5665269175684905,1,0.0,0.0,0.0,0.0,0.0,0.0,-0.8140713094213732,9,7,0
0.8113207547169811,3,0.25,0.4907128502815942,-0.4574242689262309,-0.2042564387908286,0,0.09570600366794227,-1.8390211129213854,-0.3446323389696175,Sakhir,-0.8111308743021796,0.8892821896878051,-0.7983846854936565,2.05175915243102,-1.8355120703834062,0.8663021702340534,0.48235327446068077,-1.0811130830746816,-0.47272284994412617,1,0.0,0.0,0.0,0.0,0.0,0.0,-0.7216014799190789,9,7,0
0.8301886792452831,3,0.26785714285714285,0.4907128502815942,-0.4574242689262309,-0.2042564387908286,0,0.09570600366794227,-1.8390211129213854,-0.3446323389696175,Sakhir,-0.8111308743021796,0.8892821896878051,-0.7983846854936565,2.05175915243102,-1.8355120703834062,0.854859608106739,0.5160862509990912,-0.7660564820771458,-0.4163374990774206,1,0.0,0.0,0.0,0.0,0.0,0.0,-0.6291684744344962,9,7,0
0.8490566037735849,3,0.2857142857142857,0.4907128502815942,-0.4574242689262309,-0.2042564387908286,0,0.09570600366794227,-1.8390211129213854,-0.3446323389696175,Sakhir,-0.8111308743021796,0.8892821896878051,-0.7983846854936565,2.05175915243102,-1.8355120703834062,0.8261065032740017,0.5435108772017312,-0.6436839465406234,-0.29026266645717397,1,0.0,0.0,0.0,0.0,0.0,0.0,-0.5368280010969843,9,7,0
0.8679245283018868,3,0.30357142857142855,0.4907128502815942,-0.4574242689262309,-0.2042564387908286,0,0.09570600366794227,-1.8390211129213854,-0.3446323389696175,Sakhir,-0.8111308743021796,0.8892821896878051,-0.7983846854936565,2.05175915243102,-1.8355120703834062,0.8070355663951458,0.5606976512038683,-0.5875121475825833,-0.09337848620346562,1,0.0,0.0,0.0,0.0,0.0,0.0,-0.44454890112232553,9,7,0
0.8867924528301887,3,0.3214285714285714,0.4907128502815942,-0.4574242689262309,-0.2042564387908286,0,0.09570600366794227,-1.8390211129213854,-0.3446323389696175,Sakhir,-0.8111308743021796,0.8892821896878051,-0.7983846854936565,2.05175915243102,-1.8355120703834062,0.8789183284769911,0.5859549506077207,-0.6306282245692911,-9.909335800318444e-05,1,0.0,0.0,0.0,0.0,0.0,0.0,-0.35203847077999,9,7,0
0.9056603773584906,3,0.33928571428571425,0.4907128502815942,-0.4574242689262309,-0.2042564387908286,0,0.09570600366794227,-1.8390211129213854,-0.3446323389696175,Sakhir,-0.8111308743021796,0.8892821896878051,-0.7983846854936565,2.05175915243102,-1.8355120703834062,0.8076223644529554,0.6173863994400351,-0.575857261330496,0.06029262206552476,1,0.0,0.0,0.0,0.0,0.0,0.0,-0.25975748239416635,9,7,0
0.9245283018867925,3,0.35714285714285715,0.4907128502815942,-0.4574242689262309,-0.2042564387908286,0,0.09570600366794227,-1.8390211129213854,-0.3446323389696175,Sakhir,-0.8111308743021796,0.8892821896878051,-0.7983846854936565,2.05175915243102,-1.8355120703834062,0.9293829614487338,0.6464120645248481,-0.8744546071493636,0.24938819989613295,1,0.0,0.0,0.0,0.0,0.0,0.0,-0.16708464869166584,9,7,0
0.9433962264150944,3,0.375,0.4907128502815942,-0.4574242689262309,-0.2042564387908286,0,0.09570600366794227,-1.8390211129213854,-0.3446323389696175,Sakhir,-0.8111308743021796,0.8892821896878051,-0.7983846854936565,2.05175915243102,-1.8355120703834062,1.004786511877445,0.6754283127595242,-0.9854752247005568,0.33936023169452895,1,0.0,0.0,0.0,0.0,0.0,0.0,-0.0741691541545002,9,7,0
0.9622641509433962,3,0.39285714285714285,0.4907128502815942,-0.4574242689262309,-0.2042564387908286,0,0.09570600366794227,-1.8390211129213854,-0.3446323389696175,Sakhir,-0.8111308743021796,0.8892821896878051,-0.7983846854936565,2.05175915243102,-1.8355120703834062,0.9276225672753008,0.7093088005383884,-1.0736912635418543,0.34632700717396303,1,0.0,0.0,0.0,0.0,0.0,0.0,0.018498014314506296,9,7,0
0.9811320754716981,3,0.4107142857142857,0.4907128502815942,-0.4574242689262309,-0.2042564387908286,0,0.09570600366794227,-1.8390211129213854,-0.3446323389696175,Sakhir,-0.8111308743021796,0.8892821896878051,-0.7983846854936565,2.05175915243102,-1.8355120703834062,1.0015591225594818,0.7378733973983553,-1.3962984500254414,0.44045027967392825,1,0.0,0.0,0.0,0.0,0.0,0.0,0.11140312259026605,9,7,0
0.11320754716981131,2,0.017857142857142856,0.5382089373654557,-0.5033758011057382,-0.40775072669055057,0,0.23593825329888665,-1.9810446835995177,-0.2548160046554274,Sakhir,-0.8111308743021796,0.8892821896878051,-0.7983846854936565,2.05175915243102,-1.8355120703834062,0.7545171402210633,-0.17404540169486174,0.7170707557361644,-1.007744799119407,1,0.0,0.0,0.0,0.0,0.0,0.0,-0.8993462923861272,10,8,0
0.13207547169811318,2,0.03571428571428571,0.5382089373654557,-0.5033758011057382,-0.40775072669055057,0,0.23593825329888665,-1.9810446835995177,-0.2548160046554274,Sakhir,-0.8111308743021796,0.8892821896878051,-0.7983846854936565,2.05175915243102,-1.8355120703834062,0.9361311391135588,-0.2064911200150749,0.24862993020525517,-1.0879338635325804,1,0.0,0.0,0.0,0.0,0.0,0.0,-0.8066517419552325,10,8,0
0.7924528301886792,1,0.3214285714285714,0.4907128502815942,-0.4574242689262309,-0.2042564387908286,0,0.09570600366794227,-1.8390211129213854,-0.3446323389696175,Sakhir,-0.8111308743021796,0.8892821896878051,-0.7983846854936565,2.05175915243102,-1.8355120703834062,0.7859108363139501,0.7201539260904032,-1.246627048054216,-1.218615284773937,1,0.0,0.0,0.0,0.0,0.0,0.0,-0.8205466713051597,10,8,0
0.24528301886792453,2,0.10714285714285715,0.5382089373654557,-0.5033758011057382,-0.40775072669055057,0,0.23593825329888665,-1.9810446835995177,-0.2548160046554274,Sakhir,-0.8111308743021796,0.8892821896878051,-0.7983846854936565,2.05175915243102,-1.8355120703834062,0.7586247266257389,-0.830171310095008,-0.8415632253104114,-1.4175340130646135,1,0.0,0.0,0.0,0.0,0.0,0.0,-0.25494203392415904,11,9,0
0.2641509433962264,2,0.125,0.5382089373654557,-0.5033758011057382,-0.40775072669055057,0,0.23593825329888665,-1.9810446835995177,-0.2548160046554274,Sakhir,-0.8111308743021796,0.8892821896878051,-0.7983846854936565,2.05175915243102,-1.8355120703834062,0.7888448266030065,-1.0760428690368826,-1.0973822303219676,-0.9282949258249137,1,0.0,0.0,0.0,0.0,0.0,0.0,-0.16272147469560613,11,9,0
0.2830188679245283,2,0.14285714285714285,0.5382089373654557,-0.5033758011057382,-0.40775072669055057,0,0.23593825329888665,-1.9810446835995177,-0.2548160046554274,Sakhir,-0.8111308743021796,0.8892821896878051,-0.7983846854936565,2.05175915243102,-1.8355120703834062,0.784443841169424,-2.308956712499287,-1.4468022481102272,-0.7523044457358949,1,0.0,0.0,0.0,0.0,0.0,0.0,-0.07051507855078862,11,9,0
0.49056603773584906,2,0.33928571428571425,0.5382089373654557,-0.5033758011057382,-0.40775072669055057,0,0.23593825329888665,-1.9810446835995177,-0.2548160046554274,Sakhir,-0.8111308743021796,0.8892821896878051,-0.7983846854936565,2.05175915243102,-1.8355120703834062,0.8082091625107692,-1.5988028977017767,-1.4278174092314266,0.647347084002459,1,0.0,0.0,0.0,0.0,0.0,0.0,0.9483799979845758,11,9,0
0.5094339622641509,2,0.35714285714285715,0.5382089373654557,-0.5033758011057382,-0.40775072669055057,0,0.23593825329888665,-1.9810446835995177,-0.2548160046554274,Sakhir,-0.8111308743021796,0.8892821896878051,-0.7983846854936565,2.05175915243102,-1.8355120703834062,0.8642483770317178,-1.606771274512964,-1.365887020784361,0.6114958551143186,1,0.0,0.0,0.0,0.0,0.0,0.0,1.040843218047794,11,9,0
0.6037735849056604,2,0.4464285714285714,0.5382089373654557,-0.5033758011057382,-0.40775072669055057,0,0.23593825329888665,-1.9810446835995177,-0.2548160046554274,Sakhir,-0.8111308743021796,0.8892821896878051,-0.7983846854936565,2.05175915243102,-1.8355120703834062,0.447034957928114,-1.2614543344671374,-1.3957693609059134,0.4963786605560746,1,0.0,0.0,0.0,0.0,0.0,0.0,1.6536175337064725,11,9,0
0.6226415094339622,2,0.46428571428571425,0.5382089373654557,-0.5033758011057382,-0.40775072669055057,0,0.23593825329888665,-1.9810446835995177,-0.2548160046554274,Sakhir,-0.8111308743021796,0.8892821896878051,-0.7983846854936565,2.05175915243102,-1.8355120703834062,0.8759843381879348,-1.1571535186692883,-1.2093370510536352,0.6661973185035069,1,0.0,0.0,0.0,0.0,0.0,0.0,1.7461185219929847,11,9,0
0.6415094339622641,2,0.48214285714285715,0.4907128502815942,-0.4574242689262309,-0.2042564387908286,0,0.09570600366794227,-1.8390211129213854,-0.3446323389696175,Sakhir,-0.8111308743021796,0.8892821896878051,-0.7983846854936565,2.05175915243102,-1.8355120703834062,0.21906391246855145,-0.981122138127366,-0.5723123269139229,0.36342977507014146,1,0.0,0.0,0.0,0.0,0.0,0.0,-1.5629235894033835,11,9,0
0.660377358490566,2,0.49999999999999994,0.4907128502815942,-0.4574242689262309,-0.2042564387908286,0,0.09570600366794227,-1.8390211129213854,-0.3446323389696175,Sakhir,-0.8111308743021796,0.8892821896878051,-0.7983846854936565,2.05175915243102,-1.8355120703834062,0.374858796817366,-0.9982307621985883,-0.7112507374255498,0.6236940977106702,1,0.0,0.0,0.0,0.0,0.0,0.0,-1.4720353042515326,11,9,0
0.6792452830188679,2,0.5178571428571428,0.4907128502815942,-0.4574242689262309,-0.2042564387908286,0,0.09570600366794227,-1.8390211129213854,-0.3446323389696175,Sakhir,-0.8111308743021796,0.8892821896878051,-0.7983846854936565,2.05175915243102,-1.8355120703834062,0.33436973082840743,-0.9927981717356592,-0.690033213969447,0.6336844941286117,1,0.0,0.0,0.0,0.0,0.0,0.0,-1.381277319470047,11,9,0
0.6981132075471698,2,0.5357142857142856,0.4907128502815942,-0.4574242689262309,-0.2042564387908286,0,0.09570600366794227,-1.8390211129213854,-0.3446323389696175,Sakhir,-0.8111308743021796,0.8892821896878051,-0.7983846854936565,2.05175915243102,-1.8355120703834062,0.374858796817366,-1.0081366951352624,-0.7459168761718991,0.719361114686711,1,0.0,0.0,0.0,0.0,0.0,0.0,-1.290389034318196,11,9,0
0.7169811320754716,2,0.5535714285714285,0.4907128502815942,-0.4574242689262309,-0.2042564387908286,0,0.09570600366794227,-1.8390211129213854,-0.3446323389696175,Sakhir,-0.8111308743021796,0.8892821896878051,-0.7983846854936565,2.05175915243102,-1.8355120703834062,0.3408245094643298,-1.0124721890904602,-0.8317464306791335,0.80849243981542,1,0.0,0.0,0.0,0.0,0.0,0.0,-1.1996102770138983,11,9,0
0.7358490566037735,2,0.5714285714285714,0.4907128502815942,-0.4574242689262309,-0.2042564387908286,0,0.09570600366794227,-1.8390211129213854,-0.3446323389696175,Sakhir,-0.8111308743021796,0.8892821896878051,-0.7983846854936565,2.05175915243102,-1.8355120703834062,0.311191207544876,-1.0193636225791445,-0.8934910521117901,0.9461385047766674,1,0.0,0.0,0.0,0.0,0.0,0.0,-1.1089268844734186,11,9,0
0.7547169811320754,2,0.5892857142857142,0.4907128502815942,-0.4574242689262309,-0.2042564387908286,0,0.09570600366794227,-1.8390211129213854,-0.3446323389696175,Sakhir,-0.8111308743021796,0.8892821896878051,-0.7983846854936565,2.05175915243102,-1.8355120703834062,0.43148480939612405,-1.0243292300056324,-1.085494430079317,1.0406375349012118,1,0.0,0.0,0.0,0.0,0.0,0.0,-1.0178563676441732,11,9,0
0.7735849056603773,2,0.6071428571428571,0.4907128502815942,-0.4574242689262309,-0.2042564387908286,0,0.09570600366794227,-1.8390211129213854,-0.3446323389696175,Sakhir,-0.8111308743021796,0.8892821896878051,-0.7983846854936565,2.05175915243102,-1.8355120703834062,0.4731474715007018,-1.01370452598791,-1.1277050902360066,1.1099106577961426,1,0.0,0.0,0.0,0.0,0.0,0.0,-0.9266517736222337,11,9,0
0.7924528301886792,2,0.6249999999999999,0.4907128502815942,-0.4574242689262309,-0.2042564387908286,0,0.09570600366794227,-1.8390211129213854,-0.3446323389696175,Sakhir,-0.8111308743021796,0.8892821896878051,-0.7983846854936565,2.05175915243102,-1.8355120703834062,0.7832702450538006,-0.9779689188070355,-1.1761077233968689,1.1634760342272845,1,0.0,0.0,0.0,0.0,0.0,0.0,-0.8344491542997455,11,9,0
0.8113207547169811,2,0.6428571428571428,0.4907128502815942,-0.4574242689262309,-0.2042564387908286,0,0.09570600366794227,-1.8390211129213854,-0.3446323389696175,Sakhir,-0.8111308743021796,0.8892821896878051,-0.7983846854936565,2.05175915243102,-1.8355120703834062,0.39128914243607243,-0.8723695940028051,-0.8579273503351085,1.0867534970713568,1,0.0,0.0,0.0,0.0,0.0,0.0,-0.743507993635283,11,9,0
0.8301886792452831,2,0.6607142857142856,0.4907128502815942,-0.4574242689262309,-0.2042564387908286,0,0.09570600366794227,-1.8390211129213854,-0.3446323389696175,Sakhir,-0.8111308743021796,0.8892821896878051,-0.7983846854936565,2.05175915243102,-1.8355120703834062,0.4687464860671194,-0.8594673425204687,-1.0434761466120228,1.1563899145857204,1,0.0,0.0,0.0,0.0,0.0,0.0,-0.6523175626970787,11,9,0
0.8490566037735849,2,0.6785714285714285,0.4907128502815942,-0.4574242689262309,-0.2042564387908286,0,0.09570600366794227,-1.8390211129213854,-0.3446323389696175,Sakhir,-0.8111308743021796,0.8892821896878051,-0.7983846854936565,2.05175915243102,-1.8355120703834062,0.8448840411239549,-0.8468722203285892,-1.2121759228801487,1.2083094163132073,1,0.0,0.0,0.0,0.0,0.0,0.0,-0.5599166602022962,11,9,0
0.8679245283018868,2,0.6964285714285713,0.4907128502815942,-0.4574242689262309,-0.2042564387908286,0,0.09570600366794227,-1.8390211129213854,-0.3446323389696175,Sakhir,-0.8111308743021796,0.8892821896878051,-0.7983846854936565,2.05175915243102,-1.8355120703834062,0.6028298422769286,-0.7892512512318409,-1.1187288867086436,1.1814792888627723,1,0.0,0.0,0.0,0.0,0.0,0.0,-0.46829472731295607,11,9,0
0.8867924528301887,2,0.7142857142857142,0.4907128502815942,-0.4574242689262309,-0.2042564387908286,0,0.09570600366794227,-1.8390211129213854,-0.3446323389696175,Sakhir,-0.8111308743021796,0.8892821896878051,-0.7983846854936565,2.05175915243102,-1.8355120703834062,0.6166195966354855,-0.7483862708828425,-1.083302309250004,1.2443562964407469,1,0.0,0.0,0.0,0.0,0.0,0.0,-0.37662841676124514,11,9,0
0.9056603773584906,2,0.7321428571428571,0.4907128502815942,-0.4574242689262309,-0.2042564387908286,0,0.09570600366794227,-1.8390211129213854,-0.3446323389696175,Sakhir,-0.8111308743021796,0.8892821896878051,-0.7983846854936565,2.05175915243102,-1.8355120703834062,0.39422313272512877,-0.6986093600360148,-1.171480590218816,1.3581353880022784,1,0.0,0.0,0.0,0.0,0.0,0.0,-0.28567781404095893,11,9,0
0.15094339622641512,2,0.19642857142857142,0.5382089373654557,-0.5033758011057382,-0.40775072669055057,0,0.23593825329888665,-1.9810446835995177,-0.2548160046554274,Sakhir,-0.8111308743021796,0.8892821896878051,-0.7983846854936565,2.05175915243102,-1.8355120703834062,1.1453246467231724,-1.1605241280576182,-0.4307678311298834,-0.9619538707589319,1,0.0,0.0,0.0,0.0,0.0,0.0,-0.731593063391553,12,4,0
0.18867924528301888,2,0.23214285714285715,0.5382089373654557,-0.5033758011057382,-0.40775072669055057,0,0.23593825329888665,-1.9810446835995177,-0.2548160046554274,Sakhir,-0.8111308743021796,0.8892821896878051,-0.7983846854936565,2.05175915243102,-1.8355120703834062,1.216327211718297,-1.1607442810266044,0.3969849623469926,-0.09088379191028342,1,0.0,0.0,0.0,0.0,0.0,0.0,-0.544612031917914,12,4,0
0.20754716981132076,2,0.25,0.5382089373654557,-0.5033758011057382,-0.40775072669055057,0,0.23593825329888665,-1.9810446835995177,-0.2548160046554274,Sakhir,-0.8111308743021796,0.8892821896878051,-0.7983846854936565,2.05175915243102,-1.8355120703834062,1.2600436670252146,-1.3316649071269209,0.5553096361129645,0.4061070612121848,1,0.0,0.0,0.0,0.0,0.0,0.0,-0.4508750785240999,12,4,0
0.22641509433962265,2,0.26785714285714285,0.5382089373654557,-0.5033758011057382,-0.40775072669055057,0,0.23593825329888665,-1.9810446835995177,-0.2548160046554274,Sakhir,-0.8111308743021796,0.8892821896878051,-0.7983846854936565,2.05175915243102,-1.8355120703834062,1.3216574630953688,-1.6749872185977226,0.622420881297919,0.05205661784964757,1,0.0,0.0,0.0,0.0,0.0,0.0,-0.35693984195799167,12,4,0
0.4339622641509434,2,0.46428571428571425,0.5382089373654557,-0.5033758011057382,-0.40775072669055057,0,0.23593825329888665,-1.9810446835995177,-0.2548160046554274,Sakhir,-0.8111308743021796,0.8892821896878051,-0.7983846854936565,2.05175915243102,-1.8355120703834062,0.7961798023256411,-0.8481709726326604,-0.7952584830406678,-1.4747261983039464,1,0.0,0.0,0.0,0.0,0.0,0.0,0.6810517924804904,12,4,0
0.4528301886792453,2,0.48214285714285715,0.5382089373654557,-0.5033758011057382,-0.40775072669055057,0,0.23593825329888665,-1.9810446835995177,-0.2548160046554274,Sakhir,-0.8111308743021796,0.8892821896878051,-0.7983846854936565,2.05175915243102,-1.8355120703834062,0.7900184227186299,-0.8416350904737073,-1.2389091371517222,0.019645872248426746,1,0.0,0.0,0.0,0.0,0.0,0.0,0.7732761285313726,12,4,0
0.49056603773584906,2,0.5178571428571428,0.5382089373654557,-0.5033758011057382,-0.40775072669055057,0,0.23593825329888665,-1.9810446835995177,-0.2548160046554274,Sakhir,-0.8111308743021796,0.8892821896878051,-0.7983846854936565,2.05175915243102,-1.8355120703834062,0.7439547751804655,-0.8647833922359831,0.6202270614708986,1.207024583849021,1,0.0,0.0,0.0,0.0,0.0,0.0,0.957212097001919,12,4,0
0.5094339622641509,2,0.5357142857142856,0.5382089373654557,-0.5033758011057382,-0.40775072669055057,0,0.23593825329888665,-1.9810446835995177,-0.2548160046554274,Sakhir,-0.8111308743021796,0.8892821896878051,-0.7983846854936565,2.05175915243102,-1.8355120703834062,0.7677200965218107,-0.8817462454055639,0.585526099311634,1.489177894868419,1,0.0,0.0,0.0,0.0,0.0,0.0,1.0493646734285422,12,4,0
0.6037735849056604,1,0.05357142857142857,0.5382089373654557,-0.5033758011057382,-0.40775072669055057,0,0.23593825329888665,-1.9810446835995177,-0.2548160046554274,Sakhir,-0.8111308743021796,0.8892821896878051,-0.7983846854936565,2.05175915243102,-1.8355120703834062,0.743074578093749,-0.7148207319294558,0.47410237588195375,0.7760414142653376,1,0.0,0.0,0.0,0.0,0.0,0.0,1.6548789923644982,12,4,0
0.6226415094339622,1,0.07142857142857142,0.5382089373654557,-0.5033758011057382,-0.40775072669055057,0,0.23593825329888665,-1.9810446835995177,-0.2548160046554274,Sakhir,-0.8111308743021796,0.8892821896878051,-0.7983846854936565,2.05175915243102,-1.8355120703834062,0.36781722012363405,-0.6005047407047511,0.6384724966875003,1.0353499405388937,1,0.0,0.0,0.0,0.0,0.0,0.0,1.7457446165823722,12,4,0
0.6415094339622641,1,0.08928571428571427,0.4907128502815942,-0.4574242689262309,-0.2042564387908286,0,0.09570600366794227,-1.8390211129213854,-0.3446323389696175,Sakhir,-0.8111308743021796,0.8892821896878051,-0.7983846854936565,2.05175915243102,-1.8355120703834062,0.6503604849596148,-0.5616507692097723,0.3454190814052644,1.2078423160106566,1,0.0,0.0,0.0,0.0,0.0,0.0,-1.561909512607935,12,4,0
0.660377358490566,1,0.10714285714285715,0.4907128502815942,-0.4574242689262309,-0.2042564387908286,0,0.09570600366794227,-1.8390211129213854,-0.3446323389696175,Sakhir,-0.8111308743021796,0.8892821896878051,-0.7983846854936565,2.05175915243102,-1.8355120703834062,0.3927561375805985,-0.5094217470748693,0.5973329680821924,1.3350872940849203,1,0.0,0.0,0.0,0.0,0.0,0.0,-1.4709636309155605,12,4,0
0.6792452830188679,1,0.125,0.4907128502815942,-0.4574242689262309,-0.2042564387908286,0,0.09570600366794227,-1.8390211129213854,-0.3446323389696175,Sakhir,-0.8111308743021796,0.8892821896878051,-0.7983846854936565,2.05175915243102,-1.8355120703834062,0.4922184083795619,-0.5032253662628505,0.6070028281903831,1.4898714594530074,1,0.0,0.0,0.0,0.0,0.0,0.0,-1.379697663530768,12,4,0
0.6981132075471698,1,0.14285714285714285,0.4907128502815942,-0.4574242689262309,-0.2042564387908286,0,0.09570600366794227,-1.8390211129213854,-0.3446323389696175,Sakhir,-0.8111308743021796,0.8892821896878051,-0.7983846854936565,2.05175915243102,-1.8355120703834062,0.5476708248426966,-0.4906349306530952,0.6899305620540265,1.5525071658712895,1,0.0,0.0,0.0,0.0,0.0,0.0,-1.2882532412909102,12,4,0
0.7169811320754716,1,0.1607142857142857,0.4907128502815942,-0.4574242689262309,-0.2042564387908286,0,0.09570600366794227,-1.8390211129213854,-0.3446323389696175,Sakhir,-0.8111308743021796,0.8892821896878051,-0.7983846854936565,2.05175915243102,-1.8355120703834062,0.62600836556046,-0.4689673524156623,0.7762021582145582,1.6132095419988914,1,0.0,0.0,0.0,0.0,0.0,0.0,-1.1965567161605644,12,4,0
0.7358490566037735,1,0.17857142857142858,0.4907128502815942,-0.4574242689262309,-0.2042564387908286,0,0.09570600366794227,-1.8390211129213854,-0.3446323389696175,Sakhir,-0.8111308743021796,0.8892821896878051,-0.7983846854936565,2.05175915243102,-1.8355120703834062,0.5206781141833923,-0.43386539859415396,0.9094319257769183,1.6579712535014635,1,0.0,0.0,0.0,0.0,0.0,0.0,-1.1051991608342833,12,4,0
0.7547169811320754,1,0.19642857142857142,0.4907128502815942,-0.4574242689262309,-0.2042564387908286,0,0.09570600366794227,-1.8390211129213854,-0.3446323389696175,Sakhir,-0.8111308743021796,0.8892821896878051,-0.7983846854936565,2.05175915243102,-1.8355120703834062,0.5925608762652376,-0.40864918177880316,1.0008990071054409,1.743020751179356,1,0.0,0.0,0.0,0.0,0.0,0.0,-1.0136102751403255,12,4,0
0.7735849056603773,1,0.21428571428571427,0.4907128502815942,-0.4574242689262309,-0.2042564387908286,0,0.09570600366794227,-1.8390211129213854,-0.3446323389696175,Sakhir,-0.8111308743021796,0.8892821896878051,-0.7983846854936565,2.05175915243102,-1.8355120703834062,0.6022430442191189,-0.38112257530632554,1.067949540400445,1.8130899507227642,1,0.0,0.0,0.0,0.0,0.0,0.0,-0.9219902306621501,12,4,0
0.7924528301886792,1,0.23214285714285715,0.4907128502815942,-0.4574242689262309,-0.2042564387908286,0,0.09570600366794227,-1.8390211129213854,-0.3446323389696175,Sakhir,-0.8111308743021796,0.8892821896878051,-0.7983846854936565,2.05175915243102,-1.8355120703834062,0.5996024529589695,-0.34353906695794934,1.1197963015361199,1.8286856083910676,1,0.0,0.0,0.0,0.0,0.0,0.0,-0.8303786840342158,12,4,0
0.8113207547169811,1,0.25,0.4907128502815942,-0.4574242689262309,-0.2042564387908286,0,0.09570600366794227,-1.8390211129213854,-0.3446323389696175,Sakhir,-0.8111308743021796,0.8892821896878051,-0.7983846854936565,2.05175915243102,-1.8355120703834062,0.5576463918254848,-0.3025123866693748,1.045535364291335,1.885523601308917,1,0.0,0.0,0.0,0.0,0.0,0.0,-0.7389021588045582,12,4,0
0.8301886792452831,1,0.26785714285714285,0.4907128502815942,-0.4574242689262309,-0.2042564387908286,0,0.09570600366794227,-1.8390211129213854,-0.3446323389696175,Sakhir,-0.8111308743021796,0.8892821896878051,-0.7983846854936565,2.05175915243102,-1.8355120703834062,0.5972552607277227,-0.2745011250233176,1.1129375361000686,1.9445668283126714,1,0.0,0.0,0.0,0.0,0.0,0.0,-0.6472981658212827,12,4,0
0.8490566037735849,1,0.2857142857142857,0.4907128502815942,-0.4574242689262309,-0.2042564387908286,0,0.09570600366794227,-1.8390211129213854,-0.3446323389696175,Sakhir,-0.8111308743021796,0.8892821896878051,-0.7983846854936565,2.05175915243102,-1.8355120703834062,0.7779890625335018,-0.2516497981967171,1.1631912295060813,1.996712501016243,1,0.0,0.0,0.0,0.0,0.0,0.0,-0.555112542199277,12,4,0
0.8679245283018868,1,0.30357142857142855,0.4907128502815942,-0.4574242689262309,-0.2042564387908286,0,0.09570600366794227,-1.8390211129213854,-0.3446323389696175,Sakhir,-0.8111308743021796,0.8892821896878051,-0.7983846854936565,2.05175915243102,-1.8355120703834062,0.7612653178858884,-0.2239213395547047,1.1372219317648322,2.0112407600730644,1,0.0,0.0,0.0,0.0,0.0,0.0,-0.46298073829546543,12,4,0
0.8867924528301887,1,0.3214285714285714,0.4907128502815942,-0.4574242689262309,-0.2042564387908286,0,0.09570600366794227,-1.8390211129213854,-0.3446323389696175,Sakhir,-0.8111308743021796,0.8892821896878051,-0.7983846854936565,2.05175915243102,-1.8355120703834062,0.918527197379229,-0.1807164966281465,1.1980815655436023,2.029988488984076,1,0.0,0.0,0.0,0.0,0.0,0.0,-0.3703428401995121,12,4,0
0.9056603773584906,1,0.33928571428571425,0.4907128502815942,-0.4574242689262309,-0.2042564387908286,0,0.09570600366794227,-1.8390211129213854,-0.3446323389696175,Sakhir,-0.8111308743021796,0.8892821896878051,-0.7983846854936565,2.05175915243102,-1.8355120703834062,0.8114365518287283,-0.11755419828670696,1.3082101182666106,2.041584519423486,1,0.0,0.0,0.0,0.0,0.0,0.0,-0.2780495771411179,12,4,0
0.9245283018867925,1,0.35714285714285715,0.4907128502815942,-0.4574242689262309,-0.2042564387908286,0,0.09570600366794227,-1.8390211129213854,-0.3446323389696175,Sakhir,-0.8111308743021796,0.8892821896878051,-0.7983846854936565,2.05175915243102,-1.8355120703834062,0.9331971488245067,-0.06402391432111011,1.4492791942526222,2.094592116230021,1,0.0,0.0,0.0,0.0,0.0,0.0,-0.18536446876604665,12,4,0
0.9433962264150944,1,0.375,0.4907128502815942,-0.4574242689262309,-0.2042564387908286,0,0.09570600366794227,-1.8390211129213854,-0.3446323389696175,Sakhir,-0.8111308743021796,0.8892821896878051,-0.7983846854936565,2.05175915243102,-1.8355120703834062,0.8938816789511714,-0.011582443162434317,1.5479472877537506,2.1110070762275206,1,0.0,0.0,0.0,0.0,0.0,0.0,-0.0928058839390109,12,4,0
0.9622641509433962,1,0.39285714285714285,0.4907128502815942,-0.4574242689262309,-0.2042564387908286,0,0.09570600366794227,-1.8390211129213854,-0.3446323389696175,Sakhir,-0.8111308743021796,0.8892821896878051,-0.7983846854936565,2.05175915243102,-1.8355120703834062,0.8932948808933577,0.037846704862589814,1.5687837386926935,2.144995070253303,1,0.0,0.0,0.0,0.0,0.0,0.0,-0.00024918752314004994,12,4,0
0.9811320754716981,1,0.4107142857142857,0.4907128502815942,-0.4574242689262309,-0.2042564387908286,0,0.09570600366794227,-1.8390211129213854,-0.3446323389696175,Sakhir,-0.8111308743021796,0.8892821896878051,-0.7983846854936565,2.05175915243102,-1.8355120703834062,0.9038572459339556,0.0844840282350901,1.6072680751177315,2.1793155708072267,1,0.0,0.0,0.0,0.0,0.0,0.0,0.09234150029369584,12,4,0
1.0,1,0.42857142857142855,0.4907128502815942,-0.4574242689262309,-0.2042564387908286,0,0.09570600366794227,-1.8390211129213854,-0.3446323389696175,Sakhir,-0.8111308743021796,0.8892821896878051,-0.7983846854936565,2.05175915243102,-1.8355120703834062,1.0141752808024196,0.13066492061626667,1.6411563559262552,2.2138709002268433,1,0.0,0.0,0.0,0.0,0.0,0.0,0.18528720940949672,12,4,0
0.4716981132075472,1,0.26785714285714285,0.5382089373654557,-0.5033758011057382,-0.40775072669055057,0,0.23593825329888665,-1.9810446835995177,-0.2548160046554274,Sakhir,-0.8111308743021796,0.8892821896878051,-0.7983846854936565,2.05175915243102,-1.8355120703834062,1.4293349067036791,0.32273563700375035,-0.7161588844621138,1.2822341413282108,1,0.0,0.0,0.0,0.0,0.0,0.0,0.9007004486924266,13,6,0
0.49056603773584906,1,0.2857142857142857,0.5382089373654557,-0.5033758011057382,-0.40775072669055057,0,0.23593825329888665,-1.9810446835995177,-0.2548160046554274,Sakhir,-0.8111308743021796,0.8892821896878051,-0.7983846854936565,2.05175915243102,-1.8355120703834062,1.4372566804841276,0.36801065162102076,-0.8063432183940706,0.4613445755591368,1,0.0,0.0,0.0,0.0,0.0,0.0,0.9950077022579827,13,6,0
0.5094339622641509,1,0.30357142857142855,0.5382089373654557,-0.5033758011057382,-0.40775072669055057,0,0.23593825329888665,-1.9810446835995177,-0.2548160046554274,Sakhir,-0.8111308743021796,0.8892821896878051,-0.7983846854936565,2.05175915243102,-1.8355120703834062,1.4516332329004984,0.4095244136472634,-0.5832939811734147,-0.1710051947433388,1,0.0,0.0,0.0,0.0,0.0,0.0,1.0893612218970743,13,6,0
0.6037735849056604,2,0.6249999999999999,0.5382089373654557,-0.5033758011057382,-0.40775072669055057,0,0.23593825329888665,-1.9810446835995177,-0.2548160046554274,Sakhir,-0.8111308743021796,0.8892821896878051,-0.7983846854936565,2.05175915243102,-1.8355120703834062,1.6039073289024428,0.11577978254048617,-1.1340174749036362,1.2045690423985522,1,0.0,0.0,0.0,0.0,0.0,0.0,1.663773408950276,13,6,0
0.6226415094339622,2,0.6428571428571428,0.5382089373654557,-0.5033758011057382,-0.40775072669055057,0,0.23593825329888665,-1.9810446835995177,-0.2548160046554274,Sakhir,-0.8111308743021796,0.8892821896878051,-0.7983846854936565,2.05175915243102,-1.8355120703834062,1.0913392254045595,0.24264591753193065,-0.9503298455600274,0.8092295645842588,1,0.0,0.0,0.0,0.0,0.0,0.0,1.7569674441342364,13,6,0
0.6415094339622641,2,0.6607142857142856,0.4907128502815942,-0.4574242689262309,-0.2042564387908286,0,0.09570600366794227,-1.8390211129213854,-0.3446323389696175,Sakhir,-0.8111308743021796,0.8892821896878051,-0.7983846854936565,2.05175915243102,-1.8355120703834062,0.8874269003152492,0.3157811585518523,-0.9123533640340632,0.570478411969981,1,0.0,0.0,0.0,0.0,0.0,0.0,-1.5499237669455284,13,6,0
0.660377358490566,2,0.6785714285714285,0.4907128502815942,-0.4574242689262309,-0.2042564387908286,0,0.09570600366794227,-1.8390211129213854,-0.3446323389696175,Sakhir,-0.8111308743021796,0.8892821896878051,-0.7983846854936565,2.05175915243102,-1.8355120703834062,1.0127082856578935,0.3578817070955041,-0.9354354082595102,0.3300268987651994,1,0.0,0.0,0.0,0.0,0.0,0.0,-1.456982778857639,13,6,0
0.6792452830188679,2,0.6964285714285713,0.4907128502815942,-0.4574242689262309,-0.2042564387908286,0,0.09570600366794227,-1.8390211129213854,-0.3446323389696175,Sakhir,-0.8111308743021796,0.8892821896878051,-0.7983846854936565,2.05175915243102,-1.8355120703834062,0.9769136041314243,0.4035144143505671,-0.8942727120706221,-0.08789494694861028,1,0.0,0.0,0.0,0.0,0.0,0.0,-1.3641569838507972,13,6,0
0.6981132075471698,2,0.7142857142857142,0.4907128502815942,-0.4574242689262309,-0.2042564387908286,0,0.09570600366794227,-1.8390211129213854,-0.3446323389696175,Sakhir,-0.8111308743021796,0.8892821896878051,-0.7983846854936565,2.05175915243102,-1.8355120703834062,1.108062970052173,0.4415698370823357,-0.9194824274195648,-0.4556731889577201,1,0.0,0.0,0.0,0.0,0.0,0.0,-1.2709091289486427,13,6,0
0.7169811320754716,2,0.7321428571428571,0.4907128502815942,-0.4574242689262309,-0.2042564387908286,0,0.09570600366794227,-1.8390211129213854,-0.3446323389696175,Sakhir,-0.8111308743021796,0.8892821896878051,-0.7983846854936565,2.05175915243102,-1.8355120703834062,1.0294320303055027,0.4873708697336831,-0.8790964228039018,-1.1678497140251805,1,0.0,0.0,0.0,0.0,0.0,0.0,-1.1779143211425593,13,6,0
0.7924528301886792,2,0.8035714285714285,0.4907128502815942,-0.4574242689262309,-0.2042564387908286,0,0.09570600366794227,-1.8390211129213854,-0.3446323389696175,Sakhir,-0.8111308743021796,0.8892821896878051,-0.7983846854936565,2.05175915243102,-1.8355120703834062,0.9299697595065434,0.682636363120744,-0.9527578187666245,-1.28138946440133,1,0.0,0.0,0.0,0.0,0.0,0.0,-0.8041665928624757,13,6,0
0.11320754716981131,2,0.05357142857142857,0.5382089373654557,-0.5033758011057382,-0.40775072669055057,0,0.23593825329888665,-1.9810446835995177,-0.2548160046554274,Sakhir,-0.8111308743021796,0.8892821896878051,-0.7983846854936565,2.05175915243102,-1.8355120703834062,1.3049337184477556,-0.08064085202854387,-0.9817621195838335,-1.3580058498236791,1,0.0,0.0,0.0,0.0,0.0,0.0,-0.8947206292381731,15,7,0
0.13207547169811318,2,0.07142857142857142,0.5382089373654557,-0.5033758011057382,-0.40775072669055057,0,0.23593825329888665,-1.9810446835995177,-0.2548160046554274,Sakhir,-0.8111308743021796,0.8892821896878051,-0.7983846854936565,2.05175915243102,-1.8355120703834062,1.068454101149935,-0.054768360101496716,-1.4353852770781381,-1.4491938354772305,1,0.0,0.0,0.0,0.0,0.0,0.0,-0.8016002420896365,15,7,0
0.15094339622641512,2,0.08928571428571427,0.5382089373654557,-0.5033758011057382,-0.40775072669055057,0,0.23593825329888665,-1.9810446835995177,-0.2548160046554274,Sakhir,-0.8111308743021796,0.8892821896878051,-0.7983846854936565,2.05175915243102,-1.8355120703834062,1.0910458263756568,-0.056456455419975314,-1.0171664452708171,-1.1317687606037201,1,0.0,0.0,0.0,0.0,0.0,0.0,-0.7084071511112586,15,7,0
0.37735849056603776,2,0.30357142857142855,0.5382089373654557,-0.5033758011057382,-0.40775072669055057,0,0.23593825329888665,-1.9810446835995177,-0.2548160046554274,Sakhir,-0.8111308743021796,0.8892821896878051,-0.7983846854936565,2.05175915243102,-1.8355120703834062,1.3322198281359667,-0.27527041377974953,-1.4159944040805437,-0.7427946462126696,1,0.0,0.0,0.0,0.0,0.0,0.0,0.4185654732027184,15,7,0
0.39622641509433965,2,0.3214285714285714,0.5382089373654557,-0.5033758011057382,-0.40775072669055057,0,0.23593825329888665,-1.9810446835995177,-0.2548160046554274,Sakhir,-0.8111308743021796,0.8892821896878051,-0.7983846854936565,2.05175915243102,-1.8355120703834062,1.4123177630271633,-0.21099061896564283,-0.7613593644881607,-0.7431594330947744,1,0.0,0.0,0.0,0.0,0.0,0.0,0.5127924692937744,15,7,0
0.41509433962264153,2,0.33928571428571425,0.5382089373654557,-0.5033758011057382,-0.40775072669055057,0,0.23593825329888665,-1.9810446835995177,-0.2548160046554274,Sakhir,-0.8111308743021796,0.8892821896878051,-0.7983846854936565,2.05175915243102,-1.8355120703834062,1.3515841640437254,-0.14697308583541738,-0.3755381201133417,-0.8158200447099272,1,0.0,0.0,0.0,0.0,0.0,0.0,0.6068240148292827,15,7,0
0.4339622641509434,2,0.35714285714285715,0.5382089373654557,-0.5033758011057382,-0.40775072669055057,0,0.23593825329888665,-1.9810446835995177,-0.2548160046554274,Sakhir,-0.8111308743021796,0.8892821896878051,-0.7983846854936565,2.05175915243102,-1.8355120703834062,1.3154960834883536,-0.07983864975885227,-0.1388248804862715,-1.2472647269174921,1,0.0,0.0,0.0,0.0,0.0,0.0,0.7007394230781618,15,7,0
0.49056603773584906,1,0.017857142857142856,0.5382089373654557,-0.5033758011057382,-0.40775072669055057,0,0.23593825329888665,-1.9810446835995177,-0.2548160046554274,Sakhir,-0.8111308743021796,0.8892821896878051,-0.7983846854936565,2.05175915243102,-1.8355120703834062,0.5781843238488669,0.5297880866712142,0.4401923400068556,-0.729713792489823,1,0.0,0.0,0.0,0.0,0.0,0.0,1.0002546526791258,15,7,0
0.5094339622641509,1,0.03571428571428571,0.5382089373654557,-0.5033758011057382,-0.40775072669055057,0,0.23593825329888665,-1.9810446835995177,-0.2548160046554274,Sakhir,-0.8111308743021796,0.8892821896878051,-0.7983846854936565,2.05175915243102,-1.8355120703834062,0.6386245238033977,0.5143714527561865,-0.17186883979679243,-0.5953987706716318,1,0.0,0.0,0.0,0.0,0.0,0.0,1.0919917786495132,15,7,0
0.7924528301886792,1,0.30357142857142855,0.4907128502815942,-0.4574242689262309,-0.2042564387908286,0,0.09570600366794227,-1.8390211129213854,-0.3446323389696175,Sakhir,-0.8111308743021796,0.8892821896878051,-0.7983846854936565,2.05175915243102,-1.8355120703834062,0.8249329071583825,0.8898714362889234,-1.3622541174079308,0.9232626331171693,1,0.0,0.0,0.0,0.0,0.0,0.0,-0.8090972344135303,15,7,0
0.13207547169811318,3,0.17857142857142858,0.5382089373654557,-0.5033758011057382,-0.40775072669055057,0,0.23593825329888665,-1.9810446835995177,-0.2548160046554274,Sakhir,-0.8111308743021796,0.8892821896878051,-0.7983846854936565,2.05175915243102,-1.8355120703834062,1.223662187440936,-2.725477292964718,-0.8351379778729071,-1.212846466077792,1,0.0,0.0,0.0,0.0,0.0,0.0,-0.8357417717419887,16,2,0
0.15094339622641512,3,0.19642857142857142,0.5382089373654557,-0.5033758011057382,-0.40775072669055057,0,0.23593825329888665,-1.9810446835995177,-0.2548160046554274,Sakhir,-0.8111308743021796,0.8892821896878051,-0.7983846854936565,2.05175915243102,-1.8355120703834062,1.207818639880039,-2.6038328532195645,-0.6663558683167928,-1.1970816708256935,1,0.0,0.0,0.0,0.0,0.0,0.0,-0.7421728869418338,16,2,0
0.24528301886792453,2,0.05357142857142857,0.5382089373654557,-0.5033758011057382,-0.40775072669055057,0,0.23593825329888665,-1.9810446835995177,-0.2548160046554274,Sakhir,-0.8111308743021796,0.8892821896878051,-0.7983846854936565,2.05175915243102,-1.8355120703834062,0.9422925187205743,-1.0347189865821813,-1.4495322021959705,-0.8628985949884731,1,0.0,0.0,0.0,0.0,0.0,0.0,-0.25754048768679827,16,2,0
0.2641509433962264,2,0.07142857142857142,0.5382089373654557,-0.5033758011057382,-0.40775072669055057,0,0.23593825329888665,-1.9810446835995177,-0.2548160046554274,Sakhir,-0.8111308743021796,0.8892821896878051,-0.7983846854936565,2.05175915243102,-1.8355120703834062,0.9980383342126158,-1.2807724552519615,-1.215494095593767,-1.1271974827401208,1,0.0,0.0,0.0,0.0,0.0,0.0,-0.1646467098780267,16,2,0
0.2830188679245283,2,0.08928571428571427,0.5382089373654557,-0.5033758011057382,-0.40775072669055057,0,0.23593825329888665,-1.9810446835995177,-0.2548160046554274,Sakhir,-0.8111308743021796,0.8892821896878051,-0.7983846854936565,2.05175915243102,-1.8355120703834062,0.9331971488245067,-2.7828381031875895,-0.9147263139739813,-1.4882000675771079,1,0.0,0.0,0.0,0.0,0.0,0.0,-0.07196160150295547,16,2,0
0.8679245283018868,3,0.8749999999999999,0.4907128502815942,-0.4574242689262309,-0.2042564387908286,0,0.09570600366794227,-1.8390211129213854,-0.3446323389696175,Sakhir,-0.8111308743021796,0.8892821896878051,-0.7983846854936565,2.05175915243102,-1.8355120703834062,0.5843457034558822,-1.0771372696957808,1.4519398941281356,-1.480327435469248,1,0.0,0.0,0.0,0.0,0.0,0.0,-0.47101309518455425,16,2,0
0.8867924528301887,3,0.8928571428571428,0.4907128502815942,-0.4574242689262309,-0.2042564387908286,0,0.09570600366794227,-1.8390211129213854,-0.3446323389696175,Sakhir,-0.8111308743021796,0.8892821896878051,-0.7983846854936565,2.05175915243102,-1.8355120703834062,0.7028789111336974,-1.0295128156661357,1.518019000040594,-1.489891778133229,1,0.0,0.0,0.0,0.0,0.0,0.0,-0.37906918819163127,16,2,0
0.9245283018867925,3,0.9285714285714285,0.4907128502815942,-0.4574242689262309,-0.2042564387908286,0,0.09570600366794227,-1.8390211129213854,-0.3446323389696175,Sakhir,-0.8111308743021796,0.8892821896878051,-0.7983846854936565,2.05175915243102,-1.8355120703834062,0.7131478771453925,-0.8701807460632583,1.7390928352594914,-0.9836464533265618,1,0.0,0.0,0.0,0.0,0.0,0.0,-0.1952389707463089,16,2,0
0.9433962264150944,3,0.9464285714285713,0.4907128502815942,-0.4574242689262309,-0.2042564387908286,0,0.09570600366794227,-1.8390211129213854,-0.3446323389696175,Sakhir,-0.8111308743021796,0.8892821896878051,-0.7983846854936565,2.05175915243102,-1.8355120703834062,0.7005317189024548,-0.8096455261047777,1.8230856765964323,-1.0631286767977295,1,0.0,0.0,0.0,0.0,0.0,0.0,-0.10330261739804479,16,2,0
0.9622641509433962,3,0.9642857142857142,0.4907128502815942,-0.4574242689262309,-0.2042564387908286,0,0.09570600366794227,-1.8390211129213854,-0.3446323389696175,Sakhir,-0.8111308743021796,0.8892821896878051,-0.7983846854936565,2.05175915243102,-1.8355120703834062,0.7058129014227537,-0.7488541073198727,1.9074339947515513,-1.1729997588471204,1,0.0,0.0,0.0,0.0,0.0,0.0,-0.011349268349298074,16,2,0
0.9811320754716981,3,0.9821428571428571,0.4907128502815942,-0.4574242689262309,-0.2042564387908286,0,0.09570600366794227,-1.8390211129213854,-0.3446323389696175,Sakhir,-0.8111308743021796,0.8892821896878051,-0.7983846854936565,2.05175915243102,-1.8355120703834062,0.8398962576325587,-0.6916009531949059,1.9868729576190522,-1.1951806087006478,1,0.0,0.0,0.0,0.0,0.0,0.0,0.08103558265058428,16,2,0
1.0,3,0.9999999999999999,0.4907128502815942,-0.4574242689262309,-0.2042564387908286,0,0.09570600366794227,-1.8390211129213854,-0.3446323389696175,Sakhir,-0.8111308743021796,0.8892821896878051,-0.7983846854936565,2.05175915243102,-1.8355120703834062,0.8727569488699757,-0.6147794457790453,2.0934630829720375,-1.2516774132533688,1,0.0,0.0,0.0,0.0,0.0,0.0,0.1735261846756906,16,2,0
0.13207547169811318,2,0.017857142857142856,0.5382089373654557,-0.5033758011057382,-0.40775072669055057,0,0.23593825329888665,-1.9810446835995177,-0.2548160046554274,Sakhir,-0.8111308743021796,0.8892821896878051,-0.7983846854936565,2.05175915243102,-1.8355120703834062,0.8108497537709187,-0.1162368167669086,-1.0593783624878208,-1.4764046470408674,1,0.0,0.0,0.0,0.0,0.0,0.0,-0.8043743180905937,17,1,0
0.8301886792452831,1,0.33928571428571425,0.4907128502815942,-0.4574242689262309,-0.2042564387908286,0,0.09570600366794227,-1.8390211129213854,-0.3446323389696175,Sakhir,-0.8111308743021796,0.8892821896878051,-0.7983846854936565,2.05175915243102,-1.8355120703834062,0.9883561662587345,0.8501153219745431,-0.9813500652155738,-0.5313500710089438,1,0.0,0.0,0.0,0.0,0.0,0.0,-0.6300937959052035,17,1,0
0.8490566037735849,1,0.35714285714285715,0.4907128502815942,-0.4574242689262309,-0.2042564387908286,0,0.09570600366794227,-1.8390211129213854,-0.3446323389696175,Sakhir,-0.8111308743021796,0.8892821896878051,-0.7983846854936565,2.05175915243102,-1.8355120703834062,0.9422925187205743,0.8769925456279795,-0.7175638851746706,-0.5970729539725065,1,0.0,0.0,0.0,0.0,0.0,0.0,-0.5373794171570794,17,1,0
0.8679245283018868,1,0.375,0.4907128502815942,-0.4574242689262309,-0.2042564387908286,0,0.09570600366794227,-1.8390211129213854,-0.3446323389696175,Sakhir,-0.8111308743021796,0.8892821896878051,-0.7983846854936565,2.05175915243102,-1.8355120703834062,1.3178432757195961,0.8952286786742081,-0.5499295275610988,-0.6581128292727362,1,0.0,0.0,0.0,0.0,0.0,0.0,-0.44345645526354155,17,1,0
0.8867924528301887,1,0.39285714285714285,0.4907128502815942,-0.4574242689262309,-0.2042564387908286,0,0.09570600366794227,-1.8390211129213854,-0.3446323389696175,Sakhir,-0.8111308743021796,0.8892821896878051,-0.7983846854936565,2.05175915243102,-1.8355120703834062,1.0558379429069973,0.9366598867977454,-0.05922261494772089,-1.322847880719086,1,0.0,0.0,0.0,0.0,0.0,0.0,-0.35037666895504627,17,1,0
0.22641509433962265,2,0.017857142857142856,0.5382089373654557,-0.5033758011057382,-0.40775072669055057,0,0.23593825329888665,-1.9810446835995177,-0.2548160046554274,Sakhir,-0.8111308743021796,0.8892821896878051,-0.7983846854936565,2.05175915243102,-1.8355120703834062,0.9041506449628625,-1.1051784496920976,0.044036158665526084,-1.4932802199878248,1,0.0,0.0,0.0,0.0,0.0,0.0,-0.3521753805894314,18,9,0
0.24528301886792453,2,0.03571428571428571,0.5382089373654557,-0.5033758011057382,-0.40775072669055057,0,0.23593825329888665,-1.9810446835995177,-0.2548160046554274,Sakhir,-0.8111308743021796,0.8892821896878051,-0.7983846854936565,2.05175915243102,-1.8355120703834062,0.8073289654240527,-1.177223610389383,-0.3063847467459233,-1.4910205141207196,1,0.0,0.0,0.0,0.0,0.0,0.0,-0.2598953364091902,18,9,0
0.2641509433962264,1,0.05357142857142857,0.5382089373654557,-0.5033758011057382,-0.40775072669055057,0,0.23593825329888665,-1.9810446835995177,-0.2548160046554274,Sakhir,-0.8111308743021796,0.8892821896878051,-0.7983846854936565,2.05175915243102,-1.8355120703834062,0.8953486740956976,-0.21381143431925084,-1.214071208301404,-1.4153719972536316,1,0.0,0.0,0.0,0.0,0.0,0.0,-0.14492414367380838,19,8,0
0.3584905660377358,1,0.14285714285714285,0.5382089373654557,-0.5033758011057382,-0.40775072669055057,0,0.23593825329888665,-1.9810446835995177,-0.2548160046554274,Sakhir,-0.8111308743021796,0.8892821896878051,-0.7983846854936565,2.05175915243102,-1.8355120703834062,1.0338330157390851,-0.4638775079195826,-0.947905422888083,-1.2190968978238652,1,0.0,0.0,0.0,0.0,0.0,0.0,0.3204266333839682,19,8,0
0.37735849056603776,1,0.1607142857142857,0.5382089373654557,-0.5033758011057382,-0.40775072669055057,0,0.23593825329888665,-1.9810446835995177,-0.2548160046554274,Sakhir,-0.8111308743021796,0.8892821896878051,-0.7983846854936565,2.05175915243102,-1.8355120703834062,1.0881118360866004,-0.44067522091144296,-0.9995780430931342,-1.3367214029636956,1,0.0,0.0,0.0,0.0,0.0,0.0,0.4136102823065226,19,8,0
0.8301886792452831,3,0.8392857142857142,0.4907128502815942,-0.4574242689262309,-0.2042564387908286,0,0.09570600366794227,-1.8390211129213854,-0.3446323389696175,Sakhir,-0.8111308743021796,0.8892821896878051,-0.7983846854936565,2.05175915243102,-1.8355120703834062,0.7847372401983309,0.8081435066758194,-1.2169182051229301,-1.0073190859820298,1,0.0,0.0,0.0,0.0,0.0,0.0,-0.6336043522603971,19,8,0
0.8490566037735849,3,0.8571428571428571,0.4907128502815942,-0.4574242689262309,-0.2042564387908286,0,0.09570600366794227,-1.8390211129213854,-0.3446323389696175,Sakhir,-0.8111308743021796,0.8892821896878051,-0.7983846854936565,2.05175915243102,-1.8355120703834062,0.7950062062100219,0.8263539878653422,-1.3238216884781902,-0.7347889274587519,1,0.0,0.0,0.0,0.0,0.0,0.0,-0.5413639647146149,19,8,0
0.0,4,0.05357142857142857,0.7756893727847627,0.5994609712024382,-1.4252221661893145,0,1.0645833647544687,0.6737035990763425,-0.7937140105405687,Jeddah,1.3166981247975296,-1.2863424094698719,1.4129089973570317,-0.372227004816024,0.1795916409313088,0.3821937725400048,-0.9733801104096961,-0.5881620498808474,0.6719559011370553,1,0.0,0.0,0.0,0.0,0.0,0.0,-1.2419805583164691,2,2,0
0.018867924528301883,4,0.07142857142857142,0.7756893727847627,0.5994609712024382,-1.4252221661893145,0,1.0645833647544687,0.6737035990763425,-0.7937140105405687,Jeddah,1.3166981247975296,-1.2863424094698719,1.4129089973570317,-0.372227004816024,0.1795916409313088,-0.1465112775476821,-0.8286140278692095,-0.45128924322847125,0.694325765573923,1,0.0,0.0,0.0,0.0,0.0,0.0,-1.152770126484462,2,2,0
0.03773584905660378,4,0.08928571428571427,0.7756893727847627,0.5994609712024382,-1.4252221661893145,0,1.0645833647544687,0.6737035990763425,-0.7937140105405687,Jeddah,1.3166981247975296,-1.2863424094698719,1.4129089973570317,-0.372227004816024,0.1795916409313088,-0.17467758432260977,-0.7867799365229092,-0.43520745015784107,0.7889167204716117,1,0.0,0.0,0.0,0.0,0.0,0.0,-1.0636503383883609,2,2,0
0.05660377358490566,4,0.10714285714285715,0.7756893727847627,0.5994609712024382,-1.4252221661893145,0,1.0645833647544687,0.6737035990763425,-0.7937140105405687,Jeddah,1.3166981247975296,-1.2863424094698719,1.4129089973570317,-0.372227004816024,0.1795916409313088,-0.16998319986012042,-0.7434591365968505,-0.47540458828688836,0.7997703261914821,1,0.0,0.0,0.0,0.0,0.0,0.0,-0.974515443002942,2,2,0
0.07547169811320754,4,0.125,0.7756893727847627,0.5994609712024382,-1.4252221661893145,0,1.0645833647544687,0.6737035990763425,-0.7937140105405687,Jeddah,1.3166981247975296,-1.2863424094698719,1.4129089973570317,-0.372227004816024,0.1795916409313088,-0.11247699019464585,-0.6982106180356309,-0.43728334796801543,0.8853370260182094,1,0.0,0.0,0.0,0.0,0.0,0.0,-0.885195483323382,2,2,0
0.09433962264150943,4,0.14285714285714285,0.7756893727847627,0.5994609712024382,-1.4252221661893145,0,1.0645833647544687,0.6737035990763425,-0.7937140105405687,Jeddah,1.3166981247975296,-1.2863424094698719,1.4129089973570317,-0.372227004816024,0.1795916409313088,-0.12157236009071765,-0.6634871319970043,-0.29164290088403094,0.8634861707898331,1,0.0,0.0,0.0,0.0,0.0,0.0,-0.7959047940168749,2,2,0
0.11320754716981131,4,0.1607142857142857,0.7756893727847627,0.5994609712024382,-1.4252221661893145,0,1.0645833647544687,0.6737035990763425,-0.7937140105405687,Jeddah,1.3166981247975296,-1.2863424094698719,1.4129089973570317,-0.372227004816024,0.1795916409313088,-0.13125452804459486,-0.6268301733939415,-0.16908988171249875,0.8481382744846192,1,0.0,0.0,0.0,0.0,0.0,0.0,-0.7066452634945853,2,2,0
0.13207547169811318,4,0.17857142857142858,0.7756893727847627,0.5994609712024382,-1.4252221661893145,0,1.0645833647544687,0.6737035990763425,-0.7937140105405687,Jeddah,1.3166981247975296,-1.2863424094698719,1.4129089973570317,-0.372227004816024,0.1795916409313088,-0.11394398533917195,-0.5934536585765995,-0.14031267664509423,0.854753295110825,1,0.0,0.0,0.0,0.0,0.0,0.0,-0.6173300248429369,2,2,0
0.15094339622641512,4,0.19642857142857142,0.7756893727847627,0.5994609712024382,-1.4252221661893145,0,1.0645833647544687,0.6737035990763425,-0.7937140105405687,Jeddah,1.3166981247975296,-1.2863424094698719,1.4129089973570317,-0.372227004816024,0.1795916409313088,-0.16088782996404863,-0.5667291180867123,-0.06751154385695185,0.8349762955382304,1,0.0,0.0,0.0,0.0,0.0,0.0,-0.5281658590844652,2,2,0
0.169811320754717,4,0.21428571428571427,0.7756893727847627,0.5994609712024382,-1.4252221661893145,0,1.0645833647544687,0.6737035990763425,-0.7937140105405687,Jeddah,1.3166981247975296,-1.2863424094698719,1.4129089973570317,-0.372227004816024,0.1795916409313088,-0.06582654459867189,-0.5457979893431397,-0.06561327458800684,0.9578007843879416,1,0.0,0.0,0.0,0.0,0.0,0.0,-0.4386957707173108,2,2,0
0.18867924528301888,4,0.23214285714285715,0.7756893727847627,0.5994609712024382,-1.4252221661893145,0,1.0645833647544687,0.6737035990763425,-0.7937140105405687,Jeddah,1.3166981247975296,-1.2863424094698719,1.4129089973570317,-0.372227004816024,0.1795916409313088,-0.06758693877210488,-0.5069138599937751,0.05774154951302098,1.0780826947157234,1,0.0,0.0,0.0,0.0,0.0,0.0,-0.3492313475836502,2,2,0
0.20754716981132076,4,0.25,0.7756893727847627,0.5994609712024382,-1.4252221661893145,0,1.0645833647544687,0.6737035990763425,-0.7937140105405687,Jeddah,1.3166981247975296,-1.2863424094698719,1.4129089973570317,-0.372227004816024,0.1795916409313088,-0.03619324267921812,-0.47135554900235727,0.08178218714982856,1.0865027861811498,1,0.0,0.0,0.0,0.0,0.0,0.0,-0.25966589445267796,2,2,0
0.22641509433962265,4,0.26785714285714285,0.7756893727847627,0.5994609712024382,-1.4252221661893145,0,1.0645833647544687,0.6737035990763425,-0.7937140105405687,Jeddah,1.3166981247975296,-1.2863424094698719,1.4129089973570317,-0.372227004816024,0.1795916409313088,-0.08607107759315116,-0.43250807901288657,0.20348307908261207,1.204452024000636,1,0.0,0.0,0.0,0.0,0.0,0.0,-0.170260956270706,2,2,0
0.24528301886792453,4,0.2857142857142857,0.7756893727847627,0.5994609712024382,-1.4252221661893145,0,1.0645833647544687,0.6737035990763425,-0.7937140105405687,Jeddah,1.3166981247975296,-1.2863424094698719,1.4129089973570317,-0.372227004816024,0.1795916409313088,-0.002745753383995675,-0.39596695440823454,0.28126835533883066,1.2354154456299007,1,0.0,0.0,0.0,0.0,0.0,0.0,-0.08058786370334532,2,2,0
0.2641509433962264,4,0.30357142857142855,0.7756893727847627,0.5994609712024382,-1.4252221661893145,0,1.0645833647544687,0.6737035990763425,-0.7937140105405687,Jeddah,1.3166981247975296,-1.2863424094698719,1.4129089973570317,-0.372227004816024,0.1795916409313088,0.04977267279008683,-0.3513419695400992,0.37404224872272107,1.2022271541490261,1,0.0,0.0,0.0,0.0,0.0,0.0,0.009254241663256894,2,2,0
0.3018867924528302,3,0.0,0.7756893727847627,0.5994609712024382,-1.4252221661893145,0,1.0645833647544687,0.6737035990763425,-0.7937140105405687,Jeddah,1.3166981247975296,-1.2863424094698719,1.4129089973570317,-0.372227004816024,0.1795916409313088,4.956871431234335,-0.1350935863422175,1.1278971868365335,0.5551606318349148,1,0.0,0.0,0.0,0.0,0.0,0.0,0.2083003320682202,2,2,0
0.33962264150943394,3,0.03571428571428571,0.7756893727847627,0.5994609712024382,-1.4252221661893145,0,1.0645833647544687,0.6737035990763425,-0.7937140105405687,Jeddah,1.3166981247975296,-1.2863424094698719,1.4129089973570317,-0.372227004816024,0.1795916409313088,-0.3648001550533632,0.25704862090305086,-0.84991538776876,-0.5339311327875863,1,0.0,0.0,0.0,0.0,0.0,0.0,0.385169865960426,2,2,0
0.3584905660377358,3,0.05357142857142857,0.7756893727847627,0.5994609712024382,-1.4252221661893145,0,1.0645833647544687,0.6737035990763425,-0.7937140105405687,Jeddah,1.3166981247975296,-1.2863424094698719,1.4129089973570317,-0.372227004816024,0.1795916409313088,-0.3557047851572915,-0.3708098456777041,-0.8100546610490419,1.876536344759495,1,0.0,0.0,0.0,0.0,0.0,0.0,0.4737070792122146,2,2,0
0.39622641509433965,3,0.08928571428571427,0.7756893727847627,0.5994609712024382,-1.4252221661893145,0,1.0645833647544687,0.6737035990763425,-0.7937140105405687,Jeddah,1.3166981247975296,-1.2863424094698719,1.4129089973570317,-0.372227004816024,0.1795916409313088,-0.3524773958393324,-0.37027949492071877,-0.6015415005877004,1.5971880023437037,1,0.0,0.0,0.0,0.0,0.0,0.0,0.6507531795483206,2,2,0
0.41509433962264153,3,0.10714285714285715,0.7756893727847627,0.5994609712024382,-1.4252221661893145,0,1.0645833647544687,0.6737035990763425,-0.7937140105405687,Jeddah,1.3166981247975296,-1.2863424094698719,1.4129089973570317,-0.372227004816024,0.1795916409313088,-0.28176822987311045,-0.3563851632153429,-0.5553376322526697,1.6209350690080715,1,0.0,0.0,0.0,0.0,0.0,0.0,0.7395283326068625,2,2,0
0.4339622641509434,3,0.125,0.7756893727847627,0.5994609712024382,-1.4252221661893145,0,1.0645833647544687,0.6737035990763425,-0.7937140105405687,Jeddah,1.3166981247975296,-1.2863424094698719,1.4129089973570317,-0.372227004816024,0.1795916409313088,-0.34895660749246643,-0.3194873993030973,-0.3806922198341301,1.576406557715478,1,0.0,0.0,0.0,0.0,0.0,0.0,0.8280872625870449,2,2,0
0.4528301886792453,3,0.14285714285714285,0.7756893727847627,0.5994609712024382,-1.4252221661893145,0,1.0645833647544687,0.6737035990763425,-0.7937140105405687,Jeddah,1.3166981247975296,-1.2863424094698719,1.4129089973570317,-0.372227004816024,0.1795916409313088,-0.33692724730734247,-0.2888137659780153,-0.2564157225012393,1.5696121193247818,1,0.0,0.0,0.0,0.0,0.0,0.0,0.9166849049961041,2,2,0
0.4716981132075472,3,0.1607142857142857,0.7756893727847627,0.5994609712024382,-1.4252221661893145,0,1.0645833647544687,0.6737035990763425,-0.7937140105405687,Jeddah,1.3166981247975296,-1.2863424094698719,1.4129089973570317,-0.372227004816024,0.1795916409313088,-0.3539443909838585,-0.25825250322880605,-0.12894021420044444,1.524778902648223,1,0.0,0.0,0.0,0.0,0.0,0.0,1.0052277834813867,2,2,0
0.49056603773584906,3,0.17857142857142858,0.7756893727847627,0.5994609712024382,-1.4252221661893145,0,1.0645833647544687,0.6737035990763425,-0.7937140105405687,Jeddah,1.3166981247975296,-1.2863424094698719,1.4129089973570317,-0.372227004816024,0.1795916409313088,-0.18523994936320765,-0.22747843222007866,-0.006446165570922036,1.5281727155256972,1,0.0,0.0,0.0,0.0,0.0,0.0,1.094313580176523,2,2,0
0.5094339622641509,3,0.19642857142857142,0.7756893727847627,0.5994609712024382,-1.4252221661893145,0,1.0645833647544687,0.6737035990763425,-0.7937140105405687,Jeddah,1.3166981247975296,-1.2863424094698719,1.4129089973570317,-0.372227004816024,0.1795916409313088,-0.28910320559574926,-0.18094274155099566,0.24647031024716654,1.4502886621861126,1,0.0,0.0,0.0,0.0,0.0,0.0,1.1830651280955058,2,2,0
0.5283018867924528,3,0.21428571428571427,0.7756893727847627,0.5994609712024382,-1.4252221661893145,0,1.0645833647544687,0.6737035990763425,-0.7937140105405687,Jeddah,1.3166981247975296,-1.2863424094698719,1.4129089973570317,-0.372227004816024,0.1795916409313088,-0.3219638968331621,-0.14208193975650646,0.4398427194357645,1.489970517186559,1,0.0,0.0,0.0,0.0,0.0,0.0,1.2717109249892649,2,2,0
0.5471698113207547,3,0.23214285714285715,0.7756893727847627,0.5994609712024382,-1.4252221661893145,0,1.0645833647544687,0.6737035990763425,-0.7937140105405687,Jeddah,1.3166981247975296,-1.2863424094698719,1.4129089973570317,-0.372227004816024,0.1795916409313088,-0.37330872689162126,-0.10824121504211223,0.5848854885069937,1.4611017414007168,1,0.0,0.0,0.0,0.0,0.0,0.0,1.360191485906112,2,2,0
0.5660377358490566,3,0.25,0.7756893727847627,0.5994609712024382,-1.4252221661893145,0,1.0645833647544687,0.6737035990763425,-0.7937140105405687,Jeddah,1.3166981247975296,-1.2863424094698719,1.4129089973570317,-0.372227004816024,0.1795916409313088,-0.34748961234794035,-0.07666483764217265,0.6804314003548696,1.4503900356539738,1,0.0,0.0,0.0,0.0,0.0,0.0,1.4487551369142062,2,2,0
0.5849056603773585,3,0.26785714285714285,0.7756893727847627,0.5994609712024382,-1.4252221661893145,0,1.0645833647544687,0.6737035990763425,-0.7937140105405687,Jeddah,1.3166981247975296,-1.2863424094698719,1.4129089973570317,-0.372227004816024,0.1795916409313088,-0.3430886269143579,-0.04893662156189491,0.28856259289906583,1.458379639908379,1,0.0,0.0,0.0,0.0,0.0,0.0,1.5373329510060358,2,2,0
0.6037735849056604,3,0.2857142857142857,0.7756893727847627,0.5994609712024382,-1.4252221661893145,0,1.0645833647544687,0.6737035990763425,-0.7937140105405687,Jeddah,1.3166981247975296,-1.2863424094698719,1.4129089973570317,-0.372227004816024,0.1795916409313088,-0.41115720162043035,-0.018390415082155474,1.8001565713815775,0.44574335726955044,1,0.0,0.0,0.0,0.0,0.0,0.0,1.6256917094027592,2,2,0
0.6226415094339622,3,0.30357142857142855,0.7756893727847627,0.5994609712024382,-1.4252221661893145,0,1.0645833647544687,0.6737035990763425,-0.7937140105405687,Jeddah,1.3166981247975296,-1.2863424094698719,1.4129089973570317,-0.372227004816024,0.1795916409313088,-0.3865116831923686,0.006430818110601107,1.8637236358181593,0.22261139390279502,1,0.0,0.0,0.0,0.0,0.0,0.0,1.7141297810684004,2,2,0
0.6415094339622641,3,0.3214285714285714,1.2348182145954227,-0.3655212045672162,-0.8825707317900047,0,0.8351124108129232,-0.39693562603573285,-0.6140813419121882,Jeddah,1.3166981247975296,-1.2863424094698719,1.4129089973570317,-0.372227004816024,0.1795916409313088,-0.38416449096112604,0.030178189276178383,1.9636754715736293,-0.12971088080919316,1,0.0,0.0,0.0,0.0,0.0,0.0,-1.5966147329929528,2,2,0
0.660377358490566,3,0.33928571428571425,1.2348182145954227,-0.3655212045672162,-0.8825707317900047,0,0.8351124108129232,-0.39693562603573285,-0.6140813419121882,Jeddah,1.3166981247975296,-1.2863424094698719,1.4129089973570317,-0.372227004816024,0.1795916409313088,-0.45223306566719845,0.057202711577797195,2.012799505801252,-0.5721304182999473,1,0.0,0.0,0.0,0.0,0.0,0.0,-1.508388163377759,2,2,0
0.6792452830188679,3,0.35714285714285715,1.2348182145954227,-0.3655212045672162,-0.8825707317900047,0,0.8351124108129232,-0.39693562603573285,-0.6140813419121882,Jeddah,1.3166981247975296,-1.2863424094698719,1.4129089973570317,-0.372227004816024,0.1795916409313088,-0.4390301093664511,0.07661500075228893,2.022653929972827,-1.0434530154051318,1,0.0,0.0,0.0,0.0,0.0,0.0,-1.4201191045113593,2,2,0
0.7547169811320754,3,0.42857142857142855,1.2348182145954227,-0.3655212045672162,-0.8825707317900047,0,0.8351124108129232,-0.39693562603573285,-0.6140813419121882,Jeddah,1.3166981247975296,-1.2863424094698719,1.4129089973570317,-0.372227004816024,0.1795916409313088,-0.6180035169987971,0.14201672762612824,-1.1975604655109724,0.931516717673409,1,0.0,0.0,0.0,0.0,0.0,0.0,-1.0680050145341793,2,2,0
0.7735849056603773,3,0.4464285714285714,1.2348182145954227,-0.3655212045672162,-0.8825707317900047,0,0.8351124108129232,-0.39693562603573285,-0.6140813419121882,Jeddah,1.3166981247975296,-1.2863424094698719,1.4129089973570317,-0.372227004816024,0.1795916409313088,-0.5977589840043178,0.15093791234556064,-0.8522005717857539,0.9196734734568185,1,0.0,0.0,0.0,0.0,0.0,0.0,-0.9802467708878333,2,2,0
0.7924528301886792,3,0.46428571428571425,1.2348182145954227,-0.3655212045672162,-0.8825707317900047,0,0.8351124108129232,-0.39693562603573285,-0.6140813419121882,Jeddah,1.3166981247975296,-1.2863424094698719,1.4129089973570317,-0.372227004816024,0.1795916409313088,-0.6373678529065598,0.16258467569670665,-0.562362645905977,0.9025912881531676,1,0.0,0.0,0.0,0.0,0.0,0.0,-0.8926159949951052,2,2,0
0.8113207547169811,3,0.48214285714285715,1.2348182145954227,-0.3655212045672162,-0.8825707317900047,0,0.8351124108129232,-0.39693562603573285,-0.6140813419121882,Jeddah,1.3166981247975296,-1.2863424094698719,1.4129089973570317,-0.372227004816024,0.1795916409313088,-0.6555585926986993,0.17428709881737905,-0.43017677916556707,0.9436874810354466,1,0.0,0.0,0.0,0.0,0.0,0.0,-0.8050437598484829,2,2,0
0.8301886792452831,3,0.49999999999999994,1.2348182145954227,-0.3655212045672162,-0.8825707317900047,0,0.8351124108129232,-0.39693562603573285,-0.6140813419121882,Jeddah,1.3166981247975296,-1.2863424094698719,1.4129089973570317,-0.372227004816024,0.1795916409313088,-0.6523312033807402,0.1712578843076288,-0.28702894806435564,0.9858162049443315,1,0.0,0.0,0.0,0.0,0.0,0.0,-0.7174611384404549,2,2,0
0.8490566037735849,3,0.5178571428571428,1.2348182145954227,-0.3655212045672162,-0.8825707317900047,0,0.8351124108129232,-0.39693562603573285,-0.6140813419121882,Jeddah,1.3166981247975296,-1.2863424094698719,1.4129089973570317,-0.372227004816024,0.1795916409313088,-0.7268545567227308,0.1727253677940713,-0.12524860559084733,1.0043294672254164,1,0.0,0.0,0.0,0.0,0.0,0.0,-0.6301183452503448,2,2,0
0.8679245283018868,3,0.5357142857142856,1.2348182145954227,-0.3655212045672162,-0.8825707317900047,0,0.8351124108129232,-0.39693562603573285,-0.6140813419121882,Jeddah,1.3166981247975296,-1.2863424094698719,1.4129089973570317,-0.372227004816024,0.1795916409313088,-0.7585416518445245,0.17809875166288153,-0.04698365553768775,1.0698742009637594,1,0.0,0.0,0.0,0.0,0.0,0.0,-0.542877526263129,2,2,0
0.0,4,0.05357142857142857,0.7756893727847627,0.5994609712024382,-1.4252221661893145,0,1.0645833647544687,0.6737035990763425,-0.7937140105405687,Jeddah,1.3166981247975296,-1.2863424094698719,1.4129089973570317,-0.372227004816024,0.1795916409313088,0.9487472973564965,0.07335354226380891,-1.2074471668460305,0.49549378333493926,1,0.0,0.0,0.0,0.0,0.0,0.0,-1.2385870834534873,3,3,0
0.018867924528301883,4,0.07142857142857142,0.7756893727847627,0.5994609712024382,-1.4252221661893145,0,1.0645833647544687,0.6737035990763425,-0.7937140105405687,Jeddah,1.3166981247975296,-1.2863424094698719,1.4129089973570317,-0.372227004816024,0.1795916409313088,0.3505066774182112,0.1827330390744399,-0.8560162253493111,0.3881084003402619,1,0.0,0.0,0.0,0.0,0.0,0.0,-1.1477771673649722,3,3,0
0.03773584905660378,4,0.08928571428571427,0.7756893727847627,0.5994609712024382,-1.4252221661893145,0,1.0645833647544687,0.6737035990763425,-0.7937140105405687,Jeddah,1.3166981247975296,-1.2863424094698719,1.4129089973570317,-0.372227004816024,0.1795916409313088,0.1140270601203906,0.239989895547639,-0.6514319474466149,0.28077677157019004,1,0.0,0.0,0.0,0.0,0.0,0.0,-1.0577282809758342,3,3,0
0.05660377358490566,4,0.10714285714285715,0.7756893727847627,0.5994609712024382,-1.4252221661893145,0,1.0645833647544687,0.6737035990763425,-0.7937140105405687,Jeddah,1.3166981247975296,-1.2863424094698719,1.4129089973570317,-0.372227004816024,0.1795916409313088,0.05006607181899372,0.28034439847180986,-0.5781170815988943,0.2055035467495387,1,0.0,0.0,0.0,0.0,0.0,0.0,-0.9678852314036497,3,3,0
0.07547169811320754,4,0.125,0.7756893727847627,0.5994609712024382,-1.4252221661893145,0,1.0645833647544687,0.6737035990763425,-0.7937140105405687,Jeddah,1.3166981247975296,-1.2863424094698719,1.4129089973570317,-0.372227004816024,0.1795916409313088,0.05886804268615862,0.31586647362352677,-0.651094323834455,0.2471386115137697,1,0.0,0.0,0.0,0.0,0.0,0.0,-0.8780138556639946,3,3,0
0.09433962264150943,4,0.14285714285714285,0.7756893727847627,0.5994609712024382,-1.4252221661893145,0,1.0645833647544687,0.6737035990763425,-0.7937140105405687,Jeddah,1.3166981247975296,-1.2863424094698719,1.4129089973570317,-0.372227004816024,0.1795916409313088,0.09583632032825119,0.3430884731926114,-0.6629522523777166,0.25957652876246506,1,0.0,0.0,0.0,0.0,0.0,0.0,-0.7880235100209628,3,3,0
0.11320754716981131,4,0.1607142857142857,0.7756893727847627,0.5994609712024382,-1.4252221661893145,0,1.0645833647544687,0.6737035990763425,-0.7937140105405687,Jeddah,1.3166981247975296,-1.2863424094698719,1.4129089973570317,-0.372227004816024,0.1795916409313088,0.0342225242580969,0.3741608140077778,-0.5363284340343827,0.1877994428942369,1,0.0,0.0,0.0,0.0,0.0,0.0,-0.6982314475502255,3,3,0
0.13207547169811318,4,0.17857142857142858,0.7756893727847627,0.5994609712024382,-1.4252221661893145,0,1.0645833647544687,0.6737035990763425,-0.7937140105405687,Jeddah,1.3166981247975296,-1.2863424094698719,1.4129089973570317,-0.372227004816024,0.1795916409313088,0.22229130178651468,0.39998131850282126,-0.4726740347051102,0.24775242868532774,1,0.0,0.0,0.0,0.0,0.0,0.0,-0.6078341493011988,3,3,0
0.15094339622641512,4,0.19642857142857142,0.7756893727847627,0.5994609712024382,-1.4252221661893145,0,1.0645833647544687,0.6737035990763425,-0.7937140105405687,Jeddah,1.3166981247975296,-1.2863424094698719,1.4129089973570317,-0.372227004816024,0.1795916409313088,0.23784145031850462,0.43403964103488785,-0.2636153027779331,0.12259333965026677,1,0.0,0.0,0.0,0.0,0.0,0.0,-0.5173868081563076,3,3,0
0.169811320754717,4,0.21428571428571427,0.7756893727847627,0.5994609712024382,-1.4252221661893145,0,1.0645833647544687,0.6737035990763425,-0.7937140105405687,Jeddah,1.3166981247975296,-1.2863424094698719,1.4129089973570317,-0.372227004816024,0.1795916409313088,0.2683549493246749,0.46891912654914253,-0.04183270995733794,0.017775175217280885,1,0.0,0.0,0.0,0.0,0.0,0.0,-0.42684126963085145,3,3,0
0.18867924528301888,4,0.23214285714285715,0.7756893727847627,0.5994609712024382,-1.4252221661893145,0,1.0645833647544687,0.6737035990763425,-0.7937140105405687,Jeddah,1.3166981247975296,-1.2863424094698719,1.4129089973570317,-0.372227004816024,0.1795916409313088,0.3669370230369176,0.5065969882564341,0.1725504384750101,-0.18675088673878812,1,0.0,0.0,0.0,0.0,0.0,0.0,-0.33597847802972425,3,3,0
0.20754716981132076,4,0.25,0.7756893727847627,0.5994609712024382,-1.4252221661893145,0,1.0645833647544687,0.6737035990763425,-0.7937140105405687,Jeddah,1.3166981247975296,-1.2863424094698719,1.4129089973570317,-0.372227004816024,0.1795916409313088,0.37867298419313883,0.5482435004027277,0.3339045458204568,-0.4908882596122085,1,0.0,0.0,0.0,0.0,0.0,0.0,-0.24507791820530267,3,3,0
0.22641509433962265,4,0.26785714285714285,0.7756893727847627,0.5994609712024382,-1.4252221661893145,0,1.0645833647544687,0.6737035990763425,-0.7937140105405687,Jeddah,1.3166981247975296,-1.2863424094698719,1.4129089973570317,-0.372227004816024,0.1795916409313088,0.15128873679138588,0.5891830728761123,0.5157042712921434,-0.9364436414740154,1,0.0,0.0,0.0,0.0,0.0,0.0,-0.15490911770720606,3,3,0
0.24528301886792453,4,0.2857142857142857,0.7756893727847627,0.5994609712024382,-1.4252221661893145,0,1.0645833647544687,0.6737035990763425,-0.7937140105405687,Jeddah,1.3166981247975296,-1.2863424094698719,1.4129089973570317,-0.372227004816024,0.1795916409313088,0.08879474363451928,0.6183305956454788,0.5900034574307697,-1.074158056818263,1,0.0,0.0,0.0,0.0,0.0,0.0,-0.06494143299815067,3,3,0
0.2641509433962264,4,0.30357142857142855,0.7756893727847627,0.5994609712024382,-1.4252221661893145,0,1.0645833647544687,0.6737035990763425,-0.7937140105405687,Jeddah,1.3166981247975296,-1.2863424094698719,1.4129089973570317,-0.372227004816024,0.1795916409313088,0.2401886425497472,0.6427025361839722,0.5882459370852027,-1.1942308682831726,1,0.0,0.0,0.0,0.0,0.0,0.0,0.02551346179139944,3,3,0
0.32075471698113206,3,0.017857142857142856,0.7756893727847627,0.5994609712024382,-1.4252221661893145,0,1.0645833647544687,0.6737035990763425,-0.7937140105405687,Jeddah,1.3166981247975296,-1.2863424094698719,1.4129089973570317,-0.372227004816024,0.1795916409313088,-0.15648684453047035,0.9931864131206299,-0.19966052184721242,0.14446082418238113,1,0.0,0.0,0.0,0.0,0.0,0.0,0.31398243028439965,3,3,0
0.33962264150943394,3,0.03571428571428571,0.7756893727847627,0.5994609712024382,-1.4252221661893145,0,1.0645833647544687,0.6737035990763425,-0.7937140105405687,Jeddah,1.3166981247975296,-1.2863424094698719,1.4129089973570317,-0.372227004816024,0.1795916409313088,-0.08959186594001713,0.9680965276047995,1.4308222884265496,0.39036860317394034,1,0.0,0.0,0.0,0.0,0.0,0.0,0.40337603799938343,3,3,0
0.3584905660377358,3,0.05357142857142857,0.7756893727847627,0.5994609712024382,-1.4252221661893145,0,1.0645833647544687,0.6737035990763425,-0.7937140105405687,Jeddah,1.3166981247975296,-1.2863424094698719,1.4129089973570317,-0.372227004816024,0.1795916409313088,-0.021229892205037793,0.6777623103723672,1.2840113261497887,0.5809515335072664,1,0.0,0.0,0.0,0.0,0.0,0.0,0.4929896456150559,3,3,0
0.37735849056603776,3,0.07142857142857142,0.7756893727847627,0.5994609712024382,-1.4252221661893145,0,1.0645833647544687,0.6737035990763425,-0.7937140105405687,Jeddah,1.3166981247975296,-1.2863424094698719,1.4129089973570317,-0.372227004816024,0.1795916409313088,-0.044115016459666534,0.6939427873769053,-0.3351511803295021,0.7001478006274598,1,0.0,0.0,0.0,0.0,0.0,0.0,0.5825296051953044,3,3,0
0.39622641509433965,3,0.08928571428571427,0.7756893727847627,0.5994609712024382,-1.4252221661893145,0,1.0645833647544687,0.6737035990763425,-0.7937140105405687,Jeddah,1.3166981247975296,-1.2863424094698719,1.4129089973570317,-0.372227004816024,0.1795916409313088,0.6013628471324024,0.7128022016773659,-0.29517990224876767,0.8301781705584131,1,0.0,0.0,0.0,0.0,0.0,0.0,0.6741468170567332,3,3,0
0.41509433962264153,3,0.10714285714285715,0.7756893727847627,0.5994609712024382,-1.4252221661893145,0,1.0645833647544687,0.6737035990763425,-0.7937140105405687,Jeddah,1.3166981247975296,-1.2863424094698719,1.4129089973570317,-0.372227004816024,0.1795916409313088,-0.13301492221802785,0.7669413652091827,0.25743556121839684,0.5519092917129785,1,0.0,0.0,0.0,0.0,0.0,0.0,0.7634006823455283,3,3,0
0.4339622641509434,3,0.125,0.7756893727847627,0.5994609712024382,-1.4252221661893145,0,1.0645833647544687,0.6737035990763425,-0.7937140105405687,Jeddah,1.3166981247975296,-1.2863424094698719,1.4129089973570317,-0.372227004816024,0.1795916409313088,-0.059665164991656465,0.788790086614167,0.27065374009289234,0.6776951884091397,1,0.0,0.0,0.0,0.0,0.0,0.0,0.852890599029912,3,3,0
0.4528301886792453,3,0.14285714285714285,0.7756893727847627,0.5994609712024382,-1.4252221661893145,0,1.0645833647544687,0.6737035990763425,-0.7937140105405687,Jeddah,1.3166981247975296,-1.2863424094698719,1.4129089973570317,-0.372227004816024,0.1795916409313088,0.03891690872058624,0.8149470634603887,0.40289484972561357,0.746483840341652,1,0.0,0.0,0.0,0.0,0.0,0.0,0.9426977687899671,3,3,0
0.4716981132075472,3,0.1607142857142857,0.7756893727847627,0.5994609712024382,-1.4252221661893145,0,1.0645833647544687,0.6737035990763425,-0.7937140105405687,Jeddah,1.3166981247975296,-1.2863424094698719,1.4129089973570317,-0.372227004816024,0.1795916409313088,-0.17350398820698637,0.8448528787065933,0.5038040076262388,0.7887675623926694,1,0.0,0.0,0.0,0.0,0.0,0.0,1.031821333708398,3,3,0
0.49056603773584906,3,0.17857142857142858,0.7756893727847627,0.5994609712024382,-1.4252221661893145,0,1.0645833647544687,0.6737035990763425,-0.7937140105405687,Jeddah,1.3166981247975296,-1.2863424094698719,1.4129089973570317,-0.372227004816024,0.1795916409313088,-0.07052092906116122,0.8654822868674277,0.5303363254762488,0.9014743290012048,1,0.0,0.0,0.0,0.0,0.0,0.0,1.1212763147862348,3,3,0
0.5094339622641509,3,0.19642857142857142,0.7756893727847627,0.5994609712024382,-1.4252221661893145,0,1.0645833647544687,0.6737035990763425,-0.7937140105405687,Jeddah,1.3166981247975296,-1.2863424094698719,1.4129089973570317,-0.372227004816024,0.1795916409313088,-0.024457281523001036,0.8895151908330599,0.6199134215264153,0.9716646964905227,1,0.0,0.0,0.0,0.0,0.0,0.0,1.210879536140501,3,3,0
0.5283018867924528,3,0.21428571428571427,0.7756893727847627,0.5994609712024382,-1.4252221661893145,0,1.0645833647544687,0.6737035990763425,-0.7937140105405687,Jeddah,1.3166981247975296,-1.2863424094698719,1.4129089973570317,-0.372227004816024,0.1795916409313088,-0.10778260573215652,0.9172203215754541,0.7661811405782998,1.0187365140740223,1,0.0,0.0,0.0,0.0,0.0,0.0,1.3002146031093789,3,3,0
0.5471698113207547,3,0.23214285714285715,0.7756893727847627,0.5994609712024382,-1.4252221661893145,0,1.0645833647544687,0.6737035990763425,-0.7937140105405687,Jeddah,1.3166981247975296,-1.2863424094698719,1.4129089973570317,-0.372227004816024,0.1795916409313088,-0.21281945808032154,0.9405480684732554,0.8816745381073994,1.0370282627674074,1,0.0,0.0,0.0,0.0,0.0,0.0,1.3892116444797742,3,3,0
0.5660377358490566,3,0.25,0.7756893727847627,0.5994609712024382,-1.4252221661893145,0,1.0645833647544687,0.6737035990763425,-0.7937140105405687,Jeddah,1.3166981247975296,-1.2863424094698719,1.4129089973570317,-0.372227004816024,0.1795916409313088,-0.15267265715469752,0.9605974750632547,0.9247702225655106,1.0295276321077755,1,0.0,0.0,0.0,0.0,0.0,0.0,1.4784022479945516,3,3,0
0.5849056603773585,3,0.26785714285714285,0.7756893727847627,0.5994609712024382,-1.4252221661893145,0,1.0645833647544687,0.6737035990763425,-0.7937140105405687,Jeddah,1.3166981247975296,-1.2863424094698719,1.4129089973570317,-0.372227004816024,0.1795916409313088,-0.15942083481952254,0.9804627664446263,1.0100964708982163,0.9312422213909567,1,0.0,0.0,0.0,0.0,0.0,0.0,1.5675711347809351,3,3,0
0.6792452830188679,3,0.35714285714285715,1.2348182145954227,-0.3655212045672162,-0.8825707317900047,0,0.8351124108129232,-0.39693562603573285,-0.6140813419121882,Jeddah,1.3166981247975296,-1.2863424094698719,1.4129089973570317,-0.372227004816024,0.1795916409313088,-0.16000763287733213,1.0690469839619154,-1.3478015910265826,0.6583280080377637,1,0.0,0.0,0.0,0.0,0.0,0.0,-1.3867933684821612,3,3,0
0.6981132075471698,3,0.375,1.2348182145954227,-0.3655212045672162,-0.8825707317900047,0,0.8351124108129232,-0.39693562603573285,-0.6140813419121882,Jeddah,1.3166981247975296,-1.2863424094698719,1.4129089973570317,-0.372227004816024,0.1795916409313088,-0.2163402464271875,1.0885877086222813,-0.934233595418577,0.45011149938539613,1,0.0,0.0,0.0,0.0,0.0,0.0,-1.2978076575787545,3,3,0
0.7169811320754716,3,0.39285714285714285,1.2348182145954227,-0.3655212045672162,-0.8825707317900047,0,0.8351124108129232,-0.39693562603573285,-0.6140813419121882,Jeddah,1.3166981247975296,-1.2863424094698719,1.4129089973570317,-0.372227004816024,0.1795916409313088,-0.21399305419594492,1.1071652560799439,-0.8141468673582508,0.3182882568266834,1,0.0,0.0,0.0,0.0,0.0,0.0,-1.208814393030689,3,3,0
0.7358490566037735,3,0.4107142857142857,1.2348182145954227,-0.3655212045672162,-0.8825707317900047,0,0.8351124108129232,-0.39693562603573285,-0.6140813419121882,Jeddah,1.3166981247975296,-1.2863424094698719,1.4129089973570317,-0.372227004816024,0.1795916409313088,-0.33692724730734247,1.1262813035560744,-0.6852016929845411,0.12303343646636697,1,0.0,0.0,0.0,0.0,0.0,0.0,-1.1202167506216298,3,3,0
0.7547169811320754,3,0.42857142857142855,1.2348182145954227,-0.3655212045672162,-0.8825707317900047,0,0.8351124108129232,-0.39693562603573285,-0.6140813419121882,Jeddah,1.3166981247975296,-1.2863424094698719,1.4129089973570317,-0.372227004816024,0.1795916409313088,-0.435802720048492,1.1333071425277912,-0.8067139889965266,-0.07130240694302914,1,0.0,0.0,0.0,0.0,0.0,0.0,-1.0319373054938241,3,3,0
0.7735849056603773,3,0.4464285714285714,1.2348182145954227,-0.3655212045672162,-0.8825707317900047,0,0.8351124108129232,-0.39693562603573285,-0.6140813419121882,Jeddah,1.3166981247975296,-1.2863424094698719,1.4129089973570317,-0.372227004816024,0.1795916409313088,-0.4070496152157548,1.143849042939097,-0.9470980692117464,-0.13175212258074395,1,0.0,0.0,0.0,0.0,0.0,0.0,-0.9435653282189478,3,3,0
0.7924528301886792,3,0.46428571428571425,1.2348182145954227,-0.3655212045672162,-0.8825707317900047,0,0.8351124108129232,-0.39693562603573285,-0.6140813419121882,Jeddah,1.3166981247975296,-1.2863424094698719,1.4129089973570317,-0.372227004816024,0.1795916409313088,-0.4748247908929203,1.1558203383604122,-0.8732961810568354,-0.2050392027000426,1,0.0,0.0,0.0,0.0,0.0,0.0,-0.8554114624335953,3,3,0
0.8113207547169811,3,0.48214285714285715,1.2348182145954227,-0.3655212045672162,-0.8825707317900047,0,0.8351124108129232,-0.39693562603573285,-0.6140813419121882,Jeddah,1.3166981247975296,-1.2863424094698719,1.4129089973570317,-0.372227004816024,0.1795916409313088,-0.5613775044200391,1.166741970315501,-0.9966646985022242,-0.2779840705160845,1,0.0,0.0,0.0,0.0,0.0,0.0,-0.7675361372950373,3,3,0
0.8301886792452831,3,0.49999999999999994,1.2348182145954227,-0.3655212045672162,-0.8825707317900047,0,0.8351124108129232,-0.39693562603573285,-0.6140813419121882,Jeddah,1.3166981247975296,-1.2863424094698719,1.4129089973570317,-0.372227004816024,0.1795916409313088,-0.5291036112404358,1.168780667680616,-1.2326646825313552,-0.21895189298970633,1,0.0,0.0,0.0,0.0,0.0,0.0,-0.6795569495424204,3,3,0
0.8490566037735849,3,0.5178571428571428,1.2348182145954227,-0.3655212045672162,-0.8825707317900047,0,0.8351124108129232,-0.39693562603573285,-0.6140813419121882,Jeddah,1.3166981247975296,-1.2863424094698719,1.4129089973570317,-0.372227004816024,0.1795916409313088,-0.578688047125462,1.17379463236421,-1.467111168656137,-0.1946783467344529,1,0.0,0.0,0.0,0.0,0.0,0.0,-0.5917373325332212,3,3,0
0.0,4,0.05357142857142857,0.7756893727847627,0.5994609712024382,-1.4252221661893145,0,1.0645833647544687,0.6737035990763425,-0.7937140105405687,Jeddah,1.3166981247975296,-1.2863424094698719,1.4129089973570317,-0.372227004816024,0.1795916409313088,0.25339159885049456,-1.2631322567698495,-1.39154271555326,-0.6010976829805146,1,0.0,0.0,0.0,0.0,0.0,0.0,-1.242657553719017,4,4,0
0.018867924528301883,4,0.07142857142857142,0.7756893727847627,0.5994609712024382,-1.4252221661893145,0,1.0645833647544687,0.6737035990763425,-0.7937140105405687,Jeddah,1.3166981247975296,-1.2863424094698719,1.4129089973570317,-0.372227004816024,0.1795916409313088,-0.1623548251085789,-1.1120637667455364,-1.0689065538956175,-0.45968781954978477,1,0.0,0.0,0.0,0.0,0.0,0.0,-1.1534981089884573,4,4,0
0.03773584905660378,4,0.08928571428571427,0.7756893727847627,0.5994609712024382,-1.4252221661893145,0,1.0645833647544687,0.6737035990763425,-0.7937140105405687,Jeddah,1.3166981247975296,-1.2863424094698719,1.4129089973570317,-0.372227004816024,0.1795916409313088,-0.1353621144492746,-1.0629200304744895,-0.8911482810085697,-0.44307294755687826,1,0.0,0.0,0.0,0.0,0.0,0.0,-1.0642517973443206,4,4,0
0.05660377358490566,4,0.10714285714285715,0.7756893727847627,0.5994609712024382,-1.4252221661893145,0,1.0645833647544687,0.6737035990763425,-0.7937140105405687,Jeddah,1.3166981247975296,-1.2863424094698719,1.4129089973570317,-0.372227004816024,0.1795916409313088,-0.2072448765311157,-0.9999615903865041,-0.7253127448972814,-0.48460253953471677,1,0.0,0.0,0.0,0.0,0.0,0.0,-0.975236816067861,4,4,0
0.07547169811320754,4,0.125,0.7756893727847627,0.5994609712024382,-1.4252221661893145,0,1.0645833647544687,0.6737035990763425,-0.7937140105405687,Jeddah,1.3166981247975296,-1.2863424094698719,1.4129089973570317,-0.372227004816024,0.1795916409313088,-0.26299069202316144,-0.9519285816781562,-0.6436839465406234,-0.4452176571819133,1,0.0,0.0,0.0,0.0,0.0,0.0,-0.8864012338520486,4,4,0
0.09433962264150943,4,0.14285714285714285,0.7756893727847627,0.5994609712024382,-1.4252221661893145,0,1.0645833647544687,0.6737035990763425,-0.7937140105405687,Jeddah,1.3166981247975296,-1.2863424094698719,1.4129089973570317,-0.372227004816024,0.1795916409313088,-0.2588831056184817,-0.9400330266778434,-0.5687749561300509,-0.2947495237677795,1,0.0,0.0,0.0,0.0,0.0,0.0,-0.7975524327580833,4,4,0
0.11320754716981131,4,0.1607142857142857,0.7756893727847627,0.5994609712024382,-1.4252221661893145,0,1.0645833647544687,0.6737035990763425,-0.7937140105405687,Jeddah,1.3166981247975296,-1.2863424094698719,1.4129089973570317,-0.372227004816024,0.1795916409313088,-0.16499541636872836,-0.9218077904795373,-0.5082171601781292,-0.1681341198177128,1,0.0,0.0,0.0,0.0,0.0,0.0,-0.7084014858777645,4,4,0
0.13207547169811318,4,0.17857142857142858,0.7756893727847627,0.5994609712024382,-1.4252221661893145,0,1.0645833647544687,0.6737035990763425,-0.7937140105405687,Jeddah,1.3166981247975296,-1.2863424094698719,1.4129089973570317,-0.372227004816024,0.1795916409313088,-0.20196369401081676,-0.8859373822099574,-0.4198673338537377,-0.1384030085909589,1,0.0,0.0,0.0,0.0,0.0,0.0,-0.6193695089008224,4,4,0
0.15094339622641512,4,0.19642857142857142,0.7756893727847627,0.5994609712024382,-1.4252221661893145,0,1.0645833647544687,0.6737035990763425,-0.7937140105405687,Jeddah,1.3166981247975296,-1.2863424094698719,1.4129089973570317,-0.372227004816024,0.1795916409313088,-0.1632350221952954,-0.8690303293414348,-0.41283487053464635,-0.06318866545762973,1,0.0,0.0,0.0,0.0,0.0,0.0,-0.5302128967870096,4,4,0
0.169811320754717,4,0.21428571428571427,0.7756893727847627,0.5994609712024382,-1.4252221661893145,0,1.0645833647544687,0.6737035990763425,-0.7937140105405687,Jeddah,1.3166981247975296,-1.2863424094698719,1.4129089973570317,-0.372227004816024,0.1795916409313088,-0.22426202020763591,-0.842590702408479,-0.3692603473256491,-0.061227472400793945,1,0.0,0.0,0.0,0.0,0.0,0.0,-0.4412526794343264,4,4,0
0.18867924528301888,4,0.23214285714285715,0.7756893727847627,0.5994609712024382,-1.4252221661893145,0,1.0645833647544687,0.6737035990763425,-0.7937140105405687,Jeddah,1.3166981247975296,-1.2863424094698719,1.4129089973570317,-0.372227004816024,0.1795916409313088,-0.09986083195170811,-0.8224604101589428,-0.40845468108684196,0.06621631469090017,1,0.0,0.0,0.0,0.0,0.0,0.0,-0.3518921189147251,4,4,0
0.20754716981132076,4,0.25,0.7756893727847627,0.5994609712024382,-1.4252221661893145,0,1.0645833647544687,0.6737035990763425,-0.7937140105405687,Jeddah,1.3166981247975296,-1.2863424094698719,1.4129089973570317,-0.372227004816024,0.1795916409313088,-0.206951477502213,-0.7822267819293535,-0.3293022174256126,0.09105385085425759,1,0.0,0.0,0.0,0.0,0.0,0.0,-0.262876193432683,4,4,0
0.22641509433962265,4,0.26785714285714285,0.7756893727847627,0.5994609712024382,-1.4252221661893145,0,1.0645833647544687,0.6737035990763425,-0.7937140105405687,Jeddah,1.3166981247975296,-1.2863424094698719,1.4129089973570317,-0.372227004816024,0.1795916409313088,-0.20196369401081676,-0.762291325114982,-0.35056840881798396,0.2167888812706457,1,0.0,0.0,0.0,0.0,0.0,0.0,-0.17384421645574077,4,4,0
0.24528301886792453,4,0.2857142857142857,0.7756893727847627,0.5994609712024382,-1.4252221661893145,0,1.0645833647544687,0.6737035990763425,-0.7937140105405687,Jeddah,1.3166981247975296,-1.2863424094698719,1.4129089973570317,-0.372227004816024,0.1795916409313088,-0.14827167172111505,-0.7344870510711137,-0.3775405886841356,0.29715258214988455,1,0.0,0.0,0.0,0.0,0.0,0.0,-0.08463944985722793,4,4,0
0.2641509433962264,4,0.30357142857142855,0.7756893727847627,0.5994609712024382,-1.4252221661893145,0,1.0645833647544687,0.6737035990763425,-0.7937140105405687,Jeddah,1.3166981247975296,-1.2863424094698719,1.4129089973570317,-0.372227004816024,0.1795916409313088,-0.15912743579061983,-0.700105828757735,-0.40758003018731837,0.39300174250700715,1,0.0,0.0,0.0,0.0,0.0,0.0,0.004530381134737969,4,4,0
0.2830188679245283,4,0.3214285714285714,0.7756893727847627,0.5994609712024382,-1.4252221661893145,0,1.0645833647544687,0.6737035990763425,-0.7937140105405687,Jeddah,1.3166981247975296,-1.2863424094698719,1.4129089973570317,-0.372227004816024,0.1795916409313088,-0.1714501950046465,-0.6691155882483187,-0.4225122172783014,0.5218432435539633,1,0.0,0.0,0.0,0.0,0.0,0.0,0.09366055549224485,4,4,0
0.3018867924528302,4,0.33928571428571425,0.7756893727847627,0.5994609712024382,-1.4252221661893145,0,1.0645833647544687,0.6737035990763425,-0.7937140105405687,Jeddah,1.3166981247975296,-1.2863424094698719,1.4129089973570317,-0.372227004816024,0.1795916409313088,-0.16470201733982148,-0.6458525082452368,-0.5633229127975612,1.1718454474950997,1,0.0,0.0,0.0,0.0,0.0,0.0,0.18281244657814602,4,4,0
0.49056603773584906,3,0.0,0.7756893727847627,0.5994609712024382,-1.4252221661893145,0,1.0645833647544687,0.6737035990763425,-0.7937140105405687,Jeddah,1.3166981247975296,-1.2863424094698719,1.4129089973570317,-0.372227004816024,0.1795916409313088,4.551393973286952,-2.430636511925519,-0.4885130011356808,0.9419151134331025,1,0.0,0.0,0.0,0.0,0.0,0.0,1.0849074041651086,4,4,0
0.5094339622641509,3,0.017857142857142856,0.7756893727847627,0.5994609712024382,-1.4252221661893145,0,1.0645833647544687,0.6737035990763425,-0.7937140105405687,Jeddah,1.3166981247975296,-1.2863424094698719,1.4129089973570317,-0.372227004816024,0.1795916409313088,-0.7453386955437771,-0.738552236130882,-0.15326314636545166,0.023614332705805183,1,0.0,0.0,0.0,0.0,0.0,0.0,1.17219071240353,4,4,0
0.5283018867924528,3,0.03571428571428571,0.7756893727847627,0.5994609712024382,-1.4252221661893145,0,1.0645833647544687,0.6737035990763425,-0.7937140105405687,Jeddah,1.3166981247975296,-1.2863424094698719,1.4129089973570317,-0.372227004816024,0.1795916409313088,-0.7482726858328335,-0.7558414260136646,-0.3198760005250554,0.13880207992878754,1,0.0,0.0,0.0,0.0,0.0,0.0,1.2594645785861283,4,4,0
0.5471698113207547,3,0.05357142857142857,0.7756893727847627,0.5994609712024382,-1.4252221661893145,0,1.0645833647544687,0.6737035990763425,-0.7937140105405687,Jeddah,1.3166981247975296,-1.2863424094698719,1.4129089973570317,-0.372227004816024,0.1795916409313088,-0.7321357392430298,-0.7746057006435214,-0.45278621916903683,0.2620127365437949,1,0.0,0.0,0.0,0.0,0.0,0.0,1.346790376075756,4,4,0
0.5660377358490566,3,0.07142857142857142,0.7756893727847627,0.5994609712024382,-1.4252221661893145,0,1.0645833647544687,0.6737035990763425,-0.7937140105405687,Jeddah,1.3166981247975296,-1.2863424094698719,1.4129089973570317,-0.372227004816024,0.1795916409313088,-0.6714021402595961,-0.7837247291415785,-0.5959808141855144,0.38130984182728933,1,0.0,0.0,0.0,0.0,0.0,0.0,1.4343116241209313,4,4,0
0.5849056603773585,3,0.08928571428571427,0.7756893727847627,0.5994609712024382,-1.4252221661893145,0,1.0645833647544687,0.6737035990763425,-0.7937140105405687,Jeddah,1.3166981247975296,-1.2863424094698719,1.4129089973570317,-0.372227004816024,0.1795916409313088,-0.7603020460179575,-0.7921588968798231,-0.6677192736089127,0.9291820958984796,1,0.0,0.0,0.0,0.0,0.0,0.0,1.5215467778746528,4,4,0
0.6037735849056604,3,0.10714285714285715,0.7756893727847627,0.5994609712024382,-1.4252221661893145,0,1.0645833647544687,0.6737035990763425,-0.7937140105405687,Jeddah,1.3166981247975296,-1.2863424094698719,1.4129089973570317,-0.372227004816024,0.1795916409313088,-0.6581991839588488,-0.8113426050472422,-0.876773890448749,1.8663888713030223,1,0.0,0.0,0.0,0.0,0.0,0.0,1.609110515171034,4,4,0
0.6226415094339622,3,0.125,0.7756893727847627,0.5994609712024382,-1.4252221661893145,0,1.0645833647544687,0.6737035990763425,-0.7937140105405687,Jeddah,1.3166981247975296,-1.2863424094698719,1.4129089973570317,-0.372227004816024,0.1795916409313088,-0.7946297323999005,-0.8087705565566317,-0.9479054228882667,1.9320630553905844,1,0.0,0.0,0.0,0.0,0.0,0.0,1.69623519687162,4,4,0
0.6415094339622641,3,0.14285714285714285,0.7756893727847627,0.5994609712024382,-1.4252221661893145,0,1.0645833647544687,0.6737035990763425,-0.7937140105405687,Jeddah,1.3166981247975296,-1.2863424094698719,1.4129089973570317,-0.372227004816024,0.1795916409313088,-0.5939447966285492,-0.8377082504836786,-1.3051849048244943,2.0353280923948236,1,0.0,0.0,0.0,0.0,0.0,0.0,1.7840057151905364,4,4,0
0.6981132075471698,3,0.19642857142857142,1.2348182145954227,-0.3655212045672162,-0.8825707317900047,0,0.8351124108129232,-0.39693562603573285,-0.6140813419121882,Jeddah,1.3166981247975296,-1.2863424094698719,1.4129089973570317,-0.372227004816024,0.1795916409313088,-0.8002043139491022,-0.8623224937853313,1.7438768545699412,-1.337237401400864,1,0.0,0.0,0.0,0.0,0.0,0.0,-1.3537084048764634,4,4,0
0.7169811320754716,3,0.21428571428571427,1.2348182145954227,-0.3655212045672162,-0.8825707317900047,0,0.8351124108129232,-0.39693562603573285,-0.6140813419121882,Jeddah,1.3166981247975296,-1.2863424094698719,1.4129089973570317,-0.372227004816024,0.1795916409313088,-0.799030717833483,-0.8804105022144253,1.6844643796319485,-0.3912007846607986,1,0.0,0.0,0.0,0.0,0.0,0.0,-1.2665978862596126,4,4,0
0.7358490566037735,3,0.23214285714285715,1.2348182145954227,-0.3655212045672162,-0.8825707317900047,0,0.8351124108129232,-0.39693562603573285,-0.6140813419121882,Jeddah,1.3166981247975296,-1.2863424094698719,1.4129089973570317,-0.372227004816024,0.1795916409313088,-0.799030717833483,-0.894540205935023,1.6487625815707943,0.0948604496601319,1,0.0,0.0,0.0,0.0,0.0,0.0,-1.1794873676427617,4,4,0
0.7547169811320754,3,0.25,1.2348182145954227,-0.3655212045672162,-0.8825707317900047,0,0.8351124108129232,-0.39693562603573285,-0.6140813419121882,Jeddah,1.3166981247975296,-1.2863424094698719,1.4129089973570317,-0.372227004816024,0.1795916409313088,-0.7359499266188025,-0.9500813044705048,1.5962515064361271,0.35172608744848455,1,0.0,0.0,0.0,0.0,0.0,0.0,-1.0921738448257048,4,4,0
0.7735849056603773,3,0.26785714285714285,1.2348182145954227,-0.3655212045672162,-0.8825707317900047,0,0.8351124108129232,-0.39693562603573285,-0.6140813419121882,Jeddah,1.3166981247975296,-1.2863424094698719,1.4129089973570317,-0.372227004816024,0.1795916409313088,-0.5555095238419305,-0.9524833221963918,1.5662156148179078,0.5636874156668559,1,0.0,0.0,0.0,0.0,0.0,0.0,-1.0042796355754995,4,4,0
0.7924528301886792,3,0.2857142857142857,1.2348182145954227,-0.3655212045672162,-0.8825707317900047,0,0.8351124108129232,-0.39693562603573285,-0.6140813419121882,Jeddah,1.3166981247975296,-1.2863424094698719,1.4129089973570317,-0.372227004816024,0.1795916409313088,-0.7500330800062665,-0.9147381816179478,1.6266931284644177,0.6658768288777952,1,0.0,0.0,0.0,0.0,0.0,0.0,-0.9170114346263954,4,4,0
0.8113207547169811,3,0.30357142857142855,1.2348182145954227,-0.3655212045672162,-0.8825707317900047,0,0.8351124108129232,-0.39693562603573285,-0.6140813419121882,Jeddah,1.3166981247975296,-1.2863424094698719,1.4129089973570317,-0.372227004816024,0.1795916409313088,-0.8066590925850246,-0.9087201219811172,1.5455261433678016,0.888013695492441,1,0.0,0.0,0.0,0.0,0.0,0.0,-0.8299254653546858,4,4,0
0.8301886792452831,3,0.3214285714285714,1.2348182145954227,-0.3655212045672162,-0.8825707317900047,0,0.8351124108129232,-0.39693562603573285,-0.6140813419121882,Jeddah,1.3166981247975296,-1.2863424094698719,1.4129089973570317,-0.372227004816024,0.1795916409313088,-0.6966344567454674,-0.9474385109059448,1.5058396087125792,1.1143567519185513,1,0.0,0.0,0.0,0.0,0.0,0.0,-0.7424854189895931,4,4,0
0.8490566037735849,3,0.33928571428571425,1.2348182145954227,-0.3655212045672162,-0.8825707317900047,0,0.8351124108129232,-0.39693562603573285,-0.6140813419121882,Jeddah,1.3166981247975296,-1.2863424094698719,1.4129089973570317,-0.372227004816024,0.1795916409313088,-0.8183950537412458,-0.9529766411839614,1.4946808409720804,1.2737141213582632,1,0.0,0.0,0.0,0.0,0.0,0.0,-0.6554372179411776,4,4,0
0.8679245283018868,3,0.35714285714285715,1.2348182145954227,-0.3655212045672162,-0.8825707317900047,0,0.8351124108129232,-0.39693562603573285,-0.6140813419121882,Jeddah,1.3166981247975296,-1.2863424094698719,1.4129089973570317,-0.372227004816024,0.1795916409313088,-0.7051430285837255,-0.9584166350986112,1.4252352607107597,1.4379779755517943,1,0.0,0.0,0.0,0.0,0.0,0.0,-0.5680245535379734,4,4,0
0.0,3,0.05357142857142857,0.7756893727847627,0.5994609712024382,-1.4252221661893145,0,1.0645833647544687,0.6737035990763425,-0.7937140105405687,Jeddah,1.3166981247975296,-1.2863424094698719,1.4129089973570317,-0.372227004816024,0.1795916409313088,0.8827325158527598,0.5620522530144845,-0.29899743853796595,-0.6511837874656525,1,0.0,0.0,0.0,0.0,0.0,0.0,-1.2369677708797497,5,3,0
0.018867924528301883,3,0.07142857142857142,0.7756893727847627,0.5994609712024382,-1.4252221661893145,0,1.0645833647544687,0.6737035990763425,-0.7937140105405687,Jeddah,1.3166981247975296,-1.2863424094698719,1.4129089973570317,-0.372227004816024,0.1795916409313088,0.40302510359229365,0.6321428712388633,-0.28080690974936307,-0.6391250052926645,1,0.0,0.0,0.0,0.0,0.0,0.0,-1.1459888419919928,5,3,0
0.03773584905660378,3,0.08928571428571427,0.7756893727847627,0.5994609712024382,-1.4252221661893145,0,1.0645833647544687,0.6737035990763425,-0.7937140105405687,Jeddah,1.3166981247975296,-1.2863424094698719,1.4129089973570317,-0.372227004816024,0.1795916409313088,0.29652125609960256,0.6745755825670574,-0.29927045636346444,-0.5714702306643984,1,0.0,0.0,0.0,0.0,0.0,0.0,-1.0553526597306304,5,3,0
0.05660377358490566,3,0.10714285714285715,0.7756893727847627,0.5994609712024382,-1.4252221661893145,0,1.0645833647544687,0.6737035990763425,-0.7937140105405687,Jeddah,1.3166981247975296,-1.2863424094698719,1.4129089973570317,-0.372227004816024,0.1795916409313088,0.13016400671019013,0.7123278212026535,-0.2593451117716538,-0.5770899530808811,1,0.0,0.0,0.0,0.0,0.0,0.0,-0.9652518420344633,5,3,0
0.07547169811320754,3,0.125,0.7756893727847627,0.5994609712024382,-1.4252221661893145,0,1.0645833647544687,0.6737035990763425,-0.7937140105405687,Jeddah,1.3166981247975296,-1.2863424094698719,1.4129089973570317,-0.372227004816024,0.1795916409313088,0.1774012503639737,0.741269454618894,-0.16404913370758806,-0.5446193161611284,1,0.0,0.0,0.0,0.0,0.0,0.0,-0.874999007239537,5,3,0
0.09433962264150943,3,0.14285714285714285,0.7756893727847627,0.5994609712024382,-1.4252221661893145,0,1.0645833647544687,0.6737035990763425,-0.7937140105405687,Jeddah,1.3166981247975296,-1.2863424094698719,1.4129089973570317,-0.372227004816024,0.1795916409313088,0.23520085905835514,0.7663270910407841,-0.04253416998114272,-0.5648823117782799,1,0.0,0.0,0.0,0.0,0.0,0.0,-0.7845601639448869,5,3,0
0.11320754716981131,3,0.1607142857142857,0.7756893727847627,0.5994609712024382,-1.4252221661893145,0,1.0645833647544687,0.6737035990763425,-0.7937140105405687,Jeddah,1.3166981247975296,-1.2863424094698719,1.4129089973570317,-0.372227004816024,0.1795916409313088,0.17094647172805139,0.7950190661118326,0.060381169136549874,-0.612214699950561,1,0.0,0.0,0.0,0.0,0.0,0.0,-0.6943281016727725,5,3,0
0.13207547169811318,3,0.17857142857142858,0.7756893727847627,0.5994609712024382,-1.4252221661893145,0,1.0645833647544687,0.6737035990763425,-0.7937140105405687,Jeddah,1.3166981247975296,-1.2863424094698719,1.4129089973570317,-0.372227004816024,0.1795916409313088,0.21495632606387588,0.8197691485952314,0.07329851989111898,-0.3829031922455581,1,0.0,0.0,0.0,0.0,0.0,0.0,-0.6039544085633047,5,3,0
0.15094339622641512,3,0.19642857142857142,0.7756893727847627,0.5994609712024382,-1.4252221661893145,0,1.0645833647544687,0.6737035990763425,-0.7937140105405687,Jeddah,1.3166981247975296,-1.2863424094698719,1.4129089973570317,-0.372227004816024,0.1795916409313088,0.3422915046088559,0.843495924561682,0.1355774288824876,-0.33797131130943525,1,0.0,0.0,0.0,0.0,0.0,0.0,-0.5131709302310953,5,3,0
0.169811320754717,3,0.21428571428571427,0.7756893727847627,0.5994609712024382,-1.4252221661893145,0,1.0645833647544687,0.6737035990763425,-0.7937140105405687,Jeddah,1.3166981247975296,-1.2863424094698719,1.4129089973570317,-0.372227004816024,0.1795916409313088,0.24048204157865408,0.8731324240243368,0.20952059755980243,-0.42813470512184837,1,0.0,0.0,0.0,0.0,0.0,0.0,-0.4227150912359627,5,3,0
0.18867924528301888,3,0.23214285714285715,0.7756893727847627,0.5994609712024382,-1.4252221661893145,0,1.0645833647544687,0.6737035990763425,-0.7937140105405687,Jeddah,1.3166981247975296,-1.2863424094698719,1.4129089973570317,-0.372227004816024,0.1795916409313088,0.30679022211129353,0.8988741677350162,0.196411405944431,-0.37464560215307047,1,0.0,0.0,0.0,0.0,0.0,0.0,-0.33204586177921824,5,3,0
0.20754716981132076,3,0.25,0.7756893727847627,0.5994609712024382,-1.4252221661893145,0,1.0645833647544687,0.6737035990763425,-0.7937140105405687,Jeddah,1.3166981247975296,-1.2863424094698719,1.4129089973570317,-0.372227004816024,0.1795916409313088,0.29006647746368025,0.9263912021323872,0.1290531522316527,-0.4055194201765849,1,0.0,0.0,0.0,0.0,0.0,0.0,-0.24143045204066785,5,3,0
0.22641509433962265,3,0.26785714285714285,0.7756893727847627,0.5994609712024382,-1.4252221661893145,0,1.0645833647544687,0.6737035990763425,-0.7937140105405687,Jeddah,1.3166981247975296,-1.2863424094698719,1.4129089973570317,-0.372227004816024,0.1795916409313088,0.29857504930193823,0.9525879947785234,0.044036158665526084,-0.29924816535274373,1,0.0,0.0,0.0,0.0,0.0,0.0,-0.15078766034022914,5,3,0
0.24528301886792453,3,0.2857142857142857,0.7756893727847627,0.5994609712024382,-1.4252221661893145,0,1.0645833647544687,0.6737035990763425,-0.7937140105405687,Jeddah,1.3166981247975296,-1.2863424094698719,1.4129089973570317,-0.372227004816024,0.1795916409313088,0.2671813532090515,0.9803160083143114,-5.116924591700557e-05,-0.3105467340178431,1,0.0,0.0,0.0,0.0,0.0,0.0,-0.06024589863710234,5,3,0
0.2641509433962264,3,0.30357142857142855,0.7756893727847627,0.5994609712024382,-1.4252221661893145,0,1.0645833647544687,0.6737035990763425,-0.7937140105405687,Jeddah,1.3166981247975296,-1.2863424094698719,1.4129089973570317,-0.372227004816024,0.1795916409313088,0.33495652888622124,1.0056682391255622,-0.056154394320927475,-0.2539619887855589,1,0.0,0.0,0.0,0.0,0.0,0.0,0.03051397455554831,5,3,0
0.2830188679245283,3,0.3214285714285714,0.7756893727847627,0.5994609712024382,-1.4252221661893145,0,1.0645833647544687,0.6737035990763425,-0.7937140105405687,Jeddah,1.3166981247975296,-1.2863424094698719,1.4129089973570317,-0.372227004816024,0.1795916409313088,0.2307998736247727,1.0330476086951077,-0.7081031557029864,-0.27437308427867396,1,0.0,0.0,0.0,0.0,0.0,0.0,0.12093865476646315,5,3,0
0.3018867924528302,3,0.33928571428571425,0.7756893727847627,0.5994609712024382,-1.4252221661893145,0,1.0645833647544687,0.6737035990763425,-0.7937140105405687,Jeddah,1.3166981247975296,-1.2863424094698719,1.4129089973570317,-0.372227004816024,0.1795916409313088,0.21583652315059237,1.0545495618688638,1.2511153909416797,-0.10716463276117436,1,0.0,0.0,0.0,0.0,0.0,0.0,0.21131518049267775,5,3,0
0.32075471698113206,3,0.35714285714285715,0.7756893727847627,0.5994609712024382,-1.4252221661893145,0,1.0645833647544687,0.6737035990763425,-0.7937140105405687,Jeddah,1.3166981247975296,-1.2863424094698719,1.4129089973570317,-0.372227004816024,0.1795916409313088,0.2005797736475093,1.0736935951811337,0.1334756274578993,0.009096525831317037,1,0.0,0.0,0.0,0.0,0.0,0.0,0.30164260752861005,5,3,0
0.33962264150943394,3,0.375,0.7756893727847627,0.5994609712024382,-1.4252221661893145,0,1.0645833647544687,0.6737035990763425,-0.7937140105405687,Jeddah,1.3166981247975296,-1.2863424094698719,1.4129089973570317,-0.372227004816024,0.1795916409313088,0.22463849401775726,1.064211225153841,0.37149359219990247,-0.704561258301362,1,0.0,0.0,0.0,0.0,0.0,0.0,0.39204745942229546,5,3,0
0.3584905660377358,3,0.39285714285714285,0.7756893727847627,0.5994609712024382,-1.4252221661893145,0,1.0645833647544687,0.6737035990763425,-0.7937140105405687,Jeddah,1.3166981247975296,-1.2863424094698719,1.4129089973570317,-0.372227004816024,0.1795916409313088,0.19383159598268013,0.8141602277502713,0.5559617752664588,-1.2778963830468615,1,0.0,0.0,0.0,0.0,0.0,0.0,0.48235316972983344,5,3,0
0.37735849056603776,3,0.4107142857142857,0.7756893727847627,0.5994609712024382,-1.4252221661893145,0,1.0645833647544687,0.6737035990763425,-0.7937140105405687,Jeddah,1.3166981247975296,-1.2863424094698719,1.4129089973570317,-0.372227004816024,0.1795916409313088,0.20820814839905086,0.8387412972675625,0.6713336964848049,-1.3663842550285439,1,0.0,0.0,0.0,0.0,0.0,0.0,0.5727051461109072,5,3,0
0.39622641509433965,3,0.42857142857142855,0.7756893727847627,0.5994609712024382,-1.4252221661893145,0,1.0645833647544687,0.6737035990763425,-0.7937140105405687,Jeddah,1.3166981247975296,-1.2863424094698719,1.4129089973570317,-0.372227004816024,0.1795916409313088,0.08380696014312305,0.8670834711601784,0.7971921143540404,-1.0378107606173375,1,0.0,0.0,0.0,0.0,0.0,0.0,0.6626567793250623,5,3,0
0.41509433962264153,3,0.4464285714285714,0.7756893727847627,0.5994609712024382,-1.4252221661893145,0,1.0645833647544687,0.6737035990763425,-0.7937140105405687,Jeddah,1.3166981247975296,-1.2863424094698719,1.4129089973570317,-0.372227004816024,0.1795916409313088,0.09055513780795225,0.8917827916213289,0.5278513376391124,-1.2326373382886544,1,0.0,0.0,0.0,0.0,0.0,0.0,0.7526301292676116,5,3,0
0.5471698113207547,3,0.5714285714285714,0.7756893727847627,0.5994609712024382,-1.4252221661893145,0,1.0645833647544687,0.6737035990763425,-0.7937140105405687,Jeddah,1.3166981247975296,-1.2863424094698719,1.4129089973570317,-0.372227004816024,0.1795916409313088,0.05945484074396822,1.1151346982587484,-1.1691718574384362,-0.21519503809398213,1,0.0,0.0,0.0,0.0,0.0,0.0,1.3841374836802014,5,3,0
0.5660377358490566,3,0.5892857142857142,0.7756893727847627,0.5994609712024382,-1.4252221661893145,0,1.0645833647544687,0.6737035990763425,-0.7937140105405687,Jeddah,1.3166981247975296,-1.2863424094698719,1.4129089973570317,-0.372227004816024,0.1795916409313088,0.058281244628349015,1.1424295965366076,-0.7671423247588848,-0.36730624394100686,1,0.0,0.0,0.0,0.0,0.0,0.0,1.474006971008692,5,3,0
0.5849056603773585,3,0.6071428571428571,0.7756893727847627,0.5994609712024382,-1.4252221661893145,0,1.0645833647544687,0.6737035990763425,-0.7937140105405687,Jeddah,1.3166981247975296,-1.2863424094698719,1.4129089973570317,-0.372227004816024,0.1795916409313088,0.061215234917401204,1.167055842558713,-0.30940385330962566,-0.5442944500057624,1,0.0,0.0,0.0,0.0,0.0,0.0,1.5638859003930057,5,3,0
0.6037735849056604,3,0.6249999999999999,0.7756893727847627,0.5994609712024382,-1.4252221661893145,0,1.0645833647544687,0.6737035990763425,-0.7937140105405687,Jeddah,1.3166981247975296,-1.2863424094698719,1.4129089973570317,-0.372227004816024,0.1795916409313088,0.05622745142600915,1.1923836501683887,-0.10569766272991268,-0.9278885058920927,1,0.0,0.0,0.0,0.0,0.0,0.0,1.6537487782824198,5,3,0
0.6226415094339622,3,0.6428571428571428,0.7756893727847627,0.5994609712024382,-1.4252221661893145,0,1.0645833647544687,0.6737035990763425,-0.7937140105405687,Jeddah,1.3166981247975296,-1.2863424094698719,1.4129089973570317,-0.372227004816024,0.1795916409313088,0.28889288134805685,1.2175367522032288,0.18421791576312366,-1.3305415160476666,1,0.0,0.0,0.0,0.0,0.0,0.0,1.7443604111986408,5,3,0
0.6792452830188679,4,0.0,1.2348182145954227,-0.3655212045672162,-0.8825707317900047,0,0.8351124108129232,-0.39693562603573285,-0.6140813419121882,Jeddah,1.3166981247975296,-1.2863424094698719,1.4129089973570317,-0.372227004816024,0.1795916409313088,4.5701715111369055,1.338346846612599,-0.07202866346370214,0.25957652876246506,1,0.0,0.0,0.0,0.0,0.0,0.0,-1.3664419613600949,5,3,0
0.7358490566037735,4,0.05357142857142857,1.2348182145954227,-0.3655212045672162,-0.8825707317900047,0,0.8351124108129232,-0.39693562603573285,-0.6140813419121882,Jeddah,1.3166981247975296,-1.2863424094698719,1.4129089973570317,-0.372227004816024,0.1795916409313088,-0.6177101179698902,1.5040823163237331,-0.8130298089837272,-0.34981903948306775,1,0.0,0.0,0.0,0.0,0.0,0.0,-1.1023467157699909,5,3,0
0.7547169811320754,4,0.07142857142857142,1.2348182145954227,-0.3655212045672162,-0.8825707317900047,0,0.8351124108129232,-0.39693562603573285,-0.6140813419121882,Jeddah,1.3166981247975296,-1.2863424094698719,1.4129089973570317,-0.372227004816024,0.1795916409313088,-0.6561453907565089,1.5016655280786437,-1.1098010205369748,0.2504097641887171,1,0.0,0.0,0.0,0.0,0.0,0.0,-1.0147763690345333,5,3,0
0.0,4,0.05357142857142857,0.7756893727847627,0.5994609712024382,-1.4252221661893145,0,1.0645833647544687,0.6737035990763425,-0.7937140105405687,Jeddah,1.3166981247975296,-1.2863424094698719,1.4129089973570317,-0.372227004816024,0.1795916409313088,0.7055195023938468,0.00587804226995269,-0.6886513420479721,-1.2409108493543466,1,0.0,0.0,0.0,0.0,0.0,0.0,-1.239532233241424,7,5,0
0.018867924528301883,4,0.07142857142857142,0.7756893727847627,0.5994609712024382,-1.4252221661893145,0,1.0645833647544687,0.6737035990763425,-0.7937140105405687,Jeddah,1.3166981247975296,-1.2863424094698719,1.4129089973570317,-0.372227004816024,0.1795916409313088,0.18326923094208225,0.10032377094652918,-0.5839422317160212,-0.8778306827541305,1,0.0,0.0,0.0,0.0,0.0,0.0,-1.1492605143348507,7,5,0
0.03773584905660378,4,0.08928571428571427,0.7756893727847627,0.5994609712024382,-1.4252221661893145,0,1.0645833647544687,0.6737035990763425,-0.7937140105405687,Jeddah,1.3166981247975296,-1.2863424094698719,1.4129089973570317,-0.372227004816024,0.1795916409313088,0.048892475703370346,0.14765244321770424,-0.5578887398791291,-0.6664648497163779,1,0.0,0.0,0.0,0.0,0.0,0.0,-1.0594212415849957,7,5,0
0.05660377358490566,4,0.10714285714285715,0.7756893727847627,0.5994609712024382,-1.4252221661893145,0,1.0645833647544687,0.6737035990763425,-0.7937140105405687,Jeddah,1.3166981247975296,-1.2863424094698719,1.4129089973570317,-0.372227004816024,0.1795916409313088,0.1149072572071071,0.18592357882281382,-0.5244010391252496,-0.5907197443113337,1,0.0,0.0,0.0,0.0,0.0,0.0,-0.9693695225791108,7,5,0
0.07547169811320754,4,0.125,0.7756893727847627,0.5994609712024382,-1.4252221661893145,0,1.0645833647544687,0.6737035990763425,-0.7937140105405687,Jeddah,1.3166981247975296,-1.2863424094698719,1.4129089973570317,-0.372227004816024,0.1795916409313088,0.06913700869784961,0.22939809003041386,-0.2400007295760989,-0.666116034564163,1,0.0,0.0,0.0,0.0,0.0,0.0,-0.8794650996440733,7,5,0
0.09433962264150943,4,0.14285714285714285,0.7756893727847627,0.5994609712024382,-1.4252221661893145,0,1.0645833647544687,0.6737035990763425,-0.7937140105405687,Jeddah,1.3166981247975296,-1.2863424094698719,1.4129089973570317,-0.372227004816024,0.1795916409313088,-0.017709103858171836,0.2594211033255558,-0.05191544125183379,-0.678367029461438,1,0.0,0.0,0.0,0.0,0.0,0.0,-0.7898401615614126,7,5,0
0.11320754716981131,4,0.1607142857142857,0.7756893727847627,0.5994609712024382,-1.4252221661893145,0,1.0645833647544687,0.6737035990763425,-0.7937140105405687,Jeddah,1.3166981247975296,-1.2863424094698719,1.4129089973570317,-0.372227004816024,0.1795916409313088,-0.026217675696434017,0.28427085227282184,0.07787204207879447,-0.5475458875783397,1,0.0,0.0,0.0,0.0,0.0,0.0,-0.7002426054406403,7,5,0
0.13207547169811318,4,0.17857142857142858,0.7756893727847627,0.5994609712024382,-1.4252221661893145,0,1.0645833647544687,0.6737035990763425,-0.7937140105405687,Jeddah,1.3166981247975296,-1.2863424094698719,1.4129089973570317,-0.372227004816024,0.1795916409313088,0.006643015540982997,0.3076697974058554,0.195601290735742,-0.4817814736229889,1,0.0,0.0,0.0,0.0,0.0,0.0,-0.6105392982946442,7,5,0
0.15094339622641512,4,0.19642857142857142,0.7756893727847627,0.5994609712024382,-1.4252221661893145,0,1.0645833647544687,0.6737035990763425,-0.7937140105405687,Jeddah,1.3166981247975296,-1.2863424094698719,1.4129089973570317,-0.372227004816024,0.1795916409313088,-0.022696887349568057,0.32901720363027953,0.3714935921998612,-0.2657928674573649,1,0.0,0.0,0.0,0.0,0.0,0.0,-0.5209304117068835,7,5,0
0.169811320754717,4,0.21428571428571427,0.7756893727847627,0.5994609712024382,-1.4252221661893145,0,1.0645833647544687,0.6737035990763425,-0.7937140105405687,Jeddah,1.3166981247975296,-1.2863424094698719,1.4129089973570317,-0.372227004816024,0.1795916409313088,-0.01888269997379521,0.3487663565931134,0.4761561398381472,-0.0366586301378509,1,0.0,0.0,0.0,0.0,0.0,0.0,-0.4313092504465524,7,5,0
0.18867924528301888,4,0.23214285714285715,0.7756893727847627,0.5994609712024382,-1.4252221661893145,0,1.0645833647544687,0.6737035990763425,-0.7937140105405687,Jeddah,1.3166981247975296,-1.2863424094698719,1.4129089973570317,-0.372227004816024,0.1795916409313088,0.12488282418989119,0.37058046297092156,0.326433146327539,0.1848308861739118,1,0.0,0.0,0.0,0.0,0.0,0.0,-0.34122542845086756,7,5,0
0.20754716981132076,4,0.25,0.7756893727847627,0.5994609712024382,-1.4252221661893145,0,1.0645833647544687,0.6737035990763425,-0.7937140105405687,Jeddah,1.3166981247975296,-1.2863424094698719,1.4129089973570317,-0.372227004816024,0.1795916409313088,0.07617858539158152,0.40087550406173555,0.38474017436997915,0.3515335559135392,1,0.0,0.0,0.0,0.0,0.0,0.0,-0.2512983445818535,7,5,0
0.22641509433962265,4,0.26785714285714285,0.7756893727847627,0.5994609712024382,-1.4252221661893145,0,1.0645833647544687,0.6737035990763425,-0.7937140105405687,Jeddah,1.3166981247975296,-1.2863424094698719,1.4129089973570317,-0.372227004816024,0.1795916409313088,0.01779217863939048,0.42721970678874177,0.5649027726475562,0.5393595746784511,1,0.0,0.0,0.0,0.0,0.0,0.0,-0.16155915762372788,7,5,0
0.24528301886792453,4,0.2857142857142857,0.7756893727847627,0.5994609712024382,-1.4252221661893145,0,1.0645833647544687,0.6737035990763425,-0.7937140105405687,Jeddah,1.3166981247975296,-1.2863424094698719,1.4129089973570317,-0.372227004816024,0.1795916409313088,0.09202213295247835,0.45191121307508997,0.7005711366726209,0.6161216286017103,1,0.0,0.0,0.0,0.0,0.0,0.0,-0.07158108665326685,7,5,0
0.2641509433962264,4,0.30357142857142855,0.7756893727847627,0.5994609712024382,-1.4252221661893145,0,1.0645833647544687,0.6737035990763425,-0.7937140105405687,Jeddah,1.3166981247975296,-1.2863424094698719,1.4129089973570317,-0.372227004816024,0.1795916409313088,0.13573858825939597,0.4800875346691062,0.8943491719591827,0.6143058500104626,1,0.0,0.0,0.0,0.0,0.0,0.0,0.018537670948965315,7,5,0
0.2830188679245283,4,0.3214285714285714,0.7756893727847627,0.5994609712024382,-1.4252221661893145,0,1.0645833647544687,0.6737035990763425,-0.7937140105405687,Jeddah,1.3166981247975296,-1.2863424094698719,1.4129089973570317,-0.372227004816024,0.1795916409313088,0.2683549493246749,0.510082723761129,1.0220758423175078,0.6721155857312828,1,0.0,0.0,0.0,0.0,0.0,0.0,0.10908320947442145,7,5,0
0.3018867924528302,4,0.33928571428571425,0.7756893727847627,0.5994609712024382,-1.4252221661893145,0,1.0645833647544687,0.6737035990763425,-0.7937140105405687,Jeddah,1.3166981247975296,-1.2863424094698719,1.4129089973570317,-0.372227004816024,0.1795916409313088,0.25603219011064404,0.5454836154429883,1.0903009251502882,0.8784146706731832,1,0.0,0.0,0.0,0.0,0.0,0.0,0.19958909136541877,7,5,0
0.32075471698113206,4,0.35714285714285715,0.7756893727847627,0.5994609712024382,-1.4252221661893145,0,1.0645833647544687,0.6737035990763425,-0.7937140105405687,Jeddah,1.3166981247975296,-1.2863424094698719,1.4129089973570317,-0.372227004816024,0.1795916409313088,0.4288442181359746,0.5770238104610071,1.1277817381584052,0.836427623195707,1,0.0,0.0,0.0,0.0,0.0,0.0,0.29065111034442276,7,5,0
0.3584905660377358,3,0.0,0.7756893727847627,0.5994609712024382,-1.4252221661893145,0,1.0645833647544687,0.6737035990763425,-0.7937140105405687,Jeddah,1.3166981247975296,-1.2863424094698719,1.4129089973570317,-0.372227004816024,0.1795916409313088,5.463864953183012,0.23150566514105406,1.809978468798926,-0.12869117141814077,1,0.0,0.0,0.0,0.0,0.0,0.0,0.4905318784841874,7,5,0
0.37735849056603776,3,0.017857142857142856,0.7756893727847627,0.5994609712024382,-1.4252221661893145,0,1.0645833647544687,0.6737035990763425,-0.7937140105405687,Jeddah,1.3166981247975296,-1.2863424094698719,1.4129089973570317,-0.372227004816024,0.1795916409313088,-0.08665787565096077,0.614549325920811,0.6666135828137705,-0.3397000147014239,1,0.0,0.0,0.0,0.0,0.0,0.0,0.5799349282549945,7,5,0
0.39622641509433965,3,0.03571428571428571,0.7756893727847627,0.5994609712024382,-1.4252221661893145,0,1.0645833647544687,0.6737035990763425,-0.7937140105405687,Jeddah,1.3166981247975296,-1.2863424094698719,1.4129089973570317,-0.372227004816024,0.1795916409313088,-0.10514201447200705,0.6323229056552386,0.7102529887427151,-0.298403769575802,1,0.0,0.0,0.0,0.0,0.0,0.0,0.6692784930741136,7,5,0
0.41509433962264153,3,0.05357142857142857,0.7756893727847627,0.5994609712024382,-1.4252221661893145,0,1.0645833647544687,0.6737035990763425,-0.7937140105405687,Jeddah,1.3166981247975296,-1.2863424094698719,1.4129089973570317,-0.372227004816024,0.1795916409313088,-0.1529660561836044,0.6519950993759155,0.787297545645297,0.272529779095201,1,0.0,0.0,0.0,0.0,0.0,0.0,0.7584681523833089,7,5,0
0.4339622641509434,3,0.07142857142857142,0.7756893727847627,0.5994609712024382,-1.4252221661893145,0,1.0645833647544687,0.6737035990763425,-0.7937140105405687,Jeddah,1.3166981247975296,-1.2863424094698719,1.4129089973570317,-0.372227004816024,0.1795916409313088,-0.2682718745434604,0.6749546488957798,0.8379787662101069,0.2861861138717109,1,0.0,0.0,0.0,0.0,0.0,0.0,0.8472867388986388,7,5,0
0.4528301886792453,3,0.08928571428571427,0.7756893727847627,0.5994609712024382,-1.4252221661893145,0,1.0645833647544687,0.6737035990763425,-0.7937140105405687,Jeddah,1.3166981247975296,-1.2863424094698719,1.4129089973570317,-0.372227004816024,0.1795916409313088,-0.13184132610240865,0.6926831442683861,0.8287402219321595,0.42281074889205694,1,0.0,0.0,0.0,0.0,0.0,0.0,0.9365443810097638,7,5,0
0.4716981132075472,3,0.10714285714285715,0.7756893727847627,0.5994609712024382,-1.4252221661893145,0,1.0645833647544687,0.6737035990763425,-0.7937140105405687,Jeddah,1.3166981247975296,-1.2863424094698719,1.4129089973570317,-0.372227004816024,0.1795916409313088,-0.22015443380296035,0.716925958405749,0.8698467404532425,0.5270648413348208,1,0.0,0.0,0.0,0.0,0.0,0.0,1.0255178172405996,7,5,0
0.49056603773584906,3,0.125,0.7756893727847627,0.5994609712024382,-1.4252221661893145,0,1.0645833647544687,0.6737035990763425,-0.7937140105405687,Jeddah,1.3166981247975296,-1.2863424094698719,1.4129089973570317,-0.372227004816024,0.1795916409313088,-0.23365078913261042,0.7374838048824041,0.8471661144544538,0.5544766518721733,1,0.0,0.0,0.0,0.0,0.0,0.0,1.114447820014648,7,5,0
0.5094339622641509,3,0.14285714285714285,0.7756893727847627,0.5994609712024382,-1.4252221661893145,0,1.0645833647544687,0.6737035990763425,-0.7937140105405687,Jeddah,1.3166981247975296,-1.2863424094698719,1.4129089973570317,-0.372227004816024,0.1795916409313088,-0.31052133470584775,0.7560276654983692,0.5786265266253414,0.6470230475280083,1,0.0,0.0,0.0,0.0,0.0,0.0,1.2031304409261185,7,5,0
0.5283018867924528,3,0.1607142857142857,0.7756893727847627,0.5994609712024382,-1.4252221661893145,0,1.0645833647544687,0.6737035990763425,-0.7937140105405687,Jeddah,1.3166981247975296,-1.2863424094698719,1.4129089973570317,-0.372227004816024,0.1795916409313088,-0.3521839968104255,0.772863124549543,0.3183636604900938,0.7981392457074096,1,0.0,0.0,0.0,0.0,0.0,0.0,1.2916789846448953,7,5,0
0.5471698113207547,3,0.17857142857142858,0.7756893727847627,0.5994609712024382,-1.4252221661893145,0,1.0645833647544687,0.6737035990763425,-0.7937140105405687,Jeddah,1.3166981247975296,-1.2863424094698719,1.4129089973570317,-0.372227004816024,0.1795916409313088,-0.30846754150350786,0.7872385364283953,0.1522965998598282,0.9174610158324283,1,0.0,0.0,0.0,0.0,0.0,0.0,1.3803682149954428,7,5,0
0.5660377358490566,3,0.19642857142857142,0.7756893727847627,0.5994609712024382,-1.4252221661893145,0,1.0645833647544687,0.6737035990763425,-0.7937140105405687,Jeddah,1.3166981247975296,-1.2863424094698719,1.4129089973570317,-0.372227004816024,0.1795916409313088,-0.349543405550276,0.8053998729767932,0.007908043072015479,0.961985235089165,1,0.0,0.0,0.0,0.0,0.0,0.0,1.4689252565644608,7,5,0
0.5849056603773585,3,0.21428571428571427,0.7756893727847627,0.5994609712024382,-1.4252221661893145,0,1.0645833647544687,0.6737035990763425,-0.7937140105405687,Jeddah,1.3166981247975296,-1.2863424094698719,1.4129089973570317,-0.372227004816024,0.1795916409313088,-0.34103483371201804,0.818635466128841,-0.9507342609156051,1.0501398760210858,1,0.0,0.0,0.0,0.0,0.0,0.0,1.5575096800953667,7,5,0
0.6037735849056604,3,0.23214285714285715,0.7756893727847627,0.5994609712024382,-1.4252221661893145,0,1.0645833647544687,0.6737035990763425,-0.7937140105405687,Jeddah,1.3166981247975296,-1.2863424094698719,1.4129089973570317,-0.372227004816024,0.1795916409313088,-0.3648001550533632,0.833608191840874,1.0376304493920212,1.1276262060079445,1,0.0,0.0,0.0,0.0,0.0,0.0,1.6460176229741021,7,5,0
0.6226415094339622,3,0.25,0.7756893727847627,0.5994609712024382,-1.4252221661893145,0,1.0645833647544687,0.6737035990763425,-0.7937140105405687,Jeddah,1.3166981247975296,-1.2863424094698719,1.4129089973570317,-0.372227004816024,0.1795916409313088,-0.23570458233495029,0.8479994623230124,1.0103443442247737,1.1700554412721142,1,0.0,0.0,0.0,0.0,0.0,0.0,1.7349410163090733,7,5,0
0.6415094339622641,3,0.26785714285714285,1.2348182145954227,-0.3655212045672162,-0.8825707317900047,0,0.8351124108129232,-0.39693562603573285,-0.6140813419121882,Jeddah,1.3166981247975296,-1.2863424094698719,1.4129089973570317,-0.372227004816024,0.1795916409313088,-0.31198832985037384,0.8667338157144454,0.9990284204897938,1.067087007332838,1,0.0,0.0,0.0,0.0,0.0,0.0,-1.5755712231790204,7,5,0
0.660377358490566,3,0.2857142857142857,1.2348182145954227,-0.3655212045672162,-0.8825707317900047,0,0.8351124108129232,-0.39693562603573285,-0.6140813419121882,Jeddah,1.3166981247975296,-1.2863424094698719,1.4129089973570317,-0.372227004816024,0.1795916409313088,-0.25330852406928006,0.8834957636098995,0.972235768965294,1.0471920877687888,1,0.0,0.0,0.0,0.0,0.0,0.0,-1.4867044821789905,7,5,0
0.6792452830188679,3,0.30357142857142855,1.2348182145954227,-0.3655212045672162,-0.8825707317900047,0,0.8351124108129232,-0.39693562603573285,-0.6140813419121882,Jeddah,1.3166981247975296,-1.2863424094698719,1.4129089973570317,-0.372227004816024,0.1795916409313088,-0.2618170959075381,0.9021430139800959,0.8843509463755133,0.9330256614131386,1,0.0,0.0,0.0,0.0,0.0,0.0,-1.3978651231408488,7,5,0
0.6981132075471698,3,0.3214285714285714,1.2348182145954227,-0.3655212045672162,-0.8825707317900047,0,0.8351124108129232,-0.39693562603573285,-0.6140813419121882,Jeddah,1.3166981247975296,-1.2863424094698719,1.4129089973570317,-0.372227004816024,0.1795916409313088,-0.31697611334177006,0.9201307702175562,0.9141665336828908,0.8534610605728554,1,0.0,0.0,0.0,0.0,0.0,0.0,-1.3092032747521896,7,5,0
0.7169811320754716,3,0.33928571428571425,1.2348182145954227,-0.3655212045672162,-0.8825707317900047,0,0.8351124108129232,-0.39693562603573285,-0.6140813419121882,Jeddah,1.3166981247975296,-1.2863424094698719,1.4129089973570317,-0.372227004816024,0.1795916409313088,-0.330765867700327,0.9371545273087586,0.8987293614070413,0.8580512498674698,1,0.0,0.0,0.0,0.0,0.0,0.0,-1.220585804025901,7,5,0
0.7358490566037735,3,0.35714285714285715,1.2348182145954227,-0.3655212045672162,-0.8825707317900047,0,0.8351124108129232,-0.39693562603573285,-0.6140813419121882,Jeddah,1.3166981247975296,-1.2863424094698719,1.4129089973570317,-0.372227004816024,0.1795916409313088,-0.3020127628675897,0.9542016922313853,0.8919550910498522,0.8634861707898172,1,0.0,0.0,0.0,0.0,0.0,0.0,-1.1318758011525418,7,5,0
0.7547169811320754,3,0.375,1.2348182145954227,-0.3655212045672162,-0.8825707317900047,0,0.8351124108129232,-0.39693562603573285,-0.6140813419121882,Jeddah,1.3166981247975296,-1.2863424094698719,1.4129089973570317,-0.372227004816024,0.1795916409313088,-0.32753847838236794,0.9637887746995135,0.8944820751411323,0.8947572349070839,1,0.0,0.0,0.0,0.0,0.0,0.0,-1.0432479441648475,7,5,0
0.7735849056603773,3,0.39285714285714285,1.2348182145954227,-0.3655212045672162,-0.8825707317900047,0,0.8351124108129232,-0.39693562603573285,-0.6140813419121882,Jeddah,1.3166981247975296,-1.2863424094698719,1.4129089973570317,-0.372227004816024,0.1795916409313088,-0.38944567348142495,0.9804505372888646,0.9204583846561132,0.893915742972219,1,0.0,0.0,0.0,0.0,0.0,0.0,-0.9548193145550298,7,5,0
0.7924528301886792,3,0.4107142857142857,1.2348182145954227,-0.3655212045672162,-0.8825707317900047,0,0.8351124108129232,-0.39693562603573285,-0.6140813419121882,Jeddah,1.3166981247975296,-1.2863424094698719,1.4129089973570317,-0.372227004816024,0.1795916409313088,-0.40763641327356437,0.9948912347168142,0.9007165374110038,0.858910542593873,1,0.0,0.0,0.0,0.0,0.0,0.0,-0.866449225691318,7,5,0
0.8113207547169811,3,0.42857142857142855,1.2348182145954227,-0.3655212045672162,-0.8825707317900047,0,0.8351124108129232,-0.39693562603573285,-0.6140813419121882,Jeddah,1.3166981247975296,-1.2863424094698719,1.4129089973570317,-0.372227004816024,0.1795916409313088,-0.44137730159769367,1.0101142213070076,0.9081143537917574,0.8701845418132297,1,0.0,0.0,0.0,0.0,0.0,0.0,-0.7781877204695772,7,5,0
0.8301886792452831,3,0.4464285714285714,1.2348182145954227,-0.3655212045672162,-0.8825707317900047,0,0.8351124108129232,-0.39693562603573285,-0.6140813419121882,Jeddah,1.3166981247975296,-1.2863424094698719,1.4129089973570317,-0.372227004816024,0.1795916409313088,-0.3677341453424196,1.0172979154917758,0.8864889664885538,0.887168883244012,1,0.0,0.0,0.0,0.0,0.0,0.0,-0.6896892196466653,7,5,0
0.8490566037735849,3,0.46428571428571425,1.2348182145954227,-0.3655212045672162,-0.8825707317900047,0,0.8351124108129232,-0.39693562603573285,-0.6140813419121882,Jeddah,1.3166981247975296,-1.2863424094698719,1.4129089973570317,-0.372227004816024,0.1795916409313088,-0.3574651793307244,1.0294612424343472,0.9046837581162483,0.873878800961627,1,0.0,0.0,0.0,0.0,0.0,0.0,-0.6011576716283711,7,5,0
0.8679245283018868,3,0.48214285714285715,1.2348182145954227,-0.3655212045672162,-0.8825707317900047,0,0.8351124108129232,-0.39693562603573285,-0.6140813419121882,Jeddah,1.3166981247975296,-1.2863424094698719,1.4129089973570317,-0.372227004816024,0.1795916409313088,-0.3897390725103277,1.0467427610520128,0.8995245176532636,0.8721747482936334,1,0.0,0.0,0.0,0.0,0.0,0.0,-0.5127299862241357,7,5,0
0.0,3,0.05357142857142857,0.7756893727847627,0.5994609712024382,-1.4252221661893145,0,1.0645833647544687,0.6737035990763425,-0.7937140105405687,Jeddah,1.3166981247975296,-1.2863424094698719,1.4129089973570317,-0.372227004816024,0.1795916409313088,0.8930014818644549,0.6287827114308076,-0.6366411695748082,-0.7406075548762732,1,0.0,0.0,0.0,0.0,0.0,0.0,-1.2368176421921553,8,6,0
0.018867924528301883,3,0.07142857142857142,0.7756893727847627,0.5994609712024382,-1.4252221661893145,0,1.0645833647544687,0.6737035990763425,-0.7937140105405687,Jeddah,1.3166981247975296,-1.2863424094698719,1.4129089973570317,-0.372227004816024,0.1795916409313088,0.46199830840229433,0.6957133718050296,-0.6249692867175348,-0.7149368194612943,1,0.0,0.0,0.0,0.0,0.0,0.0,-1.1456489279823452,8,6,0
0.03773584905660378,3,0.08928571428571427,0.7756893727847627,0.5994609712024382,-1.4252221661893145,0,1.0645833647544687,0.6737035990763425,-0.7937140105405687,Jeddah,1.3166981247975296,-1.2863424094698719,1.4129089973570317,-0.372227004816024,0.1795916409313088,0.29153347260820633,0.7389965107772376,-0.5594851778856155,-0.6570716843928802,1,0.0,0.0,0.0,0.0,0.0,0.0,-1.0550287972158832,8,6,0
0.05660377358490566,3,0.10714285714285715,0.7756893727847627,0.5994609712024382,-1.4252221661893145,0,1.0645833647544687,0.6737035990763425,-0.7937140105405687,Jeddah,1.3166981247975296,-1.2863424094698719,1.4129089973570317,-0.372227004816024,0.1795916409313088,0.1592105105718343,0.7745496793159473,-0.5649245946355513,-0.673456111662742,1,0.0,0.0,0.0,0.0,0.0,0.0,-0.9648345031670628,8,6,0
0.07547169811320754,3,0.125,0.7756893727847627,0.5994609712024382,-1.4252221661893145,0,1.0645833647544687,0.6737035990763425,-0.7937140105405687,Jeddah,1.3166981247975296,-1.2863424094698719,1.4129089973570317,-0.372227004816024,0.1795916409313088,0.1592105105718343,0.8034443743661321,-0.5334957600325543,-0.6615878899066069,1,0.0,0.0,0.0,0.0,0.0,0.0,-0.8746402091182424,8,6,0
0.09433962264150943,3,0.14285714285714285,0.7756893727847627,0.5994609712024382,-1.4252221661893145,0,1.0645833647544687,0.6737035990763425,-0.7937140105405687,Jeddah,1.3166981247975296,-1.2863424094698719,1.4129089973570317,-0.372227004816024,0.1795916409313088,0.1935381969537774,0.8263818126618342,-0.5531086287110033,-0.7027787034532155,1,0.0,0.0,0.0,0.0,0.0,0.0,-0.7843354430162867,8,6,0
0.11320754716981131,3,0.1607142857142857,0.7756893727847627,0.5994609712024382,-1.4252221661893145,0,1.0645833647544687,0.6737035990763425,-0.7937140105405687,Jeddah,1.3166981247975296,-1.2863424094698719,1.4129089973570317,-0.372227004816024,0.1795916409313088,0.3839541667134378,0.8517508375521013,-0.598922383547655,-0.7131434397572313,1,0.0,0.0,0.0,0.0,0.0,0.0,-0.6934178874913828,8,6,0
0.13207547169811318,3,0.17857142857142858,0.7756893727847627,0.5994609712024382,-1.4252221661893145,0,1.0645833647544687,0.6737035990763425,-0.7937140105405687,Jeddah,1.3166981247975296,-1.2863424094698719,1.4129089973570317,-0.372227004816024,0.1795916409313088,0.2601397765153196,0.8850200232647338,-0.3769682079632444,-0.744984533745785,1,0.0,0.0,0.0,0.0,0.0,0.0,-0.6028987867222325,8,6,0
0.15094339622641512,3,0.19642857142857142,0.7756893727847627,0.5994609712024382,-1.4252221661893145,0,1.0645833647544687,0.6737035990763425,-0.7937140105405687,Jeddah,1.3166981247975296,-1.2863424094698719,1.4129089973570317,-0.372227004816024,0.1795916409313088,0.25280480079268497,0.9094978285843112,-0.33347794142388026,-0.7092046014399264,1,0.0,0.0,0.0,0.0,0.0,0.0,-0.5124032910926412,8,6,0
0.169811320754717,3,0.21428571428571427,0.7756893727847627,0.5994609712024382,-1.4252221661893145,0,1.0645833647544687,0.6737035990763425,-0.7937140105405687,Jeddah,1.3166981247975296,-1.2863424094698719,1.4129089973570317,-0.372227004816024,0.1795916409313088,0.2930004677527366,0.9336877359447526,-0.42074849291871086,-0.7228500736820865,1,0.0,0.0,0.0,0.0,0.0,0.0,-0.42177843929826714,8,6,0
0.18867924528301888,3,0.23214285714285715,0.7756893727847627,0.5994609712024382,-1.4252221661893145,0,1.0645833647544687,0.6737035990763425,-0.7937140105405687,Jeddah,1.3166981247975296,-1.2863424094698719,1.4129089973570317,-0.372227004816024,0.1795916409313088,0.2762767231051233,0.9603985128114133,-0.3689755580538038,-0.7135019655144459,1,0.0,0.0,0.0,0.0,0.0,0.0,-0.3312074072220874,8,6,0
0.20754716981132076,3,0.25,0.7756893727847627,0.5994609712024382,-1.4252221661893145,0,1.0645833647544687,0.6737035990763425,-0.7937140105405687,Jeddah,1.3166981247975296,-1.2863424094698719,1.4129089973570317,-0.372227004816024,0.1795916409313088,0.39745052204308784,0.9852835204712964,-0.39885880680627256,-0.7905054986872435,1,0.0,0.0,0.0,0.0,0.0,0.0,-0.2402464182403953,8,6,0
0.22641509433962265,3,0.26785714285714285,0.7756893727847627,0.5994609712024382,-1.4252221661893145,0,1.0645833647544687,0.6737035990763425,-0.7937140105405687,Jeddah,1.3166981247975296,-1.2863424094698719,1.4129089973570317,-0.372227004816024,0.1795916409313088,0.2868390881457212,1.0145912618375492,-0.295997206057084,-0.5813998631038819,1,0.0,0.0,0.0,0.0,0.0,0.0,-0.14964139476325097,8,6,0
0.24528301886792453,3,0.2857142857142857,0.7756893727847627,0.5994609712024382,-1.4252221661893145,0,1.0645833647544687,0.6737035990763425,-0.7937140105405687,Jeddah,1.3166981247975296,-1.2863424094698719,1.4129089973570317,-0.372227004816024,0.1795916409313088,0.32674135607686594,1.0404673649183596,-0.30693326643383617,-0.537162939027251,1,0.0,0.0,0.0,0.0,0.0,0.0,-0.05890795932690626,8,6,0
0.2641509433962264,3,0.30357142857142855,0.7756893727847627,0.5994609712024382,-1.4252221661893145,0,1.0645833647544687,0.6737035990763425,-0.7937140105405687,Jeddah,1.3166981247975296,-1.2863424094698719,1.4129089973570317,-0.372227004816024,0.1795916409313088,0.31324500074721584,1.0668989096234274,-0.2521640112648269,-0.6206849812750032,1,0.0,0.0,0.0,0.0,0.0,0.0,0.03178204265265011,8,6,0
0.2830188679245283,3,0.3214285714285714,0.7756893727847627,0.5994609712024382,-1.4252221661893145,0,1.0645833647544687,0.6737035990763425,-0.7937140105405687,Jeddah,1.3166981247975296,-1.2863424094698719,1.4129089973570317,-0.372227004816024,0.1795916409313088,0.41652145892194375,1.0921014250372616,-0.2719202281171318,-0.8002846813267802,1,0.0,0.0,0.0,0.0,0.0,0.0,0.1228044049971953,8,6,0
0.3018867924528302,3,0.33928571428571425,0.7756893727847627,0.5994609712024382,-1.4252221661893145,0,1.0645833647544687,0.6737035990763425,-0.7937140105405687,Jeddah,1.3166981247975296,-1.2863424094698719,1.4129089973570317,-0.372227004816024,0.1795916409313088,0.35608125896741283,1.1194860870843897,-0.11007656672070538,-0.7759406196585356,1,0.0,0.0,0.0,0.0,0.0,0.0,0.21363226099177537,8,6,0
0.32075471698113206,3,0.35714285714285715,0.7756893727847627,0.5994609712024382,-1.4252221661893145,0,1.0645833647544687,0.6737035990763425,-0.7937140105405687,Jeddah,1.3166981247975296,-1.2863424094698719,1.4129089973570317,-0.372227004816024,0.1795916409313088,0.24899061341691212,1.1427392436708914,0.0024544172937608928,-0.6339828315149403,1,0.0,0.0,0.0,0.0,0.0,0.0,0.3041154819487963,8,6,0
0.33962264150943394,3,0.375,0.7756893727847627,0.5994609712024382,-1.4252221661893145,0,1.0645833647544687,0.6737035990763425,-0.7937140105405687,Jeddah,1.3166981247975296,-1.2863424094698719,1.4129089973570317,-0.372227004816024,0.1795916409313088,0.14043297272188113,1.1355647579540764,-1.1444402827887428,-0.29026266645730137,1,0.0,0.0,0.0,0.0,0.0,0.0,0.3942493468403458,8,6,0
0.3584905660377358,3,0.39285714285714285,0.7756893727847627,0.5994609712024382,-1.4252221661893145,0,1.0645833647544687,0.6737035990763425,-0.7937140105405687,Jeddah,1.3166981247975296,-1.2863424094698719,1.4129089973570317,-0.372227004816024,0.1795916409313088,0.04830567764556074,0.8977738251793291,-0.7147550734200743,-0.5197831831653917,1,0.0,0.0,0.0,0.0,0.0,0.0,0.48408673117903633,8,6,0
0.37735849056603776,3,0.4107142857142857,0.7756893727847627,0.5994609712024382,-1.4252221661893145,0,1.0645833647544687,0.6737035990763425,-0.7937140105405687,Jeddah,1.3166981247975296,-1.2863424094698719,1.4129089973570317,-0.372227004816024,0.1795916409313088,0.1313376028258135,0.9143156916878593,-0.8321229268185338,-0.6591546073883585,1,0.0,0.0,0.0,0.0,0.0,0.0,0.5741913256975331,8,6,0
0.39622641509433965,3,0.42857142857142855,0.7756893727847627,0.5994609712024382,-1.4252221661893145,0,1.0645833647544687,0.6737035990763425,-0.7937140105405687,Jeddah,1.3166981247975296,-1.2863424094698719,1.4129089973570317,-0.372227004816024,0.1795916409313088,0.08938154169232888,0.9376236124325911,-1.2360241583348863,-0.9545084539696358,1,0.0,0.0,0.0,0.0,0.0,0.0,0.6641608988177531,8,6,0
0.41509433962264153,3,0.4464285714285714,0.7756893727847627,0.5994609712024382,-1.4252221661893145,0,1.0645833647544687,0.6737035990763425,-0.7937140105405687,Jeddah,1.3166981247975296,-1.2863424094698719,1.4129089973570317,-0.372227004816024,0.1795916409313088,0.26131337263094295,0.9611568788428698,-1.0353690363659138,-0.872707674590266,1,0.0,0.0,0.0,0.0,0.0,0.0,0.7546837764092327,8,6,0
0.4339622641509434,3,0.46428571428571425,0.7756893727847627,0.5994609712024382,-1.4252221661893145,0,1.0645833647544687,0.6737035990763425,-0.7937140105405687,Jeddah,1.3166981247975296,-1.2863424094698719,1.4129089973570317,-0.372227004816024,0.1795916409313088,0.1063986853688449,0.9960867852852126,-0.6074496860821141,-0.8070877402212294,1,0.0,0.0,0.0,0.0,0.0,0.0,0.8447081134532293,8,6,0
0.4528301886792453,3,0.48214285714285715,0.7756893727847627,0.5994609712024382,-1.4252221661893145,0,1.0645833647544687,0.6737035990763425,-0.7937140105405687,Jeddah,1.3166981247975296,-1.2863424094698719,1.4129089973570317,-0.372227004816024,0.1795916409313088,0.5861060976293152,1.024804026170503,-0.5658863470022629,-1.0313234780279161,1,0.0,0.0,0.0,0.0,0.0,0.0,0.936276226624375,8,6,0
0.5660377358490566,4,0.0,0.7756893727847627,0.5994609712024382,-1.4252221661893145,0,1.0645833647544687,0.6737035990763425,-0.7937140105405687,Jeddah,1.3166981247975296,-1.2863424094698719,1.4129089973570317,-0.372227004816024,0.1795916409313088,4.309339774439926,1.241080337870944,-0.38011875018413893,-0.3179309730734662,1,0.0,0.0,0.0,0.0,0.0,0.0,1.49316395806908,8,6,0
0.660377358490566,4,0.08928571428571427,1.2348182145954227,-0.3655212045672162,-0.8825707317900047,0,0.8351124108129232,-0.39693562603573285,-0.6140813419121882,Jeddah,1.3166981247975296,-1.2863424094698719,1.4129089973570317,-0.372227004816024,0.1795916409313088,-0.45047267149376546,1.436047519659752,-0.09769958794273438,-1.003067763871941,1,0.0,0.0,0.0,0.0,0.0,0.0,-1.4631389992545896,8,6,0
0.6792452830188679,4,0.10714285714285715,1.2348182145954227,-0.3655212045672162,-0.8825707317900047,0,0.8351124108129232,-0.39693562603573285,-0.6140813419121882,Jeddah,1.3166981247975296,-1.2863424094698719,1.4129089973570317,-0.372227004816024,0.1795916409313088,-0.4249469559789873,1.4422538381511463,-0.4494946544821713,-0.6234043417174105,1,0.0,0.0,0.0,0.0,0.0,0.0,-1.374824618520237,8,6,0
0.6981132075471698,4,0.125,1.2348182145954227,-0.3655212045672162,-0.8825707317900047,0,0.8351124108129232,-0.39693562603573285,-0.6140813419121882,Jeddah,1.3166981247975296,-1.2863424094698719,1.4129089973570317,-0.372227004816024,0.1795916409313088,-0.20255049206863054,1.4491470306358798,-1.241799144986834,-0.3322215348497663,1,0.0,0.0,0.0,0.0,0.0,0.0,-1.2857945299544598,8,6,0
0.0,4,0.05357142857142857,0.7756893727847627,0.5994609712024382,-1.4252221661893145,0,1.0645833647544687,0.6737035990763425,-0.7937140105405687,Jeddah,1.3166981247975296,-1.2863424094698719,1.4129089973570317,-0.372227004816024,0.1795916409313088,0.8014609848459401,0.4098201785236864,-0.01723639058111636,-0.9495627619900445,1,0.0,0.0,0.0,0.0,0.0,0.0,-1.2382792724336398,9,7,0
0.018867924528301883,4,0.07142857142857142,0.7756893727847627,0.5994609712024382,-1.4252221661893145,0,1.0645833647544687,0.6737035990763425,-0.7937140105405687,Jeddah,1.3166981247975296,-1.2863424094698719,1.4129089973570317,-0.372227004816024,0.1795916409313088,0.4050788967946294,0.4840034441088231,0.0024544172937347557,-0.8652476561093883,1,0.0,0.0,0.0,0.0,0.0,0.0,-1.1472937341068066,9,7,0
0.03773584905660378,4,0.08928571428571427,0.7756893727847627,0.5994609712024382,-1.4252221661893145,0,1.0645833647544687,0.6737035990763425,-0.7937140105405687,Jeddah,1.3166981247975296,-1.2863424094698719,1.4129089973570317,-0.372227004816024,0.1795916409313088,0.16537189017884973,0.5320505951180059,0.16245444799640035,-0.8415143372285897,1,0.0,0.0,0.0,0.0,0.0,0.0,-1.0570796117407568,9,7,0
0.05660377358490566,4,0.10714285714285715,0.7756893727847627,0.5994609712024382,-1.4252221661893145,0,1.0645833647544687,0.6737035990763425,-0.7937140105405687,Jeddah,1.3166981247975296,-1.2863424094698719,1.4129089973570317,-0.372227004816024,0.1795916409313088,0.04273109609635491,0.5667985905245171,0.2708473409270475,-0.7297137924898641,1,0.0,0.0,0.0,0.0,0.0,0.0,-0.9672601673081312,9,7,0
0.07547169811320754,4,0.125,0.7756893727847627,0.5994609712024382,-1.4252221661893145,0,1.0645833647544687,0.6737035990763425,-0.7937140105405687,Jeddah,1.3166981247975296,-1.2863424094698719,1.4129089973570317,-0.372227004816024,0.1795916409313088,0.030408336882324055,0.5944144650711514,0.22650845796822788,-0.7552411919313609,1,0.0,0.0,0.0,0.0,0.0,0.0,-0.8774803795099644,9,7,0
0.09433962264150943,4,0.14285714285714285,0.7756893727847627,0.5994609712024382,-1.4252221661893145,0,1.0645833647544687,0.6737035990763425,-0.7937140105405687,Jeddah,1.3166981247975296,-1.2863424094698719,1.4129089973570317,-0.372227004816024,0.1795916409313088,0.09906370964621027,0.6144164322478503,0.19479077947951426,-0.7552411919313609,1,0.0,0.0,0.0,0.0,0.0,0.0,-0.7874796476055267,9,7,0
0.11320754716981131,4,0.1607142857142857,0.7756893727847627,0.5994609712024382,-1.4252221661893145,0,1.0645833647544687,0.6737035990763425,-0.7937140105405687,Jeddah,1.3166981247975296,-1.2863424094698719,1.4129089973570317,-0.372227004816024,0.1795916409313088,0.16273129891870025,0.6394207887624119,0.2656121667010602,-0.7515710452542386,1,0.0,0.0,0.0,0.0,0.0,0.0,-0.6972740230897181,9,7,0
0.13207547169811318,4,0.17857142857142858,0.7756893727847627,0.5994609712024382,-1.4252221661893145,0,1.0645833647544687,0.6737035990763425,-0.7937140105405687,Jeddah,1.3166981247975296,-1.2863424094698719,1.4129089973570317,-0.372227004816024,0.1795916409313088,0.2214111046997982,0.6671278598825483,0.29448947725895175,-0.7629741928713147,1,0.0,0.0,0.0,0.0,0.0,0.0,-0.6068795574574386,9,7,0
0.15094339622641512,4,0.19642857142857142,0.7756893727847627,0.5994609712024382,-1.4252221661893145,0,1.0645833647544687,0.6737035990763425,-0.7937140105405687,Jeddah,1.3166981247975296,-1.2863424094698719,1.4129089973570317,-0.372227004816024,0.1795916409313088,0.16449169309213324,0.6943934480859643,0.4028948497256541,-0.8825732519091128,1,0.0,0.0,0.0,0.0,0.0,0.0,-0.5166682677081359,9,7,0
0.169811320754717,4,0.21428571428571427,0.7756893727847627,0.5994609712024382,-1.4252221661893145,0,1.0645833647544687,0.6737035990763425,-0.7937140105405687,Jeddah,1.3166981247975296,-1.2863424094698719,1.4129089973570317,-0.372227004816024,0.1795916409313088,0.20674115325452475,0.7187237333639956,0.4403671226480183,-0.7878821533342237,1,0.0,0.0,0.0,0.0,0.0,0.0,-0.42632101235497427,9,7,0
0.18867924528301888,4,0.23214285714285715,0.7756893727847627,0.5994609712024382,-1.4252221661893145,0,1.0645833647544687,0.6737035990763425,-0.7937140105405687,Jeddah,1.3166981247975296,-1.2863424094698719,1.4129089973570317,-0.372227004816024,0.1795916409313088,0.23197346974039607,0.746263689913482,0.5443479985400944,-0.7217688384233503,1,0.0,0.0,0.0,0.0,0.0,0.0,-0.33589255532172985,9,7,0
0.20754716981132076,4,0.25,0.7756893727847627,0.5994609712024382,-1.4252221661893145,0,1.0645833647544687,0.6737035990763425,-0.7937140105405687,Jeddah,1.3166981247975296,-1.2863424094698719,1.4129089973570317,-0.372227004816024,0.1795916409313088,0.1052250892532257,0.773779393603674,0.6395577639625686,-0.5242721402807091,1,0.0,0.0,0.0,0.0,0.0,0.0,-0.24587199510006283,9,7,0
0.22641509433962265,4,0.26785714285714285,0.7756893727847627,0.5994609712024382,-1.4252221661893145,0,1.0645833647544687,0.6737035990763425,-0.7937140105405687,Jeddah,1.3166981247975296,-1.2863424094698719,1.4129089973570317,-0.372227004816024,0.1795916409313088,0.16067750571636039,0.7945333714668754,0.687523227765346,-0.22379427447445158,1,0.0,0.0,0.0,0.0,0.0,0.0,-0.15567298002333071,9,7,0
0.24528301886792453,4,0.2857142857142857,0.7756893727847627,0.5994609712024382,-1.4252221661893145,0,1.0645833647544687,0.6737035990763425,-0.7937140105405687,Jeddah,1.3166981247975296,-1.2863424094698719,1.4129089973570317,-0.372227004816024,0.1795916409313088,0.09055513780795225,0.8195732803501566,0.7402770450753177,-0.053161203571047755,1,0.0,0.0,0.0,0.0,0.0,0.0,-0.06569963008078133,9,7,0
0.2641509433962264,4,0.30357142857142855,0.7756893727847627,0.5994609712024382,-1.4252221661893145,0,1.0645833647544687,0.6737035990763425,-0.7937140105405687,Jeddah,1.3166981247975296,-1.2863424094698719,1.4129089973570317,-0.372227004816024,0.1795916409313088,0.053000062108050076,0.8402824392474446,0.778911729510673,0.14119844595237493,1,0.0,0.0,0.0,0.0,0.0,0.0,0.02415286154722674,9,7,0
0.2830188679245283,4,0.3214285714285714,0.7756893727847627,0.5994609712024382,-1.4252221661893145,0,1.0645833647544687,0.6737035990763425,-0.7937140105405687,Jeddah,1.3166981247975296,-1.2863424094698719,1.4129089973570317,-0.372227004816024,0.1795916409313088,0.05211986502133359,0.8587310754034841,0.7945122793164014,0.7329761622823658,1,0.0,0.0,0.0,0.0,0.0,0.0,0.11400252055848782,9,7,0
0.32075471698113206,3,0.0,0.7756893727847627,0.5994609712024382,-1.4252221661893145,0,1.0645833647544687,0.6737035990763425,-0.7937140105405687,Jeddah,1.3166981247975296,-1.2863424094698719,1.4129089973570317,-0.372227004816024,0.1795916409313088,4.933986306979706,0.9253799531245169,1.0605117677245541,-0.19971811485786128,1,0.0,0.0,0.0,0.0,0.0,0.0,0.3119580535158319,9,7,0
0.33962264150943394,3,0.017857142857142856,0.7756893727847627,0.5994609712024382,-1.4252221661893145,0,1.0645833647544687,0.6737035990763425,-0.7937140105405687,Jeddah,1.3166981247975296,-1.2863424094698719,1.4129089973570317,-0.372227004816024,0.1795916409313088,-0.17614457946713585,1.106791240665334,-0.6883060539615167,-1.1758154144929456,1,0.0,0.0,0.0,0.0,0.0,0.0,0.4010731205840212,9,7,0
0.3584905660377358,3,0.03571428571428571,0.7756893727847627,0.5994609712024382,-1.4252221661893145,0,1.0645833647544687,0.6737035990763425,-0.7937140105405687,Jeddah,1.3166981247975296,-1.2863424094698719,1.4129089973570317,-0.372227004816024,0.1795916409313088,0.14307356398203058,0.8479174827065591,-1.2432460402712238,-0.7318870092740181,1,0.0,0.0,0.0,0.0,0.0,0.0,0.49121548332581166,9,7,0
0.37735849056603776,3,0.05357142857142857,0.7756893727847627,0.5994609712024382,-1.4252221661893145,0,1.0645833647544687,0.6737035990763425,-0.7937140105405687,Jeddah,1.3166981247975296,-1.2863424094698719,1.4129089973570317,-0.372227004816024,0.1795916409313088,0.4106534783438352,0.8695013605606291,-1.328894828120891,-0.8531453696902428,1,0.0,0.0,0.0,0.0,0.0,0.0,0.58221896155871,9,7,0
0.39622641509433965,3,0.07142857142857142,0.7756893727847627,0.5994609712024382,-1.4252221661893145,0,1.0645833647544687,0.6737035990763425,-0.7937140105405687,Jeddah,1.3166981247975296,-1.2863424094698719,1.4129089973570317,-0.372227004816024,0.1795916409313088,-0.04088762714170746,0.9061449621628768,-1.0108634314377967,-1.2704351103272626,1,0.0,0.0,0.0,0.0,0.0,0.0,0.6717693074003648,9,7,0
0.41509433962264153,3,0.08928571428571427,0.7756893727847627,0.5994609712024382,-1.4252221661893145,0,1.0645833647544687,0.6737035990763425,-0.7937140105405687,Jeddah,1.3166981247975296,-1.2863424094698719,1.4129089973570317,-0.372227004816024,0.1795916409313088,-0.07521531352365056,0.9246241578677935,-1.1994391067789514,-1.0631286767975294,1,0.0,0.0,0.0,0.0,0.0,0.0,0.7612091811888838,9,7,0
0.5471698113207547,3,0.21428571428571427,0.7756893727847627,0.5994609712024382,-1.4252221661893145,0,1.0645833647544687,0.6737035990763425,-0.7937140105405687,Jeddah,1.3166981247975296,-1.2863424094698719,1.4129089973570317,-0.372227004816024,0.1795916409313088,-0.22983660175684173,1.0864633175136271,0.9974055364596115,-1.2013667908340642,1,0.0,0.0,0.0,0.0,0.0,0.0,1.3874837482640652,9,7,0
0.5660377358490566,3,0.23214285714285715,0.7756893727847627,0.5994609712024382,-1.4252221661893145,0,1.0645833647544687,0.6737035990763425,-0.7937140105405687,Jeddah,1.3166981247975296,-1.2863424094698719,1.4129089973570317,-0.372227004816024,0.1795916409313088,-0.3689077414580388,1.1035853106809164,0.9901455593608457,-0.7860107920656373,1,0.0,0.0,0.0,0.0,0.0,0.0,1.4759784722646478,9,7,0
0.5849056603773585,3,0.25,0.7756893727847627,0.5994609712024382,-1.4252221661893145,0,1.0645833647544687,0.6737035990763425,-0.7937140105405687,Jeddah,1.3166981247975296,-1.2863424094698719,1.4129089973570317,-0.372227004816024,0.1795916409313088,-0.1702765988890273,1.113188353873853,0.8950135813543586,-0.31309921585294165,1,0.0,0.0,0.0,0.0,0.0,0.0,1.565112423444484,9,7,0
0.6037735849056604,3,0.26785714285714285,0.7756893727847627,0.5994609712024382,-1.4252221661893145,0,1.0645833647544687,0.6737035990763425,-0.7937140105405687,Jeddah,1.3166981247975296,-1.2863424094698719,1.4129089973570317,-0.372227004816024,0.1795916409313088,-0.3263648822667446,1.131196179356304,0.8113652909341907,-0.10264057695740214,1,0.0,0.0,0.0,0.0,0.0,0.0,1.653744057254508,9,7,0
0.6226415094339622,3,0.2857142857142857,0.7756893727847627,0.5994609712024382,-1.4252221661893145,0,1.0645833647544687,0.6737035990763425,-0.7937140105405687,Jeddah,1.3166981247975296,-1.2863424094698719,1.4129089973570317,-0.372227004816024,0.1795916409313088,-0.30934773859022435,1.1438277103632992,0.8485330044170084,0.19688511674203055,1,0.0,0.0,0.0,0.0,0.0,0.0,1.7424304549883085,9,7,0
0.6415094339622641,3,0.30357142857142855,1.2348182145954227,-0.3655212045672162,-0.8825707317900047,0,0.8351124108129232,-0.39693562603573285,-0.6140813419121882,Jeddah,1.3166981247975296,-1.2863424094698719,1.4129089973570317,-0.372227004816024,0.1795916409313088,-0.44577828703127614,1.1558308981772587,0.7671859724365446,0.5802777772594845,1,0.0,0.0,0.0,0.0,0.0,0.0,-1.5685123422453393,9,7,0
0.660377358490566,3,0.3214285714285714,1.2348182145954227,-0.3655212045672162,-0.8825707317900047,0,0.8351124108129232,-0.39693562603573285,-0.6140813419121882,Jeddah,1.3166981247975296,-1.2863424094698719,1.4129089973570317,-0.372227004816024,0.1795916409313088,-0.4005948365798324,1.1642385055818651,0.6739164518852612,0.8105555903001285,1,0.0,0.0,0.0,0.0,0.0,0.0,-1.4801195924476511,9,7,0
0.6792452830188679,3,0.33928571428571425,1.2348182145954227,-0.3655212045672162,-0.8825707317900047,0,0.8351124108129232,-0.39693562603573285,-0.6140813419121882,Jeddah,1.3166981247975296,-1.2863424094698719,1.4129089973570317,-0.372227004816024,0.1795916409313088,-0.5173676500842146,1.173794632364206,0.6308556686690445,0.8636289624033571,1,0.0,0.0,0.0,0.0,0.0,0.0,-1.39210263647174,9,7,0
0.6981132075471698,3,0.35714285714285715,1.2348182145954227,-0.3655212045672162,-0.8825707317900047,0,0.8351124108129232,-0.39693562603573285,-0.6140813419121882,Jeddah,1.3166981247975296,-1.2863424094698719,1.4129089973570317,-0.372227004816024,0.1795916409313088,-0.4211327686032144,1.1791605048617004,0.42931967083132117,0.9664284458787451,1,0.0,0.0,0.0,0.0,0.0,0.0,-1.3037759810648164,9,7,0
0.7169811320754716,3,0.375,1.2348182145954227,-0.3655212045672162,-0.8825707317900047,0,0.8351124108129232,-0.39693562603573285,-0.6140813419121882,Jeddah,1.3166981247975296,-1.2863424094698719,1.4129089973570317,-0.372227004816024,0.1795916409313088,-0.48978814136710064,1.189245595632405,0.3017259036549147,0.997212323472163,1,0.0,0.0,0.0,0.0,0.0,0.0,-1.2156702697641641,9,7,0
0.7358490566037735,3,0.39285714285714285,1.2348182145954227,-0.3655212045672162,-0.8825707317900047,0,0.8351124108129232,-0.39693562603573285,-0.6140813419121882,Jeddah,1.3166981247975296,-1.2863424094698719,1.4129089973570317,-0.372227004816024,0.1795916409313088,-0.581915436443421,1.1975547073087065,0.1127357255531346,1.0547436450132717,1,0.0,0.0,0.0,0.0,0.0,0.0,-1.127861039016371,9,7,0
0.7547169811320754,3,0.4107142857142857,1.2348182145954227,-0.3655212045672162,-0.8825707317900047,0,0.8351124108129232,-0.39693562603573285,-0.6140813419121882,Jeddah,1.3166981247975296,-1.2863424094698719,1.4129089973570317,-0.372227004816024,0.1795916409313088,-0.506511886014714,1.1956769111415377,-0.0753649604618158,1.1355631791779002,1,0.0,0.0,0.0,0.0,0.0,0.0,-1.0398091474339126,9,7,0
0.7735849056603773,3,0.42857142857142855,1.2348182145954227,-0.3655212045672162,-0.8825707317900047,0,0.8351124108129232,-0.39693562603573285,-0.6140813419121882,Jeddah,1.3166981247975296,-1.2863424094698719,1.4129089973570317,-0.372227004816024,0.1795916409313088,-0.48949474233819373,1.2032414993227025,-0.1338751806115232,1.17803635946467,1,0.0,0.0,0.0,0.0,0.0,0.0,-0.9517024919276779,9,7,0
0.7924528301886792,3,0.4464285714285714,1.2348182145954227,-0.3655212045672162,-0.8825707317900047,0,0.8351124108129232,-0.39693562603573285,-0.6140813419121882,Jeddah,1.3166981247975296,-1.2863424094698719,1.4129089973570317,-0.372227004816024,0.1795916409313088,-0.5534557306395906,1.2118069132286748,-0.20481088554698335,1.185270369229344,1,0.0,0.0,0.0,0.0,0.0,0.0,-0.8638016732383964,9,7,0
0.8113207547169811,3,0.46428571428571425,1.2348182145954227,-0.3655212045672162,-0.8825707317900047,0,0.8351124108129232,-0.39693562603573285,-0.6140813419121882,Jeddah,1.3166981247975296,-1.2863424094698719,1.4129089973570317,-0.372227004816024,0.1795916409313088,-0.4980033141764518,1.2195507393166765,-0.27541535787050714,1.2393184786947684,1,0.0,0.0,0.0,0.0,0.0,0.0,-0.7757223996940499,9,7,0
0.8301886792452831,3,0.48214285714285715,1.2348182145954227,-0.3655212045672162,-0.8825707317900047,0,0.8351124108129232,-0.39693562603573285,-0.6140813419121882,Jeddah,1.3166981247975296,-1.2863424094698719,1.4129089973570317,-0.372227004816024,0.1795916409313088,-0.5024042996100342,1.2236583549874285,-0.2182771949106463,1.2462987645839936,1,0.0,0.0,0.0,0.0,0.0,0.0,-0.6876572892334386,9,7,0
0.8490566037735849,3,0.49999999999999994,1.2348182145954227,-0.3655212045672162,-0.8825707317900047,0,0.8351124108129232,-0.39693562603573285,-0.6140813419121882,Jeddah,1.3166981247975296,-1.2863424094698719,1.4129089973570317,-0.372227004816024,0.1795916409313088,-0.5381989811365034,1.229351636796867,-0.19478245187958254,1.2625517329686196,1,0.0,0.0,0.0,0.0,0.0,0.0,-0.5997073718538747,9,7,0
0.8679245283018868,3,0.5178571428571428,1.2348182145954227,-0.3655212045672162,-0.8825707317900047,0,0.8351124108129232,-0.39693562603573285,-0.6140813419121882,Jeddah,1.3166981247975296,-1.2863424094698719,1.4129089973570317,-0.372227004816024,0.1795916409313088,-0.2984919745207238,1.2379297479252402,-0.15977651516655492,1.2881507510069221,1,0.0,0.0,0.0,0.0,0.0,0.0,-0.5109860385135272,9,7,0
0.05660377358490566,3,0.08928571428571427,0.7756893727847627,0.5994609712024382,-1.4252221661893145,0,1.0645833647544687,0.6737035990763425,-0.7937140105405687,Jeddah,1.3166981247975296,-1.2863424094698719,1.4129089973570317,-0.372227004816024,0.1795916409313088,0.18209563482646304,0.8758718575252683,-0.8377806529608642,-1.3769152245608878,1,0.0,0.0,0.0,0.0,0.0,0.0,-0.9633785381590723,10,8,0
0.07547169811320754,3,0.10714285714285715,0.7756893727847627,0.5994609712024382,-1.4252221661893145,0,1.0645833647544687,0.6737035990763425,-0.7937140105405687,Jeddah,1.3166981247975296,-1.2863424094698719,1.4129089973570317,-0.372227004816024,0.1795916409313088,0.13808578049063855,0.9034610958400412,-0.8212391024429461,-1.0430183353371123,1,0.0,0.0,0.0,0.0,0.0,0.0,-0.8732522269121814,10,8,0
0.09433962264150943,3,0.125,0.7756893727847627,0.5994609712024382,-1.4252221661893145,0,1.0645833647544687,0.6737035990763425,-0.7937140105405687,Jeddah,1.3166981247975296,-1.2863424094698719,1.4129089973570317,-0.372227004816024,0.1795916409313088,0.1694794765835253,0.9236498860383133,-0.8044906081424396,-0.4774023632785879,1,0.0,0.0,0.0,0.0,0.0,0.0,-0.7830248856679787,10,8,0
0.11320754716981131,3,0.14285714285714285,0.7756893727847627,0.5994609712024382,-1.4252221661893145,0,1.0645833647544687,0.6737035990763425,-0.7937140105405687,Jeddah,1.3166981247975296,-1.2863424094698719,1.4129089973570317,-0.372227004816024,0.1795916409313088,0.32380736578780955,0.9460232195021275,-0.8242344072172578,-0.472411336476028,1,0.0,0.0,0.0,0.0,0.0,0.0,-0.6923008922874575,10,8,0
0.13207547169811318,3,0.1607142857142857,0.7756893727847627,0.5994609712024382,-1.4252221661893145,0,1.0645833647544687,0.6737035990763425,-0.7937140105405687,Jeddah,1.3166981247975296,-1.2863424094698719,1.4129089973570317,-0.372227004816024,0.1795916409313088,0.34199810557995314,0.9742833523391733,-0.8686705540386459,-0.6339828315150962,1,0.0,0.0,0.0,0.0,0.0,0.0,-0.6015183581608304,10,8,0
0.15094339622641512,3,0.17857142857142858,0.7756893727847627,0.5994609712024382,-1.4252221661893145,0,1.0645833647544687,0.6737035990763425,-0.7937140105405687,Jeddah,1.3166981247975296,-1.2863424094698719,1.4129089973570317,-0.372227004816024,0.1795916409313088,0.20732795131233436,1.0003760788432907,-0.8007915866578642,-0.7800361383552259,1,0.0,0.0,0.0,0.0,0.0,0.0,-0.5111692143965039,10,8,0
0.169811320754717,3,0.19642857142857142,0.7756893727847627,0.5994609712024382,-1.4252221661893145,0,1.0645833647544687,0.6737035990763425,-0.7937140105405687,Jeddah,1.3166981247975296,-1.2863424094698719,1.4129089973570317,-0.372227004816024,0.1795916409313088,0.333489533741691,1.0209800284736152,-0.844595509176546,-0.7351520131619554,1,0.0,0.0,0.0,0.0,0.0,0.0,-0.42041406223176514,10,8,0
0.18867924528301888,3,0.21428571428571427,0.7756893727847627,0.5994609712024382,-1.4252221661893145,0,1.0645833647544687,0.6737035990763425,-0.7937140105405687,Jeddah,1.3166981247975296,-1.2863424094698719,1.4129089973570317,-0.372227004816024,0.1795916409313088,0.24987081050362858,1.0474251499266138,-0.8026400657673977,-0.7890059522584956,1,0.0,0.0,0.0,0.0,0.0,0.0,-0.3299280086579972,10,8,0
0.20754716981132076,3,0.23214285714285715,0.7756893727847627,0.5994609712024382,-1.4252221661893145,0,1.0645833647544687,0.6737035990763425,-0.7937140105405687,Jeddah,1.3166981247975296,-1.2863424094698719,1.4129089973570317,-0.372227004816024,0.1795916409313088,0.43177820842503095,1.0695578615568808,-0.7588356486172202,-0.7253756133901609,1,0.0,0.0,0.0,0.0,0.0,0.0,-0.23885654762316968,10,8,0
0.22641509433962265,3,0.25,0.7756893727847627,0.5994609712024382,-1.4252221661893145,0,1.0645833647544687,0.6737035990763425,-0.7937140105405687,Jeddah,1.3166981247975296,-1.2863424094698719,1.4129089973570317,-0.372227004816024,0.1795916409313088,0.32322056772999996,1.0981896602546386,-0.9398495239394696,-0.8207754589563565,1,0.0,0.0,0.0,0.0,0.0,0.0,-0.14813444265381337,10,8,0
0.24528301886792453,3,0.26785714285714285,0.7756893727847627,0.5994609712024382,-1.4252221661893145,0,1.0645833647544687,0.6737035990763425,-0.7937140105405687,Jeddah,1.3166981247975296,-1.2863424094698719,1.4129089973570317,-0.372227004816024,0.1795916409313088,0.27304933378716423,1.1236806744656402,-0.9442754234633667,-0.7770566084908277,1,0.0,0.0,0.0,0.0,0.0,0.0,-0.0575737968390395,10,8,0
0.2641509433962264,3,0.2857142857142857,0.7756893727847627,0.5994609712024382,-1.4252221661893145,0,1.0645833647544687,0.6737035990763425,-0.7937140105405687,Jeddah,1.3166981247975296,-1.2863424094698719,1.4129089973570317,-0.372227004816024,0.1795916409313088,0.4241498336734894,1.1464061909710936,-0.9167063700336215,-0.7131434397572313,1,0.0,0.0,0.0,0.0,0.0,0.0,0.033473114850646975,10,8,0
0.2830188679245283,3,0.30357142857142855,0.7756893727847627,0.5994609712024382,-1.4252221661893145,0,1.0645833647544687,0.6737035990763425,-0.7937140105405687,Jeddah,1.3166981247975296,-1.2863424094698719,1.4129089973570317,-0.372227004816024,0.1795916409313088,0.18796361540457157,1.1739402543300124,-0.6002314248645285,-0.8558706794120134,1,0.0,0.0,0.0,0.0,0.0,0.0,0.12375994104653788,10,8,0
0.49056603773584906,3,0.49999999999999994,0.7756893727847627,0.5994609712024382,-1.4252221661893145,0,1.0645833647544687,0.6737035990763425,-0.7937140105405687,Jeddah,1.3166981247975296,-1.2863424094698719,1.4129089973570317,-0.372227004816024,0.1795916409313088,0.03921030774948896,1.1880744062028827,0.25391891915636716,-1.2389605425124524,1,0.0,0.0,0.0,0.0,0.0,0.0,1.1185060156076068,10,8,0
0.5094339622641509,3,0.5178571428571428,0.7756893727847627,0.5994609712024382,-1.4252221661893145,0,1.0645833647544687,0.6737035990763425,-0.7937140105405687,Jeddah,1.3166981247975296,-1.2863424094698719,1.4129089973570317,-0.372227004816024,0.1795916409313088,0.0970099164438704,1.2102440356515807,0.17992891853589923,-1.0408465881221283,1,0.0,0.0,0.0,0.0,0.0,0.0,1.2085001380729679,10,8,0
0.5283018867924528,3,0.5357142857142856,0.7756893727847627,0.5994609712024382,-1.4252221661893145,0,1.0645833647544687,0.6737035990763425,-0.7937140105405687,Jeddah,1.3166981247975296,-1.2863424094698719,1.4129089973570317,-0.372227004816024,0.1795916409313088,0.04830567764556074,1.2355810979274158,0.23325516090129642,-0.4314768657897774,1,0.0,0.0,0.0,0.0,0.0,0.0,1.2983375224116585,10,8,0
0.5471698113207547,3,0.5535714285714285,0.7756893727847627,0.5994609712024382,-1.4252221661893145,0,1.0645833647544687,0.6737035990763425,-0.7937140105405687,Jeddah,1.3166981247975296,-1.2863424094698719,1.4129089973570317,-0.372227004816024,0.1795916409313088,0.26190017068875254,1.2586589538736974,0.1886992818428344,0.30923383299042667,1,0.0,0.0,0.0,0.0,0.0,0.0,1.3888622884143027,10,8,0
0.5660377358490566,3,0.5714285714285714,0.7756893727847627,0.5994609712024382,-1.4252221661893145,0,1.0645833647544687,0.6737035990763425,-0.7937140105405687,Jeddah,1.3166981247975296,-1.2863424094698719,1.4129089973570317,-0.372227004816024,0.1795916409313088,0.29534765998397916,1.2894289529430925,-0.31408058628843966,0.5901889068725383,1,0.0,0.0,0.0,0.0,0.0,0.0,1.4794946938533358,10,8,0
0.5849056603773585,3,0.5892857142857142,0.7756893727847627,0.5994609712024382,-1.4252221661893145,0,1.0645833647544687,0.6737035990763425,-0.7937140105405687,Jeddah,1.3166981247975296,-1.2863424094698719,1.4129089973570317,-0.372227004816024,0.1795916409313088,-0.09516644748922294,1.3186987284591367,0.8552145232139693,0.41503596135623944,1,0.0,0.0,0.0,0.0,0.0,0.0,1.5688703616622546,10,8,0
0.6037735849056604,3,0.6071428571428571,0.7756893727847627,0.5994609712024382,-1.4252221661893145,0,1.0645833647544687,0.6737035990763425,-0.7937140105405687,Jeddah,1.3166981247975296,-1.2863424094698719,1.4129089973570317,-0.372227004816024,0.1795916409313088,-0.11335718728136235,1.3362058412895341,0.9251616523257324,0.3062709247980384,1,0.0,0.0,0.0,0.0,0.0,0.0,1.6581874887250678,10,8,0
0.6226415094339622,3,0.6249999999999999,0.7756893727847627,0.5994609712024382,-1.4252221661893145,0,1.0645833647544687,0.6737035990763425,-0.7937140105405687,Jeddah,1.3166981247975296,-1.2863424094698719,1.4129089973570317,-0.372227004816024,0.1795916409313088,-0.1532594552125071,1.3533706400919423,0.9644823186212127,0.24324598628977423,1,0.0,0.0,0.0,0.0,0.0,0.0,1.7473762038286806,10,8,0
0.6415094339622641,3,0.6428571428571428,1.2348182145954227,-0.3655212045672162,-0.8825707317900047,0,0.8351124108129232,-0.39693562603573285,-0.6140813419121882,Jeddah,1.3166981247975296,-1.2863424094698719,1.4129089973570317,-0.372227004816024,0.1795916409313088,-0.08049649604394951,1.3681636736305836,0.9805841080326724,0.1801555917607303,1,0.0,0.0,0.0,0.0,0.0,0.0,-1.5623910574549358,10,8,0
0.660377358490566,3,0.6607142857142856,1.2348182145954227,-0.3655212045672162,-0.8825707317900047,0,0.8351124108129232,-0.39693562603573285,-0.6140813419121882,Jeddah,1.3166981247975296,-1.2863424094698719,1.4129089973570317,-0.372227004816024,0.1795916409313088,-0.06582654459867189,1.3860984887295225,0.9903964333480985,-0.09437738216344917,1,0.0,0.0,0.0,0.0,0.0,0.0,-1.4729209690877811,10,8,0
0.6792452830188679,3,0.6785714285714285,1.2348182145954227,-0.3655212045672162,-0.8825707317900047,0,0.8351124108129232,-0.39693562603573285,-0.6140813419121882,Jeddah,1.3166981247975296,-1.2863424094698719,1.4129089973570317,-0.372227004816024,0.1795916409313088,0.1932447979248705,1.403871051007701,0.24489790871453965,-0.45783374381527364,1,0.0,0.0,0.0,0.0,0.0,0.0,-1.3826171471914077,10,8,0
0.6981132075471698,3,0.6964285714285713,1.2348182145954227,-0.3655212045672162,-0.8825707317900047,0,0.8351124108129232,-0.39693562603573285,-0.6140813419121882,Jeddah,1.3166981247975296,-1.2863424094698719,1.4129089973570317,-0.372227004816024,0.1795916409313088,-0.07286812129240382,1.4288260576963312,1.3148239553407655,-1.276401526109473,1,0.0,0.0,0.0,0.0,0.0,0.0,-1.2931697197582297,10,8,0
0.0,3,0.05357142857142857,0.7756893727847627,0.5994609712024382,-1.4252221661893145,0,1.0645833647544687,0.6737035990763425,-0.7937140105405687,Jeddah,1.3166981247975296,-1.2863424094698719,1.4129089973570317,-0.372227004816024,0.1795916409313088,0.6136856063464291,-0.10411182531814293,0.298302059694902,-0.7049179919896972,1,0.0,0.0,0.0,0.0,0.0,0.0,-1.2401997865881487,11,9,0
0.018867924528301883,3,0.07142857142857142,0.7756893727847627,0.5994609712024382,-1.4252221661893145,0,1.0645833647544687,0.6737035990763425,-0.7937140105405687,Jeddah,1.3166981247975296,-1.2863424094698719,1.4129089973570317,-0.372227004816024,0.1795916409313088,0.15950390960074118,-0.009676419721475892,0.3468990196795689,-0.5967379863761618,1,0.0,0.0,0.0,0.0,0.0,0.0,-1.150004548333746,11,9,0
0.03773584905660378,3,0.08928571428571427,0.7756893727847627,0.5994609712024382,-1.4252221661893145,0,1.0645833647544687,0.6737035990763425,-0.7937140105405687,Jeddah,1.3166981247975296,-1.2863424094698719,1.4129089973570317,-0.372227004816024,0.1795916409313088,0.01779217863939048,0.039944260335501455,0.3110107026337086,-0.5698208739660572,1,0.0,0.0,0.0,0.0,0.0,0.0,-1.0602653613756203,11,9,0
0.05660377358490566,3,0.10714285714285715,0.7756893727847627,0.5994609712024382,-1.4252221661893145,0,1.0645833647544687,0.6737035990763425,-0.7937140105405687,Jeddah,1.3166981247975296,-1.2863424094698719,1.4129089973570317,-0.372227004816024,0.1795916409313088,-0.17614457946713585,0.07900975978183962,0.2971592052781212,-0.5352231236456282,1,0.0,0.0,0.0,0.0,0.0,0.0,-0.9711502943074312,11,9,0
0.07547169811320754,3,0.125,0.7756893727847627,0.5994609712024382,-1.4252221661893145,0,1.0645833647544687,0.6737035990763425,-0.7937140105405687,Jeddah,1.3166981247975296,-1.2863424094698719,1.4129089973570317,-0.372227004816024,0.1795916409313088,-0.15267265715469752,0.10142166625845242,0.08935894851970963,-0.24139551890348127,1,0.0,0.0,0.0,0.0,0.0,0.0,-0.8819596907926536,11,9,0
0.09433962264150943,3,0.14285714285714285,0.7756893727847627,0.5994609712024382,-1.4252221661893145,0,1.0645833647544687,0.6737035990763425,-0.7937140105405687,Jeddah,1.3166981247975296,-1.2863424094698719,1.4129089973570317,-0.372227004816024,0.1795916409313088,-0.18612014644992414,0.11588064184971206,-0.06395407004729993,-0.04707558358708194,1,0.0,0.0,0.0,0.0,0.0,0.0,-0.7928767267142643,11,9,0
0.11320754716981131,3,0.1607142857142857,0.7756893727847627,0.5994609712024382,-1.4252221661893145,0,1.0645833647544687,0.6737035990763425,-0.7937140105405687,Jeddah,1.3166981247975296,-1.2863424094698719,1.4129089973570317,-0.372227004816024,0.1795916409313088,-0.1908145309124093,0.129643431804835,-0.14727343372372476,0.0870140923805851,1,0.0,0.0,0.0,0.0,0.0,0.0,-0.7038088699251928,11,9,0
0.13207547169811318,3,0.17857142857142858,0.7756893727847627,0.5994609712024382,-1.4252221661893145,0,1.0645833647544687,0.6737035990763425,-0.7937140105405687,Jeddah,1.3166981247975296,-1.2863424094698719,1.4129089973570317,-0.372227004816024,0.1795916409313088,-0.26211049493644495,0.14248533229657262,-0.2870289480644175,0.20864582757736144,1,0.0,0.0,0.0,0.0,0.0,0.0,-0.6149704550926333,11,9,0
0.15094339622641512,3,0.19642857142857142,0.7756893727847627,0.5994609712024382,-1.4252221661893145,0,1.0645833647544687,0.6737035990763425,-0.7937140105405687,Jeddah,1.3166981247975296,-1.2863424094698719,1.4129089973570317,-0.372227004816024,0.1795916409313088,-0.19668251149051783,0.14462870418740098,-0.4833182106709606,0.3903686031738977,1,0.0,0.0,0.0,0.0,0.0,0.0,-0.5259214824152089,11,9,0
0.169811320754717,3,0.21428571428571427,0.7756893727847627,0.5994609712024382,-1.4252221661893145,0,1.0645833647544687,0.6737035990763425,-0.7937140105405687,Jeddah,1.3166981247975296,-1.2863424094698719,1.4129089973570317,-0.372227004816024,0.1795916409313088,0.22669228722009713,0.15323726496651854,-0.6955722485360827,0.4985005026346248,1,0.0,0.0,0.0,0.0,0.0,0.0,-0.43551002108244713,11,9,0
0.18867924528301888,3,0.23214285714285715,0.7756893727847627,0.5994609712024382,-1.4252221661893145,0,1.0645833647544687,0.6737035990763425,-0.7937140105405687,Jeddah,1.3166981247975296,-1.2863424094698719,1.4129089973570317,-0.372227004816024,0.1795916409313088,0.03187533202685432,0.1987423765581753,-0.4497936177398953,0.3438144946348934,1,0.0,0.0,0.0,0.0,0.0,0.0,-0.34572551225636844,11,9,0
0.20754716981132076,3,0.25,0.7756893727847627,0.5994609712024382,-1.4252221661893145,0,1.0645833647544687,0.6737035990763425,-0.7937140105405687,Jeddah,1.3166981247975296,-1.2863424094698719,1.4129089973570317,-0.372227004816024,0.1795916409313088,-0.23277059204589393,0.22639065656047802,-0.4242778199389492,0.40405428275784744,1,0.0,0.0,0.0,0.0,0.0,0.0,-0.25679267686557367,11,9,0
0.22641509433962265,3,0.26785714285714285,0.7756893727847627,0.5994609712024382,-1.4252221661893145,0,1.0645833647544687,0.6737035990763425,-0.7937140105405687,Jeddah,1.3166981247975296,-1.2863424094698719,1.4129089973570317,-0.372227004816024,0.1795916409313088,-0.23805177456619286,0.2329924749108493,-0.7985761287669507,0.5901889068725004,1,0.0,0.0,0.0,0.0,0.0,0.0,-0.1678768371752611,11,9,0
0.24528301886792453,3,0.2857142857142857,0.7756893727847627,0.5994609712024382,-1.4252221661893145,0,1.0645833647544687,0.6737035990763425,-0.7937140105405687,Jeddah,1.3166981247975296,-1.2863424094698719,1.4129089973570317,-0.372227004816024,0.1795916409313088,-0.31169493082147115,0.24237377657209555,-1.2427636015244485,0.7303544028382535,1,0.0,0.0,0.0,0.0,0.0,0.0,-0.07919799308611969,11,9,0
0.32075471698113206,3,0.35714285714285715,0.7756893727847627,0.5994609712024382,-1.4252221661893145,0,1.0645833647544687,0.6737035990763425,-0.7937140105405687,Jeddah,1.3166981247975296,-1.2863424094698719,1.4129089973570317,-0.372227004816024,0.1795916409313088,-0.32489788712221845,0.24058063307880923,-0.4663201779319027,-0.7607611992833291,1,0.0,0.0,0.0,0.0,0.0,0.0,0.27528982972509924,11,9,0
0.33962264150943394,3,0.375,0.7756893727847627,0.5994609712024382,-1.4252221661893145,0,1.0645833647544687,0.6737035990763425,-0.7937140105405687,Jeddah,1.3166981247975296,-1.2863424094698719,1.4129089973570317,-0.372227004816024,0.1795916409313088,-0.3959004521173431,0.17939051420577823,-0.8962284758242269,-0.8715276147439165,1,0.0,0.0,0.0,0.0,0.0,0.0,0.36369768681210496,11,9,0
0.37735849056603776,3,0.4107142857142857,0.7756893727847627,0.5994609712024382,-1.4252221661893145,0,1.0645833647544687,0.6737035990763425,-0.7937140105405687,Jeddah,1.3166981247975296,-1.2863424094698719,1.4129089973570317,-0.372227004816024,0.1795916409313088,-0.4930155306850597,-0.5216107987530507,1.0201058152111222,-1.0308918648722427,1,0.0,0.0,0.0,0.0,0.0,0.0,0.5401687659485571,11,9,0
0.39622641509433965,3,0.42857142857142855,0.7756893727847627,0.5994609712024382,-1.4252221661893145,0,1.0645833647544687,0.6737035990763425,-0.7937140105405687,Jeddah,1.3166981247975296,-1.2863424094698719,1.4129089973570317,-0.372227004816024,0.1795916409313088,-0.394433456972817,-0.5348813785851064,0.9506653330162022,-0.6149206354245267,1,0.0,0.0,0.0,0.0,0.0,0.0,0.628581344063475,11,9,0
0.41509433962264153,3,0.4464285714285714,0.7756893727847627,0.5994609712024382,-1.4252221661893145,0,1.0645833647544687,0.6737035990763425,-0.7937140105405687,Jeddah,1.3166981247975296,-1.2863424094698719,1.4129089973570317,-0.372227004816024,0.1795916409313088,-0.45135286858048196,-0.5250978686236116,0.948994385893298,-0.5671852022802201,1,0.0,0.0,0.0,0.0,0.0,0.0,0.716810746295416,11,9,0
0.4339622641509434,3,0.46428571428571425,0.7756893727847627,0.5994609712024382,-1.4252221661893145,0,1.0645833647544687,0.6737035990763425,-0.7937140105405687,Jeddah,1.3166981247975296,-1.2863424094698719,1.4129089973570317,-0.372227004816024,0.1795916409313088,-0.48098617049993575,-0.5069987869802562,0.9798269028395171,-0.3867506475798658,1,0.0,0.0,0.0,0.0,0.0,0.0,0.8049447837635387,11,9,0
0.4528301886792453,3,0.48214285714285715,0.7756893727847627,0.5994609712024382,-1.4252221661893145,0,1.0645833647544687,0.6737035990763425,-0.7937140105405687,Jeddah,1.3166981247975296,-1.2863424094698719,1.4129089973570317,-0.372227004816024,0.1795916409313088,-0.4830399637022756,-0.48988119506669126,0.9890161563973284,-0.25835463565233185,1,0.0,0.0,0.0,0.0,0.0,0.0,0.8930722117925853,11,9,0
0.4716981132075472,3,0.49999999999999994,0.7756893727847627,0.5994609712024382,-1.4252221661893145,0,1.0645833647544687,0.6737035990763425,-0.7937140105405687,Jeddah,1.3166981247975296,-1.2863424094698719,1.4129089973570317,-0.372227004816024,0.1795916409313088,-0.5053382898990906,-0.4742029104807189,0.9935291593125399,-0.1266535720118332,1,0.0,0.0,0.0,0.0,0.0,0.0,0.981127880197373,11,9,0
0.49056603773584906,3,0.5178571428571428,0.7756893727847627,0.5994609712024382,-1.4252221661893145,0,1.0645833647544687,0.6737035990763425,-0.7937140105405687,Jeddah,1.3166981247975296,-1.2863424094698719,1.4129089973570317,-0.372227004816024,0.1795916409313088,-0.535558389876354,-0.4582791463400662,0.9789430594621601,-9.909335800318444e-05,1,0.0,0.0,0.0,0.0,0.0,0.0,1.069086295427178,11,9,0
0.5094339622641509,3,0.5357142857142856,0.7756893727847627,0.5994609712024382,-1.4252221661893145,0,1.0645833647544687,0.6737035990763425,-0.7937140105405687,Jeddah,1.3166981247975296,-1.2863424094698719,1.4129089973570317,-0.372227004816024,0.1795916409313088,-0.5954117917730752,-0.4494245306813844,0.016506428413351138,0.2612010522264411,1,0.0,0.0,0.0,0.0,0.0,0.0,1.1568520927181831,11,9,0
0.5283018867924528,3,0.5535714285714285,0.7756893727847627,0.5994609712024382,-1.4252221661893145,0,1.0645833647544687,0.6737035990763425,-0.7937140105405687,Jeddah,1.3166981247975296,-1.2863424094698719,1.4129089973570317,-0.372227004816024,0.1795916409313088,-0.5763408548942194,-0.4422429625347466,0.12799844086478185,0.46098336577306054,1,0.0,0.0,0.0,0.0,0.0,0.0,1.244679263372041,11,9,0
0.5471698113207547,3,0.5714285714285714,0.7756893727847627,0.5994609712024382,-1.4252221661893145,0,1.0645833647544687,0.6737035990763425,-0.7937140105405687,Jeddah,1.3166981247975296,-1.2863424094698719,1.4129089973570317,-0.372227004816024,0.1795916409313088,-0.5534557306395906,-0.43302687210307556,0.24725595212487303,0.6108340093568446,1,0.0,0.0,0.0,0.0,0.0,0.0,1.3325800820613227,11,9,0
0.5849056603773585,4,0.0,0.7756893727847627,0.5994609712024382,-1.4252221661893145,0,1.0645833647544687,0.6737035990763425,-0.7937140105405687,Jeddah,1.3166981247975296,-1.2863424094698719,1.4129089973570317,-0.372227004816024,0.1795916409313088,4.367432782163214,-0.29402563112194985,0.8930195538419173,0.3046886089360077,1,0.0,0.0,0.0,0.0,0.0,0.0,1.52705999427002,11,9,0
0.6037735849056604,4,0.017857142857142856,0.7756893727847627,0.5994609712024382,-1.4252221661893145,0,1.0645833647544687,0.6737035990763425,-0.7937140105405687,Jeddah,1.3166981247975296,-1.2863424094698719,1.4129089973570317,-0.372227004816024,0.1795916409313088,-0.7479792868039266,0.19777748232742373,0.4250916781245386,0.23872765638252685,1,0.0,0.0,0.0,0.0,0.0,0.0,1.6143348046582007,11,9,0
0.6226415094339622,4,0.03571428571428571,0.7756893727847627,0.5994609712024382,-1.4252221661893145,0,1.0645833647544687,0.6737035990763425,-0.7937140105405687,Jeddah,1.3166981247975296,-1.2863424094698719,1.4129089973570317,-0.372227004816024,0.1795916409313088,-0.8365857935333851,0.19166410080418544,0.20911877963699088,0.4068529165684698,1,0.0,0.0,0.0,0.0,0.0,0.0,1.7013244649605104,11,9,0
0.6415094339622641,4,0.05357142857142857,0.7756893727847627,0.5994609712024382,-1.4252221661893145,0,1.0645833647544687,0.6737035990763425,-0.7937140105405687,Jeddah,1.3166981247975296,-1.2863424094698719,1.4129089973570317,-0.372227004816024,0.1795916409313088,-0.8327716061576124,0.17579883110036798,-0.1318994309463304,0.5692919295523969,1,0.0,0.0,0.0,0.0,0.0,0.0,1.7883263999353902,11,9,0
0.660377358490566,4,0.07142857142857142,1.2348182145954227,-0.3655212045672162,-0.8825707317900047,0,0.8351124108129232,-0.39693562603573285,-0.6140813419121882,Jeddah,1.3166981247975296,-1.2863424094698719,1.4129089973570317,-0.372227004816024,0.1795916409313088,-0.8183950537412458,0.16326340589170027,-0.5601241837682499,0.6970032122669584,1,0.0,0.0,0.0,0.0,0.0,0.0,-1.5238155383878473,11,9,0
0.6792452830188679,4,0.08928571428571427,1.2348182145954227,-0.3655212045672162,-0.8825707317900047,0,0.8351124108129232,-0.39693562603573285,-0.6140813419121882,Jeddah,1.3166981247975296,-1.2863424094698719,1.4129089973570317,-0.372227004816024,0.1795916409313088,-0.7479792868039266,0.15086445584071442,-1.016324657620449,0.8609138841074994,1,0.0,0.0,0.0,0.0,0.0,0.0,-1.4365407279996667,11,9,0
0.7547169811320754,4,0.1607142857142857,1.2348182145954227,-0.3655212045672162,-0.8825707317900047,0,0.8351124108129232,-0.39693562603573285,-0.6140813419121882,Jeddah,1.3166981247975296,-1.2863424094698719,1.4129089973570317,-0.372227004816024,0.1795916409313088,-0.8580039226434837,0.07786503903638142,1.6425957632129895,-1.2306964238613283,1,0.0,0.0,0.0,0.0,0.0,0.0,-1.0893714426572767,11,9,0
0.7735849056603773,4,0.17857142857142858,1.2348182145954227,-0.3655212045672162,-0.8825707317900047,0,0.8351124108129232,-0.39693562603573285,-0.6140813419121882,Jeddah,1.3166981247975296,-1.2863424094698719,1.4129089973570317,-0.372227004816024,0.1795916409313088,-0.8415735770247772,0.0659628311570949,1.5024353883406585,-0.8738885479903423,1,0.0,0.0,0.0,0.0,0.0,0.0,-1.0023978338498674,11,9,0
0.7924528301886792,4,0.19642857142857142,1.2348182145954227,-0.3655212045672162,-0.8825707317900047,0,0.8351124108129232,-0.39693562603573285,-0.6140813419121882,Jeddah,1.3166981247975296,-1.2863424094698719,1.4129089973570317,-0.372227004816024,0.1795916409313088,-0.7635294353359166,0.05664644201871877,1.3487160934447895,-0.5744430809312818,1,0.0,0.0,0.0,0.0,0.0,0.0,-0.9151730663575515,11,9,0
0.8113207547169811,4,0.21428571428571427,1.2348182145954227,-0.3655212045672162,-0.8825707317900047,0,0.8351124108129232,-0.39693562603573285,-0.6140813419121882,Jeddah,1.3166981247975296,-1.2863424094698719,1.4129089973570317,-0.372227004816024,0.1795916409313088,-0.8040185013248751,0.05810278978450636,1.1868671119809011,-0.43787551999342406,1,0.0,0.0,0.0,0.0,0.0,0.0,-0.8280785992356006,11,9,0
0.8301886792452831,4,0.23214285714285715,1.2348182145954227,-0.3655212045672162,-0.8825707317900047,0,0.8351124108129232,-0.39693562603573285,-0.6140813419121882,Jeddah,1.3166981247975296,-1.2863424094698719,1.4129089973570317,-0.372227004816024,0.1795916409313088,-0.8362923945044782,0.041260074780945205,0.9844908350116366,-0.2899826277417251,1,0.0,0.0,0.0,0.0,0.0,0.0,-0.7410879947277086,11,9,0
0.8490566037735849,4,0.25,1.2348182145954227,-0.3655212045672162,-0.8825707317900047,0,0.8351124108129232,-0.39693562603573285,-0.6140813419121882,Jeddah,1.3166981247975296,-1.2863424094698719,1.4129089973570317,-0.372227004816024,0.1795916409313088,-0.8225026401459213,0.025972054539365755,0.7364805470906167,-0.12283959404140503,1,0.0,0.0,0.0,0.0,0.0,0.0,-0.6540530125574461,11,9,0
0.8679245283018868,4,0.26785714285714285,1.2348182145954227,-0.3655212045672162,-0.8825707317900047,0,0.8351124108129232,-0.39693562603573285,-0.6140813419121882,Jeddah,1.3166981247975296,-1.2863424094698719,1.4129089973570317,-0.372227004816024,0.1795916409313088,-0.7720380071741787,0.02319604691196704,0.4931726162435271,-0.041980319148775716,1,0.0,0.0,0.0,0.0,0.0,0.0,-0.5668556270270186,11,9,0
0.0,4,0.05357142857142857,0.7756893727847627,0.5994609712024382,-1.4252221661893145,0,1.0645833647544687,0.6737035990763425,-0.7937140105405687,Jeddah,1.3166981247975296,-1.2863424094698719,1.4129089973570317,-0.372227004816024,0.1795916409313088,0.42356303561567565,-0.4804163348462687,0.6440463184017083,-1.0421493059938205,1,0.0,0.0,0.0,0.0,0.0,0.0,-1.2412629620738798,12,4,0
0.018867924528301883,4,0.07142857142857142,0.7756893727847627,0.5994609712024382,-1.4252221661893145,0,1.0645833647544687,0.6737035990763425,-0.7937140105405687,Jeddah,1.3166981247975296,-1.2863424094698719,1.4129089973570317,-0.372227004816024,0.1795916409313088,0.034515923287003786,-0.377268673489644,0.6656984581861946,-0.8809909360470152,1,0.0,0.0,0.0,0.0,0.0,0.0,-1.1514699553975598,12,4,0
0.03773584905660378,4,0.08928571428571427,0.7756893727847627,0.5994609712024382,-1.4252221661893145,0,1.0645833647544687,0.6737035990763425,-0.7937140105405687,Jeddah,1.3166981247975296,-1.2863424094698719,1.4129089973570317,-0.372227004816024,0.1795916409313088,-0.1532594552125071,-0.3257104636177116,0.7572545149326682,-0.6525673552297633,1,0.0,0.0,0.0,0.0,0.0,0.0,-1.0622812402939472,12,4,0
0.05660377358490566,4,0.10714285714285715,0.7756893727847627,0.5994609712024382,-1.4252221661893145,0,1.0645833647544687,0.6737035990763425,-0.7937140105405687,Jeddah,1.3166981247975296,-1.2863424094698719,1.4129089973570317,-0.372227004816024,0.1795916409313088,0.0037090252519266405,-0.29349276543438074,0.7677598887526822,-0.43940253872623514,1,0.0,0.0,0.0,0.0,0.0,0.0,-0.9725873752037745,12,4,0
0.07547169811320754,4,0.125,0.7756893727847627,0.5994609712024382,-1.4252221661893145,0,1.0645833647544687,0.6737035990763425,-0.7937140105405687,Jeddah,1.3166981247975296,-1.2863424094698719,1.4129089973570317,-0.372227004816024,0.1795916409313088,-0.15766044064608956,-0.24194971099630377,0.8505812286304524,-0.3179309730734662,1,0.0,0.0,0.0,0.0,0.0,0.0,-0.8834128231838969,12,4,0
0.09433962264150943,4,0.14285714285714285,0.7756893727847627,0.5994609712024382,-1.4252221661893145,0,1.0645833647544687,0.6737035990763425,-0.7937140105405687,Jeddah,1.3166981247975296,-1.2863424094698719,1.4129089973570317,-0.372227004816024,0.1795916409313088,-0.1529660561836044,-0.2232848651152656,0.8294314459328144,-0.13073119762190494,1,0.0,0.0,0.0,0.0,0.0,0.0,-0.7942231638747017,12,4,0
0.11320754716981131,4,0.1607142857142857,0.7756893727847627,0.5994609712024382,-1.4252221661893145,0,1.0645833647544687,0.6737035990763425,-0.7937140105405687,Jeddah,1.3166981247975296,-1.2863424094698719,1.4129089973570317,-0.372227004816024,0.1795916409313088,-0.11775817271494479,-0.20131782832076858,0.8145759783399664,-0.07302845583189115,1,0.0,0.0,0.0,0.0,0.0,0.0,-0.7049201998956239,12,4,0
0.13207547169811318,4,0.17857142857142858,0.7756893727847627,0.5994609712024382,-1.4252221661893145,0,1.0645833647544687,0.6737035990763425,-0.7937140105405687,Jeddah,1.3166981247975296,-1.2863424094698719,1.4129089973570317,-0.372227004816024,0.1795916409313088,-0.1541396522992236,-0.17636156053389623,0.8209787597104163,-0.003175303121130447,1,0.0,0.0,0.0,0.0,0.0,0.0,-0.6157343174087582,12,4,0
0.15094339622641512,4,0.19642857142857142,0.7756893727847627,0.5994609712024382,-1.4252221661893145,0,1.0645833647544687,0.6737035990763425,-0.7937140105405687,Jeddah,1.3166981247975296,-1.2863424094698719,1.4129089973570317,-0.372227004816024,0.1795916409313088,0.0964231183860608,-0.1617996225343169,0.8018362941638749,0.06985150756380003,1,0.0,0.0,0.0,0.0,0.0,0.0,-0.5257420833545615,12,4,0
0.169811320754717,4,0.21428571428571427,0.7756893727847627,0.5994609712024382,-1.4252221661893145,0,1.0645833647544687,0.6737035990763425,-0.7937140105405687,Jeddah,1.3166981247975296,-1.2863424094698719,1.4129089973570317,-0.372227004816024,0.1795916409313088,0.20468736005218488,-0.11960976157338117,0.9207200276365302,-0.010533252600553888,1,0.0,0.0,0.0,0.0,0.0,0.0,-0.4354014374404763,12,4,0
0.18867924528301888,4,0.23214285714285715,0.7756893727847627,0.5994609712024382,-1.4252221661893145,0,1.0645833647544687,0.6737035990763425,-0.7937140105405687,Jeddah,1.3166981247975296,-1.2863424094698719,1.4129089973570317,-0.372227004816024,0.1795916409313088,-0.04792920383543938,-0.06490355920573364,1.0371427598042728,-0.1828008731529107,1,0.0,0.0,0.0,0.0,0.0,0.0,-0.34587375253279823,12,4,0
0.20754716981132076,4,0.25,0.7756893727847627,0.5994609712024382,-1.4252221661893145,0,1.0645833647544687,0.6737035990763425,-0.7937140105405687,Jeddah,1.3166981247975296,-1.2863424094698719,1.4129089973570317,-0.372227004816024,0.1795916409313088,0.2495774114747217,-0.03830412421250233,1.045292697320528,-0.13456280789662595,1,0.0,0.0,0.0,0.0,0.0,0.0,-0.2553886431646126,12,4,0
0.22641509433962265,4,0.26785714285714285,0.7756893727847627,0.5994609712024382,-1.4252221661893145,0,1.0645833647544687,0.6737035990763425,-0.7937140105405687,Jeddah,1.3166981247975296,-1.2863424094698719,1.4129089973570317,-0.372227004816024,0.1795916409313088,-0.0077335368753877285,0.015871338982019905,1.1594575994793501,-0.2691091449673862,1,0.0,0.0,0.0,0.0,0.0,0.0,-0.16573160209215201,12,4,0
0.24528301886792453,4,0.2857142857142857,0.7756893727847627,0.5994609712024382,-1.4252221661893145,0,1.0645833647544687,0.6737035990763425,-0.7937140105405687,Jeddah,1.3166981247975296,-1.2863424094698719,1.4129089973570317,-0.372227004816024,0.1795916409313088,-0.08665787565096077,0.04824449029918498,1.18942757695574,-0.19573811895618928,1,0.0,0.0,0.0,0.0,0.0,0.0,-0.0763285523213445,12,4,0
0.2641509433962264,4,0.30357142857142855,0.7756893727847627,0.5994609712024382,-1.4252221661893145,0,1.0645833647544687,0.6737035990763425,-0.7937140105405687,Jeddah,1.3166981247975296,-1.2863424094698719,1.4129089973570317,-0.372227004816024,0.1795916409313088,-0.11423738436807884,0.07173255005378126,1.1573041133388642,0.03291577722426073,1,0.0,0.0,0.0,0.0,0.0,0.0,0.012985742124721424,12,4,0
0.2830188679245283,4,0.3214285714285714,0.7756893727847627,0.5994609712024382,-1.4252221661893145,0,1.0645833647544687,0.6737035990763425,-0.7937140105405687,Jeddah,1.3166981247975296,-1.2863424094698719,1.4129089973570317,-0.372227004816024,0.1795916409313088,-0.026217675696434017,0.09201865982372433,1.0926610945881472,0.0723462348883033,1,0.0,0.0,0.0,0.0,0.0,0.0,0.10258329824549384,12,4,0
0.3018867924528302,4,0.33928571428571425,0.7756893727847627,0.5994609712024382,-1.4252221661893145,0,1.0645833647544687,0.6737035990763425,-0.7937140105405687,Jeddah,1.3166981247975296,-1.2863424094698719,1.4129089973570317,-0.372227004816024,0.1795916409313088,-0.07668230866817666,0.1169139592102527,0.5309983603224975,-0.17676182246176605,1,0.0,0.0,0.0,0.0,0.0,0.0,0.19201845100610127,12,4,0
0.32075471698113206,4,0.35714285714285715,0.7756893727847627,0.5994609712024382,-1.4252221661893145,0,1.0645833647544687,0.6737035990763425,-0.7937140105405687,Jeddah,1.3166981247975296,-1.2863424094698719,1.4129089973570317,-0.372227004816024,0.1795916409313088,0.043024495125261804,0.13397253246818996,1.8064554188236943,-0.47521699934549666,1,0.0,0.0,0.0,0.0,0.0,0.0,0.2818388396443092,12,4,0
0.33962264150943394,4,0.375,0.7756893727847627,0.5994609712024382,-1.4252221661893145,0,1.0645833647544687,0.6737035990763425,-0.7937140105405687,Jeddah,1.3166981247975296,-1.2863424094698719,1.4129089973570317,-0.372227004816024,0.1795916409313088,0.17241346687258166,0.09940382632379338,0.5741182961339731,-0.9193758880215454,1,0.0,0.0,0.0,0.0,0.0,0.0,0.37207562294433544,12,4,0
0.39622641509433965,3,0.017857142857142856,0.7756893727847627,0.5994609712024382,-1.4252221661893145,0,1.0645833647544687,0.6737035990763425,-0.7937140105405687,Jeddah,1.3166981247975296,-1.2863424094698719,1.4129089973570317,-0.372227004816024,0.1795916409313088,-0.27707384541062113,0.15477584764170907,1.5395928625016113,0.8033236651072178,1,0.0,0.0,0.0,0.0,0.0,0.0,0.6588346351276919,12,4,0
0.41509433962264153,3,0.03571428571428571,0.7756893727847627,0.5994609712024382,-1.4252221661893145,0,1.0645833647544687,0.6737035990763425,-0.7937140105405687,Jeddah,1.3166981247975296,-1.2863424094698719,1.4129089973570317,-0.372227004816024,0.1795916409313088,-0.4223063647188378,0.16995729494026265,1.5625780177464947,0.7863792649440358,1,0.0,0.0,0.0,0.0,0.0,0.0,0.7471575137122858,12,4,0
0.4339622641509434,3,0.05357142857142857,0.7756893727847627,0.5994609712024382,-1.4252221661893145,0,1.0645833647544687,0.6737035990763425,-0.7937140105405687,Jeddah,1.3166981247975296,-1.2863424094698719,1.4129089973570317,-0.372227004816024,0.1795916409313088,-0.3700813375736622,0.18247075032542015,1.519478178960109,0.9419151134331025,1,0.0,0.0,0.0,0.0,0.0,0.0,0.8356484608905387,12,4,0
0.4528301886792453,3,0.07142857142857142,0.7756893727847627,0.5994609712024382,-1.4252221661893145,0,1.0645833647544687,0.6737035990763425,-0.7937140105405687,Jeddah,1.3166981247975296,-1.2863424094698719,1.4129089973570317,-0.372227004816024,0.1795916409313088,-0.4742379928351107,0.20102207755111506,1.5129017363443023,1.1023505525645394,1,0.0,0.0,0.0,0.0,0.0,0.0,0.9238042150870561,12,4,0
0.4716981132075472,3,0.08928571428571427,0.7756893727847627,0.5994609712024382,-1.4252221661893145,0,1.0645833647544687,0.6737035990763425,-0.7937140105405687,Jeddah,1.3166981247975296,-1.2863424094698719,1.4129089973570317,-0.372227004816024,0.1795916409313088,-0.34367542497216746,0.21054029077892006,1.4695069684766375,1.255864640859986,1,0.0,0.0,0.0,0.0,0.0,0.0,1.0123801407677209,12,4,0
0.49056603773584906,3,0.10714285714285715,0.7756893727847627,0.5994609712024382,-1.4252221661893145,0,1.0645833647544687,0.6737035990763425,-0.7937140105405687,Jeddah,1.3166981247975296,-1.2863424094698719,1.4129089973570317,-0.372227004816024,0.1795916409313088,-0.41585158608291967,0.2322149898008756,1.4727918927564805,1.2972646689151812,1,0.0,0.0,0.0,0.0,0.0,0.0,1.1007237918751265,12,4,0
0.5094339622641509,3,0.125,0.7756893727847627,0.5994609712024382,-1.4252221661893145,0,1.0645833647544687,0.6737035990763425,-0.7937140105405687,Jeddah,1.3166981247975296,-1.2863424094698719,1.4129089973570317,-0.372227004816024,0.1795916409313088,-0.17291719014917678,0.24644939718475545,1.3974067059284465,1.3783419300405009,1,0.0,0.0,0.0,0.0,0.0,0.0,1.189849245204722,12,4,0
0.5283018867924528,3,0.14285714285714285,0.7756893727847627,0.5994609712024382,-1.4252221661893145,0,1.0645833647544687,0.6737035990763425,-0.7937140105405687,Jeddah,1.3166981247975296,-1.2863424094698719,1.4129089973570317,-0.372227004816024,0.1795916409313088,-0.4067562161868479,0.2824737429423437,1.435815390692818,1.3726232239036085,1,0.0,0.0,0.0,0.0,0.0,0.0,1.2782221666851805,12,4,0
0.5471698113207547,3,0.1607142857142857,0.7756893727847627,0.5994609712024382,-1.4252221661893145,0,1.0645833647544687,0.6737035990763425,-0.7937140105405687,Jeddah,1.3166981247975296,-1.2863424094698719,1.4129089973570317,-0.372227004816024,0.1795916409313088,-0.4044090239556053,0.3000650385598447,1.407872853513564,1.3866739366865404,1,0.0,0.0,0.0,0.0,0.0,0.0,1.3666026418102981,12,4,0
0.5660377358490566,3,0.17857142857142858,0.7756893727847627,0.5994609712024382,-1.4252221661893145,0,1.0645833647544687,0.6737035990763425,-0.7937140105405687,Jeddah,1.3166981247975296,-1.2863424094698719,1.4129089973570317,-0.372227004816024,0.1795916409313088,-0.3243110890644047,0.32033698160025376,1.3975048268850023,1.387725737025908,1,0.0,0.0,0.0,0.0,0.0,0.0,1.4552408850593987,12,4,0
0.5849056603773585,3,0.19642857142857142,0.7756893727847627,0.5994609712024382,-1.4252221661893145,0,1.0645833647544687,0.6737035990763425,-0.7937140105405687,Jeddah,1.3166981247975296,-1.2863424094698719,1.4129089973570317,-0.372227004816024,0.1795916409313088,-0.41585158608291967,0.34194130464766925,1.4052380891328502,1.3974766697531424,1,0.0,0.0,0.0,0.0,0.0,0.0,1.5435845361668044,12,4,0
0.6037735849056604,3,0.21428571428571427,0.7756893727847627,0.5994609712024382,-1.4252221661893145,0,1.0645833647544687,0.6737035990763425,-0.7937140105405687,Jeddah,1.3166981247975296,-1.2863424094698719,1.4129089973570317,-0.372227004816024,0.1795916409313088,-0.49594952097411604,0.3589519642037121,0.2247179608032172,1.433069780064654,1,0.0,0.0,0.0,0.0,0.0,0.0,1.631670419150227,12,4,0
0.6226415094339622,3,0.23214285714285715,0.7756893727847627,0.5994609712024382,-1.4252221661893145,0,1.0645833647544687,0.6737035990763425,-0.7937140105405687,Jeddah,1.3166981247975296,-1.2863424094698719,1.4129089973570317,-0.372227004816024,0.1795916409313088,-0.5684190811137709,0.3712322343592211,0.387449015572133,1.5002413682497533,1,0.0,0.0,0.0,0.0,0.0,0.0,1.7195230833548087,12,4,0
0.6415094339622641,3,0.25,1.2348182145954227,-0.3655212045672162,-0.8825707317900047,0,0.8351124108129232,-0.39693562603573285,-0.6140813419121882,Jeddah,1.3166981247975296,-1.2863424094698719,1.4129089973570317,-0.372227004816024,0.1795916409313088,-0.6033335655535237,0.37627144425111064,0.5446762632163049,1.616800727635901,1,0.0,0.0,0.0,0.0,0.0,0.0,-1.5919267522765632,12,4,0
0.660377358490566,3,0.26785714285714285,1.2348182145954227,-0.3655212045672162,-0.8825707317900047,0,0.8351124108129232,-0.39693562603573285,-0.6140813419121882,Jeddah,1.3166981247975296,-1.2863424094698719,1.4129089973570317,-0.372227004816024,0.1795916409313088,-0.49770991514754903,0.38157214074944595,0.6682900004919927,1.7242904891912236,1,0.0,0.0,0.0,0.0,0.0,0.0,-1.5038465345266343,12,4,0
0.6792452830188679,3,0.2857142857142857,1.2348182145954227,-0.3655212045672162,-0.8825707317900047,0,0.8351124108129232,-0.39693562603573285,-0.6140813419121882,Jeddah,1.3166981247975296,-1.2863424094698719,1.4129089973570317,-0.372227004816024,0.1795916409313088,-0.630326276212828,0.3933034868998335,0.8269416896372924,1.8498502089886102,1,0.0,0.0,0.0,0.0,0.0,0.0,-1.4161930976999295,12,4,0
0.6981132075471698,3,0.30357142857142855,1.2348182145954227,-0.3655212045672162,-0.8825707317900047,0,0.8351124108129232,-0.39693562603573285,-0.6140813419121882,Jeddah,1.3166981247975296,-1.2863424094698719,1.4129089973570317,-0.372227004816024,0.1795916409313088,-0.5748738597496891,0.39593920914850306,0.8815406042104915,1.9306851146512494,1,0.0,0.0,0.0,0.0,0.0,0.0,-1.32836120601816,12,4,0
0.7169811320754716,3,0.3214285714285714,1.2348182145954227,-0.3655212045672162,-0.8825707317900047,0,0.8351124108129232,-0.39693562603573285,-0.6140813419121882,Jeddah,1.3166981247975296,-1.2863424094698719,1.4129089973570317,-0.372227004816024,0.1795916409313088,-0.6869522887915861,0.40496036529685586,1.0403101808046016,2.0053122678514583,1,0.0,0.0,0.0,0.0,0.0,0.0,-1.2408900008688497,12,4,0
0.7358490566037735,3,0.33928571428571425,1.2348182145954227,-0.3655212045672162,-0.8825707317900047,0,0.8351124108129232,-0.39693562603573285,-0.6140813419121882,Jeddah,1.3166981247975296,-1.2863424094698719,1.4129089973570317,-0.372227004816024,0.1795916409313088,-0.6986882499478073,0.4077285357364289,1.0001510257070252,2.0956357138976,1,0.0,0.0,0.0,0.0,0.0,0.0,-1.1534565639428336,12,4,0
0.7547169811320754,3,0.35714285714285715,1.2348182145954227,-0.3655212045672162,-0.8825707317900047,0,0.8351124108129232,-0.39693562603573285,-0.6140813419121882,Jeddah,1.3166981247975296,-1.2863424094698719,1.4129089973570317,-0.372227004816024,0.1795916409313088,-0.6432358334846684,0.39617853221491617,0.8952792705763365,2.1859263732969727,1,0.0,0.0,0.0,0.0,0.0,0.0,-1.0658446721617525,12,4,0
0.7735849056603773,3,0.375,1.2348182145954227,-0.3655212045672162,-0.8825707317900047,0,0.8351124108129232,-0.39693562603573285,-0.6140813419121882,Jeddah,1.3166981247975296,-1.2863424094698719,1.4129089973570317,-0.372227004816024,0.1795916409313088,-0.633847064559694,0.4016896242861439,0.8838160102600691,2.2429630688962896,1,0.0,0.0,0.0,0.0,0.0,0.0,-0.9782025658020361,12,4,0
0.7924528301886792,3,0.39285714285714285,1.2348182145954227,-0.3655212045672162,-0.8825707317900047,0,0.8351124108129232,-0.39693562603573285,-0.6140813419121882,Jeddah,1.3166981247975296,-1.2863424094698719,1.4129089973570317,-0.372227004816024,0.1795916409313088,-0.5499349422927247,0.40871561591996863,0.8672818973662256,2.304576276868021,1,0.0,0.0,0.0,0.0,0.0,0.0,-0.8902904166457662,12,4,0
0.8113207547169811,3,0.4107142857142857,1.2348182145954227,-0.3655212045672162,-0.8825707317900047,0,0.8351124108129232,-0.39693562603573285,-0.6140813419121882,Jeddah,1.3166981247975296,-1.2863424094698719,1.4129089973570317,-0.372227004816024,0.1795916409313088,-0.5637246966512817,0.424067859350148,0.9070595417685225,2.330786035732859,1,0.0,0.0,0.0,0.0,0.0,0.0,-0.8024226451518672,12,4,0
0.8301886792452831,3,0.42857142857142855,1.2348182145954227,-0.3655212045672162,-0.8825707317900047,0,0.8351124108129232,-0.39693562603573285,-0.6140813419121882,Jeddah,1.3166981247975296,-1.2863424094698719,1.4129089973570317,-0.372227004816024,0.1795916409313088,-0.611255339333972,0.42770536334526077,0.9478365890140054,2.365595297300077,1,0.0,0.0,0.0,0.0,0.0,0.0,-0.7147078349623095,12,4,0
0.8490566037735849,3,0.4464285714285714,1.2348182145954227,-0.3655212045672162,-0.8825707317900047,0,0.8351124108129232,-0.39693562603573285,-0.6140813419121882,Jeddah,1.3166981247975296,-1.2863424094698719,1.4129089973570317,-0.372227004816024,0.1795916409313088,-0.5778078500387455,0.4316028851573763,0.9657558635768079,2.4062795768826932,1,0.0,0.0,0.0,0.0,0.0,0.0,-0.6268853853363634,12,4,0
0.8679245283018868,3,0.46428571428571425,1.2348182145954227,-0.3655212045672162,-0.8825707317900047,0,0.8351124108129232,-0.39693562603573285,-0.6140813419121882,Jeddah,1.3166981247975296,-1.2863424094698719,1.4129089973570317,-0.372227004816024,0.1795916409313088,-0.45370006081172454,0.4456903491445836,1.0291976310065907,2.451509547745024,1,0.0,0.0,0.0,0.0,0.0,0.0,-0.5386635367490814,12,4,0
0.5660377358490566,3,0.5714285714285714,0.7756893727847627,0.5994609712024382,-1.4252221661893145,0,1.0645833647544687,0.6737035990763425,-0.7937140105405687,Jeddah,1.3166981247975296,-1.2863424094698719,1.4129089973570317,-0.372227004816024,0.1795916409313088,0.0037090252519266405,1.3735178751013655,0.5649027726475929,1.4772443342969779,1,0.0,0.0,0.0,0.0,0.0,0.0,1.486201386104799,13,6,0
0.660377358490566,3,0.6607142857142856,1.2348182145954227,-0.3655212045672162,-0.8825707317900047,0,0.8351124108129232,-0.39693562603573285,-0.6140813419121882,Jeddah,1.3166981247975296,-1.2863424094698719,1.4129089973570317,-0.372227004816024,0.1795916409313088,-0.15678024355937306,1.461123428601665,-0.9772351444096697,0.6563953062260484,1,0.0,0.0,0.0,0.0,0.0,0.0,-1.4658847490880764,13,6,0
0.6792452830188679,3,0.6785714285714285,1.2348182145954227,-0.3655212045672162,-0.8825707317900047,0,0.8351124108129232,-0.39693562603573285,-0.6140813419121882,Jeddah,1.3166981247975296,-1.2863424094698719,1.4129089973570317,-0.372227004816024,0.1795916409313088,-0.1512056620101714,1.4753190332618757,-0.6097530118850736,0.5575524131117288,1,0.0,0.0,0.0,0.0,0.0,0.0,-1.376689424545387,13,6,0
0.7358490566037735,3,0.7321428571428571,1.2348182145954227,-0.3655212045672162,-0.8825707317900047,0,0.8351124108129232,-0.39693562603573285,-0.6140813419121882,Jeddah,1.3166981247975296,-1.2863424094698719,1.4129089973570317,-0.372227004816024,0.1795916409313088,0.10962607468680814,1.5421846269485757,-0.344945541831923,0.5628366448755528,1,0.0,0.0,0.0,0.0,0.0,0.0,-1.105544740077425,13,6,0
0.7547169811320754,3,0.7499999999999999,1.2348182145954227,-0.3655212045672162,-0.8825707317900047,0,0.8351124108129232,-0.39693562603573285,-0.6140813419121882,Jeddah,1.3166981247975296,-1.2863424094698719,1.4129089973570317,-0.372227004816024,0.1795916409313088,-0.04587541063309951,1.5586771967595319,0.23602525468114494,0.4272376911769617,1,0.0,0.0,0.0,0.0,0.0,0.0,-1.0160104457306705,13,6,0
0.7735849056603773,3,0.7678571428571428,1.2348182145954227,-0.3655212045672162,-0.8825707317900047,0,0.8351124108129232,-0.39693562603573285,-0.6140813419121882,Jeddah,1.3166981247975296,-1.2863424094698719,1.4129089973570317,-0.372227004816024,0.1795916409313088,0.15715671736949444,1.5759857656186196,0.6033634359336879,0.6505840816565381,1,0.0,0.0,0.0,0.0,0.0,0.0,-0.9258227611209265,13,6,0
0.7924528301886792,3,0.7857142857142856,1.2348182145954227,-0.3655212045672162,-0.8825707317900047,0,0.8351124108129232,-0.39693562603573285,-0.6140813419121882,Jeddah,1.3166981247975296,-1.2863424094698719,1.4129089973570317,-0.372227004816024,0.1795916409313088,1.1743711505848125,1.5984400379494133,0.6996745702290664,0.8027319536240598,1,0.0,0.0,0.0,0.0,0.0,0.0,-0.83236151575716,13,6,0
0.8113207547169811,3,0.8035714285714285,1.2348182145954227,-0.3655212045672162,-0.8825707317900047,0,0.8351124108129232,-0.39693562603573285,-0.6140813419121882,Jeddah,1.3166981247975296,-1.2863424094698719,1.4129089973570317,-0.372227004816024,0.1795916409313088,0.9865957720853015,1.6460368863816564,1.2885231945012823,-0.054624975315596465,1,0.0,0.0,0.0,0.0,0.0,0.0,-0.7395045619661004,13,6,0
0.0,4,0.05357142857142857,0.7756893727847627,0.5994609712024382,-1.4252221661893145,0,1.0645833647544687,0.6737035990763425,-0.7937140105405687,Jeddah,1.3166981247975296,-1.2863424094698719,1.4129089973570317,-0.372227004816024,0.1795916409313088,0.5376952578599082,-0.36404660410108436,-1.0150627770001295,0.31475091936254274,1,0.0,0.0,0.0,0.0,0.0,0.0,-1.240728541714267,14,5,0
0.018867924528301883,4,0.07142857142857142,0.7756893727847627,0.5994609712024382,-1.4252221661893145,0,1.0645833647544687,0.6737035990763425,-0.7937140105405687,Jeddah,1.3166981247975296,-1.2863424094698719,1.4129089973570317,-0.372227004816024,0.1795916409313088,0.21583652315059237,-0.25663284038304546,-0.859075083673868,0.3649587703057461,1,0.0,0.0,0.0,0.0,0.0,0.0,-1.1503520159880523,14,5,0
0.03773584905660378,4,0.08928571428571427,0.7756893727847627,0.5994609712024382,-1.4252221661893145,0,1.0645833647544687,0.6737035990763425,-0.7937140105405687,Jeddah,1.3166981247975296,-1.2863424094698719,1.4129089973570317,-0.372227004816024,0.1795916409313088,0.03921030774948896,-0.18963706485857335,-0.6379803463371163,0.3278808281173973,1,0.0,0.0,0.0,0.0,0.0,0.0,-1.060543902022415,14,5,0
0.05660377358490566,4,0.10714285714285715,0.7756893727847627,0.5994609712024382,-1.4252221661893145,0,1.0645833647544687,0.6737035990763425,-0.7937140105405687,Jeddah,1.3166981247975296,-1.2863424094698719,1.4129089973570317,-0.372227004816024,0.1795916409313088,0.12458942516098848,-0.14017480813545927,-0.4316548043520704,0.31357018163274203,1,0.0,0.0,0.0,0.0,0.0,0.0,-0.9704610242323125,14,5,0
0.07547169811320754,4,0.125,0.7756893727847627,0.5994609712024382,-1.4252221661893145,0,1.0645833647544687,0.6737035990763425,-0.7937140105405687,Jeddah,1.3166981247975296,-1.2863424094698719,1.4129089973570317,-0.372227004816024,0.1795916409313088,0.04625188444322088,-0.08239568908741955,-0.31408058628843966,0.09888176654304216,1,0.0,0.0,0.0,0.0,0.0,0.0,-0.8806302493326985,14,5,0
0.09433962264150943,4,0.14285714285714285,0.7756893727847627,0.5994609712024382,-1.4252221661893145,0,1.0645833647544687,0.6737035990763425,-0.7937140105405687,Jeddah,1.3166981247975296,-1.2863424094698719,1.4129089973570317,-0.372227004816024,0.1795916409313088,-0.08548427953534156,-0.04581486581966947,-0.1328870114618782,-0.059513268584539133,1,0.0,0.0,0.0,0.0,0.0,0.0,-0.7912234227395618,14,5,0
0.11320754716981131,4,0.1607142857142857,0.7756893727847627,0.5994609712024382,-1.4252221661893145,0,1.0645833647544687,0.6737035990763425,-0.7937140105405687,Jeddah,1.3166981247975296,-1.2863424094698719,1.4129089973570317,-0.372227004816024,0.1795916409313088,-0.03296585336125905,-0.0203386588653067,-0.07703563003256668,-0.14559450069182275,1,0.0,0.0,0.0,0.0,0.0,0.0,-0.7016475833471836,14,5,0
0.13207547169811318,4,0.17857142857142858,0.7756893727847627,0.5994609712024382,-1.4252221661893145,0,1.0645833647544687,0.6737035990763425,-0.7937140105405687,Jeddah,1.3166981247975296,-1.2863424094698719,1.4129089973570317,-0.372227004816024,0.1795916409313088,-0.06171895819399633,0.00913572936505961,-0.009423676855606378,-0.289982627741789,1,0.0,0.0,0.0,0.0,0.0,0.0,-0.6121642761018761,14,5,0
0.15094339622641512,4,0.19642857142857142,0.7756893727847627,0.5994609712024382,-1.4252221661893145,0,1.0645833647544687,0.6737035990763425,-0.7937140105405687,Jeddah,1.3166981247975296,-1.2863424094698719,1.4129089973570317,-0.372227004816024,0.1795916409313088,-0.0050929456152382585,0.030178189276172013,0.06126010924545613,-0.4927784824991667,1,0.0,0.0,0.0,0.0,0.0,0.0,-0.5224987371791742,14,5,0
0.169811320754717,4,0.21428571428571427,0.7756893727847627,0.5994609712024382,-1.4252221661893145,0,1.0645833647544687,0.6737035990763425,-0.7937140105405687,Jeddah,1.3166981247975296,-1.2863424094698719,1.4129089973570317,-0.372227004816024,0.1795916409313088,0.0025354291363032643,0.05707028993193877,-0.01654555062043333,-0.7120683125335449,1,0.0,0.0,0.0,0.0,0.0,0.0,-0.4328086489113311,14,5,0
0.18867924528301888,4,0.23214285714285715,0.7756893727847627,0.5994609712024382,-1.4252221661893145,0,1.0645833647544687,0.6737035990763425,-0.7937140105405687,Jeddah,1.3166981247975296,-1.2863424094698719,1.4129089973570317,-0.372227004816024,0.1795916409313088,0.006643015540982997,0.08673390890104207,-0.18328606042849052,-0.45814261710047577,1,0.0,0.0,0.0,0.0,0.0,0.0,-0.34310534176533514,14,5,0
0.20754716981132076,4,0.25,0.7756893727847627,0.5994609712024382,-1.4252221661893145,0,1.0645833647544687,0.6737035990763425,-0.7937140105405687,Jeddah,1.3166981247975296,-1.2863424094698719,1.4129089973570317,-0.372227004816024,0.1795916409313088,0.10111750284854597,0.11489690024197861,-0.13659568665309674,-0.43178102219637027,1,0.0,0.0,0.0,0.0,0.0,0.0,-0.25309800042182096,14,5,0
0.22641509433962265,4,0.26785714285714285,0.7756893727847627,0.5994609712024382,-1.4252221661893145,0,1.0645833647544687,0.6737035990763425,-0.7937140105405687,Jeddah,1.3166981247975296,-1.2863424094698719,1.4129089973570317,-0.372227004816024,0.1795916409313088,0.07177759995799908,0.15035013382504706,-0.26682517936944194,-0.8184865631161885,1,0.0,0.0,0.0,0.0,0.0,0.0,-0.1631850796365421,14,5,0
0.24528301886792453,4,0.2857142857142857,0.7756893727847627,0.5994609712024382,-1.4252221661893145,0,1.0645833647544687,0.6737035990763425,-0.7937140105405687,Jeddah,1.3166981247975296,-1.2863424094698719,1.4129089973570317,-0.372227004816024,0.1795916409313088,0.18414942802879875,0.18578090087695406,-0.19580822189931205,-1.277397952431141,1,0.0,0.0,0.0,0.0,0.0,0.0,-0.07291052811322173,14,5,0
0.33962264150943394,3,0.0,0.7756893727847627,0.5994609712024382,-1.4252221661893145,0,1.0645833647544687,0.6737035990763425,-0.7937140105405687,Jeddah,1.3166981247975296,-1.2863424094698719,1.4129089973570317,-0.372227004816024,0.1795916409313088,6.11521079735319,0.34980334504260585,-0.5231505010749387,1.0032769397791719,1,0.0,0.0,0.0,0.0,0.0,0.0,0.398877842605047,14,5,0
0.3584905660377358,3,0.017857142857142856,0.7756893727847627,0.5994609712024382,-1.4252221661893145,0,1.0645833647544687,0.6737035990763425,-0.7937140105405687,Jeddah,1.3166981247975296,-1.2863424094698719,1.4129089973570317,-0.372227004816024,0.1795916409313088,-0.15443305132813048,0.3557589405626376,-0.13091243836365604,-0.9598824509891062,1,0.0,0.0,0.0,0.0,0.0,0.0,0.4880627808863304,14,5,0
0.37735849056603776,3,0.03571428571428571,0.7756893727847627,0.5994609712024382,-1.4252221661893145,0,1.0645833647544687,0.6737035990763425,-0.7937140105405687,Jeddah,1.3166981247975296,-1.2863424094698719,1.4129089973570317,-0.372227004816024,0.1795916409313088,-0.09986083195170811,0.36766350750883986,2.2394111025551076,-0.795012030904465,1,0.0,0.0,0.0,0.0,0.0,0.0,0.5774233414059319,14,5,0
0.39622641509433965,3,0.05357142857142857,0.7756893727847627,0.5994609712024382,-1.4252221661893145,0,1.0645833647544687,0.6737035990763425,-0.7937140105405687,Jeddah,1.3166981247975296,-1.2863424094698719,1.4129089973570317,-0.372227004816024,0.1795916409313088,-0.31052133470584775,0.38857659645265435,0.7711992207666197,-0.8897118180138294,1,0.0,0.0,0.0,0.0,0.0,0.0,0.6661059623174032,14,5,0
0.41509433962264153,3,0.07142857142857142,0.7756893727847627,0.5994609712024382,-1.4252221661893145,0,1.0645833647544687,0.6737035990763425,-0.7937140105405687,Jeddah,1.3166981247975296,-1.2863424094698719,1.4129089973570317,-0.372227004816024,0.1795916409313088,-0.10250142321185758,0.3988079271432463,0.754798472253686,-0.8238320857748052,1,0.0,0.0,0.0,0.0,0.0,0.0,0.7554580249867634,14,5,0
0.4339622641509434,3,0.08928571428571427,0.7756893727847627,0.5994609712024382,-1.4252221661893145,0,1.0645833647544687,0.6737035990763425,-0.7937140105405687,Jeddah,1.3166981247975296,-1.2863424094698719,1.4129089973570317,-0.372227004816024,0.1795916409313088,-0.008320334933197332,0.43046015404279336,0.9053440395944369,-1.0417149566067485,1,0.0,0.0,0.0,0.0,0.0,0.0,0.8451131776480594,14,5,0
0.4528301886792453,3,0.10714285714285715,0.7756893727847627,0.5994609712024382,-1.4252221661893145,0,1.0645833647544687,0.6737035990763425,-0.7937140105405687,Jeddah,1.3166981247975296,-1.2863424094698719,1.4129089973570317,-0.372227004816024,0.1795916409313088,-0.09487304846031606,0.4689191265491383,1.0606319969382543,-1.4404014809829688,1,0.0,0.0,0.0,0.0,0.0,0.0,0.9344897896625607,14,5,0
0.5094339622641509,3,0.1607142857142857,0.7756893727847627,0.5994609712024382,-1.4252221661893145,0,1.0645833647544687,0.6737035990763425,-0.7937140105405687,Jeddah,1.3166981247975296,-1.2863424094698719,1.4129089973570317,-0.372227004816024,0.1795916409313088,-0.1887607377100736,0.5484541850180836,1.327768344647796,-0.7774287664061316,1,0.0,0.0,0.0,0.0,0.0,0.0,1.2015394545198514,14,5,0
0.5283018867924528,3,0.17857142857142858,0.7756893727847627,0.5994609712024382,-1.4252221661893145,0,1.0645833647544687,0.6737035990763425,-0.7937140105405687,Jeddah,1.3166981247975296,-1.2863424094698719,1.4129089973570317,-0.372227004816024,0.1795916409313088,-0.3677341453424196,0.5756002823054774,1.3222331200150386,-0.41543337828632176,1,0.0,0.0,0.0,0.0,0.0,0.0,1.2900379553427634,14,5,0
0.5471698113207547,3,0.19642857142857142,0.7756893727847627,0.5994609712024382,-1.4252221661893145,0,1.0645833647544687,0.6737035990763425,-0.7937140105405687,Jeddah,1.3166981247975296,-1.2863424094698719,1.4129089973570317,-0.372227004816024,0.1795916409313088,-0.4014750336665489,0.5916407857127912,1.3358330234970779,-0.16552822124893796,1,0.0,0.0,0.0,0.0,0.0,0.0,1.3784278725237045,14,5,0
0.5660377358490566,3,0.21428571428571427,0.7756893727847627,0.5994609712024382,-1.4252221661893145,0,1.0645833647544687,0.6737035990763425,-0.7937140105405687,Jeddah,1.3166981247975296,-1.2863424094698719,1.4129089973570317,-0.372227004816024,0.1795916409313088,-0.2970249793761977,0.6077194212722326,1.3368510774078486,0.07279943155686511,1,0.0,0.0,0.0,0.0,0.0,0.0,1.4671539268919638,14,5,0
0.5849056603773585,3,0.23214285714285715,0.7756893727847627,0.5994609712024382,-1.4252221661893145,0,1.0645833647544687,0.6737035990763425,-0.7937140105405687,Jeddah,1.3166981247975296,-1.2863424094698719,1.4129089973570317,-0.372227004816024,0.1795916409313088,-0.3149223201394302,0.6262687125237666,1.346289156884595,0.6500989218179436,1,0.0,0.0,0.0,0.0,0.0,0.0,1.5558223847196992,14,5,0
0.6037735849056604,3,0.25,0.7756893727847627,0.5994609712024382,-1.4252221661893145,0,1.0645833647544687,0.6737035990763425,-0.7937140105405687,Jeddah,1.3166981247975296,-1.2863424094698719,1.4129089973570317,-0.372227004816024,0.1795916409313088,-0.29966557063634713,0.6452793691742966,1.3807402820581274,1.078586550227178,1,0.0,0.0,0.0,0.0,0.0,0.0,1.6445399412377173,14,5,0
0.6226415094339622,3,0.26785714285714285,0.7756893727847627,0.5994609712024382,-1.4252221661893145,0,1.0645833647544687,0.6737035990763425,-0.7937140105405687,Jeddah,1.3166981247975296,-1.2863424094698719,1.4129089973570317,-0.372227004816024,0.1795916409313088,-0.2090052707045487,0.6656486439764357,1.445756707215032,1.050395965847209,1,0.0,0.0,0.0,0.0,0.0,0.0,1.7335492572806832,14,5,0
0.6415094339622641,3,0.2857142857142857,1.2348182145954227,-0.3655212045672162,-0.8825707317900047,0,0.8351124108129232,-0.39693562603573285,-0.6140813419121882,Jeddah,1.3166981247975296,-1.2863424094698719,1.4129089973570317,-0.372227004816024,0.1795916409313088,-0.24949433669350723,0.6888650099063831,1.5585763244166289,1.0387049421216554,1,0.0,0.0,0.0,0.0,0.0,0.0,-1.5767618664183694,14,5,0
0.660377358490566,3,0.30357142857142855,1.2348182145954227,-0.3655212045672162,-0.8825707317900047,0,0.8351124108129232,-0.39693562603573285,-0.6140813419121882,Jeddah,1.3166981247975296,-1.2863424094698719,1.4129089973570317,-0.372227004816024,0.1795916409313088,-0.055264179558074014,0.7115622943285631,1.6626173367868773,1.0110241683749086,1,0.0,0.0,0.0,0.0,0.0,0.0,-1.48725778665025,14,5,0
0.6792452830188679,3,0.3214285714285714,1.2348182145954227,-0.3655212045672162,-0.8825707317900047,0,0.8351124108129232,-0.39693562603573285,-0.6140813419121882,Jeddah,1.3166981247975296,-1.2863424094698719,1.4129089973570317,-0.372227004816024,0.1795916409313088,-0.3278318774112707,0.7431801647452735,1.7841485428443153,0.9202261416228279,1,0.0,0.0,0.0,0.0,0.0,0.0,-1.3986308738681381,14,5,0
0.6981132075471698,3,0.33928571428571425,1.2348182145954227,-0.3655212045672162,-0.8825707317900047,0,0.8351124108129232,-0.39693562603573285,-0.6140813419121882,Jeddah,1.3166981247975296,-1.2863424094698719,1.4129089973570317,-0.372227004816024,0.1795916409313088,-0.28264842695982695,0.7604021741414608,1.8623899055406685,0.9510300553611604,1,0.0,0.0,0.0,0.0,0.0,0.0,-1.3098585534263434,14,5,0
0.7169811320754716,3,0.35714285714285715,1.2348182145954227,-0.3655212045672162,-0.8825707317900047,0,0.8351124108129232,-0.39693562603573285,-0.6140813419121882,Jeddah,1.3166981247975296,-1.2863424094698719,1.4129089973570317,-0.372227004816024,0.1795916409313088,-0.3158025172261467,0.7815322199020789,1.9346226880579434,0.935081172038933,1,0.0,0.0,0.0,0.0,0.0,0.0,-1.2211929282153549,14,5,0
0.7358490566037735,3,0.375,1.2348182145954227,-0.3655212045672162,-0.8825707317900047,0,0.8351124108129232,-0.39693562603573285,-0.6140813419121882,Jeddah,1.3166981247975296,-1.2863424094698719,1.4129089973570317,-0.372227004816024,0.1795916409313088,-0.3075873444167914,0.8016561198280573,2.022048156599647,0.9280823483172429,1,0.0,0.0,0.0,0.0,0.0,0.0,-1.1325008652480604,14,5,0
0.7547169811320754,3,0.39285714285714285,1.2348182145954227,-0.3655212045672162,-0.8825707317900047,0,0.8351124108129232,-0.39693562603573285,-0.6140813419121882,Jeddah,1.3166981247975296,-1.2863424094698719,1.4129089973570317,-0.372227004816024,0.1795916409313088,-0.3853380870767452,0.8122753363509969,2.1094418904358987,0.9306930968214883,1,0.0,0.0,0.0,0.0,0.0,0.0,-1.0440590167600898,14,5,0
0.7735849056603773,3,0.4107142857142857,1.2348182145954227,-0.3655212045672162,-0.8825707317900047,0,0.8351124108129232,-0.39693562603573285,-0.6140813419121882,Jeddah,1.3166981247975296,-1.2863424094698719,1.4129089973570317,-0.372227004816024,0.1795916409313088,-0.34543581914560045,0.8284390516258507,2.1646485953959096,0.957530468471776,1,0.0,0.0,0.0,0.0,0.0,0.0,-0.955488756312919,14,5,0
0.7924528301886792,3,0.42857142857142855,1.2348182145954227,-0.3655212045672162,-0.8825707317900047,0,0.8351124108129232,-0.39693562603573285,-0.6140813419121882,Jeddah,1.3166981247975296,-1.2863424094698719,1.4129089973570317,-0.372227004816024,0.1795916409313088,-0.4240667588922708,0.8468785871025417,2.2242849778755405,0.9371342189092793,1,0.0,0.0,0.0,0.0,0.0,0.0,-0.8671715429618192,14,5,0
0.8113207547169811,3,0.4464285714285714,1.2348182145954227,-0.3655212045672162,-0.8825707317900047,0,0.8351124108129232,-0.39693562603573285,-0.6140813419121882,Jeddah,1.3166981247975296,-1.2863424094698719,1.4129089973570317,-0.372227004816024,0.1795916409313088,-0.3935532598861005,0.8633395351639946,2.2496538112120477,0.9447772579443805,1,0.0,0.0,0.0,0.0,0.0,0.0,-0.7787561322301545,14,5,0
0.8301886792452831,3,0.46428571428571425,1.2348182145954227,-0.3655212045672162,-0.8825707317900047,0,0.8351124108129232,-0.39693562603573285,-0.6140813419121882,Jeddah,1.3166981247975296,-1.2863424094698719,1.4129089973570317,-0.372227004816024,0.1795916409313088,-0.4079298123024713,0.873640695879593,2.283346236992062,0.9224350327794554,1,0.0,0.0,0.0,0.0,0.0,0.0,-0.6903869875720252,14,5,0
0.8490566037735849,3,0.48214285714285715,1.2348182145954227,-0.3655212045672162,-0.8825707317900047,0,0.8351124108129232,-0.39693562603573285,-0.6140813419121882,Jeddah,1.3166981247975296,-1.2863424094698719,1.4129089973570317,-0.372227004816024,0.1795916409313088,-0.34602261720341004,0.8855365048962162,2.3227251841036995,0.9412329449590271,1,0.0,0.0,0.0,0.0,0.0,0.0,-0.6018186155360191,14,5,0
0.8679245283018868,3,0.49999999999999994,1.2348182145954227,-0.3655212045672162,-0.8825707317900047,0,0.8351124108129232,-0.39693562603573285,-0.6140813419121882,Jeddah,1.3166981247975296,-1.2863424094698719,1.4129089973570317,-0.372227004816024,0.1795916409313088,-0.7380037198211424,0.9055201337178413,2.3665039765198665,0.9359026861068805,1,0.0,0.0,0.0,0.0,0.0,0.0,-0.5145117021580384,14,5,0
0.0,3,0.05357142857142857,0.7756893727847627,0.5994609712024382,-1.4252221661893145,0,1.0645833647544687,0.6737035990763425,-0.7937140105405687,Jeddah,1.3166981247975296,-1.2863424094698719,1.4129089973570317,-0.372227004816024,0.1795916409313088,0.7762286683600688,0.2809155229427791,0.47324588945405416,-0.01124699250902812,1,0.0,0.0,0.0,0.0,0.0,0.0,-1.23870038812337,15,7,0
0.018867924528301883,3,0.07142857142857142,0.7756893727847627,0.5994609712024382,-1.4252221661893145,0,1.0645833647544687,0.6737035990763425,-0.7937140105405687,Jeddah,1.3166981247975296,-1.2863424094698719,1.4129089973570317,-0.372227004816024,0.1795916409313088,0.1885504134623812,0.36150025385853063,0.36930590671641594,0.009096525831290034,1,0.0,0.0,0.0,0.0,0.0,0.0,-1.148411673516314,15,7,0
0.03773584905660378,3,0.08928571428571427,0.7756893727847627,0.5994609712024382,-1.4252221661893145,0,1.0645833647544687,0.6737035990763425,-0.7937140105405687,Jeddah,1.3166981247975296,-1.2863424094698719,1.4129089973570317,-0.372227004816024,0.1795916409313088,0.0063496165120761104,0.4000409516962767,0.2654179535289991,0.17440023402542407,1,0.0,0.0,0.0,0.0,0.0,0.0,-1.0587093105759007,15,7,0
0.05660377358490566,3,0.10714285714285715,0.7756893727847627,0.5994609712024382,-1.4252221661893145,0,1.0645833647544687,0.6737035990763425,-0.7937140105405687,Jeddah,1.3166981247975296,-1.2863424094698719,1.4129089973570317,-0.372227004816024,0.1795916409313088,0.10903927662899437,0.4283073034636342,0.1925598282397066,0.2863861321820499,1,0.0,0.0,0.0,0.0,0.0,0.0,-0.9686764756816628,15,7,0
0.07547169811320754,3,0.125,0.7756893727847627,0.5994609712024382,-1.4252221661893145,0,1.0645833647544687,0.6737035990763425,-0.7937140105405687,Jeddah,1.3166981247975296,-1.2863424094698719,1.4129089973570317,-0.372227004816024,0.1795916409313088,0.07676538344939113,0.4635405861008534,0.23285905511948707,0.24057750490810229,1,0.0,0.0,0.0,0.0,0.0,0.0,-0.878747503401484,15,7,0
0.09433962264150943,3,0.14285714285714285,0.7756893727847627,0.5994609712024382,-1.4252221661893145,0,1.0645833647544687,0.6737035990763425,-0.7937140105405687,Jeddah,1.3166981247975296,-1.2863424094698719,1.4129089973570317,-0.372227004816024,0.1795916409313088,-0.005679743673047862,0.48875578868125075,0.24489790871453965,0.20780844951187522,1,0.0,0.0,0.0,0.0,0.0,0.0,-0.7890838528899469,15,7,0
0.11320754716981131,3,0.1607142857142857,0.7756893727847627,0.5994609712024382,-1.4252221661893145,0,1.0645833647544687,0.6737035990763425,-0.7937140105405687,Jeddah,1.3166981247975296,-1.2863424094698719,1.4129089973570317,-0.372227004816024,0.1795916409313088,0.11872144458287577,0.5100464663765989,0.17542375070486527,0.2809774225161983,1,0.0,0.0,0.0,0.0,0.0,0.0,-0.6990198592114913,15,7,0
0.13207547169811318,3,0.17857142857142858,0.7756893727847627,0.5994609712024382,-1.4252221661893145,0,1.0645833647544687,0.6737035990763425,-0.7937140105405687,Jeddah,1.3166981247975296,-1.2863424094698719,1.4129089973570317,-0.372227004816024,0.1795916409313088,0.04918587473227723,0.5382283610680764,0.23345317830866424,0.3108119575280317,1,0.0,0.0,0.0,0.0,0.0,0.0,-0.609179642256054,15,7,0
0.15094339622641512,3,0.19642857142857142,0.7756893727847627,0.5994609712024382,-1.4252221661893145,0,1.0645833647544687,0.6737035990763425,-0.7937140105405687,Jeddah,1.3166981247975296,-1.2863424094698719,1.4129089973570317,-0.372227004816024,0.1795916409313088,0.10229109896416934,0.5583843338196407,0.11230974899847992,0.42281074889209874,1,0.0,0.0,0.0,0.0,0.0,0.0,-0.5191685240902103,15,7,0
0.169811320754717,3,0.21428571428571427,0.7756893727847627,0.5994609712024382,-1.4252221661893145,0,1.0645833647544687,0.6737035990763425,-0.7937140105405687,Jeddah,1.3166981247975296,-1.2863424094698719,1.4129089973570317,-0.372227004816024,0.1795916409313088,0.02659414950655538,0.5820013806087485,0.01085461704355187,0.4615251518914368,1,0.0,0.0,0.0,0.0,0.0,0.0,-0.4294010109646142,15,7,0
0.18867924528301888,3,0.23214285714285715,0.7756893727847627,0.5994609712024382,-1.4252221661893145,0,1.0645833647544687,0.6737035990763425,-0.7937140105405687,Jeddah,1.3166981247975296,-1.2863424094698719,1.4129089973570317,-0.372227004816024,0.1795916409313088,0.05681424948381875,0.6025796394574229,-0.18710934002651447,0.568952783565934,1,0.0,0.0,0.0,0.0,0.0,0.0,-0.3395362446640356,15,7,0
0.20754716981132076,3,0.25,0.7756893727847627,0.5994609712024382,-1.4252221661893145,0,1.0645833647544687,0.6737035990763425,-0.7937140105405687,Jeddah,1.3166981247975296,-1.2863424094698719,1.4129089973570317,-0.372227004816024,0.1795916409313088,0.013097794176901142,0.623765896336667,-0.48148863453348506,0.6673185601942907,1,0.0,0.0,0.0,0.0,0.0,0.0,-0.24981216499522768,15,7,0
0.22641509433962265,3,0.26785714285714285,0.7756893727847627,0.5994609712024382,-1.4252221661893145,0,1.0645833647544687,0.6737035990763425,-0.7937140105405687,Jeddah,1.3166981247975296,-1.2863424094698719,1.4129089973570317,-0.372227004816024,0.1795916409313088,0.05622745142600915,0.6421832558592763,-0.9127486199048038,0.7168739821340849,1,0.0,0.0,0.0,0.0,0.0,0.0,-0.15994928710581371,15,7,0
0.24528301886792453,3,0.2857142857142857,0.7756893727847627,0.5994609712024382,-1.4252221661893145,0,1.0645833647544687,0.6737035990763425,-0.7937140105405687,Jeddah,1.3166981247975296,-1.2863424094698719,1.4129089973570317,-0.372227004816024,0.1795916409313088,0.011924198061281937,0.6649322364029641,-1.0460445448661602,0.7713764818175987,1,0.0,0.0,0.0,0.0,0.0,0.0,-0.07022898425933535,15,7,0
0.2641509433962264,3,0.30357142857142855,0.7756893727847627,0.5994609712024382,-1.4252221661893145,0,1.0645833647544687,0.6737035990763425,-0.7937140105405687,Jeddah,1.3166981247975296,-1.2863424094698719,1.4129089973570317,-0.372227004816024,0.1795916409313088,0.020726168928446836,0.6842827546673174,-1.1622648869916896,0.8112918279211419,1,0.0,0.0,0.0,0.0,0.0,0.0,0.019519644754613843,15,7,0
0.32075471698113206,3,0.35714285714285715,0.7756893727847627,0.5994609712024382,-1.4252221661893145,0,1.0645833647544687,0.6737035990763425,-0.7937140105405687,Jeddah,1.3166981247975296,-1.2863424094698719,1.4129089973570317,-0.372227004816024,0.1795916409313088,0.4294310161937842,0.749235401993563,0.8032410567810763,1.102226337995513,1,0.0,0.0,0.0,0.0,0.0,0.0,0.29089849220699954,15,7,0
0.33962264150943394,3,0.375,0.7756893727847627,0.5994609712024382,-1.4252221661893145,0,1.0645833647544687,0.6737035990763425,-0.7937140105405687,Jeddah,1.3166981247975296,-1.2863424094698719,1.4129089973570317,-0.372227004816024,0.1795916409313088,0.3390641152908968,0.7484189176629672,0.8035218665279843,1.484811903676412,1,0.0,0.0,0.0,0.0,0.0,0.0,0.38167158427780307,15,7,0
0.3584905660377358,3,0.39285714285714285,0.7756893727847627,0.5994609712024382,-1.4252221661893145,0,1.0645833647544687,0.6737035990763425,-0.7937140105405687,Jeddah,1.3166981247975296,-1.2863424094698719,1.4129089973570317,-0.372227004816024,0.1795916409313088,-0.031792257245635676,0.4187766663789521,-0.9354354082595102,1.3331344548576889,1,0.0,0.0,0.0,0.0,0.0,0.0,0.47125120049251074,15,7,0
0.37735849056603776,3,0.4107142857142857,0.7756893727847627,0.5994609712024382,-1.4252221661893145,0,1.0645833647544687,0.6737035990763425,-0.7937140105405687,Jeddah,1.3166981247975296,-1.2863424094698719,1.4129089973570317,-0.372227004816024,0.1795916409313088,-0.1717435940335534,0.43814765160587826,-0.7758547638584546,0.6952712247324853,1,0.0,0.0,0.0,0.0,0.0,0.0,0.5603804306444355,15,7,0
0.39622641509433965,3,0.42857142857142855,0.7756893727847627,0.5994609712024382,-1.4252221661893145,0,1.0645833647544687,0.6737035990763425,-0.7937140105405687,Jeddah,1.3166981247975296,-1.2863424094698719,1.4129089973570317,-0.372227004816024,0.1795916409313088,-0.2609368988208216,0.45322375627072586,-0.8675161609956538,0.7403571887273875,1,0.0,0.0,0.0,0.0,0.0,0.0,0.649222622299324,15,7,0
0.41509433962264153,3,0.4464285714285714,0.7756893727847627,0.5994609712024382,-1.4252221661893145,0,1.0645833647544687,0.6737035990763425,-0.7937140105405687,Jeddah,1.3166981247975296,-1.2863424094698719,1.4129089973570317,-0.372227004816024,0.1795916409313088,-0.2594699036762955,0.4661012330118205,-0.8037501433056689,0.8199556169041802,1,0.0,0.0,0.0,0.0,0.0,0.0,0.7380695349821249,15,7,0
0.4339622641509434,3,0.46428571428571425,0.7756893727847627,0.5994609712024382,-1.4252221661893145,0,1.0645833647544687,0.6737035990763425,-0.7937140105405687,Jeddah,1.3166981247975296,-1.2863424094698719,1.4129089973570317,-0.372227004816024,0.1795916409313088,-0.24861413960679074,0.486187801596176,-1.014642363471441,0.8723168174513017,1,0.0,0.0,0.0,0.0,0.0,0.0,0.8269513832714727,15,7,0
0.4528301886792453,3,0.48214285714285715,0.7756893727847627,0.5994609712024382,-1.4252221661893145,0,1.0645833647544687,0.6737035990763425,-0.7937140105405687,Jeddah,1.3166981247975296,-1.2863424094698719,1.4129089973570317,-0.372227004816024,0.1795916409313088,-0.22015443380296035,0.5081414069477062,-1.4005372525686592,0.8627720341112385,1,0.0,0.0,0.0,0.0,0.0,0.0,0.9159248195023085,15,7,0
0.5094339622641509,3,0.5357142857142856,0.7756893727847627,0.5994609712024382,-1.4252221661893145,0,1.0645833647544687,0.6737035990763425,-0.7937140105405687,Jeddah,1.3166981247975296,-1.2863424094698719,1.4129089973570317,-0.372227004816024,0.1795916409313088,0.12899041059457092,0.6100726490719524,-0.7588356486170563,0.6043675755446815,1,0.0,0.0,0.0,0.0,0.0,0.0,1.185794826434092,15,7,0
0.5283018867924528,3,0.5535714285714285,0.7756893727847627,0.5994609712024382,-1.4252221661893145,0,1.0645833647544687,0.6737035990763425,-0.7937140105405687,Jeddah,1.3166981247975296,-1.2863424094698719,1.4129089973570317,-0.372227004816024,0.1795916409313088,-0.10572881252982083,0.6534109106681867,-0.40845468108684196,0.3354775216587531,1,0.0,0.0,0.0,0.0,0.0,0.0,1.2751365028420465,15,7,0
0.5471698113207547,3,0.5714285714285714,0.7756893727847627,0.5994609712024382,-1.4252221661893145,0,1.0645833647544687,0.6737035990763425,-0.7937140105405687,Jeddah,1.3166981247975296,-1.2863424094698719,1.4129089973570317,-0.372227004816024,0.1795916409313088,-0.11335718728136235,0.6825422150502701,-0.16656759194920834,0.16390567376269113,1,0.0,0.0,0.0,0.0,0.0,0.0,1.3644536299048597,15,7,0
0.5849056603773585,4,0.0,0.7756893727847627,0.5994609712024382,-1.4252221661893145,0,1.0645833647544687,0.6737035990763425,-0.7937140105405687,Jeddah,1.3166981247975296,-1.2863424094698719,1.4129089973570317,-0.372227004816024,0.1795916409313088,4.550220377171329,0.774433441589693,0.6228906081013783,-0.9756884296758717,1,0.0,0.0,0.0,0.0,0.0,0.0,1.5603659019819889,15,7,0
0.6792452830188679,4,0.08928571428571427,1.2348182145954227,-0.3655212045672162,-0.8825707317900047,0,0.8351124108129232,-0.39693562603573285,-0.6140813419121882,Jeddah,1.3166981247975296,-1.2863424094698719,1.4129089973570317,-0.372227004816024,0.1795916409313088,-0.42817434529694637,1.0434989814541453,0.8967398006958531,-1.3859177388943442,1,0.0,0.0,0.0,0.0,0.0,0.0,-1.3975082134307188,15,7,0
0.6981132075471698,4,0.10714285714285715,1.2348182145954227,-0.3655212045672162,-0.8825707317900047,0,0.8351124108129232,-0.39693562603573285,-0.6140813419121882,Jeddah,1.3166981247975296,-1.2863424094698719,1.4129089973570317,-0.372227004816024,0.1795916409313088,-0.3075873444167914,1.0529853715206283,0.8197279857985126,-0.9586408004826086,1,0.0,0.0,0.0,0.0,0.0,0.0,-1.3088161504634244,15,7,0
0.7169811320754716,4,0.125,1.2348182145954227,-0.3655212045672162,-0.8825707317900047,0,0.8351124108129232,-0.39693562603573285,-0.6140813419121882,Jeddah,1.3166981247975296,-1.2863424094698719,1.4129089973570317,-0.372227004816024,0.1795916409313088,-0.31961670460191954,1.0685926870994629,0.8241709014238949,-0.8345734402071473,1,0.0,0.0,0.0,0.0,0.0,0.0,-1.2201627999250064,15,7,0
0.7358490566037735,4,0.14285714285714285,1.2348182145954227,-0.3655212045672162,-0.8825707317900047,0,0.8351124108129232,-0.39693562603573285,-0.6140813419121882,Jeddah,1.3166981247975296,-1.2863424094698719,1.4129089973570317,-0.372227004816024,0.1795916409313088,-0.23717157747947637,1.084301509521923,0.8294314459327989,-0.701353994035139,1,0.0,0.0,0.0,0.0,0.0,0.0,-1.1312441276179468,15,7,0
0.7547169811320754,4,0.1607142857142857,1.2348182145954227,-0.3655212045672162,-0.8825707317900047,0,0.8351124108129232,-0.39693562603573285,-0.6140813419121882,Jeddah,1.3166981247975296,-1.2863424094698719,1.4129089973570317,-0.372227004816024,0.1795916409313088,-0.3292988725558009,1.0953604896380305,0.8596991953591561,-0.8268941769573029,1,0.0,0.0,0.0,0.0,0.0,0.0,-1.0426219358637465,15,7,0
0.7735849056603773,4,0.17857142857142858,1.2348182145954227,-0.3655212045672162,-0.8825707317900047,0,0.8351124108129232,-0.39693562603573285,-0.6140813419121882,Jeddah,1.3166981247975296,-1.2863424094698719,1.4129089973570317,-0.372227004816024,0.1795916409313088,-0.46191523362107983,1.1102299686220785,0.8588847022247593,-0.9719317055695521,1,0.0,0.0,0.0,0.0,0.0,0.0,-0.9544265250327703,15,7,0
0.7924528301886792,4,0.19642857142857142,1.2348182145954227,-0.3655212045672162,-0.8825707317900047,0,0.8351124108129232,-0.39693562603573285,-0.6140813419121882,Jeddah,1.3166981247975296,-1.2863424094698719,1.4129089973570317,-0.372227004816024,0.1795916409313088,-0.3844578899900287,1.1205089240408532,0.8250026242213389,-0.8956834340526124,1,0.0,0.0,0.0,0.0,0.0,0.0,-0.8659818439280526,15,7,0
0.8113207547169811,4,0.21428571428571427,1.2348182145954227,-0.3655212045672162,-0.8825707317900047,0,0.8351124108129232,-0.39693562603573285,-0.6140813419121882,Jeddah,1.3166981247975296,-1.2863424094698719,1.4129089973570317,-0.372227004816024,0.1795916409313088,-0.4061694181290383,1.1350705973863098,0.8359149034493429,-1.0231413683953445,1,0.0,0.0,0.0,0.0,0.0,0.0,-0.7776070340364292,15,7,0
0.8301886792452831,4,0.23214285714285715,1.2348182145954227,-0.3655212045672162,-0.8825707317900047,0,0.8351124108129232,-0.39693562603573285,-0.6140813419121882,Jeddah,1.3166981247975296,-1.2863424094698719,1.4129089973570317,-0.372227004816024,0.1795916409313088,-0.3953136540595335,1.142824649450574,0.852354311736532,-1.2669642746938359,1,0.0,0.0,0.0,0.0,0.0,0.0,-0.6891972885382587,15,7,0
0.8490566037735849,4,0.25,1.2348182145954227,-0.3655212045672162,-0.8825707317900047,0,0.8351124108129232,-0.39693562603573285,-0.6140813419121882,Jeddah,1.3166981247975296,-1.2863424094698719,1.4129089973570317,-0.372227004816024,0.1795916409313088,-0.3609859676775904,1.1527858075289714,0.8394906343486945,-1.5091821877736824,1,0.0,0.0,0.0,0.0,0.0,0.0,-0.6006770709869527,15,7,0
0.0,4,0.05357142857142857,0.7756893727847627,0.5994609712024382,-1.4252221661893145,0,1.0645833647544687,0.6737035990763425,-0.7937140105405687,Jeddah,1.3166981247975296,-1.2863424094698719,1.4129089973570317,-0.372227004816024,0.1795916409313088,0.05534725433929266,-1.447990353193018,0.049797380619495867,-1.431108793252815,1,0.0,0.0,0.0,0.0,0.0,0.0,-1.2433506006164654,16,2,0
0.018867924528301883,4,0.07142857142857142,0.7756893727847627,0.5994609712024382,-1.4252221661893145,0,1.0645833647544687,0.6737035990763425,-0.7937140105405687,Jeddah,1.3166981247975296,-1.2863424094698719,1.4129089973570317,-0.372227004816024,0.1795916409313088,-0.28910320559574926,-1.329127287096623,0.24233957125615246,-1.0977778952191695,1,0.0,0.0,0.0,0.0,0.0,0.0,-1.1545990526974823,16,2,0
0.03773584905660378,4,0.08928571428571427,0.7756893727847627,0.5994609712024382,-1.4252221661893145,0,1.0645833647544687,0.6737035990763425,-0.7937140105405687,Jeddah,1.3166981247975296,-1.2863424094698719,1.4129089973570317,-0.372227004816024,0.1795916409313088,-0.2665114803700274,-1.3056991529107371,0.35243705202529674,-0.9141272950201018,1,0.0,0.0,0.0,0.0,0.0,0.0,-1.0657748009486583,16,2,0
0.05660377358490566,4,0.10714285714285715,0.7756893727847627,0.5994609712024382,-1.4252221661893145,0,1.0645833647544687,0.6737035990763425,-0.7937140105405687,Jeddah,1.3166981247975296,-1.2863424094698719,1.4129089973570317,-0.372227004816024,0.1795916409313088,-0.2767804463817184,-1.2642521820912664,0.3809403456316423,-0.7427946462126696,1,0.0,0.0,0.0,0.0,0.0,0.0,-0.9769835963952165,16,2,0
0.07547169811320754,4,0.125,0.7756893727847627,0.5994609712024382,-1.4252221661893145,0,1.0645833647544687,0.6737035990763425,-0.7937140105405687,Jeddah,1.3166981247975296,-1.2863424094698719,1.4129089973570317,-0.372227004816024,0.1795916409313088,-0.3298856706136105,-1.2228025471095738,0.47170309797893917,-0.6584600182471139,1,0.0,0.0,0.0,0.0,0.0,0.0,-0.888363293052181,16,2,0
0.09433962264150943,4,0.14285714285714285,0.7756893727847627,0.5994609712024382,-1.4252221661893145,0,1.0645833647544687,0.6737035990763425,-0.7937140105405687,Jeddah,1.3166981247975296,-1.2863424094698719,1.4129089973570317,-0.372227004816024,0.1795916409313088,-0.31521571916833707,-1.2254337611273616,0.4655175351296139,-0.5810679462733416,1,0.0,0.0,0.0,0.0,0.0,0.0,-0.7996957794300277,16,2,0
0.11320754716981131,4,0.1607142857142857,0.7756893727847627,0.5994609712024382,-1.4252221661893145,0,1.0645833647544687,0.6737035990763425,-0.7937140105405687,Jeddah,1.3166981247975296,-1.2863424094698719,1.4129089973570317,-0.372227004816024,0.1795916409313088,-0.2509613318380333,-1.2170188049649089,0.5341394206518932,-0.5185027818358475,1,0.0,0.0,0.0,0.0,0.0,0.0,-0.7108214847853388,16,2,0
0.13207547169811318,4,0.17857142857142858,0.7756893727847627,0.5994609712024382,-1.4252221661893145,0,1.0645833647544687,0.6737035990763425,-0.7937140105405687,Jeddah,1.3166981247975296,-1.2863424094698719,1.4129089973570317,-0.372227004816024,0.1795916409313088,-0.2090052707045487,-1.1931790548278527,0.5474638918446867,-0.4272243374156095,1,0.0,0.0,0.0,0.0,0.0,0.0,-0.6218121687423732,16,2,0
0.15094339622641512,4,0.19642857142857142,0.7756893727847627,0.5994609712024382,-1.4252221661893145,0,1.0645833647544687,0.6737035990763425,-0.7937140105405687,Jeddah,1.3166981247975296,-1.2863424094698719,1.4129089973570317,-0.372227004816024,0.1795916409313088,-0.2075382755600226,-1.1731380378553002,0.6213243342563346,-0.41995876215740635,1,0.0,0.0,0.0,0.0,0.0,0.0,-0.5327981316714959,16,2,0
0.169811320754717,4,0.21428571428571427,0.7756893727847627,0.5994609712024382,-1.4252221661893145,0,1.0645833647544687,0.6737035990763425,-0.7937140105405687,Jeddah,1.3166981247975296,-1.2863424094698719,1.4129089973570317,-0.372227004816024,0.1795916409313088,-0.18435975227649115,-1.150076941348361,0.6984783935958375,-0.3749398316134224,1,0.0,0.0,0.0,0.0,0.0,0.0,-0.44370950235961254,16,2,0
0.18867924528301888,4,0.23214285714285715,0.7756893727847627,0.5994609712024382,-1.4252221661893145,0,1.0645833647544687,0.6737035990763425,-0.7937140105405687,Jeddah,1.3166981247975296,-1.2863424094698719,1.4129089973570317,-0.372227004816024,0.1795916409313088,-0.1814257619874348,-1.1144618507815727,0.7093616442365177,-0.41543337828632176,1,0.0,0.0,0.0,0.0,0.0,0.0,-0.3546114309919056,16,2,0
0.20754716981132076,4,0.25,0.7756893727847627,0.5994609712024382,-1.4252221661893145,0,1.0645833647544687,0.6737035990763425,-0.7937140105405687,Jeddah,1.3166981247975296,-1.2863424094698719,1.4129089973570317,-0.372227004816024,0.1795916409313088,-0.18465315130539386,-1.0822806769366238,0.7520491708084014,-0.33365717050410243,1,0.0,0.0,0.0,0.0,0.0,0.0,-0.2655237458856045,16,2,0
0.22641509433962265,4,0.26785714285714285,0.7756893727847627,0.5994609712024382,-1.4252221661893145,0,1.0645833647544687,0.6737035990763425,-0.7937140105405687,Jeddah,1.3166981247975296,-1.2863424094698719,1.4129089973570317,-0.372227004816024,0.1795916409313088,-0.174090786264796,-1.0516132051098646,0.781190044037891,-0.3556282931400595,1,0.0,0.0,0.0,0.0,0.0,0.0,-0.17640206937833885,16,2,0
0.24528301886792453,4,0.2857142857142857,0.7756893727847627,0.5994609712024382,-1.4252221661893145,0,1.0645833647544687,0.6737035990763425,-0.7937140105405687,Jeddah,1.3166981247975296,-1.2863424094698719,1.4129089973570317,-0.372227004816024,0.1795916409313088,-0.11775817271494479,-1.0101407147199322,0.8183371293900351,-0.3834945462299706,1,0.0,0.0,0.0,0.0,0.0,0.0,-0.08709910539926112,16,2,0
0.2641509433962264,4,0.30357142857142855,0.7756893727847627,0.5994609712024382,-1.4252221661893145,0,1.0645833647544687,0.6737035990763425,-0.7937140105405687,Jeddah,1.3166981247975296,-1.2863424094698719,1.4129089973570317,-0.372227004816024,0.1795916409313088,-0.14416408531643948,-0.9605251019119365,0.8596991953591251,-0.4145297344780573,1,0.0,0.0,0.0,0.0,0.0,0.0,0.0021188800774047853,16,2,0
0.2830188679245283,4,0.3214285714285714,0.7756893727847627,0.5994609712024382,-1.4252221661893145,0,1.0645833647544687,0.6737035990763425,-0.7937140105405687,Jeddah,1.3166981247975296,-1.2863424094698719,1.4129089973570317,-0.372227004816024,0.1795916409313088,-0.036780040737031894,-0.9190468644546952,0.9038910730705325,-0.42995689337763965,1,0.0,0.0,0.0,0.0,0.0,0.0,0.09168244479721238,16,2,0
0.33962264150943394,3,0.017857142857142856,0.7756893727847627,0.5994609712024382,-1.4252221661893145,0,1.0645833647544687,0.6737035990763425,-0.7937140105405687,Jeddah,1.3166981247975296,-1.2863424094698719,1.4129089973570317,-0.372227004816024,0.1795916409313088,-0.39942124046420907,-0.16514435285473653,1.0466269263246013,0.5997099063283429,1,0.0,0.0,0.0,0.0,0.0,0.0,0.3756456642512173,16,2,0
0.3584905660377358,3,0.03571428571428571,0.7756893727847627,0.5994609712024382,-1.4252221661893145,0,1.0645833647544687,0.6737035990763425,-0.7937140105405687,Jeddah,1.3166981247975296,-1.2863424094698719,1.4129089973570317,-0.372227004816024,0.1795916409313088,-0.38416449096112604,-1.2162497502715508,0.996905867757338,0.896999194387947,1,0.0,0.0,0.0,0.0,0.0,0.0,0.46409128956151735,16,2,0
0.37735849056603776,3,0.05357142857142857,0.7756893727847627,0.5994609712024382,-1.4252221661893145,0,1.0645833647544687,0.6737035990763425,-0.7937140105405687,Jeddah,1.3166981247975296,-1.2863424094698719,1.4129089973570317,-0.372227004816024,0.1795916409313088,-0.3310592667292339,-1.2319593569453544,1.0645946775973931,1.0604810098586788,1,0.0,0.0,0.0,0.0,0.0,0.0,0.5527078160822236,16,2,0
0.39622641509433965,3,0.07142857142857142,0.7756893727847627,0.5994609712024382,-1.4252221661893145,0,1.0645833647544687,0.6737035990763425,-0.7937140105405687,Jeddah,1.3166981247975296,-1.2863424094698719,1.4129089973570317,-0.372227004816024,0.1795916409313088,-0.3906192695970442,-1.213025114895131,1.190761903580407,0.98873871609037,1,0.0,0.0,0.0,0.0,0.0,0.0,0.6411326688697119,16,2,0
0.41509433962264153,3,0.08928571428571427,0.7756893727847627,0.5994609712024382,-1.4252221661893145,0,1.0645833647544687,0.6737035990763425,-0.7937140105405687,Jeddah,1.3166981247975296,-1.2863424094698719,1.4129089973570317,-0.372227004816024,0.1795916409313088,-0.5223554335756108,-1.1948392398358696,1.2516511828028514,0.9870123804490621,1,0.0,0.0,0.0,0.0,0.0,0.0,0.729133573350723,16,2,0
0.4339622641509434,3,0.10714285714285715,0.7756893727847627,0.5994609712024382,-1.4252221661893145,0,1.0645833647544687,0.6737035990763425,-0.7937140105405687,Jeddah,1.3166981247975296,-1.2863424094698719,1.4129089973570317,-0.372227004816024,0.1795916409313088,-0.5024042996100342,-1.1812485367037064,1.257533493317768,1.0188669329874922,1,0.0,0.0,0.0,0.0,0.0,0.0,0.817198683811334,16,2,0
0.4528301886792453,3,0.125,0.7756893727847627,0.5994609712024382,-1.4252221661893145,0,1.0645833647544687,0.6737035990763425,-0.7937140105405687,Jeddah,1.3166981247975296,-1.2863424094698719,1.4129089973570317,-0.372227004816024,0.1795916409313088,-0.4936023287428693,-1.156641432357178,1.2343111072738737,1.0283607917197146,1,0.0,0.0,0.0,0.0,0.0,0.0,0.9052921204394158,16,2,0
0.4716981132075472,3,0.14285714285714285,0.7756893727847627,0.5994609712024382,-1.4252221661893145,0,1.0645833647544687,0.6737035990763425,-0.7937140105405687,Jeddah,1.3166981247975296,-1.2863424094698719,1.4129089973570317,-0.372227004816024,0.1795916409313088,-0.47130400254605437,-1.1319575825605537,1.226823765872353,1.033023391556097,1,0.0,0.0,0.0,0.0,0.0,0.0,0.9934573166917565,16,2,0
0.49056603773584906,3,0.1607142857142857,0.7756893727847627,0.5994609712024382,-1.4252221661893145,0,1.0645833647544687,0.6737035990763425,-0.7937140105405687,Jeddah,1.3166981247975296,-1.2863424094698719,1.4129089973570317,-0.372227004816024,0.1795916409313088,-0.4915485355405336,-1.09638380109179,0.9053440395944369,1.0179537919893418,1,0.0,0.0,0.0,0.0,0.0,0.0,1.081557362758915,16,2,0
0.5094339622641509,3,0.17857142857142858,0.7756893727847627,0.5994609712024382,-1.4252221661893145,0,1.0645833647544687,0.6737035990763425,-0.7937140105405687,Jeddah,1.3166981247975296,-1.2863424094698719,1.4129089973570317,-0.372227004816024,0.1795916409313088,-0.5593237112176992,-1.0710623463826543,1.4526993104560004,-0.15178276019618947,1,0.0,0.0,0.0,0.0,0.0,0.0,1.1694392973365497,16,2,0
0.5283018867924528,3,0.19642857142857142,0.7756893727847627,0.5994609712024382,-1.4252221661893145,0,1.0645833647544687,0.6737035990763425,-0.7937140105405687,Jeddah,1.3166981247975296,-1.2863424094698719,1.4129089973570317,-0.372227004816024,0.1795916409313088,-0.6127223344784982,-1.050742715953411,1.4802759399609793,-0.3239184935734713,1,0.0,0.0,0.0,0.0,0.0,0.0,1.2571493864981955,16,2,0
0.5471698113207547,3,0.21428571428571427,0.7756893727847627,0.5994609712024382,-1.4252221661893145,0,1.0645833647544687,0.6737035990763425,-0.7937140105405687,Jeddah,1.3166981247975296,-1.2863424094698719,1.4129089973570317,-0.372227004816024,0.1795916409313088,-0.5977589840043178,-1.0436684490318098,1.491439044025541,-0.46123441721583613,1,0.0,0.0,0.0,0.0,0.0,0.0,1.3449076301445415,16,2,0
0.5660377358490566,3,0.23214285714285715,0.7756893727847627,0.5994609712024382,-1.4252221661893145,0,1.0645833647544687,0.6737035990763425,-0.7937140105405687,Jeddah,1.3166981247975296,-1.2863424094698719,1.4129089973570317,-0.372227004816024,0.1795916409313088,-0.6083213490449157,-1.0247221319336157,1.5106121340723246,-0.6091756235120338,1,0.0,0.0,0.0,0.0,0.0,0.0,1.4326318823899227,16,2,0
0.5849056603773585,3,0.25,0.7756893727847627,0.5994609712024382,-1.4252221661893145,0,1.0645833647544687,0.6737035990763425,-0.7937140105405687,Jeddah,1.3166981247975296,-1.2863424094698719,1.4129089973570317,-0.372227004816024,0.1795916409313088,-0.5913042053683997,-1.0209294809259628,1.4978239569584668,-0.6832920678073447,1,0.0,0.0,0.0,0.0,0.0,0.0,1.5204108985590805,16,2,0
0.6037735849056604,3,0.26785714285714285,0.7756893727847627,0.5994609712024382,-1.4252221661893145,0,1.0645833647544687,0.6737035990763425,-0.7937140105405687,Jeddah,1.3166981247975296,-1.2863424094698719,1.4129089973570317,-0.372227004816024,0.1795916409313088,-0.6053873587558594,-1.0064584922809718,1.535354665156385,-0.8992764224788034,1,0.0,0.0,0.0,0.0,0.0,0.0,1.6081445928602853,16,2,0
0.6226415094339622,3,0.2857142857142857,0.7756893727847627,0.5994609712024382,-1.4252221661893145,0,1.0645833647544687,0.6737035990763425,-0.7937140105405687,Jeddah,1.3166981247975296,-1.2863424094698719,1.4129089973570317,-0.372227004816024,0.1795916409313088,-0.5610841053911322,-0.9919057564739998,1.5616895869114145,-0.9727658213879483,1,0.0,0.0,0.0,0.0,0.0,0.0,1.6960208622044257,16,2,0
0.6415094339622641,3,0.30357142857142855,0.7756893727847627,0.5994609712024382,-1.4252221661893145,0,1.0645833647544687,0.6737035990763425,-0.7937140105405687,Jeddah,1.3166981247975296,-1.2863424094698719,1.4129089973570317,-0.372227004816024,0.1795916409313088,0.07705878247829802,-0.9746355665123944,1.5841971697520358,-1.3418883957172645,1,0.0,0.0,0.0,0.0,0.0,0.0,1.785950778690187,16,2,0
0.6981132075471698,3,0.35714285714285715,1.2348182145954227,-0.3655212045672162,-0.8825707317900047,0,0.8351124108129232,-0.39693562603573285,-0.6140813419121882,Jeddah,1.3166981247975296,-1.2863424094698719,1.4129089973570317,-0.372227004816024,0.1795916409313088,-0.08225689021738249,-0.7365951042725852,-1.300683135072614,2.0813880155611963,1,0.0,0.0,0.0,0.0,0.0,0.0,-1.3472415408429184,16,2,0
0.7169811320754716,3,0.375,1.2348182145954227,-0.3655212045672162,-0.8825707317900047,0,0.8351124108129232,-0.39693562603573285,-0.6140813419121882,Jeddah,1.3166981247975296,-1.2863424094698719,1.4129089973570317,-0.372227004816024,0.1795916409313088,-0.2439197551443014,-0.6315810074773159,-0.38499957674317237,1.9813165970865176,1,0.0,0.0,0.0,0.0,0.0,0.0,-1.258344585264253,16,2,0
0.7358490566037735,3,0.39285714285714285,1.2348182145954227,-0.3655212045672162,-0.8825707317900047,0,0.8351124108129232,-0.39693562603573285,-0.6140813419121882,Jeddah,1.3166981247975296,-1.2863424094698719,1.4129089973570317,-0.372227004816024,0.1795916409313088,-0.43550932101958517,-0.5562398476447312,0.08546665335126029,1.8413189057262538,1,0.0,0.0,0.0,0.0,0.0,0.0,-1.170064195930865,16,2,0
0.7547169811320754,3,0.4107142857142857,1.2348182145954227,-0.3655212045672162,-0.8825707317900047,0,0.8351124108129232,-0.39693562603573285,-0.6140813419121882,Jeddah,1.3166981247975296,-1.2863424094698719,1.4129089973570317,-0.372227004816024,0.1795916409313088,-0.39208626474157443,-0.5423812901020549,0.33409090008824077,1.703605240937767,1,0.0,0.0,0.0,0.0,0.0,0.0,-1.0816440641712886,16,2,0
0.7735849056603773,3,0.42857142857142855,1.2348182145954227,-0.3655212045672162,-0.8825707317900047,0,0.8351124108129232,-0.39693562603573285,-0.6140813419121882,Jeddah,1.3166981247975296,-1.2863424094698719,1.4129089973570317,-0.372227004816024,0.1795916409313088,-0.373895524949435,-0.4938226220242621,0.5392515670400585,1.5587988330481826,1,0.0,0.0,0.0,0.0,0.0,0.0,-0.993165391665606,16,2,0
0.7924528301886792,3,0.4464285714285714,1.2348182145954227,-0.3655212045672162,-0.8825707317900047,0,0.8351124108129232,-0.39693562603573285,-0.6140813419121882,Jeddah,1.3166981247975296,-1.2863424094698719,1.4129089973570317,-0.372227004816024,0.1795916409313088,-0.3158025172261467,-0.4428062436853783,0.6381622897930879,1.3999840543529467,1,0.0,0.0,0.0,0.0,0.0,0.0,-0.9044997664546175,16,2,0
0.8113207547169811,3,0.46428571428571425,1.2348182145954227,-0.3655212045672162,-0.8825707317900047,0,0.8351124108129232,-0.39693562603573285,-0.6140813419121882,Jeddah,1.3166981247975296,-1.2863424094698719,1.4129089973570317,-0.372227004816024,0.1795916409313088,-0.3023061618964966,-0.3808168620551263,0.8531720186540797,1.2327701064185062,1,0.0,0.0,0.0,0.0,0.0,0.0,-0.8157907077868406,16,2,0
0.8301886792452831,3,0.48214285714285715,1.2348182145954227,-0.3655212045672162,-0.8825707317900047,0,0.8351124108129232,-0.39693562603573285,-0.6140813419121882,Jeddah,1.3166981247975296,-1.2863424094698719,1.4129089973570317,-0.372227004816024,0.1795916409313088,-0.2993721716074403,-0.3403213044847476,1.0722529840670378,1.023685465080464,1,0.0,0.0,0.0,0.0,0.0,0.0,-0.7270722070632402,16,2,0
0.8490566037735849,3,0.49999999999999994,1.2348182145954227,-0.3655212045672162,-0.8825707317900047,0,0.8351124108129232,-0.39693562603573285,-0.6140813419121882,Jeddah,1.3166981247975296,-1.2863424094698719,1.4129089973570317,-0.372227004816024,0.1795916409313088,-0.3683209434002292,-0.2945231869217156,1.22649746098528,0.7674541376013724,1,0.0,0.0,0.0,0.0,0.0,0.0,-0.638575594651493,16,2,0
0.8679245283018868,3,0.5178571428571428,1.2348182145954227,-0.3655212045672162,-0.8825707317900047,0,0.8351124108129232,-0.39693562603573285,-0.6140813419121882,Jeddah,1.3166981247975296,-1.2863424094698719,1.4129089973570317,-0.372227004816024,0.1795916409313088,-0.32020350265972913,-0.24419694317391774,1.3854910008243082,0.5160810408248616,1,0.0,0.0,0.0,0.0,0.0,0.0,-0.5499241325242398,16,2,0
0.0,3,0.03571428571428571,0.7756893727847627,0.5994609712024382,-1.4252221661893145,0,1.0645833647544687,0.6737035990763425,-0.7937140105405687,Jeddah,1.3166981247975296,-1.2863424094698719,1.4129089973570317,-0.372227004816024,0.1795916409313088,0.9138328129167439,0.6880530584316387,-0.7231958251693706,-0.9857468297992869,1,0.0,0.0,0.0,0.0,0.0,0.0,-1.236236011553425,17,1,0
0.018867924528301883,3,0.05357142857142857,0.7756893727847627,0.5994609712024382,-1.4252221661893145,0,1.0645833647544687,0.6737035990763425,-0.7937140105405687,Jeddah,1.3166981247975296,-1.2863424094698719,1.4129089973570317,-0.372227004816024,0.1795916409313088,0.5101157491427943,0.7528805007778716,-0.6983487210152827,-0.9258578514766613,1,0.0,0.0,0.0,0.0,0.0,0.0,-1.1449124476281087,17,1,0
0.03773584905660378,3,0.07142857142857142,0.7756893727847627,0.5994609712024382,-1.4252221661893145,0,1.0645833647544687,0.6737035990763425,-0.7937140105405687,Jeddah,1.3166981247975296,-1.2863424094698719,1.4129089973570317,-0.372227004816024,0.1795916409313088,0.2777437182496494,0.7965177603787665,-0.6423401566055419,-0.8703483673316181,1,0.0,0.0,0.0,0.0,0.0,0.0,-1.0543366945240171,17,1,0
0.05660377358490566,3,0.08928571428571427,0.7756893727847627,0.5994609712024382,-1.4252221661893145,0,1.0645833647544687,0.6737035990763425,-0.7937140105405687,Jeddah,1.3166981247975296,-1.2863424094698719,1.4129089973570317,-0.372227004816024,0.1795916409313088,0.1691860775546226,0.8297715855120714,-0.6581988986438316,-0.8589906380140478,1,0.0,0.0,0.0,0.0,0.0,0.0,-0.9641102974853969,17,1,0
0.07547169811320754,3,0.10714285714285715,0.7756893727847627,0.5994609712024382,-1.4252221661893145,0,1.0645833647544687,0.6737035990763425,-0.7937140105405687,Jeddah,1.3166981247975296,-1.2863424094698719,1.4129089973570317,-0.372227004816024,0.1795916409313088,0.12488282418989119,0.8578370587928212,-0.6467114621784767,-0.8419007685441232,1,0.0,0.0,0.0,0.0,0.0,0.0,-0.874026475489712,17,1,0
0.09433962264150943,3,0.125,0.7756893727847627,0.5994609712024382,-1.4252221661893145,0,1.0645833647544687,0.6737035990763425,-0.7937140105405687,Jeddah,1.3166981247975296,-1.2863424094698719,1.4129089973570317,-0.372227004816024,0.1795916409313088,0.1850296251155152,0.8782054394387653,-0.6865806913937413,-0.824597095523666,1,0.0,0.0,0.0,0.0,0.0,0.0,-0.7837490913496444,17,1,0
0.11320754716981131,3,0.14285714285714285,0.7756893727847627,0.5994609712024382,-1.4252221661893145,0,1.0645833647544687,0.6737035990763425,-0.7937140105405687,Jeddah,1.3166981247975296,-1.2863424094698719,1.4129089973570317,-0.372227004816024,0.1795916409313088,0.35813505216975267,0.9021299563927044,-0.6966128809010692,-0.8449953616150799,1,0.0,0.0,0.0,0.0,0.0,0.0,-0.6929146259159878,17,1,0
0.13207547169811318,3,0.1607142857142857,0.7756893727847627,0.5994609712024382,-1.4252221661893145,0,1.0645833647544687,0.6737035990763425,-0.7937140105405687,Jeddah,1.3166981247975296,-1.2863424094698719,1.4129089973570317,-0.372227004816024,0.1795916409313088,0.28918628037696376,0.9329244536448024,-0.7274323711074954,-0.8909044768519688,1,0.0,0.0,0.0,0.0,0.0,0.0,-0.6023020487941846,17,1,0
0.15094339622641512,3,0.17857142857142858,0.7756893727847627,0.5994609712024382,-1.4252221661893145,0,1.0645833647544687,0.6737035990763425,-0.7937140105405687,Jeddah,1.3166981247975296,-1.2863424094698719,1.4129089973570317,-0.372227004816024,0.1795916409313088,0.24165563769427748,0.9576843461439412,-0.6928004180193442,-0.8207754589564432,1,0.0,0.0,0.0,0.0,0.0,0.0,-0.5118424329767226,17,1,0
0.169811320754717,3,0.19642857142857142,0.7756893727847627,0.5994609712024382,-1.4252221661893145,0,1.0645833647544687,0.6737035990763425,-0.7937140105405687,Jeddah,1.3166981247975296,-1.2863424094698719,1.4129089973570317,-0.372227004816024,0.1795916409313088,0.3006288425042781,0.9804627664446263,-0.70600808287786,-0.8660313929333734,1,0.0,0.0,0.0,0.0,0.0,0.0,-0.4211930318372075,17,1,0
0.18867924528301888,3,0.21428571428571427,0.7756893727847627,0.5994609712024382,-1.4252221661893145,0,1.0645833647544687,0.6737035990763425,-0.7937140105405687,Jeddah,1.3166981247975296,-1.2863424094698719,1.4129089973570317,-0.372227004816024,0.1795916409313088,0.214662927034969,1.0064702163837027,-0.6969599035588709,-0.8226852114107607,1,0.0,0.0,0.0,0.0,0.0,0.0,-0.3308202829333223,17,1,0
0.20754716981132076,3,0.23214285714285715,0.7756893727847627,0.5994609712024382,-1.4252221661893145,0,1.0645833647544687,0.6737035990763425,-0.7937140105405687,Jeddah,1.3166981247975296,-1.2863424094698719,1.4129089973570317,-0.372227004816024,0.1795916409313088,0.5714361461840418,1.0279578641108644,-0.7714928212196894,-0.7774287664063008,1,0.0,0.0,0.0,0.0,0.0,0.0,-0.23929938004129392,17,1,0
0.22641509433962265,3,0.25,0.7756893727847627,0.5994609712024382,-1.4252221661893145,0,1.0645833647544687,0.6737035990763425,-0.7937140105405687,Jeddah,1.3166981247975296,-1.2863424094698719,1.4129089973570317,-0.372227004816024,0.1795916409313088,0.32644795704795904,1.0630363126311708,-0.5690962235937839,-0.9644428856783416,1,0.0,0.0,0.0,0.0,0.0,0.0,-0.14856688881053154,17,1,0
0.24528301886792453,3,0.26785714285714285,0.7756893727847627,0.5994609712024382,-1.4252221661893145,0,1.0645833647544687,0.6737035990763425,-0.7937140105405687,Jeddah,1.3166981247975296,-1.2863424094698719,1.4129089973570317,-0.372227004816024,0.1795916409313088,0.25280480079268497,1.0894029187476408,-0.5262786166097949,-0.9690154948221137,1,0.0,0.0,0.0,0.0,0.0,0.0,-0.0580713931809403,17,1,0
0.2641509433962264,3,0.2857142857142857,0.7756893727847627,0.5994609712024382,-1.4252221661893145,0,1.0645833647544687,0.6737035990763425,-0.7937140105405687,Jeddah,1.3166981247975296,-1.2863424094698719,1.4129089973570317,-0.372227004816024,0.1795916409313088,0.16595868823665932,1.1120277869107231,-0.6071209006092285,-0.9405325830168777,1,0.0,0.0,0.0,0.0,0.0,0.0,0.032144617596274204,17,1,0
0.2830188679245283,3,0.30357142857142855,0.7756893727847627,0.5994609712024382,-1.4252221661893145,0,1.0645833647544687,0.6737035990763425,-0.7937140105405687,Jeddah,1.3166981247975296,-1.2863424094698719,1.4129089973570317,-0.372227004816024,0.1795916409313088,0.4355923958007996,1.1309050909335439,-0.780958244226022,-0.613567133340156,1,0.0,0.0,0.0,0.0,0.0,0.0,0.12322835330367249,17,1,0
0.3018867924528302,3,0.3214285714285714,0.7756893727847627,0.5994609712024382,-1.4252221661893145,0,1.0645833647544687,0.6737035990763425,-0.7937140105405687,Jeddah,1.3166981247975296,-1.2863424094698719,1.4129089973570317,-0.372227004816024,0.1795916409313088,0.4728540724717991,1.1581096342861106,-0.7573952482297535,-0.9258578514766153,1,0.0,0.0,0.0,0.0,0.0,0.0,0.21443200312002952,17,1,0
0.32075471698113206,3,0.33928571428571425,0.7756893727847627,0.5994609712024382,-1.4252221661893145,0,1.0645833647544687,0.6737035990763425,-0.7937140105405687,Jeddah,1.3166981247975296,-1.2863424094698719,1.4129089973570317,-0.372227004816024,0.1795916409313088,0.7524633470187276,1.1847394811232697,-0.6199920967240224,-1.2244035982487385,1,0.0,0.0,0.0,0.0,0.0,0.0,0.30653548085637045,17,1,0
0.49056603773584906,3,0.49999999999999994,0.7756893727847627,0.5994609712024382,-1.4252221661893145,0,1.0645833647544687,0.6737035990763425,-0.7937140105405687,Jeddah,1.3166981247975296,-1.2863424094698719,1.4129089973570317,-0.372227004816024,0.1795916409313088,0.1656652892077566,1.213649489448824,-1.2055594345138785,0.22924154825164728,1,0.0,0.0,0.0,0.0,0.0,0.0,1.1237963994855384,17,1,0
0.5094339622641509,3,0.5178571428571428,0.7756893727847627,0.5994609712024382,-1.4252221661893145,0,1.0645833647544687,0.6737035990763425,-0.7937140105405687,Jeddah,1.3166981247975296,-1.2863424094698719,1.4129089973570317,-0.372227004816024,0.1795916409313088,0.5916806791785211,1.2396045331317767,-1.013801856106432,0.13596568180464227,1,0.0,0.0,0.0,0.0,0.0,0.0,1.2153824525627492,17,1,0
0.5471698113207547,3,0.5535714285714285,0.7756893727847627,0.5994609712024382,-1.4252221661893145,0,1.0645833647544687,0.6737035990763425,-0.7937140105405687,Jeddah,1.3166981247975296,-1.2863424094698719,1.4129089973570317,-0.372227004816024,0.1795916409313088,5.458290371633806,1.330836483837152,0.2929619859689627,-1.2949299048660061,1,0.0,0.0,0.0,0.0,0.0,0.0,1.4153444223825962,17,1,0
0.0,4,0.05357142857142857,0.7756893727847627,0.5994609712024382,-1.4252221661893145,0,1.0645833647544687,0.6737035990763425,-0.7937140105405687,Jeddah,1.3166981247975296,-1.2863424094698719,1.4129089973570317,-0.372227004816024,0.1795916409313088,-0.215460049340471,-2.293895398028464,-0.23631650418965816,0.05800881266197515,1,0.0,0.0,0.0,0.0,0.0,0.0,-1.2442098276964078,18,9,0
0.018867924528301883,4,0.07142857142857142,0.7756893727847627,0.5994609712024382,-1.4252221661893145,0,1.0645833647544687,0.6737035990763425,-0.7937140105405687,Jeddah,1.3166981247975296,-1.2863424094698719,1.4129089973570317,-0.372227004816024,0.1795916409313088,-0.4586878443031166,-2.2175731927007116,-0.13041916232857143,0.2569333875903908,1,0.0,0.0,0.0,0.0,0.0,0.0,-1.1560040306040258,18,9,0
0.03773584905660378,4,0.08928571428571427,0.7756893727847627,0.5994609712024382,-1.4252221661893145,0,1.0645833647544687,0.6737035990763425,-0.7937140105405687,Jeddah,1.3166981247975296,-1.2863424094698719,1.4129089973570317,-0.372227004816024,0.1795916409313088,-0.31228172887928074,-2.2717464968332792,-0.20558482195325647,0.3706803772256166,1,0.0,0.0,0.0,0.0,0.0,0.0,-1.067327074926049,18,9,0
0.05660377358490566,4,0.10714285714285715,0.7756893727847627,0.5994609712024382,-1.4252221661893145,0,1.0645833647544687,0.6737035990763425,-0.7937140105405687,Jeddah,1.3166981247975296,-1.2863424094698719,1.4129089973570317,-0.372227004816024,0.1795916409313088,-0.4278809462680436,-2.2078377988010383,-0.11691126732581544,0.4001284973802372,1,0.0,0.0,0.0,0.0,0.0,0.0,-0.9790221362475197,18,9,0
0.07547169811320754,4,0.125,0.7756893727847627,0.5994609712024382,-1.4252221661893145,0,1.0645833647544687,0.6737035990763425,-0.7937140105405687,Jeddah,1.3166981247975296,-1.2863424094698719,1.4129089973570317,-0.372227004816024,0.1795916409313088,-0.31932330557301264,-2.20572421292715,-0.11397865911725126,0.49389985144200893,1,0.0,0.0,0.0,0.0,0.0,0.0,-0.8903678415035193,18,9,0
0.09433962264150943,4,0.14285714285714285,0.7756893727847627,0.5994609712024382,-1.4252221661893145,0,1.0645833647544687,0.6737035990763425,-0.7937140105405687,Jeddah,1.3166981247975296,-1.2863424094698719,1.4129089973570317,-0.372227004816024,0.1795916409313088,-0.4346291239328687,-2.2053723118096418,-0.11349039501662649,0.48750924969167875,1,0.0,0.0,0.0,0.0,0.0,0.0,-0.8020846195533843,18,9,0
0.11320754716981131,4,0.1607142857142857,0.7756893727847627,0.5994609712024382,-1.4252221661893145,0,1.0645833647544687,0.6737035990763425,-0.7937140105405687,Jeddah,1.3166981247975296,-1.2863424094698719,1.4129089973570317,-0.372227004816024,0.1795916409313088,-0.27472665317937855,-2.2589827348946216,-0.18787505510824523,0.5584058119628831,1,0.0,0.0,0.0,0.0,0.0,0.0,-0.7132868055608661,18,9,0
0.13207547169811318,4,0.17857142857142858,0.7756893727847627,0.5994609712024382,-1.4252221661893145,0,1.0645833647544687,0.6737035990763425,-0.7937140105405687,Jeddah,1.3166981247975296,-1.2863424094698719,1.4129089973570317,-0.372227004816024,0.1795916409313088,-0.3442622230299771,-2.2170401209828587,-0.12967952335064217,0.5721719624331154,1,0.0,0.0,0.0,0.0,0.0,0.0,-0.624712768291366,18,9,0
0.15094339622641512,4,0.19642857142857142,0.7756893727847627,0.5994609712024382,-1.4252221661893145,0,1.0645833647544687,0.6737035990763425,-0.7937140105405687,Jeddah,1.3166981247975296,-1.2863424094698719,1.4129089973570317,-0.372227004816024,0.1795916409313088,-0.35541138612838874,-2.251828291289839,-0.17794823817485111,0.6484807291620037,1,0.0,0.0,0.0,0.0,0.0,0.0,-0.5361746108339951,18,9,0
0.169811320754717,4,0.21428571428571427,0.7756893727847627,0.5994609712024382,-1.4252221661893145,0,1.0645833647544687,0.6737035990763425,-0.7937140105405687,Jeddah,1.3166981247975296,-1.2863424094698719,1.4129089973570317,-0.372227004816024,0.1795916409313088,-0.20577788138658962,-2.2870944803025717,-0.226880205719309,0.7281922895600832,1,0.0,0.0,0.0,0.0,0.0,0.0,-0.4471549085296236,18,9,0
0.18867924528301888,4,0.23214285714285715,0.7756893727847627,0.5994609712024382,-1.4252221661893145,0,1.0645833647544687,0.6737035990763425,-0.7937140105405687,Jeddah,1.3166981247975296,-1.2863424094698719,1.4129089973570317,-0.372227004816024,0.1795916409313088,-0.26680487939893016,-2.2097785423202385,-0.11960405612869218,0.7394362979531431,1,0.0,0.0,0.0,0.0,0.0,0.0,-0.35833160098638195,18,9,0
0.20754716981132076,4,0.25,0.7756893727847627,0.5994609712024382,-1.4252221661893145,0,1.0645833647544687,0.6737035990763425,-0.7937140105405687,Jeddah,1.3166981247975296,-1.2863424094698719,1.4129089973570317,-0.372227004816024,0.1795916409313088,-0.2442131541732083,-2.179959480017559,-0.07822999701858818,0.7835388297150351,1,0.0,0.0,0.0,0.0,0.0,0.0,-0.2694355896132988,18,9,0
0.22641509433962265,4,0.26785714285714285,0.7756893727847627,0.5994609712024382,-1.4252221661893145,0,1.0645833647544687,0.6737035990763425,-0.7937140105405687,Jeddah,1.3166981247975296,-1.2863424094698719,1.4129089973570317,-0.372227004816024,0.1795916409313088,-0.2515481298958471,-2.137827656460416,-0.01977193617899432,0.813645663968096,1,0.0,0.0,0.0,0.0,0.0,0.0,-0.18056318337977456,18,9,0
0.24528301886792453,4,0.2857142857142857,0.7756893727847627,0.5994609712024382,-1.4252221661893145,0,1.0645833647544687,0.6737035990763425,-0.7937140105405687,Jeddah,1.3166981247975296,-1.2863424094698719,1.4129089973570317,-0.372227004816024,0.1795916409313088,-0.2060712804154965,-2.078476764036724,0.06257764632798464,0.852024100086803,1,0.0,0.0,0.0,0.0,0.0,0.0,-0.09154442528098544,18,9,0
0.2641509433962264,4,0.30357142857142855,0.7756893727847627,0.5994609712024382,-1.4252221661893145,0,1.0645833647544687,0.6737035990763425,-0.7937140105405687,Jeddah,1.3166981247975296,-1.2863424094698719,1.4129089973570317,-0.372227004816024,0.1795916409313088,-0.24098576485524922,-2.0045588870973647,0.16513897366749622,0.894757234907052,1,0.0,0.0,0.0,0.0,0.0,0.0,-0.00263802764649662,18,9,0
0.3018867924528302,3,0.0,0.7756893727847627,0.5994609712024382,-1.4252221661893145,0,1.0645833647544687,0.6737035990763425,-0.7937140105405687,Jeddah,1.3166981247975296,-1.2863424094698719,1.4129089973570317,-0.372227004816024,0.1795916409313088,4.584254664524365,-1.6378733926719016,0.6739164518852958,0.7076713418547217,1,0.0,0.0,0.0,0.0,0.0,0.0,0.1928654034134731,18,9,0
0.32075471698113206,3,0.017857142857142856,0.7756893727847627,0.5994609712024382,-1.4252221661893145,0,1.0645833647544687,0.6737035990763425,-0.7937140105405687,Jeddah,1.3166981247975296,-1.2863424094698719,1.4129089973570317,-0.372227004816024,0.1795916409313088,-0.34807641040574994,-0.5348813785851064,-1.4375538852900154,1.8728965128013293,1,0.0,0.0,0.0,0.0,0.0,0.0,0.28142716601040274,18,9,0
0.8679245283018868,3,0.5357142857142856,1.2348182145954227,-0.3655212045672162,-0.8825707317900047,0,0.8351124108129232,-0.39693562603573285,-0.6140813419121882,Jeddah,1.3166981247975296,-1.2863424094698719,1.4129089973570317,-0.372227004816024,0.1795916409313088,-0.8078326887006478,-3.1414128873532694,-1.4122501517416906,1.4790396772890324,1,0.0,0.0,0.0,0.0,0.0,0.0,-0.5755224900674494,18,9,0
0.0,4,0.05357142857142857,0.7756893727847627,0.5994609712024382,-1.4252221661893145,0,1.0645833647544687,0.6737035990763425,-0.7937140105405687,Jeddah,1.3166981247975296,-1.2863424094698719,1.4129089973570317,-0.372227004816024,0.1795916409313088,0.8630747809160944,0.4705879408713315,-0.9254468207394244,-0.3023478494737794,1,0.0,0.0,0.0,0.0,0.0,0.0,-1.2378298305764392,19,8,0
0.018867924528301883,4,0.07142857142857142,0.7756893727847627,0.5994609712024382,-1.4252221661893145,0,1.0645833647544687,0.6737035990763425,-0.7937140105405687,Jeddah,1.3166981247975296,-1.2863424094698719,1.4129089973570317,-0.372227004816024,0.1795916409313088,0.42297623755786606,0.5449027005807904,-0.8438369181124353,-0.28355434143779557,1,0.0,0.0,0.0,0.0,0.0,0.0,-1.1467866957090824,19,8,0
0.03773584905660378,4,0.08928571428571427,0.7756893727847627,0.5994609712024382,-1.4252221661893145,0,1.0645833647544687,0.6737035990763425,-0.7937140105405687,Jeddah,1.3166981247975296,-1.2863424094698719,1.4129089973570317,-0.372227004816024,0.1795916409313088,0.25309819982158765,0.591640785712788,-0.8208650695611354,-0.3026299172881404,1,0.0,0.0,0.0,0.0,0.0,0.0,-1.0562902558739085,19,8,0
0.05660377358490566,4,0.10714285714285715,0.7756893727847627,0.5994609712024382,-1.4252221661893145,0,1.0645833647544687,0.6737035990763425,-0.7937140105405687,Jeddah,1.3166981247975296,-1.2863424094698719,1.4129089973570317,-0.372227004816024,0.1795916409313088,0.022193164072972928,0.6296359395061534,-0.7126515830871181,-0.26138112825372084,1,0.0,0.0,0.0,0.0,0.0,0.0,-0.9665369058320477,19,8,0
0.07547169811320754,4,0.125,0.7756893727847627,0.5994609712024382,-1.4252221661893145,0,1.0645833647544687,0.6737035990763425,-0.7937140105405687,Jeddah,1.3166981247975296,-1.2863424094698719,1.4129089973570317,-0.372227004816024,0.1795916409313088,0.030408336882324055,0.6547286811585277,-0.7373599501226715,-0.1629262812090291,1,0.0,0.0,0.0,0.0,0.0,0.0,-0.8767571180338809,19,8,0
0.09433962264150943,4,0.14285714285714285,0.7756893727847627,0.5994609712024382,-1.4252221661893145,0,1.0645833647544687,0.6737035990763425,-0.7937140105405687,Jeddah,1.3166981247975296,-1.2863424094698719,1.4129089973570317,-0.372227004816024,0.1795916409313088,0.10199769993526246,0.6737538594111402,-0.7373599501226715,-0.037383342143065185,1,0.0,0.0,0.0,0.0,0.0,0.0,-0.7867469440736197,19,8,0
0.11320754716981131,4,0.1607142857142857,0.7756893727847627,0.5994609712024382,-1.4252221661893145,0,1.0645833647544687,0.6737035990763425,-0.7937140105405687,Jeddah,1.3166981247975296,-1.2863424094698719,1.4129089973570317,-0.372227004816024,0.1795916409313088,0.1536359290226285,0.6977137687503369,-0.7338075580593718,0.06894343236753483,1,0.0,0.0,0.0,0.0,0.0,0.0,-0.6965705899308641,19,8,0
0.13207547169811318,4,0.17857142857142858,0.7756893727847627,0.5994609712024382,-1.4252221661893145,0,1.0645833647544687,0.6737035990763425,-0.7937140105405687,Jeddah,1.3166981247975296,-1.2863424094698719,1.4129089973570317,-0.372227004816024,0.1795916409313088,0.12957720865238054,0.7236461321728459,-0.7448448420306213,0.08228896718022906,1,0.0,0.0,0.0,0.0,0.0,0.0,-0.6064716606458614,19,8,0
0.15094339622641512,4,0.19642857142857142,0.7756893727847627,0.5994609712024382,-1.4252221661893145,0,1.0645833647544687,0.6737035990763425,-0.7937140105405687,Jeddah,1.3166981247975296,-1.2863424094698719,1.4129089973570317,-0.372227004816024,0.1795916409313088,0.23666785420288125,0.7450133635482682,-0.8606066318120357,0.14663229607426984,1,0.0,0.0,0.0,0.0,0.0,0.0,-0.5160280963232995,19,8,0
0.169811320754717,4,0.21428571428571427,0.7756893727847627,0.5994609712024382,-1.4252221661893145,0,1.0645833647544687,0.6737035990763425,-0.7937140105405687,Jeddah,1.3166981247975296,-1.2863424094698719,1.4129089973570317,-0.372227004816024,0.1795916409313088,0.25955297845750996,0.7719315915447114,-0.7689536444425181,0.22302653127725622,1,0.0,0.0,0.0,0.0,0.0,0.0,-0.425510883965314,19,8,0
0.18867924528301888,4,0.23214285714285715,0.7756893727847627,0.5994609712024382,-1.4252221661893145,0,1.0645833647544687,0.6737035990763425,-0.7937140105405687,Jeddah,1.3166981247975296,-1.2863424094698719,1.4129089973570317,-0.372227004816024,0.1795916409313088,0.4024383055344799,0.8008462674977946,-0.7049615384507293,0.2094827964671338,1,0.0,0.0,0.0,0.0,0.0,0.0,-0.33453384348872206,19,8,0
0.20754716981132076,4,0.25,0.7756893727847627,0.5994609712024382,-1.4252221661893145,0,1.0645833647544687,0.6737035990763425,-0.7937140105405687,Jeddah,1.3166981247975296,-1.2863424094698719,1.4129089973570317,-0.372227004816024,0.1795916409313088,0.40537229582353623,0.8351973950187364,-0.5138014119677409,0.13989175284480249,1,0.0,0.0,0.0,0.0,0.0,0.0,-0.24354736095630633,19,8,0
0.22641509433962265,4,0.26785714285714285,0.7756893727847627,0.5994609712024382,-1.4252221661893145,0,1.0645833647544687,0.6737035990763425,-0.7937140105405687,Jeddah,1.3166981247975296,-1.2863424094698719,1.4129089973570317,-0.372227004816024,0.1795916409313088,0.35608125896741283,0.8687362248156726,-0.2229642112800755,0.05205661784964757,1,0.0,0.0,0.0,0.0,0.0,0.0,-0.15271950496172626,19,8,0
0.24528301886792453,4,0.2857142857142857,0.7756893727847627,0.5994609712024382,-1.4252221661893145,0,1.0645833647544687,0.6737035990763425,-0.7937140105405687,Jeddah,1.3166981247975296,-1.2863424094698719,1.4129089973570317,-0.372227004816024,0.1795916409313088,0.3381839182041803,0.9010195395977966,-0.0578058075050564,0.006507884164242876,1,0.0,0.0,0.0,0.0,0.0,0.0,-0.06194924550766974,19,8,0
0.2830188679245283,3,0.0,0.7756893727847627,0.5994609712024382,-1.4252221661893145,0,1.0645833647544687,0.6737035990763425,-0.7937140105405687,Jeddah,1.3166981247975296,-1.2863424094698719,1.4129089973570317,-0.372227004816024,0.1795916409313088,5.375845244511368,0.9883975019384297,0.7031087784238896,-0.7250145939350466,1,0.0,0.0,0.0,0.0,0.0,0.0,0.1379513509493243,19,8,0
0.37735849056603776,3,0.08928571428571427,0.7756893727847627,0.5994609712024382,-1.4252221661893145,0,1.0645833647544687,0.6737035990763425,-0.7937140105405687,Jeddah,1.3166981247975296,-1.2863424094698719,1.4129089973570317,-0.372227004816024,0.1795916409313088,-0.09780703874937241,0.9640739622983331,-0.6443562501757867,-0.8952846779575865,1,0.0,0.0,0.0,0.0,0.0,0.0,0.5847730376589786,19,8,0
0.39622641509433965,3,0.10714285714285715,0.7756893727847627,0.5994609712024382,-1.4252221661893145,0,1.0645833647544687,0.6737035990763425,-0.7937140105405687,Jeddah,1.3166981247975296,-1.2863424094698719,1.4129089973570317,-0.372227004816024,0.1795916409313088,0.1489415445601433,0.9768987904660592,-0.9302338329439613,-0.527485756230503,1,0.0,0.0,0.0,0.0,0.0,0.0,0.6749342845124165,19,8,0
0.41509433962264153,3,0.125,0.7756893727847627,0.5994609712024382,-1.4252221661893145,0,1.0645833647544687,0.6737035990763425,-0.7937140105405687,Jeddah,1.3166981247975296,-1.2863424094698719,1.4129089973570317,-0.372227004816024,0.1795916409313088,0.311191207544876,1.0021187192406267,-0.8510575860516029,-0.5658688857512439,1,0.0,0.0,0.0,0.0,0.0,0.0,0.7656176770528964,19,8,0
0.4339622641509434,3,0.14285714285714285,0.7756893727847627,0.5994609712024382,-1.4252221661893145,0,1.0645833647544687,0.6737035990763425,-0.7937140105405687,Jeddah,1.3166981247975296,-1.2863424094698719,1.4129089973570317,-0.372227004816024,0.1795916409313088,-0.05643777567369739,1.0378710257199222,-0.7875430307615158,-0.4163374990774206,1,0.0,0.0,0.0,0.0,0.0,0.0,0.8551179799986864,19,8,0
0.4528301886792453,3,0.1607142857142857,0.7756893727847627,0.5994609712024382,-1.4252221661893145,0,1.0645833647544687,0.6737035990763425,-0.7937140105405687,Jeddah,1.3166981247975296,-1.2863424094698719,1.4129089973570317,-0.372227004816024,0.1795916409313088,-0.07228132323459421,1.059275679327488,-1.004584289700303,-0.2162675846531549,1,0.0,0.0,0.0,0.0,0.0,0.0,0.9445672958430288,19,8,0
0.5660377358490566,3,0.26785714285714285,0.7756893727847627,0.5994609712024382,-1.4252221661893145,0,1.0645833647544687,0.6737035990763425,-0.7937140105405687,Jeddah,1.3166981247975296,-1.2863424094698719,1.4129089973570317,-0.372227004816024,0.1795916409313088,-0.11012979796340328,1.1931003489877514,-0.36187167906586887,-0.38615816857055557,1,0.0,0.0,0.0,0.0,0.0,0.0,1.4820327184587043,19,8,0
0.5849056603773585,3,0.2857142857142857,0.7756893727847627,0.5994609712024382,-1.4252221661893145,0,1.0645833647544687,0.6737035990763425,-0.7937140105405687,Jeddah,1.3166981247975296,-1.2863424094698719,1.4129089973570317,-0.372227004816024,0.1795916409313088,-0.24920093766460033,1.2109400207149792,-0.5331813170270061,0.8901239049484668,1,0.0,0.0,0.0,0.0,0.0,0.0,1.570912678336887,19,8,0
0.6037735849056604,3,0.30357142857142855,0.7756893727847627,0.5994609712024382,-1.4252221661893145,0,1.0645833647544687,0.6737035990763425,-0.7937140105405687,Jeddah,1.3166981247975296,-1.2863424094698719,1.4129089973570317,-0.372227004816024,0.1795916409313088,-0.20284389109753326,1.2248649673866716,-0.9044679710873827,0.9623896399544519,1,0.0,0.0,0.0,0.0,0.0,0.0,1.6599418226970821,19,8,0
0.6226415094339622,3,0.3214285714285714,0.7756893727847627,0.5994609712024382,-1.4252221661893145,0,1.0645833647544687,0.6737035990763425,-0.7937140105405687,Jeddah,1.3166981247975296,-1.2863424094698719,1.4129089973570317,-0.372227004816024,0.1795916409313088,-0.19052113188350658,1.2406968039552064,-1.2942020834749395,1.003013706829701,1,0.0,0.0,0.0,0.0,0.0,0.0,1.7490106236917362,19,8,0
0.6792452830188679,3,0.375,1.2348182145954227,-0.3655212045672162,-0.8825707317900047,0,0.8351124108129232,-0.39693562603573285,-0.6140813419121882,Jeddah,1.3166981247975296,-1.2863424094698719,1.4129089973570317,-0.372227004816024,0.1795916409313088,-0.29966557063634713,1.2830285712476468,0.8295696561568772,-0.06785551844555114,1,0.0,0.0,0.0,0.0,0.0,0.0,-1.3837539707125626,19,8,0
0.6981132075471698,3,0.39285714285714285,1.2348182145954227,-0.3655212045672162,-0.8825707317900047,0,0.8351124108129232,-0.39693562603573285,-0.6140813419121882,Jeddah,1.3166981247975296,-1.2863424094698719,1.4129089973570317,-0.372227004816024,0.1795916409313088,-0.35335759292604885,1.2949214087136596,0.929070875409404,1.3649684604020043,1,0.0,0.0,0.0,0.0,0.0,0.0,-1.2952092038161152,19,8,0
0.7169811320754716,3,0.4107142857142857,1.2348182145954227,-0.3655212045672162,-0.8825707317900047,0,0.8351124108129232,-0.39693562603573285,-0.6140813419121882,Jeddah,1.3166981247975296,-1.2863424094698719,1.4129089973570317,-0.372227004816024,0.1795916409313088,-0.3598123715619712,1.3062315885189102,0.9588670694204271,1.4639200995830945,1,0.0,0.0,0.0,0.0,0.0,0.0,-1.2066852094424798,19,8,0
0.7358490566037735,3,0.42857142857142855,1.2348182145954227,-0.3655212045672162,-0.8825707317900047,0,0.8351124108129232,-0.39693562603573285,-0.6140813419121882,Jeddah,1.3166981247975296,-1.2863424094698719,1.4129089973570317,-0.372227004816024,0.1795916409313088,-0.3917928657126675,1.3178599410722978,1.01455253052413,1.5593696584696088,1,0.0,0.0,0.0,0.0,0.0,0.0,-1.118264133477321,19,8,0
0.7547169811320754,3,0.4464285714285714,1.2348182145954227,-0.3655212045672162,-0.8825707317900047,0,0.8351124108129232,-0.39693562603573285,-0.6140813419121882,Jeddah,1.3166981247975296,-1.2863424094698719,1.4129089973570317,-0.372227004816024,0.1795916409313088,-0.40294202881107505,1.3221306951194838,1.0927790149084322,1.6807186900672961,1,0.0,0.0,0.0,0.0,0.0,0.0,-1.0298789373242916,19,8,0
0.7735849056603773,3,0.46428571428571425,1.2348182145954227,-0.3655212045672162,-0.8825707317900047,0,0.8351124108129232,-0.39693562603573285,-0.6140813419121882,Jeddah,1.3166981247975296,-1.2863424094698719,1.4129089973570317,-0.372227004816024,0.1795916409313088,-0.4715974015749612,1.3321583096069487,1.1338894668405939,1.704916334920704,1,0.0,0.0,0.0,0.0,0.0,0.0,-0.9417146852775332,19,8,0
0.7924528301886792,3,0.48214285714285715,1.2348182145954227,-0.3655212045672162,-0.8825707317900047,0,0.8351124108129232,-0.39693562603573285,-0.6140813419121882,Jeddah,1.3166981247975296,-1.2863424094698719,1.4129089973570317,-0.372227004816024,0.1795916409313088,-0.41731858122744575,1.340402590108292,1.140891377427451,1.7612102509642809,1,0.0,0.0,0.0,0.0,0.0,0.0,-0.8533757551980392,19,8,0
0.8113207547169811,3,0.49999999999999994,1.2348182145954227,-0.3655212045672162,-0.8825707317900047,0,0.8351124108129232,-0.39693562603573285,-0.6140813419121882,Jeddah,1.3166981247975296,-1.2863424094698719,1.4129089973570317,-0.372227004816024,0.1795916409313088,-0.48010597341321926,1.3515253755165986,1.1932053833766278,1.8181679978375422,1,0.0,0.0,0.0,0.0,0.0,0.0,-0.7652388851131692,19,8,0
0.8301886792452831,3,0.5178571428571428,1.2348182145954227,-0.3655212045672162,-0.8825707317900047,0,0.8351124108129232,-0.39693562603573285,-0.6140813419121882,Jeddah,1.3166981247975296,-1.2863424094698719,1.4129089973570317,-0.372227004816024,0.1795916409313088,-0.4604482384765496,1.3557491525980552,1.199961710677391,1.8814299991425476,1,0.0,0.0,0.0,0.0,0.0,0.0,-0.6770387532542812,19,8,0
0.8490566037735849,3,0.5357142857142856,1.2348182145954227,-0.3655212045672162,-0.8825707317900047,0,0.8351124108129232,-0.39693562603573285,-0.6140813419121882,Jeddah,1.3166981247975296,-1.2863424094698719,1.4129089973570317,-0.372227004816024,0.1795916409313088,-0.47130400254605437,1.362119153917785,1.2156932116156254,1.9447187513956963,1,0.0,0.0,0.0,0.0,0.0,0.0,-0.5888735570019404,19,8,0
0.8679245283018868,3,0.5535714285714285,1.2348182145954227,-0.3655212045672162,-0.8825707317900047,0,0.8351124108129232,-0.39693562603573285,-0.6140813419121882,Jeddah,1.3166981247975296,-1.2863424094698719,1.4129089973570317,-0.372227004816024,0.1795916409313088,-0.511499669506106,1.371809254817818,1.2404708994051592,2.1143813504666817,1,0.0,0.0,0.0,0.0,0.0,0.0,-0.5008377169143822,19,8,0
