LapNumber,TyreLife,Position,AirTemp,Humidity,Pressure,Rainfall,TrackTemp,WindDirection,WindSpeed,Name,CircuitLength,Number of Laps,Slick,Wet,Inter,LapTime_sec,GapToLeader,GapToAhead,GapToBehind,status_1,status_12,status_124,status_21,status_24,status_4,status_41,TimeSinceLastWeatherMeasurement,Driver_idx,Team_idx,dnf
8.0,8.0,13.0,15.4,73.0,1009.4,0,18.9,282,4.3,Melbourne,5.303,58,0.0,0.0,1.0,98.729,85.97000000000003,17.489000000000033,17.561999999999898,1,0.0,0.0,0.0,0.0,0.0,0.0,1786.416,2,2,0
9.0,9.0,13.0,15.4,73.0,1009.4,0,18.9,282,4.3,Melbourne,5.303,58,0.0,0.0,1.0,96.312,87.644,17.534000000000106,19.814000000000078,1,0.0,0.0,0.0,0.0,0.0,0.0,1882.728,2,2,0
10.0,10.0,13.0,15.4,73.0,1009.4,0,18.9,282,4.3,Melbourne,5.303,58,0.0,0.0,1.0,95.27,90.78399999999988,17.2349999999999,20.955000000000155,1,0.0,0.0,0.0,0.0,0.0,0.0,1977.998,2,2,0
11.0,11.0,13.0,15.4,73.0,1009.4,0,18.9,282,4.3,Melbourne,5.303,58,0.0,0.0,1.0,94.678,93.27300000000014,16.613000000000056,21.692999999999984,1,0.0,0.0,0.0,0.0,0.0,0.0,2072.676,2,2,0
12.0,12.0,13.0,15.4,73.0,1009.4,0,18.9,282,4.3,Melbourne,5.303,58,0.0,0.0,1.0,95.385,96.88000000000011,17.922000000000025,21.309999999999945,1,0.0,0.0,0.0,0.0,0.0,0.0,2168.061,2,2,0
13.0,13.0,13.0,15.4,73.0,1009.4,0,18.9,282,4.3,Melbourne,5.303,58,0.0,0.0,1.0,93.697,99.25900000000001,18.104000000000042,21.863000000000056,1,0.0,0.0,0.0,0.0,0.0,0.0,2261.758,2,2,0
14.0,14.0,13.0,15.4,73.0,1009.4,0,18.9,282,4.3,Melbourne,5.303,58,0.0,0.0,1.0,93.802,102.26600000000008,19.24200000000019,21.792999999999893,1,0.0,0.0,0.0,0.0,0.0,0.0,2355.56,2,2,0
15.0,15.0,13.0,15.4,73.0,1009.4,0,18.9,282,4.3,Melbourne,5.303,58,0.0,0.0,1.0,92.212,104.25199999999995,19.13000000000011,23.465999999999894,1,0.0,0.0,0.0,0.0,0.0,0.0,2447.772,2,2,0
16.0,16.0,13.0,15.4,73.0,1009.4,0,18.9,282,4.3,Melbourne,5.303,58,0.0,0.0,1.0,97.326,111.6260000000002,23.935000000000173,19.534999999999854,1,0.0,0.0,0.0,0.0,0.0,0.0,2545.098,2,2,0
17.0,17.0,13.0,15.4,73.0,1009.4,0,18.9,282,4.3,Melbourne,5.303,58,0.0,0.0,1.0,92.312,113.67399999999998,23.28099999999995,21.75,1,0.0,0.0,0.0,0.0,0.0,0.0,2637.41,2,2,0
18.0,18.0,13.0,15.4,73.0,1009.4,0,18.9,282,4.3,Melbourne,5.303,58,0.0,0.0,1.0,92.181,115.70900000000006,22.764000000000124,24.096000000000004,1,0.0,0.0,0.0,0.0,0.0,0.0,2729.591,2,2,0
19.0,19.0,12.0,15.4,73.0,1009.4,0,18.9,282,4.3,Melbourne,5.303,58,0.0,0.0,1.0,91.942,117.10000000000014,22.42599999999993,26.21900000000005,1,0.0,0.0,0.0,0.0,0.0,0.0,2821.533,2,2,0
20.0,20.0,12.0,15.4,73.0,1009.4,0,18.9,282,4.3,Melbourne,5.303,58,0.0,0.0,1.0,91.319,117.70899999999983,21.13500000000022,28.994000000000142,1,0.0,0.0,0.0,0.0,0.0,0.0,2912.852,2,2,0
21.0,21.0,12.0,15.4,73.0,1009.4,0,18.9,282,4.3,Melbourne,5.303,58,0.0,0.0,1.0,91.042,118.51699999999983,19.632000000000062,31.769999999999982,1,0.0,0.0,0.0,0.0,0.0,0.0,3003.894,2,2,0
22.0,22.0,12.0,15.4,73.0,1009.4,0,18.9,282,4.3,Melbourne,5.303,58,0.0,0.0,1.0,91.887,120.10400000000027,18.23700000000008,33.472999999999956,1,0.0,0.0,0.0,0.0,0.0,0.0,3095.781,2,2,0
23.0,23.0,12.0,15.4,73.0,1009.4,0,18.9,282,4.3,Melbourne,5.303,58,0.0,0.0,1.0,91.324,121.50600000000031,17.051000000000386,35.490999999999985,1,0.0,0.0,0.0,0.0,0.0,0.0,3187.105,2,2,0
24.0,24.0,12.0,15.4,73.0,1009.4,0,18.9,282,4.3,Melbourne,5.303,58,0.0,0.0,1.0,90.822,122.64099999999962,16.20799999999963,37.71100000000024,1,0.0,0.0,0.0,0.0,0.0,0.0,3277.927,2,2,0
25.0,25.0,12.0,15.4,73.0,1009.4,0,18.9,282,4.3,Melbourne,5.303,58,0.0,0.0,1.0,90.706,123.7460000000001,15.152999999999793,39.61799999999994,1,0.0,0.0,0.0,0.0,0.0,0.0,3368.633,2,2,0
26.0,26.0,12.0,15.4,73.0,1009.4,0,18.9,282,4.3,Melbourne,5.303,58,0.0,0.0,1.0,91.299,125.88499999999976,15.108999999999924,40.896000000000186,1,0.0,0.0,0.0,0.0,0.0,0.0,3459.932,2,2,0
27.0,27.0,12.0,15.4,73.0,1009.4,0,18.9,282,4.3,Melbourne,5.303,58,0.0,0.0,1.0,90.463,127.09799999999996,14.677000000000135,42.940000000000055,1,0.0,0.0,0.0,0.0,0.0,0.0,3550.395,2,2,0
28.0,28.0,12.0,15.7,77.0,1010.2,0,19.1,229,2.5,Melbourne,5.303,58,0.0,0.0,1.0,90.716,128.7170000000001,14.740999999999985,46.728999999999814,1,0.0,0.0,0.0,0.0,0.0,0.0,40.724,2,2,0
29.0,29.0,12.0,15.7,77.0,1010.2,0,19.1,229,2.5,Melbourne,5.303,58,0.0,0.0,1.0,89.919,130.279,14.942000000000007,48.077000000000226,1,0.0,0.0,0.0,0.0,0.0,0.0,130.643,2,2,0
30.0,30.0,11.0,15.7,77.0,1010.2,0,19.1,229,2.5,Melbourne,5.303,58,0.0,0.0,1.0,89.794,132.04100000000017,15.36200000000008,49.659999999999854,1,0.0,0.0,0.0,0.0,0.0,0.0,220.437,2,2,0
31.0,31.0,11.0,15.7,77.0,1010.2,0,19.1,229,2.5,Melbourne,5.303,58,0.0,0.0,1.0,89.245,133.59100000000035,15.757000000000062,51.672000000000025,1,0.0,0.0,0.0,0.0,0.0,0.0,309.682,2,2,0
32.0,32.0,11.0,15.7,77.0,1010.2,0,19.1,229,2.5,Melbourne,5.303,58,0.0,0.0,1.0,89.032,134.82299999999987,15.9699999999998,53.940000000000055,1,0.0,0.0,0.0,0.0,0.0,0.0,398.714,2,2,0
42.0,9.0,14.0,15.7,77.0,1010.2,0,19.1,229,2.5,Melbourne,5.303,58,3.0,0.0,0.0,87.505,119.9409999999998,30.292999999999665,42.931000000000495,1,0.0,0.0,0.0,0.0,0.0,0.0,1602.231,2,2,0
43.0,10.0,14.0,15.7,77.0,1010.2,0,19.1,229,2.5,Melbourne,5.303,58,3.0,0.0,0.0,84.901,121.76100000000042,30.597000000000662,49.086999999999534,1,0.0,0.0,0.0,0.0,0.0,0.0,1687.132,2,2,0
46.0,46.0,13.0,15.7,77.0,1010.2,0,19.1,229,2.5,Melbourne,5.303,58,0.0,0.0,1.0,90.78,124.14099999999962,30.542999999999665,104.67399999999998,1,0.0,0.0,0.0,0.0,0.0,0.0,1981.781,2,2,0
52.0,52.0,12.0,15.7,77.0,1010.2,0,19.1,229,2.5,Melbourne,5.303,58,0.0,0.0,1.0,95.008,192.15700000000015,29.134000000000015,5.520000000000437,1,0.0,0.0,0.0,0.0,0.0,0.0,2739.187,2,2,0
53.0,53.0,12.0,15.7,77.0,1010.2,0,19.1,229,2.5,Melbourne,5.303,58,0.0,0.0,1.0,91.398,191.7460000000001,28.61499999999978,5.488000000000284,1,0.0,0.0,0.0,0.0,0.0,0.0,2830.585,2,2,0
54.0,54.0,12.0,15.7,77.0,1010.2,0,19.1,229,2.5,Melbourne,5.303,58,0.0,0.0,1.0,90.562,189.80099999999948,28.590000000000146,5.416000000000167,1,0.0,0.0,0.0,0.0,0.0,0.0,2921.147,2,2,0
55.0,55.0,12.0,15.7,77.0,1010.2,0,19.1,229,2.5,Melbourne,5.303,58,0.0,0.0,1.0,90.602,190.35199999999986,28.89099999999962,6.097999999999956,1,0.0,0.0,0.0,0.0,0.0,0.0,3011.749,2,2,0
56.0,56.0,12.0,15.7,77.0,1010.2,0,19.1,229,2.5,Melbourne,5.303,58,0.0,0.0,1.0,88.149,189.942,26.74200000000019,8.175000000000182,1,0.0,0.0,0.0,0.0,0.0,0.0,3099.898,2,2,0
57.0,57.0,12.0,15.7,77.0,1010.2,0,19.1,229,2.5,Melbourne,5.303,58,0.0,0.0,1.0,88.65,189.07499999999982,25.44799999999941,10.07800000000043,1,0.0,0.0,0.0,0.0,0.0,0.0,3188.548,2,2,0
8.0,8.0,12.0,15.4,73.0,1009.4,0,18.9,282,4.3,Melbourne,5.303,58,0.0,0.0,1.0,98.959,82.27499999999986,28.59699999999998,22.751999999999953,1,0.0,0.0,0.0,0.0,0.0,0.0,1785.719,8,7,0
9.0,9.0,12.0,15.4,73.0,1009.4,0,18.9,282,4.3,Melbourne,5.303,58,0.0,0.0,1.0,96.51,84.14699999999993,28.86499999999978,24.68100000000004,1,0.0,0.0,0.0,0.0,0.0,0.0,1882.229,8,7,0
10.0,10.0,12.0,15.4,73.0,1009.4,0,18.9,282,4.3,Melbourne,5.303,58,0.0,0.0,1.0,95.044,87.06099999999992,28.801999999999907,26.250999999999976,1,0.0,0.0,0.0,0.0,0.0,0.0,1977.273,8,7,0
11.0,11.0,12.0,15.4,73.0,1009.4,0,18.9,282,4.3,Melbourne,5.303,58,0.0,0.0,1.0,94.99,89.86200000000008,29.492999999999938,26.434999999999945,1,0.0,0.0,0.0,0.0,0.0,0.0,2072.263,8,7,0
12.0,12.0,12.0,15.4,73.0,1009.4,0,18.9,282,4.3,Melbourne,5.303,58,0.0,0.0,1.0,94.989,93.07300000000009,31.22700000000009,25.50999999999999,1,0.0,0.0,0.0,0.0,0.0,0.0,2167.252,8,7,0
13.0,13.0,12.0,15.4,73.0,1009.4,0,18.9,282,4.3,Melbourne,5.303,58,0.0,0.0,1.0,94.064,95.81899999999996,32.27399999999989,25.761999999999944,1,0.0,0.0,0.0,0.0,0.0,0.0,2261.316,8,7,0
14.0,14.0,12.0,15.4,73.0,1009.4,0,18.9,282,4.3,Melbourne,5.303,58,0.0,0.0,1.0,95.018,100.04199999999992,34.299999999999955,24.361000000000104,1,0.0,0.0,0.0,0.0,0.0,0.0,2356.334,8,7,0
15.0,15.0,12.0,15.4,73.0,1009.4,0,18.9,282,4.3,Melbourne,5.303,58,0.0,0.0,1.0,93.611,103.42699999999991,35.14799999999991,24.251999999999953,1,0.0,0.0,0.0,0.0,0.0,0.0,2449.945,8,7,0
16.0,16.0,12.0,15.4,73.0,1009.4,0,18.9,282,4.3,Melbourne,5.303,58,0.0,0.0,1.0,93.856,107.33100000000013,36.25499999999988,24.310999999999922,1,0.0,0.0,0.0,0.0,0.0,0.0,2543.801,8,7,0
17.0,17.0,12.0,15.4,73.0,1009.4,0,18.9,282,4.3,Melbourne,5.303,58,0.0,0.0,1.0,94.817,111.88400000000001,38.24199999999996,24.06899999999996,1,0.0,0.0,0.0,0.0,0.0,0.0,2638.618,8,7,0
18.0,18.0,12.0,15.4,73.0,1009.4,0,18.9,282,4.3,Melbourne,5.303,58,0.0,0.0,1.0,93.796,115.5340000000001,39.16100000000006,25.274999999999864,1,0.0,0.0,0.0,0.0,0.0,0.0,2732.414,8,7,0
19.0,19.0,13.0,15.4,73.0,1009.4,0,18.9,282,4.3,Melbourne,5.303,58,0.0,0.0,1.0,93.52,118.50299999999993,39.766999999999825,26.450000000000273,1,0.0,0.0,0.0,0.0,0.0,0.0,2825.934,8,7,0
20.0,20.0,13.0,15.4,73.0,1009.4,0,18.9,282,4.3,Melbourne,5.303,58,0.0,0.0,1.0,93.867,121.65999999999985,41.29300000000012,26.079999999999927,1,0.0,0.0,0.0,0.0,0.0,0.0,2919.801,8,7,0
21.0,21.0,13.0,15.4,73.0,1009.4,0,18.9,282,4.3,Melbourne,5.303,58,0.0,0.0,1.0,93.22,124.64599999999973,42.43399999999974,25.742999999999938,1,0.0,0.0,0.0,0.0,0.0,0.0,3013.021,8,7,0
22.0,22.0,13.0,15.4,73.0,1009.4,0,18.9,282,4.3,Melbourne,5.303,58,0.0,0.0,1.0,93.185,127.53099999999995,43.57799999999952,24.638000000000375,1,0.0,0.0,0.0,0.0,0.0,0.0,3106.206,8,7,0
23.0,23.0,13.0,15.4,73.0,1009.4,0,18.9,282,4.3,Melbourne,5.303,58,0.0,0.0,1.0,92.765,130.37400000000025,44.572000000000116,24.49499999999989,1,0.0,0.0,0.0,0.0,0.0,0.0,3198.971,8,7,0
24.0,24.0,13.0,15.4,73.0,1009.4,0,18.9,282,4.3,Melbourne,5.303,58,0.0,0.0,1.0,92.469,133.15599999999995,45.189000000000306,24.180999999999585,1,0.0,0.0,0.0,0.0,0.0,0.0,3291.44,8,7,0
25.0,25.0,13.0,15.4,73.0,1009.4,0,18.9,282,4.3,Melbourne,5.303,58,0.0,0.0,1.0,91.975,135.5300000000002,46.30400000000009,24.164999999999964,1,0.0,0.0,0.0,0.0,0.0,0.0,3383.415,8,7,0
26.0,26.0,13.0,15.4,73.0,1009.4,0,18.9,282,4.3,Melbourne,5.303,58,0.0,0.0,1.0,91.81,138.17999999999984,46.8119999999999,23.483999999999924,1,0.0,0.0,0.0,0.0,0.0,0.0,3475.225,8,7,0
27.0,27.0,13.0,15.4,73.0,1009.4,0,18.9,282,4.3,Melbourne,5.303,58,0.0,0.0,1.0,91.118,140.04799999999977,47.17499999999973,23.460000000000036,1,0.0,0.0,0.0,0.0,0.0,0.0,3566.343,8,7,0
28.0,28.0,13.0,15.7,77.0,1010.2,0,19.1,229,2.5,Melbourne,5.303,58,0.0,0.0,1.0,90.801,141.75199999999995,47.83299999999963,23.742999999999938,1,0.0,0.0,0.0,0.0,0.0,0.0,56.757,8,7,0
29.0,29.0,13.0,15.7,77.0,1010.2,0,19.1,229,2.5,Melbourne,5.303,58,0.0,0.0,1.0,90.378,143.77300000000014,48.08399999999983,24.16800000000012,1,0.0,0.0,0.0,0.0,0.0,0.0,147.135,8,7,0
30.0,30.0,13.0,15.7,77.0,1010.2,0,19.1,229,2.5,Melbourne,5.303,58,0.0,0.0,1.0,90.691,146.4319999999998,49.03800000000001,24.789000000000215,1,0.0,0.0,0.0,0.0,0.0,0.0,237.826,8,7,0
31.0,31.0,13.0,15.7,77.0,1010.2,0,19.1,229,2.5,Melbourne,5.303,58,0.0,0.0,1.0,90.071,148.80800000000045,48.68700000000035,26.366999999999734,1,0.0,0.0,0.0,0.0,0.0,0.0,327.897,8,7,0
32.0,32.0,13.0,15.7,77.0,1010.2,0,19.1,229,2.5,Melbourne,5.303,58,0.0,0.0,1.0,90.109,151.1170000000002,48.5619999999999,30.01800000000003,1,0.0,0.0,0.0,0.0,0.0,0.0,418.006,8,7,0
8.0,8.0,4.0,15.4,73.0,1009.4,0,18.9,282,4.3,Melbourne,5.303,58,0.0,0.0,1.0,97.824,26.427999999999997,13.205000000000041,50.39199999999994,1,0.0,0.0,0.0,0.0,0.0,0.0,1777.915,16,2,0
9.0,9.0,4.0,15.4,73.0,1009.4,0,18.9,282,4.3,Melbourne,5.303,58,0.0,0.0,1.0,94.873,26.66300000000001,13.5,51.77200000000016,1,0.0,0.0,0.0,0.0,0.0,0.0,1872.788,16,2,0
10.0,10.0,4.0,15.4,73.0,1009.4,0,18.9,282,4.3,Melbourne,5.303,58,0.0,0.0,1.0,93.587,28.11999999999989,14.414999999999964,53.325000000000045,1,0.0,0.0,0.0,0.0,0.0,0.0,1966.375,16,2,0
11.0,11.0,4.0,15.4,73.0,1009.4,0,18.9,282,4.3,Melbourne,5.303,58,0.0,0.0,1.0,93.347,29.27800000000002,15.802999999999884,54.950000000000045,1,0.0,0.0,0.0,0.0,0.0,0.0,2059.722,16,2,0
12.0,12.0,4.0,15.4,73.0,1009.4,0,18.9,282,4.3,Melbourne,5.303,58,0.0,0.0,1.0,92.803,30.30300000000011,17.31600000000003,56.572999999999865,1,0.0,0.0,0.0,0.0,0.0,0.0,2152.525,16,2,0
13.0,13.0,4.0,15.4,73.0,1009.4,0,18.9,282,4.3,Melbourne,5.303,58,0.0,0.0,1.0,92.364,31.34900000000016,18.30300000000011,58.10799999999995,1,0.0,0.0,0.0,0.0,0.0,0.0,2244.889,16,2,0
14.0,14.0,4.0,15.4,73.0,1009.4,0,18.9,282,4.3,Melbourne,5.303,58,0.0,0.0,1.0,91.856,32.41000000000008,19.604000000000042,59.34899999999993,1,0.0,0.0,0.0,0.0,0.0,0.0,2336.745,16,2,0
15.0,15.0,4.0,15.4,73.0,1009.4,0,18.9,282,4.3,Melbourne,5.303,58,0.0,0.0,1.0,91.885,34.06899999999996,21.146000000000186,59.846000000000004,1,0.0,0.0,0.0,0.0,0.0,0.0,2428.63,16,2,0
16.0,16.0,4.0,15.4,73.0,1009.4,0,18.9,282,4.3,Melbourne,5.303,58,0.0,0.0,1.0,91.739,35.85600000000022,22.16300000000001,60.66099999999983,1,0.0,0.0,0.0,0.0,0.0,0.0,2520.369,16,2,0
17.0,17.0,4.0,15.4,73.0,1009.4,0,18.9,282,4.3,Melbourne,5.303,58,0.0,0.0,1.0,91.597,37.18900000000008,23.064000000000078,62.452,1,0.0,0.0,0.0,0.0,0.0,0.0,2611.966,16,2,0
18.0,18.0,4.0,15.4,73.0,1009.4,0,18.9,282,4.3,Melbourne,5.303,58,0.0,0.0,1.0,91.74,38.78300000000013,24.661000000000058,64.34299999999985,1,0.0,0.0,0.0,0.0,0.0,0.0,2703.706,16,2,0
19.0,19.0,4.0,15.4,73.0,1009.4,0,18.9,282,4.3,Melbourne,5.303,58,0.0,0.0,1.0,92.189,40.42100000000005,26.033999999999878,64.83800000000019,1,0.0,0.0,0.0,0.0,0.0,0.0,2795.895,16,2,0
20.0,20.0,4.0,15.4,73.0,1009.4,0,18.9,282,4.3,Melbourne,5.303,58,0.0,0.0,1.0,91.315,41.02599999999984,27.190000000000055,66.10300000000007,1,0.0,0.0,0.0,0.0,0.0,0.0,2887.21,16,2,0
21.0,21.0,4.0,15.4,73.0,1009.4,0,18.9,282,4.3,Melbourne,5.303,58,0.0,0.0,1.0,91.127,41.91899999999987,28.590000000000146,67.4050000000002,1,0.0,0.0,0.0,0.0,0.0,0.0,2978.337,16,2,0
22.0,22.0,4.0,15.4,73.0,1009.4,0,18.9,282,4.3,Melbourne,5.303,58,0.0,0.0,1.0,91.029,42.64800000000014,29.404999999999745,70.64499999999998,1,0.0,0.0,0.0,0.0,0.0,0.0,3069.366,16,2,0
23.0,23.0,4.0,15.4,73.0,1009.4,0,18.9,282,4.3,Melbourne,5.303,58,0.0,0.0,1.0,90.975,43.70100000000002,30.641000000000076,72.3130000000001,1,0.0,0.0,0.0,0.0,0.0,0.0,3160.341,16,2,0
24.0,24.0,4.0,15.4,73.0,1009.4,0,18.9,282,4.3,Melbourne,5.303,58,0.0,0.0,1.0,90.673,44.6869999999999,31.688000000000102,73.74200000000019,1,0.0,0.0,0.0,0.0,0.0,0.0,3251.014,16,2,0
25.0,25.0,4.0,15.4,73.0,1009.4,0,18.9,282,4.3,Melbourne,5.303,58,0.0,0.0,1.0,90.488,45.57400000000007,32.88099999999986,75.346,1,0.0,0.0,0.0,0.0,0.0,0.0,3341.502,16,2,0
26.0,26.0,4.0,15.4,73.0,1009.4,0,18.9,282,4.3,Melbourne,5.303,58,0.0,0.0,1.0,90.111,46.524999999999636,33.858999999999924,76.78200000000015,1,0.0,0.0,0.0,0.0,0.0,0.0,3431.613,16,2,0
27.0,27.0,4.0,15.4,73.0,1009.4,0,18.9,282,4.3,Melbourne,5.303,58,0.0,0.0,1.0,89.863,47.13799999999992,34.684999999999945,78.32699999999977,1,0.0,0.0,0.0,0.0,0.0,0.0,3521.476,16,2,0
28.0,28.0,4.0,15.7,77.0,1010.2,0,19.1,229,2.5,Melbourne,5.303,58,0.0,0.0,1.0,89.696,47.73700000000008,35.75199999999995,79.35600000000022,1,0.0,0.0,0.0,0.0,0.0,0.0,10.785,16,2,0
29.0,29.0,4.0,15.7,77.0,1010.2,0,19.1,229,2.5,Melbourne,5.303,58,0.0,0.0,1.0,89.488,48.86799999999994,37.05199999999968,80.80300000000034,1,0.0,0.0,0.0,0.0,0.0,0.0,100.273,16,2,0
30.0,30.0,4.0,15.7,77.0,1010.2,0,19.1,229,2.5,Melbourne,5.303,58,0.0,0.0,1.0,89.789,50.625,38.51000000000022,81.86700000000019,1,0.0,0.0,0.0,0.0,0.0,0.0,190.062,16,2,0
31.0,31.0,4.0,15.7,77.0,1010.2,0,19.1,229,2.5,Melbourne,5.303,58,0.0,0.0,1.0,89.041,51.971000000000004,39.63499999999976,83.90300000000025,1,0.0,0.0,0.0,0.0,0.0,0.0,279.103,16,2,0
32.0,32.0,4.0,15.7,77.0,1010.2,0,19.1,229,2.5,Melbourne,5.303,58,0.0,0.0,1.0,89.361,53.53200000000015,39.61700000000019,85.19900000000007,1,0.0,0.0,0.0,0.0,0.0,0.0,368.464,16,2,0
52.0,52.0,3.0,15.7,77.0,1010.2,0,19.1,229,2.5,Melbourne,5.303,58,0.0,0.0,1.0,94.334,91.15599999999995,91.15599999999995,95.88300000000072,1,0.0,0.0,0.0,0.0,0.0,0.0,2736.627,16,2,0
53.0,53.0,3.0,15.7,77.0,1010.2,0,19.1,229,2.5,Melbourne,5.303,58,0.0,0.0,1.0,91.177,90.52400000000034,90.52400000000034,96.26400000000012,1,0.0,0.0,0.0,0.0,0.0,0.0,2827.804,16,2,0
54.0,54.0,4.0,15.7,77.0,1010.2,0,19.1,229,2.5,Melbourne,5.303,58,0.0,0.0,1.0,90.41,88.42699999999968,88.42699999999968,96.64800000000014,1,0.0,0.0,0.0,0.0,0.0,0.0,2918.214,16,2,0
55.0,55.0,4.0,15.7,77.0,1010.2,0,19.1,229,2.5,Melbourne,5.303,58,0.0,0.0,1.0,90.076,88.45200000000023,88.45200000000023,96.95899999999983,1,0.0,0.0,0.0,0.0,0.0,0.0,3008.29,16,2,0
56.0,56.0,4.0,15.7,77.0,1010.2,0,19.1,229,2.5,Melbourne,5.303,58,0.0,0.0,1.0,89.454,89.34699999999975,89.34699999999975,97.82800000000043,1,0.0,0.0,0.0,0.0,0.0,0.0,3097.744,16,2,0
57.0,57.0,4.0,15.7,77.0,1010.2,0,19.1,229,2.5,Melbourne,5.303,58,0.0,0.0,1.0,89.117,88.94700000000012,88.94700000000012,99.66799999999967,1,0.0,0.0,0.0,0.0,0.0,0.0,3186.861,16,2,0
37.0,1.0,14.0,27.3,18.0,1010.4,0,35.6,264,2.2,Shanghai,5.451,56,3.0,0.0,0.0,114.242,58.027000000000044,4.2400000000002365,2.2399999999997817,1,0.0,,0.0,,,,3584.226,5,3,0
38.0,2.0,14.0,26.8,21.0,1010.2,0,32.7,256,1.2,Shanghai,5.451,56,3.0,0.0,0.0,96.567,58.06700000000001,3.443000000000211,2.3980000000001382,1,0.0,,0.0,,,,80.424,5,3,0
39.0,3.0,13.0,26.8,21.0,1010.2,0,32.7,256,1.2,Shanghai,5.451,56,3.0,0.0,0.0,96.044,57.91100000000006,2.306999999999789,2.8530000000000655,1,0.0,,0.0,,,,176.468,5,3,0
37.0,20.0,12.0,27.3,18.0,1010.4,0,35.6,264,2.2,Shanghai,5.451,56,2.0,0.0,0.0,97.803,53.78699999999981,45.684999999999945,4.2400000000002365,1,0.0,,0.0,,,,3579.986,14,6,0
38.0,21.0,12.0,26.8,21.0,1010.2,0,32.7,256,1.2,Shanghai,5.451,56,2.0,0.0,0.0,97.364,54.623999999999796,46.46799999999985,3.443000000000211,1,0.0,,0.0,,,,76.981,14,6,0
39.0,22.0,12.0,26.8,21.0,1010.2,0,32.7,256,1.2,Shanghai,5.451,56,2.0,0.0,0.0,97.18,55.60400000000027,47.100000000000364,2.306999999999789,1,0.0,,0.0,,,,174.161,14,6,0
7.0,7.0,3.0,27.3,18.0,1010.4,0,35.6,264,2.2,Shanghai,5.451,56,3.0,0.0,0.0,98.464,3.0030000000000427,3.0030000000000427,14.220000000000027,1,0.0,,0.0,,,,585.89,16,2,0
8.0,8.0,3.0,27.3,18.0,1010.4,0,35.6,264,2.2,Shanghai,5.451,56,3.0,0.0,0.0,98.715,3.5249999999999773,3.5249999999999773,15.052999999999997,1,0.0,,0.0,,,,684.605,16,2,0
9.0,9.0,3.0,27.3,18.0,1010.4,0,35.6,264,2.2,Shanghai,5.451,56,3.0,0.0,0.0,98.557,3.883000000000038,3.883000000000038,15.732999999999947,1,0.0,,0.0,,,,783.162,16,2,0
10.0,10.0,3.0,27.3,18.0,1010.4,0,35.6,264,2.2,Shanghai,5.451,56,3.0,0.0,0.0,98.438,4.326999999999998,4.326999999999998,16.519999999999982,1,0.0,,0.0,,,,881.6,16,2,0
11.0,11.0,3.0,27.3,18.0,1010.4,0,35.6,264,2.2,Shanghai,5.451,56,3.0,0.0,0.0,98.375,4.5779999999999745,4.5779999999999745,17.202000000000226,1,0.0,,0.0,,,,979.975,16,2,0
12.0,12.0,3.0,27.3,18.0,1010.4,0,35.6,264,2.2,Shanghai,5.451,56,3.0,0.0,0.0,98.391,4.8559999999999945,4.8559999999999945,18.45399999999995,1,0.0,,0.0,,,,1078.366,16,2,0
13.0,13.0,3.0,27.3,18.0,1010.4,0,35.6,264,2.2,Shanghai,5.451,56,3.0,0.0,0.0,98.211,5.11200000000008,5.11200000000008,19.519000000000005,1,0.0,,0.0,,,,1176.577,16,2,0
17.0,3.0,3.0,27.3,18.0,1010.4,0,35.6,264,2.2,Shanghai,5.451,56,2.0,0.0,0.0,97.85,2.6019999999998618,2.6019999999998618,10.264000000000124,1,0.0,,0.0,,,,1588.521,16,2,0
18.0,4.0,4.0,27.3,18.0,1010.4,0,35.6,264,2.2,Shanghai,5.451,56,2.0,0.0,0.0,98.865,4.296000000000049,4.296000000000049,27.774000000000115,1,0.0,,0.0,,,,1687.386,16,2,0
19.0,5.0,4.0,27.3,18.0,1010.4,0,35.6,264,2.2,Shanghai,5.451,56,2.0,0.0,0.0,97.929,5.014000000000124,5.014000000000124,27.769000000000005,1,0.0,,0.0,,,,1785.315,16,2,0
20.0,6.0,3.0,27.3,18.0,1010.4,0,35.6,264,2.2,Shanghai,5.451,56,2.0,0.0,0.0,98.472,6.0779999999999745,6.0779999999999745,28.036000000000058,1,0.0,,0.0,,,,1883.787,16,2,0
21.0,7.0,3.0,27.3,18.0,1010.4,0,35.6,264,2.2,Shanghai,5.451,56,2.0,0.0,0.0,97.964,6.057000000000244,6.057000000000244,28.222999999999956,1,0.0,,0.0,,,,1981.751,16,2,0
22.0,8.0,3.0,27.3,18.0,1010.4,0,35.6,264,2.2,Shanghai,5.451,56,2.0,0.0,0.0,97.335,5.653999999999996,5.653999999999996,29.031000000000404,1,0.0,,0.0,,,,2079.086,16,2,0
23.0,9.0,3.0,27.3,18.0,1010.4,0,35.6,264,2.2,Shanghai,5.451,56,2.0,0.0,0.0,97.155,5.576999999999771,5.576999999999771,29.634000000000015,1,0.0,,0.0,,,,2176.241,16,2,0
24.0,10.0,3.0,27.3,18.0,1010.4,0,35.6,264,2.2,Shanghai,5.451,56,2.0,0.0,0.0,97.334,5.9409999999998035,5.9409999999998035,30.347000000000207,1,0.0,,0.0,,,,2273.575,16,2,0
25.0,11.0,3.0,27.3,18.0,1010.4,0,35.6,264,2.2,Shanghai,5.451,56,2.0,0.0,0.0,97.399,6.1550000000002,6.1550000000002,31.134999999999764,1,0.0,,0.0,,,,2370.974,16,2,0
26.0,12.0,3.0,27.3,18.0,1010.4,0,35.6,264,2.2,Shanghai,5.451,56,2.0,0.0,0.0,97.284,6.252999999999702,6.252999999999702,32.197000000000116,1,0.0,,0.0,,,,2468.258,16,2,0
27.0,13.0,3.0,27.3,18.0,1010.4,0,35.6,264,2.2,Shanghai,5.451,56,2.0,0.0,0.0,97.057,6.197999999999865,6.197999999999865,33.222999999999956,1,0.0,,0.0,,,,2565.315,16,2,0
28.0,14.0,3.0,27.3,18.0,1010.4,0,35.6,264,2.2,Shanghai,5.451,56,2.0,0.0,0.0,96.908,6.105000000000018,6.105000000000018,34.51099999999997,1,0.0,,0.0,,,,2662.223,16,2,0
29.0,15.0,3.0,27.3,18.0,1010.4,0,35.6,264,2.2,Shanghai,5.451,56,2.0,0.0,0.0,96.661,6.233000000000175,6.233000000000175,35.80099999999993,1,0.0,,0.0,,,,2758.884,16,2,0
30.0,16.0,3.0,27.3,18.0,1010.4,0,35.6,264,2.2,Shanghai,5.451,56,2.0,0.0,0.0,97.19,6.613000000000284,6.613000000000284,36.37300000000005,1,0.0,,0.0,,,,2856.074,16,2,0
31.0,17.0,3.0,27.3,18.0,1010.4,0,35.6,264,2.2,Shanghai,5.451,56,2.0,0.0,0.0,96.983,6.9340000000001965,6.9340000000001965,37.641999999999825,1,0.0,,0.0,,,,2953.057,16,2,0
32.0,18.0,3.0,27.3,18.0,1010.4,0,35.6,264,2.2,Shanghai,5.451,56,2.0,0.0,0.0,97.2,7.436000000000149,7.436000000000149,38.346000000000004,1,0.0,,0.0,,,,3050.257,16,2,0
33.0,19.0,3.0,27.3,18.0,1010.4,0,35.6,264,2.2,Shanghai,5.451,56,2.0,0.0,0.0,97.1,8.086999999999989,8.086999999999989,39.028999999999996,1,0.0,,0.0,,,,3147.357,16,2,0
34.0,20.0,3.0,27.3,18.0,1010.4,0,35.6,264,2.2,Shanghai,5.451,56,2.0,0.0,0.0,96.853,8.135999999999967,8.135999999999967,40.23700000000008,1,0.0,,0.0,,,,3244.21,16,2,0
35.0,21.0,3.0,27.3,18.0,1010.4,0,35.6,264,2.2,Shanghai,5.451,56,2.0,0.0,0.0,96.664,8.159999999999854,8.159999999999854,42.32500000000027,1,0.0,,0.0,,,,3340.874,16,2,0
36.0,22.0,3.0,27.3,18.0,1010.4,0,35.6,264,2.2,Shanghai,5.451,56,2.0,0.0,0.0,96.688,8.052999999999884,8.052999999999884,44.621000000000095,1,0.0,,0.0,,,,3437.562,16,2,0
37.0,23.0,3.0,27.3,18.0,1010.4,0,35.6,264,2.2,Shanghai,5.451,56,2.0,0.0,0.0,96.739,8.101999999999862,8.101999999999862,45.684999999999945,1,0.0,,0.0,,,,3534.301,16,2,0
38.0,24.0,3.0,26.8,21.0,1010.2,0,32.7,256,1.2,Shanghai,5.451,56,2.0,0.0,0.0,96.581,8.155999999999949,8.155999999999949,46.46799999999985,1,0.0,,0.0,,,,30.513,16,2,0
39.0,25.0,3.0,26.8,21.0,1010.2,0,32.7,256,1.2,Shanghai,5.451,56,2.0,0.0,0.0,96.548,8.503999999999905,8.503999999999905,47.100000000000364,1,0.0,,0.0,,,,127.061,16,2,0
40.0,26.0,3.0,26.8,21.0,1010.2,0,32.7,256,1.2,Shanghai,5.451,56,2.0,0.0,0.0,96.488,8.983000000000175,8.983000000000175,48.16199999999981,1,0.0,,0.0,,,,223.549,16,2,0
41.0,27.0,3.0,26.8,21.0,1010.2,0,32.7,256,1.2,Shanghai,5.451,56,2.0,0.0,0.0,96.471,9.42599999999993,9.42599999999993,49.15299999999979,1,0.0,,0.0,,,,320.02,16,2,0
42.0,28.0,3.0,26.8,21.0,1010.2,0,32.7,256,1.2,Shanghai,5.451,56,2.0,0.0,0.0,96.337,9.444000000000415,9.444000000000415,50.19499999999971,1,0.0,,0.0,,,,416.357,16,2,0
43.0,29.0,3.0,26.8,21.0,1010.2,0,32.7,256,1.2,Shanghai,5.451,56,2.0,0.0,0.0,96.459,9.537000000000262,9.537000000000262,52.61499999999978,1,0.0,,0.0,,,,512.816,16,2,0
44.0,30.0,3.0,26.8,21.0,1010.2,0,32.7,256,1.2,Shanghai,5.451,56,2.0,0.0,0.0,96.576,9.579999999999927,9.579999999999927,53.58899999999994,1,0.0,,0.0,,,,609.392,16,2,0
45.0,31.0,3.0,26.8,21.0,1010.2,0,32.7,256,1.2,Shanghai,5.451,56,2.0,0.0,0.0,96.574,9.479999999999563,9.479999999999563,54.20800000000054,1,0.0,,0.0,,,,705.966,16,2,0
46.0,32.0,3.0,26.8,21.0,1010.2,0,32.7,256,1.2,Shanghai,5.451,56,2.0,0.0,0.0,96.3,9.319999999999709,9.319999999999709,55.26299999999992,1,0.0,,0.0,,,,802.266,16,2,0
47.0,33.0,3.0,26.8,21.0,1010.2,0,32.7,256,1.2,Shanghai,5.451,56,2.0,0.0,0.0,96.283,9.463999999999942,9.463999999999942,56.123999999999796,1,0.0,,0.0,,,,898.549,16,2,0
48.0,34.0,3.0,26.8,21.0,1010.2,0,32.7,256,1.2,Shanghai,5.451,56,2.0,0.0,0.0,96.192,9.654000000000451,9.654000000000451,57.28099999999995,1,0.0,,0.0,,,,994.741,16,2,0
49.0,35.0,3.0,26.8,21.0,1010.2,0,32.7,256,1.2,Shanghai,5.451,56,2.0,0.0,0.0,96.106,9.791999999999462,9.791999999999462,58.0659999999998,1,0.0,,0.0,,,,1090.847,16,2,0
50.0,36.0,3.0,26.8,21.0,1010.2,0,32.7,256,1.2,Shanghai,5.451,56,2.0,0.0,0.0,96.166,10.333999999999833,10.333999999999833,58.67900000000009,1,0.0,,0.0,,,,1187.013,16,2,0
51.0,37.0,3.0,26.8,21.0,1010.2,0,32.7,256,1.2,Shanghai,5.451,56,2.0,0.0,0.0,96.208,10.43499999999949,10.43499999999949,59.32500000000073,1,0.0,,0.0,,,,1283.221,16,2,0
52.0,38.0,3.0,26.8,21.0,1010.2,0,32.7,256,1.2,Shanghai,5.451,56,2.0,0.0,0.0,96.385,11.039999999999964,11.039999999999964,59.904999999999745,1,0.0,,0.0,,,,1379.606,16,2,0
53.0,39.0,3.0,26.8,21.0,1010.2,0,32.7,256,1.2,Shanghai,5.451,56,2.0,0.0,0.0,96.504,12.023999999999432,12.023999999999432,60.98199999999997,1,0.0,,0.0,,,,1476.11,16,2,0
54.0,40.0,3.0,26.8,21.0,1010.2,0,32.7,256,1.2,Shanghai,5.451,56,2.0,0.0,0.0,95.9,12.283000000000357,12.283000000000357,62.17399999999998,1,0.0,,0.0,,,,1572.01,16,2,0
55.0,41.0,3.0,26.8,21.0,1010.2,0,32.7,256,1.2,Shanghai,5.451,56,2.0,0.0,0.0,95.816,12.123000000000502,12.123000000000502,63.78700000000026,1,0.0,,0.0,,,,1667.826,16,2,0
56.0,42.0,3.0,26.8,21.0,1010.2,0,32.7,256,1.2,Shanghai,5.451,56,2.0,0.0,0.0,95.908,11.096999999999753,11.096999999999753,65.28999999999996,1,0.0,,0.0,,,,1763.734,16,2,0
4.0,4.0,15.0,27.3,18.0,1010.4,0,35.6,264,2.2,Shanghai,5.451,56,2.0,0.0,0.0,99.75,15.113,7.81899999999996,30.661,1,0.0,,0.0,,,,304.481,19,8,0
5.0,5.0,15.0,27.3,18.0,1010.4,0,35.6,264,2.2,Shanghai,5.451,56,2.0,0.0,0.0,99.058,16.089000000000055,8.080000000000041,30.494999999999948,1,0.0,,0.0,,,,403.539,19,8,0
7.0,7.0,15.0,27.3,18.0,1010.4,0,35.6,264,2.2,Shanghai,5.451,56,2.0,0.0,0.0,99.493,19.374000000000024,8.92599999999993,30.009000000000015,1,0.0,,0.0,,,,602.261,19,8,0
8.0,8.0,15.0,27.3,18.0,1010.4,0,35.6,264,2.2,Shanghai,5.451,56,2.0,0.0,0.0,99.391,20.572000000000003,9.19900000000007,29.66999999999996,1,0.0,,0.0,,,,701.652,19,8,0
9.0,9.0,15.0,27.3,18.0,1010.4,0,35.6,264,2.2,Shanghai,5.451,56,2.0,0.0,0.0,99.354,21.72700000000009,9.26900000000012,29.212999999999965,1,0.0,,0.0,,,,801.006,19,8,0
10.0,10.0,14.0,27.3,18.0,1010.4,0,35.6,264,2.2,Shanghai,5.451,56,2.0,0.0,0.0,99.401,23.134000000000015,9.472000000000094,28.909999999999968,1,0.0,,0.0,,,,900.407,19,8,0
11.0,11.0,14.0,27.3,18.0,1010.4,0,35.6,264,2.2,Shanghai,5.451,56,2.0,0.0,0.0,99.144,24.153999999999996,9.40300000000002,28.373000000000047,1,0.0,,0.0,,,,999.551,19,8,0
12.0,12.0,12.0,27.3,18.0,1010.4,0,35.6,264,2.2,Shanghai,5.451,56,2.0,0.0,0.0,99.239,25.279999999999973,4.372000000000071,28.004000000000133,1,0.0,,0.0,,,,1098.79,19,8,0
27.0,1.0,17.0,27.3,18.0,1010.4,0,35.6,264,2.2,Shanghai,5.451,56,3.0,0.0,0.0,114.879,45.310999999999694,13.38799999999992,36.0630000000001,1,0.0,,0.0,,,,2604.428,19,8,0
28.0,2.0,17.0,27.3,18.0,1010.4,0,35.6,264,2.2,Shanghai,5.451,56,3.0,0.0,0.0,96.89,45.20000000000027,12.384000000000015,35.047000000000025,1,0.0,,0.0,,,,2701.318,19,8,0
29.0,3.0,17.0,27.3,18.0,1010.4,0,35.6,264,2.2,Shanghai,5.451,56,3.0,0.0,0.0,96.976,45.64300000000003,11.492999999999938,35.01999999999998,1,0.0,,0.0,,,,2798.294,19,8,0
30.0,4.0,16.0,27.3,18.0,1010.4,0,35.6,264,2.2,Shanghai,5.451,56,3.0,0.0,0.0,97.339,46.17200000000048,11.07300000000032,34.95899999999983,1,0.0,,0.0,,,,2895.633,19,8,0
31.0,5.0,16.0,27.3,18.0,1010.4,0,35.6,264,2.2,Shanghai,5.451,56,3.0,0.0,0.0,97.426,46.93600000000015,10.644000000000233,34.73900000000003,1,0.0,,0.0,,,,2993.059,19,8,0
32.0,6.0,15.0,27.3,18.0,1010.4,0,35.6,264,2.2,Shanghai,5.451,56,3.0,0.0,0.0,97.387,47.625,10.411999999999807,34.202000000000226,1,0.0,,0.0,,,,3090.446,19,8,0
33.0,7.0,15.0,27.3,18.0,1010.4,0,35.6,264,2.2,Shanghai,5.451,56,3.0,0.0,0.0,97.496,48.672000000000025,10.088999999999942,33.8119999999999,1,0.0,,0.0,,,,3187.942,19,8,0
34.0,8.0,14.0,27.3,18.0,1010.4,0,35.6,264,2.2,Shanghai,5.451,56,3.0,0.0,0.0,97.008,48.876000000000204,9.234000000000378,33.76999999999953,1,0.0,,0.0,,,,3284.95,19,8,0
35.0,9.0,13.0,27.3,18.0,1010.4,0,35.6,264,2.2,Shanghai,5.451,56,3.0,0.0,0.0,97.797,50.0329999999999,9.322999999999865,32.84100000000035,1,0.0,,0.0,,,,3382.747,19,8,0
36.0,10.0,12.0,27.3,18.0,1010.4,0,35.6,264,2.2,Shanghai,5.451,56,3.0,0.0,0.0,96.792,50.0300000000002,8.569000000000415,32.759000000000015,1,0.0,,0.0,,,,3479.539,19,8,0
37.0,11.0,11.0,27.3,18.0,1010.4,0,35.6,264,2.2,Shanghai,5.451,56,3.0,0.0,0.0,96.64,49.98000000000002,7.795000000000073,32.57499999999982,1,0.0,,0.0,,,,3576.179,19,8,0
38.0,12.0,11.0,26.8,21.0,1010.2,0,32.7,256,1.2,Shanghai,5.451,56,3.0,0.0,0.0,97.281,50.733999999999924,7.358000000000175,31.733000000000175,1,0.0,,0.0,,,,73.091,19,8,0
39.0,13.0,11.0,26.8,21.0,1010.2,0,32.7,256,1.2,Shanghai,5.451,56,3.0,0.0,0.0,98.133,52.666999999999916,8.406999999999698,30.452999999999975,1,0.0,,0.0,,,,171.224,19,8,0
40.0,14.0,10.0,26.8,21.0,1010.2,0,32.7,256,1.2,Shanghai,5.451,56,3.0,0.0,0.0,96.691,53.34900000000016,7.9529999999999745,30.391000000000076,1,0.0,,0.0,,,,267.915,19,8,0
41.0,15.0,10.0,26.8,21.0,1010.2,0,32.7,256,1.2,Shanghai,5.451,56,3.0,0.0,0.0,96.582,53.90299999999979,7.317000000000007,30.49900000000025,1,0.0,,0.0,,,,364.497,19,8,0
42.0,16.0,10.0,26.8,21.0,1010.2,0,32.7,256,1.2,Shanghai,5.451,56,3.0,0.0,0.0,96.386,53.970000000000255,6.467999999999847,31.172999999999774,1,0.0,,0.0,,,,460.883,19,8,0
43.0,17.0,10.0,26.8,21.0,1010.2,0,32.7,256,1.2,Shanghai,5.451,56,3.0,0.0,0.0,96.543,54.146999999999935,5.8969999999999345,32.238000000000284,1,0.0,,0.0,,,,557.426,19,8,0
44.0,18.0,10.0,26.8,21.0,1010.2,0,32.7,256,1.2,Shanghai,5.451,56,3.0,0.0,0.0,96.621,54.23499999999967,5.6359999999995125,33.08600000000024,1,0.0,,0.0,,,,654.047,19,8,0
45.0,19.0,10.0,26.8,21.0,1010.2,0,32.7,256,1.2,Shanghai,5.451,56,3.0,0.0,0.0,96.726,54.28700000000026,5.402000000000044,33.9399999999996,1,0.0,,0.0,,,,750.773,19,8,0
46.0,20.0,10.0,26.8,21.0,1010.2,0,32.7,256,1.2,Shanghai,5.451,56,3.0,0.0,0.0,96.553,54.38000000000011,5.230000000000473,34.83600000000024,1,0.0,,0.0,,,,847.326,19,8,0
47.0,21.0,10.0,26.8,21.0,1010.2,0,32.7,256,1.2,Shanghai,5.451,56,3.0,0.0,0.0,96.642,54.88299999999981,5.020999999999731,35.73400000000038,1,0.0,,0.0,,,,943.968,19,8,0
48.0,22.0,10.0,26.8,21.0,1010.2,0,32.7,256,1.2,Shanghai,5.451,56,3.0,0.0,0.0,96.836,55.71700000000055,5.426000000000386,36.38999999999942,1,0.0,,0.0,,,,1040.804,19,8,0
49.0,23.0,10.0,26.8,21.0,1010.2,0,32.7,256,1.2,Shanghai,5.451,56,3.0,0.0,0.0,96.813,56.5619999999999,5.8969999999999345,37.13199999999961,1,0.0,,0.0,,,,1137.617,19,8,0
50.0,24.0,10.0,26.8,21.0,1010.2,0,32.7,256,1.2,Shanghai,5.451,56,3.0,0.0,0.0,96.739,57.67699999999968,6.395999999999731,39.38000000000011,1,0.0,,0.0,,,,1234.356,19,8,0
51.0,25.0,10.0,26.8,21.0,1010.2,0,32.7,256,1.2,Shanghai,5.451,56,3.0,0.0,0.0,96.504,58.073999999999614,6.463999999999942,41.884000000000015,1,0.0,,0.0,,,,1330.86,19,8,0
52.0,26.0,10.0,26.8,21.0,1010.2,0,32.7,256,1.2,Shanghai,5.451,56,3.0,0.0,0.0,96.363,58.65700000000015,6.457000000000335,42.904999999999745,1,0.0,,0.0,,,,1427.223,19,8,0
53.0,27.0,10.0,26.8,21.0,1010.2,0,32.7,256,1.2,Shanghai,5.451,56,3.0,0.0,0.0,96.859,59.996000000000095,6.734000000000378,43.17999999999938,1,0.0,,0.0,,,,1524.082,19,8,0
54.0,28.0,10.0,26.8,21.0,1010.2,0,32.7,256,1.2,Shanghai,5.451,56,3.0,0.0,0.0,96.434,60.78899999999976,6.529999999999745,44.28700000000026,1,0.0,,0.0,,,,1620.516,19,8,0
55.0,29.0,10.0,26.8,21.0,1010.2,0,32.7,256,1.2,Shanghai,5.451,56,3.0,0.0,0.0,96.576,61.389000000000124,6.752999999999702,46.301000000000386,1,0.0,,0.0,,,,1717.092,19,8,0
56.0,30.0,10.0,26.8,21.0,1010.2,0,32.7,256,1.2,Shanghai,5.451,56,3.0,0.0,0.0,96.848,61.302999999999884,7.5549999999993815,17.097999999999956,1,0.0,,0.0,,,,1813.94,19,8,0
34.0,12.0,15.0,14.2,77.0,1009.5,0,20.9,223,1.1,Suzuka,5.807,53,1.0,0.0,0.0,93.44,52.66800000000012,30.20600000000013,9.003999999999905,1,,,,,,,2981.613,8,6,0
35.0,13.0,15.0,14.2,77.0,1009.5,0,20.9,223,1.1,Suzuka,5.807,53,1.0,0.0,0.0,93.212,53.870000000000346,31.0329999999999,7.991999999999734,1,,,,,,,3074.825,8,6,0
36.0,14.0,15.0,14.2,77.0,1009.5,0,20.9,223,1.1,Suzuka,5.807,53,1.0,0.0,0.0,93.224,55.33600000000024,32.3420000000001,8.162999999999556,1,,,,,,,3168.049,8,6,0
37.0,15.0,15.0,14.2,77.0,1009.5,0,20.9,223,1.1,Suzuka,5.807,53,1.0,0.0,0.0,93.187,56.784000000000106,33.64000000000033,7.7719999999999345,1,,,,,,,3261.236,8,6,0
38.0,16.0,15.0,14.2,77.0,1009.5,0,20.9,223,1.1,Suzuka,5.807,53,1.0,0.0,0.0,92.846,57.8420000000001,34.61700000000019,7.169999999999618,1,,,,,,,3354.082,8,6,0
39.0,17.0,15.0,14.2,77.0,1009.5,0,20.9,223,1.1,Suzuka,5.807,53,1.0,0.0,0.0,93.053,59.115999999999985,35.69200000000001,6.1599999999998545,1,,,,,,,3447.135,8,6,0
40.0,18.0,15.0,14.2,77.0,1009.5,0,20.9,223,1.1,Suzuka,5.807,53,1.0,0.0,0.0,93.299,60.902000000000044,37.327999999999975,5.291000000000167,1,,,,,,,3540.434,8,6,0
41.0,19.0,15.0,14.5,77.0,1008.9,0,19.4,0,1.6,Suzuka,5.807,53,1.0,0.0,0.0,93.953,63.27500000000009,39.71199999999999,3.632000000000062,1,,,,,,,34.106,8,6,0
42.0,20.0,15.0,14.5,77.0,1008.9,0,19.4,0,1.6,Suzuka,5.807,53,1.0,0.0,0.0,92.937,64.74400000000014,41.13200000000006,2.800000000000182,1,,,,,,,127.043,8,6,0
43.0,21.0,15.0,14.5,77.0,1008.9,0,19.4,0,1.6,Suzuka,5.807,53,1.0,0.0,0.0,92.857,66.15999999999985,41.35500000000002,2.311000000000149,1,,,,,,,219.9,8,6,0
44.0,22.0,15.0,14.5,77.0,1008.9,0,19.4,0,1.6,Suzuka,5.807,53,1.0,0.0,0.0,92.732,67.29100000000017,41.902000000000044,2.092999999999847,1,,,,,,,312.632,8,6,0
16.0,16.0,18.0,14.2,77.0,1009.5,0,20.9,223,1.1,Suzuka,5.807,53,1.0,0.0,0.0,94.599,35.61900000000014,16.013000000000147,21.766999999999825,1,,,,,,,1275.056,13,6,0
17.0,17.0,18.0,14.2,77.0,1009.5,0,20.9,223,1.1,Suzuka,5.807,53,1.0,0.0,0.0,94.642,36.71900000000005,16.218000000000075,20.923999999999978,1,,,,,,,1369.698,13,6,0
18.0,18.0,18.0,14.2,77.0,1009.5,0,20.9,223,1.1,Suzuka,5.807,53,1.0,0.0,0.0,94.724,38.090000000000146,16.56100000000015,19.801999999999907,1,,,,,,,1464.422,13,6,0
19.0,19.0,18.0,14.2,77.0,1009.5,0,20.9,223,1.1,Suzuka,5.807,53,1.0,0.0,0.0,94.204,38.93600000000015,16.517000000000053,19.57899999999995,1,,,,,,,1558.626,13,6,0
20.0,20.0,18.0,14.2,77.0,1009.5,0,20.9,223,1.1,Suzuka,5.807,53,1.0,0.0,0.0,94.539,40.41100000000006,16.99500000000012,18.74000000000001,1,,,,,,,1653.165,13,6,0
21.0,21.0,18.0,14.2,77.0,1009.5,0,20.9,223,1.1,Suzuka,5.807,53,1.0,0.0,0.0,94.372,39.5630000000001,17.381000000000085,18.17899999999986,1,,,,,,,1747.537,13,6,0
22.0,22.0,18.0,14.2,77.0,1009.5,0,20.9,223,1.1,Suzuka,5.807,53,1.0,0.0,0.0,94.492,30.789999999999964,15.24499999999989,17.209000000000287,1,,,,,,,1842.029,13,6,0
23.0,23.0,17.0,14.2,77.0,1009.5,0,20.9,223,1.1,Suzuka,5.807,53,1.0,0.0,0.0,94.124,31.76200000000017,13.124000000000251,16.56899999999996,1,,,,,,,1936.153,13,6,0
2.0,2.0,15.0,14.6,76.0,1009.9,0,22.5,324,1.1,Suzuka,5.807,53,2.0,0.0,0.0,96.248,11.786000000000001,8.27800000000002,2.664999999999992,1,,,,,,,3541.658,14,5,0
3.0,3.0,15.0,14.2,77.0,1009.5,0,20.9,223,1.1,Suzuka,5.807,53,2.0,0.0,0.0,95.33,13.476999999999975,9.403999999999996,2.8100000000000023,1,,,,,,,36.642,14,5,0
4.0,4.0,15.0,14.2,77.0,1009.5,0,20.9,223,1.1,Suzuka,5.807,53,2.0,0.0,0.0,94.765,14.49799999999999,10.111999999999966,3.2060000000000173,1,,,,,,,131.407,14,5,0
5.0,5.0,15.0,14.2,77.0,1009.5,0,20.9,223,1.1,Suzuka,5.807,53,2.0,0.0,0.0,95.473,16.194999999999993,11.79000000000002,3.1510000000000105,1,,,,,,,226.88,14,5,0
6.0,6.0,15.0,14.2,77.0,1009.5,0,20.9,223,1.1,Suzuka,5.807,53,2.0,0.0,0.0,94.782,17.331000000000017,12.649999999999977,3.6580000000000155,1,,,,,,,321.662,14,5,0
7.0,7.0,15.0,14.2,77.0,1009.5,0,20.9,223,1.1,Suzuka,5.807,53,2.0,0.0,0.0,95.314,19.118999999999915,13.782999999999902,3.4480000000000928,1,,,,,,,416.976,14,5,0
8.0,8.0,15.0,14.2,77.0,1009.5,0,20.9,223,1.1,Suzuka,5.807,53,2.0,0.0,0.0,94.639,20.22199999999998,14.62399999999991,4.165000000000077,1,,,,,,,511.615,14,5,0
9.0,9.0,15.0,14.2,77.0,1009.5,0,20.9,223,1.1,Suzuka,5.807,53,2.0,0.0,0.0,94.854,21.547000000000025,15.662000000000035,7.256999999999948,1,,,,,,,606.469,14,5,0
10.0,10.0,15.0,14.2,77.0,1009.5,0,20.9,223,1.1,Suzuka,5.807,53,2.0,0.0,0.0,94.427,22.418999999999983,16.48599999999999,28.037000000000035,1,,,,,,,700.896,14,5,0
11.0,11.0,15.0,14.2,77.0,1009.5,0,20.9,223,1.1,Suzuka,5.807,53,2.0,0.0,0.0,94.789,23.710000000000036,17.392000000000053,28.10200000000009,1,,,,,,,795.685,14,5,0
12.0,12.0,15.0,14.2,77.0,1009.5,0,20.9,223,1.1,Suzuka,5.807,53,2.0,0.0,0.0,95.076,25.14300000000003,18.604000000000042,28.269000000000005,1,,,,,,,890.761,14,5,0
13.0,13.0,15.0,14.2,77.0,1009.5,0,20.9,223,1.1,Suzuka,5.807,53,2.0,0.0,0.0,94.555,26.057999999999993,19.34400000000005,28.866999999999962,1,,,,,,,985.316,14,5,0
14.0,14.0,15.0,14.2,77.0,1009.5,0,20.9,223,1.1,Suzuka,5.807,53,2.0,0.0,0.0,95.007,27.684999999999945,20.692999999999984,28.44600000000014,1,,,,,,,1080.323,14,5,0
15.0,15.0,15.0,14.2,77.0,1009.5,0,20.9,223,1.1,Suzuka,5.807,53,2.0,0.0,0.0,94.451,28.76800000000003,21.436999999999898,28.403999999999996,1,,,,,,,1174.774,14,5,0
16.0,16.0,15.0,14.2,77.0,1009.5,0,20.9,223,1.1,Suzuka,5.807,53,2.0,0.0,0.0,94.853,30.190000000000055,22.430000000000064,28.437999999999874,1,,,,,,,1269.627,14,5,0
17.0,17.0,15.0,14.2,77.0,1009.5,0,20.9,223,1.1,Suzuka,5.807,53,2.0,0.0,0.0,94.257,30.904999999999973,22.853000000000065,28.837999999999965,1,,,,,,,1363.884,14,5,0
18.0,18.0,15.0,14.2,77.0,1009.5,0,20.9,223,1.1,Suzuka,5.807,53,2.0,0.0,0.0,94.6,32.152000000000044,23.48700000000008,28.689000000000078,1,,,,,,,1458.484,14,5,0
19.0,19.0,15.0,14.2,77.0,1009.5,0,20.9,223,1.1,Suzuka,5.807,53,2.0,0.0,0.0,94.413,33.20700000000011,22.144000000000005,28.333000000000084,1,,,,,,,1552.897,14,5,0
20.0,20.0,15.0,14.2,77.0,1009.5,0,20.9,223,1.1,Suzuka,5.807,53,2.0,0.0,0.0,94.813,34.95600000000013,4.045000000000073,27.17099999999982,1,,,,,,,1647.71,14,5,0
21.0,21.0,15.0,14.2,77.0,1009.5,0,20.9,223,1.1,Suzuka,5.807,53,2.0,0.0,0.0,94.471,34.20700000000011,5.279000000000224,26.324999999999818,1,,,,,,,1742.181,14,5,0
22.0,22.0,15.0,14.2,77.0,1009.5,0,20.9,223,1.1,Suzuka,5.807,53,2.0,0.0,0.0,94.634,25.576000000000022,5.789999999999964,25.463000000000193,1,,,,,,,1836.815,14,5,0
23.0,23.0,15.0,14.2,77.0,1009.5,0,20.9,223,1.1,Suzuka,5.807,53,2.0,0.0,0.0,94.509,26.932999999999993,7.020999999999731,25.070999999999913,1,,,,,,,1931.324,14,5,0
24.0,24.0,13.0,14.2,77.0,1009.5,0,20.9,223,1.1,Suzuka,5.807,53,2.0,0.0,0.0,94.528,28.40599999999995,7.209000000000287,24.692000000000007,1,,,,,,,2025.852,14,5,0
25.0,25.0,10.0,14.2,77.0,1009.5,0,20.9,223,1.1,Suzuka,5.807,53,2.0,0.0,0.0,93.932,29.240999999999985,8.228000000000065,25.503000000000156,1,,,,,,,2119.784,14,5,0
26.0,26.0,9.0,14.2,77.0,1009.5,0,20.9,223,1.1,Suzuka,5.807,53,2.0,0.0,0.0,94.718,30.833000000000084,10.53500000000031,25.042999999999665,1,,,,,,,2214.502,14,5,0
27.0,27.0,9.0,14.2,77.0,1009.5,0,20.9,223,1.1,Suzuka,5.807,53,2.0,0.0,0.0,94.02,31.506000000000313,11.944000000000415,25.037999999999556,1,,,,,,,2308.522,14,5,0
28.0,28.0,9.0,14.2,77.0,1009.5,0,20.9,223,1.1,Suzuka,5.807,53,2.0,0.0,0.0,94.037,32.34699999999975,13.492999999999938,25.126999999999953,1,,,,,,,2402.559,14,5,0
29.0,29.0,9.0,14.2,77.0,1009.5,0,20.9,223,1.1,Suzuka,5.807,53,2.0,0.0,0.0,94.382,33.76800000000003,15.468000000000302,24.871000000000095,1,,,,,,,2496.941,14,5,0
30.0,30.0,11.0,14.2,77.0,1009.5,0,20.9,223,1.1,Suzuka,5.807,53,2.0,0.0,0.0,96.33,37.03899999999976,19.43899999999985,24.51299999999992,1,,,,,,,2593.271,14,5,0
31.0,31.0,11.0,14.2,77.0,1009.5,0,20.9,223,1.1,Suzuka,5.807,53,2.0,0.0,0.0,94.387,35.970000000000255,21.682999999999993,43.49599999999964,1,,,,,,,2687.658,14,5,0
32.0,32.0,11.0,14.2,77.0,1009.5,0,20.9,223,1.1,Suzuka,5.807,53,2.0,0.0,0.0,94.65,36.95899999999983,24.30199999999968,41.20900000000029,1,,,,,,,2782.308,14,5,0
34.0,1.0,17.0,14.2,77.0,1009.5,0,20.9,223,1.1,Suzuka,5.807,53,3.0,0.0,0.0,112.958,62.577000000000226,49.2170000000001,17.31999999999971,1,,,,,,,2991.522,14,5,0
35.0,2.0,17.0,14.2,77.0,1009.5,0,20.9,223,1.1,Suzuka,5.807,53,3.0,0.0,0.0,91.676,62.24300000000039,48.957000000000335,18.68399999999974,1,,,,,,,3083.198,14,5,0
36.0,3.0,16.0,14.2,77.0,1009.5,0,20.9,223,1.1,Suzuka,5.807,53,3.0,0.0,0.0,91.106,61.590999999999894,48.23999999999978,20.269000000000233,1,,,,,,,3174.304,14,5,0
37.0,4.0,16.0,14.2,77.0,1009.5,0,20.9,223,1.1,Suzuka,5.807,53,3.0,0.0,0.0,92.087,61.93899999999985,48.45899999999983,20.963000000000193,1,,,,,,,3266.391,14,5,0
38.0,5.0,16.0,14.2,77.0,1009.5,0,20.9,223,1.1,Suzuka,5.807,53,3.0,0.0,0.0,92.013,62.16399999999976,48.63200000000006,21.687000000000353,1,,,,,,,3358.404,14,5,0
39.0,6.0,16.0,14.2,77.0,1009.5,0,20.9,223,1.1,Suzuka,5.807,53,3.0,0.0,0.0,92.048,62.43299999999999,48.60699999999997,22.49499999999989,1,,,,,,,3450.452,14,5,0
40.0,7.0,16.0,14.2,77.0,1009.5,0,20.9,223,1.1,Suzuka,5.807,53,3.0,0.0,0.0,92.267,63.1869999999999,48.95899999999983,22.925000000000182,1,,,,,,,3542.719,14,5,0
41.0,8.0,16.0,14.5,77.0,1008.9,0,19.4,0,1.6,Suzuka,5.807,53,3.0,0.0,0.0,92.172,63.778999999999996,49.235999999999876,23.320000000000164,1,,,,,,,34.61,14,5,0
42.0,9.0,16.0,14.5,77.0,1008.9,0,19.4,0,1.6,Suzuka,5.807,53,3.0,0.0,0.0,92.869,65.18000000000029,49.970000000000255,22.884999999999764,1,,,,,,,127.479,14,5,0
43.0,10.0,16.0,14.5,77.0,1008.9,0,19.4,0,1.6,Suzuka,5.807,53,3.0,0.0,0.0,92.937,66.67599999999993,50.983999999999924,22.386000000000422,1,,,,,,,220.416,14,5,0
44.0,11.0,16.0,14.5,77.0,1008.9,0,19.4,0,1.6,Suzuka,5.807,53,3.0,0.0,0.0,92.575,67.64999999999964,51.78099999999995,22.981000000000677,1,,,,,,,312.991,14,5,0
45.0,12.0,16.0,14.5,77.0,1008.9,0,19.4,0,1.6,Suzuka,5.807,53,3.0,0.0,0.0,92.819,68.86499999999978,52.975000000000364,28.217999999999847,1,,,,,,,405.81,14,5,0
46.0,13.0,16.0,14.5,77.0,1008.9,0,19.4,0,1.6,Suzuka,5.807,53,3.0,0.0,0.0,93.049,70.44700000000012,54.47199999999975,27.85400000000027,1,,,,,,,498.859,14,5,0
47.0,14.0,16.0,14.5,77.0,1008.9,0,19.4,0,1.6,Suzuka,5.807,53,3.0,0.0,0.0,92.602,71.67200000000048,55.47599999999966,27.694000000000415,1,,,,,,,591.461,14,5,0
48.0,15.0,15.0,14.5,77.0,1008.9,0,19.4,0,1.6,Suzuka,5.807,53,3.0,0.0,0.0,92.054,72.3680000000004,55.98700000000008,28.18499999999949,1,,,,,,,683.515,14,5,0
49.0,16.0,15.0,14.5,77.0,1008.9,0,19.4,0,1.6,Suzuka,5.807,53,3.0,0.0,0.0,92.959,74.05199999999968,57.336999999999534,27.600000000000364,1,,,,,,,776.474,14,5,0
50.0,17.0,14.0,14.5,77.0,1008.9,0,19.4,0,1.6,Suzuka,5.807,53,3.0,0.0,0.0,91.2,73.88799999999992,57.16699999999946,28.61700000000019,1,,,,,,,867.674,14,5,0
51.0,18.0,14.0,14.5,77.0,1008.9,0,19.4,0,1.6,Suzuka,5.807,53,3.0,0.0,0.0,91.244,73.94700000000012,57.05400000000009,29.518999999999323,1,,,,,,,958.918,14,5,0
52.0,19.0,14.0,14.5,77.0,1008.9,0,19.4,0,1.6,Suzuka,5.807,53,3.0,0.0,0.0,91.533,74.4389999999994,56.960000000000036,30.038000000000466,1,,,,,,,1050.451,14,5,0
4.0,4.0,5.0,14.2,77.0,1009.5,0,20.9,223,1.1,Suzuka,5.807,53,2.0,0.0,0.0,94.057,4.386000000000024,2.1299999999999955,10.111999999999966,1,,,,,,,121.295,16,2,0
6.0,6.0,5.0,14.2,77.0,1009.5,0,20.9,223,1.1,Suzuka,5.807,53,2.0,0.0,0.0,93.922,4.68100000000004,2.048999999999978,12.649999999999977,1,,,,,,,309.012,16,2,0
7.0,7.0,5.0,14.2,77.0,1009.5,0,20.9,223,1.1,Suzuka,5.807,53,2.0,0.0,0.0,94.181,5.336000000000013,2.3810000000000855,13.782999999999902,1,,,,,,,403.193,16,2,0
8.0,8.0,5.0,14.2,77.0,1009.5,0,20.9,223,1.1,Suzuka,5.807,53,2.0,0.0,0.0,93.798,5.59800000000007,2.407000000000039,14.62399999999991,1,,,,,,,496.991,16,2,0
9.0,9.0,5.0,14.2,77.0,1009.5,0,20.9,223,1.1,Suzuka,5.807,53,2.0,0.0,0.0,93.816,5.884999999999991,2.6329999999999245,15.662000000000035,1,,,,,,,590.807,16,2,0
10.0,10.0,5.0,14.2,77.0,1009.5,0,20.9,223,1.1,Suzuka,5.807,53,2.0,0.0,0.0,93.603,5.932999999999993,2.0610000000000355,16.48599999999999,1,,,,,,,684.41,16,2,0
11.0,11.0,5.0,14.2,77.0,1009.5,0,20.9,223,1.1,Suzuka,5.807,53,2.0,0.0,0.0,93.883,6.317999999999984,2.464999999999918,17.392000000000053,1,,,,,,,778.293,16,2,0
12.0,12.0,5.0,14.2,77.0,1009.5,0,20.9,223,1.1,Suzuka,5.807,53,2.0,0.0,0.0,93.864,6.538999999999987,2.994999999999891,18.604000000000042,1,,,,,,,872.157,16,2,0
13.0,13.0,5.0,14.2,77.0,1009.5,0,20.9,223,1.1,Suzuka,5.807,53,2.0,0.0,0.0,93.815,6.713999999999942,3.5570000000000164,19.34400000000005,1,,,,,,,965.972,16,2,0
14.0,14.0,5.0,14.2,77.0,1009.5,0,20.9,223,1.1,Suzuka,5.807,53,2.0,0.0,0.0,93.658,6.991999999999962,3.6549999999999727,20.692999999999984,1,,,,,,,1059.63,16,2,0
15.0,15.0,5.0,14.2,77.0,1009.5,0,20.9,223,1.1,Suzuka,5.807,53,2.0,0.0,0.0,93.707,7.331000000000131,4.000999999999976,21.436999999999898,1,,,,,,,1153.337,16,2,0
16.0,16.0,5.0,14.2,77.0,1009.5,0,20.9,223,1.1,Suzuka,5.807,53,2.0,0.0,0.0,93.86,7.759999999999991,4.288999999999987,22.430000000000064,1,,,,,,,1247.197,16,2,0
17.0,17.0,5.0,14.2,77.0,1009.5,0,20.9,223,1.1,Suzuka,5.807,53,2.0,0.0,0.0,93.834,8.051999999999907,4.455999999999904,22.853000000000065,1,,,,,,,1341.031,16,2,0
18.0,18.0,5.0,14.2,77.0,1009.5,0,20.9,223,1.1,Suzuka,5.807,53,2.0,0.0,0.0,93.966,8.664999999999964,4.761999999999944,23.48700000000008,1,,,,,,,1434.997,16,2,0
20.0,1.0,13.0,14.2,77.0,1009.5,0,20.9,223,1.1,Suzuka,5.807,53,1.0,0.0,0.0,112.912,30.911000000000058,24.635999999999967,4.045000000000073,1,,,,,,,1643.665,16,2,0
21.0,2.0,12.0,14.2,77.0,1009.5,0,20.9,223,1.1,Suzuka,5.807,53,1.0,0.0,0.0,93.237,28.927999999999884,4.837999999999738,5.279000000000224,1,,,,,,,1736.902,16,2,0
22.0,3.0,11.0,14.2,77.0,1009.5,0,20.9,223,1.1,Suzuka,5.807,53,1.0,0.0,0.0,94.123,19.786000000000058,5.116999999999734,5.789999999999964,1,,,,,,,1831.025,16,2,0
23.0,4.0,11.0,14.2,77.0,1009.5,0,20.9,223,1.1,Suzuka,5.807,53,1.0,0.0,0.0,93.278,19.912000000000262,5.378000000000156,7.020999999999731,1,,,,,,,1924.303,16,2,0
24.0,5.0,9.0,14.2,77.0,1009.5,0,20.9,223,1.1,Suzuka,5.807,53,1.0,0.0,0.0,94.34,21.19699999999966,7.33199999999988,7.209000000000287,1,,,,,,,2018.643,16,2,0
25.0,6.0,8.0,14.2,77.0,1009.5,0,20.9,223,1.1,Suzuka,5.807,53,1.0,0.0,0.0,92.913,21.01299999999992,7.846000000000004,8.228000000000065,1,,,,,,,2111.556,16,2,0
26.0,7.0,7.0,14.2,77.0,1009.5,0,20.9,223,1.1,Suzuka,5.807,53,1.0,0.0,0.0,92.411,20.297999999999774,7.817000000000007,10.53500000000031,1,,,,,,,2203.967,16,2,0
27.0,8.0,7.0,14.2,77.0,1009.5,0,20.9,223,1.1,Suzuka,5.807,53,1.0,0.0,0.0,92.611,19.561999999999898,7.992999999999938,11.944000000000415,1,,,,,,,2296.578,16,2,0
28.0,9.0,7.0,14.2,77.0,1009.5,0,20.9,223,1.1,Suzuka,5.807,53,1.0,0.0,0.0,92.488,18.853999999999814,8.338999999999942,13.492999999999938,1,,,,,,,2389.066,16,2,0
29.0,10.0,7.0,14.2,77.0,1009.5,0,20.9,223,1.1,Suzuka,5.807,53,1.0,0.0,0.0,92.407,18.299999999999727,8.5649999999996,15.468000000000302,1,,,,,,,2481.473,16,2,0
30.0,11.0,7.0,14.2,77.0,1009.5,0,20.9,223,1.1,Suzuka,5.807,53,1.0,0.0,0.0,92.359,17.59999999999991,8.876999999999953,19.43899999999985,1,,,,,,,2573.832,16,2,0
31.0,12.0,6.0,14.2,77.0,1009.5,0,20.9,223,1.1,Suzuka,5.807,53,1.0,0.0,0.0,92.143,14.287000000000262,9.019000000000233,21.682999999999993,1,,,,,,,2665.975,16,2,0
32.0,13.0,5.0,14.2,77.0,1009.5,0,20.9,223,1.1,Suzuka,5.807,53,1.0,0.0,0.0,92.031,12.657000000000153,9.222000000000207,24.30199999999968,1,,,,,,,2758.006,16,2,0
33.0,14.0,5.0,14.2,77.0,1009.5,0,20.9,223,1.1,Suzuka,5.807,53,1.0,0.0,0.0,92.08,12.92300000000023,9.86999999999989,28.478000000000065,1,,,,,,,2850.086,16,2,0
34.0,15.0,5.0,14.2,77.0,1009.5,0,20.9,223,1.1,Suzuka,5.807,53,1.0,0.0,0.0,92.219,13.360000000000127,10.407999999999902,49.2170000000001,1,,,,,,,2942.305,16,2,0
35.0,16.0,5.0,14.2,77.0,1009.5,0,20.9,223,1.1,Suzuka,5.807,53,1.0,0.0,0.0,91.936,13.286000000000058,10.489999999999782,48.957000000000335,1,,,,,,,3034.241,16,2,0
36.0,17.0,5.0,14.2,77.0,1009.5,0,20.9,223,1.1,Suzuka,5.807,53,1.0,0.0,0.0,91.823,13.351000000000113,10.69800000000032,48.23999999999978,1,,,,,,,3126.064,16,2,0
37.0,18.0,5.0,14.2,77.0,1009.5,0,20.9,223,1.1,Suzuka,5.807,53,1.0,0.0,0.0,91.868,13.480000000000018,10.950000000000273,48.45899999999983,1,,,,,,,3217.932,16,2,0
38.0,19.0,5.0,14.2,77.0,1009.5,0,20.9,223,1.1,Suzuka,5.807,53,1.0,0.0,0.0,91.84,13.531999999999698,11.027999999999793,48.63200000000006,1,,,,,,,3309.772,16,2,0
39.0,20.0,5.0,14.2,77.0,1009.5,0,20.9,223,1.1,Suzuka,5.807,53,1.0,0.0,0.0,92.073,13.826000000000022,11.470000000000255,48.60699999999997,1,,,,,,,3401.845,16,2,0
40.0,21.0,5.0,14.2,77.0,1009.5,0,20.9,223,1.1,Suzuka,5.807,53,1.0,0.0,0.0,91.915,14.228000000000065,11.909999999999854,48.95899999999983,1,,,,,,,3493.76,16,2,0
41.0,22.0,5.0,14.2,77.0,1009.5,0,20.9,223,1.1,Suzuka,5.807,53,1.0,0.0,0.0,91.895,14.54300000000012,12.240000000000236,49.235999999999876,1,,,,,,,3585.655,16,2,0
42.0,23.0,5.0,14.5,77.0,1008.9,0,19.4,0,1.6,Suzuka,5.807,53,1.0,0.0,0.0,92.135,15.210000000000036,13.044999999999618,49.970000000000255,1,,,,,,,77.509,16,2,0
43.0,24.0,5.0,14.5,77.0,1008.9,0,19.4,0,1.6,Suzuka,5.807,53,1.0,0.0,0.0,91.923,15.692000000000007,13.54800000000023,50.983999999999924,1,,,,,,,169.432,16,2,0
44.0,25.0,5.0,14.5,77.0,1008.9,0,19.4,0,1.6,Suzuka,5.807,53,1.0,0.0,0.0,91.778,15.868999999999687,13.451000000000022,51.78099999999995,1,,,,,,,261.21,16,2,0
45.0,26.0,5.0,14.5,77.0,1008.9,0,19.4,0,1.6,Suzuka,5.807,53,1.0,0.0,0.0,91.625,15.889999999999418,13.524999999999636,52.975000000000364,1,,,,,,,352.835,16,2,0
46.0,27.0,5.0,14.5,77.0,1008.9,0,19.4,0,1.6,Suzuka,5.807,53,1.0,0.0,0.0,91.552,15.975000000000364,13.793000000000575,54.47199999999975,1,,,,,,,444.387,16,2,0
47.0,28.0,5.0,14.5,77.0,1008.9,0,19.4,0,1.6,Suzuka,5.807,53,1.0,0.0,0.0,91.598,16.196000000000822,14.169000000000779,55.47599999999966,1,,,,,,,535.985,16,2,0
48.0,29.0,5.0,14.5,77.0,1008.9,0,19.4,0,1.6,Suzuka,5.807,53,1.0,0.0,0.0,91.543,16.381000000000313,14.603000000000065,55.98700000000008,1,,,,,,,627.528,16,2,0
49.0,30.0,5.0,14.5,77.0,1008.9,0,19.4,0,1.6,Suzuka,5.807,53,1.0,0.0,0.0,91.609,16.715000000000146,14.371000000000095,57.336999999999534,1,,,,,,,719.137,16,2,0
50.0,31.0,5.0,14.5,77.0,1008.9,0,19.4,0,1.6,Suzuka,5.807,53,1.0,0.0,0.0,91.37,16.72100000000046,14.197000000000116,57.16699999999946,1,,,,,,,810.507,16,2,0
51.0,32.0,5.0,14.5,77.0,1008.9,0,19.4,0,1.6,Suzuka,5.807,53,1.0,0.0,0.0,91.357,16.89300000000003,14.414999999999964,57.05400000000009,1,,,,,,,901.864,16,2,0
52.0,33.0,5.0,14.5,77.0,1008.9,0,19.4,0,1.6,Suzuka,5.807,53,1.0,0.0,0.0,91.627,17.47899999999936,14.84099999999944,56.960000000000036,1,,,,,,,993.491,16,2,0
53.0,34.0,5.0,14.5,77.0,1008.9,0,19.4,0,1.6,Suzuka,5.807,53,1.0,0.0,0.0,91.431,17.36200000000008,15.233000000000175,56.766999999999825,1,,,,,,,1084.922,16,2,0
25.0,10.0,17.0,14.2,77.0,1009.5,0,20.9,223,1.1,Suzuka,5.807,53,1.0,0.0,0.0,93.598,49.14400000000023,16.097000000000207,4.053999999999633,1,,,,,,,2139.687,17,1,0
26.0,11.0,17.0,14.2,77.0,1009.5,0,20.9,223,1.1,Suzuka,5.807,53,1.0,0.0,0.0,93.735,49.7529999999997,14.605999999999767,3.5670000000000073,1,,,,,,,2233.422,17,1,0
27.0,12.0,17.0,14.2,77.0,1009.5,0,20.9,223,1.1,Suzuka,5.807,53,1.0,0.0,0.0,93.454,49.86000000000013,13.045000000000073,3.056999999999789,1,,,,,,,2326.876,17,1,0
28.0,13.0,17.0,14.2,77.0,1009.5,0,20.9,223,1.1,Suzuka,5.807,53,1.0,0.0,0.0,93.282,49.94599999999991,11.317000000000007,2.6859999999996944,1,,,,,,,2420.158,17,1,0
29.0,14.0,17.0,14.2,77.0,1009.5,0,20.9,223,1.1,Suzuka,5.807,53,1.0,0.0,0.0,93.209,50.19399999999996,10.711999999999989,2.130999999999858,1,,,,,,,2513.367,17,1,0
1.0,1.0,10.0,14.6,76.0,1009.9,0,22.5,324,1.1,Suzuka,5.807,53,2.0,0.0,0.0,101.275,6.550000000000011,2.3100000000000023,5.614999999999995,1,,,,,,,3442.479,19,8,0
2.0,2.0,10.0,14.6,76.0,1009.9,0,22.5,324,1.1,Suzuka,5.807,53,2.0,0.0,0.0,95.553,8.159999999999997,3.3319999999999936,7.049999999999983,1,,,,,,,3538.032,19,8,0
3.0,3.0,10.0,14.2,77.0,1009.5,0,20.9,223,1.1,Suzuka,5.807,53,2.0,0.0,0.0,94.435,8.956000000000017,3.6440000000000055,8.29299999999995,1,,,,,,,32.121,19,8,0
4.0,4.0,10.0,14.2,77.0,1009.5,0,20.9,223,1.1,Suzuka,5.807,53,2.0,0.0,0.0,94.466,9.677999999999997,3.849999999999966,8.795000000000016,1,,,,,,,126.587,19,8,0
5.0,5.0,10.0,14.2,77.0,1009.5,0,20.9,223,1.1,Suzuka,5.807,53,2.0,0.0,0.0,94.126,10.02800000000002,4.185999999999979,9.711999999999989,1,,,,,,,220.713,19,8,0
6.0,6.0,10.0,14.2,77.0,1009.5,0,20.9,223,1.1,Suzuka,5.807,53,2.0,0.0,0.0,94.535,10.91700000000003,4.663999999999987,10.732000000000085,1,,,,,,,315.248,19,8,0
7.0,7.0,10.0,14.2,77.0,1009.5,0,20.9,223,1.1,Suzuka,5.807,53,2.0,0.0,0.0,94.751,12.141999999999939,5.573999999999955,11.257000000000062,1,,,,,,,409.999,19,8,0
8.0,8.0,10.0,14.2,77.0,1009.5,0,20.9,223,1.1,Suzuka,5.807,53,2.0,0.0,0.0,94.731,13.336999999999989,6.286999999999921,11.735000000000014,1,,,,,,,504.73,19,8,0
9.0,9.0,10.0,14.2,77.0,1009.5,0,20.9,223,1.1,Suzuka,5.807,53,2.0,0.0,0.0,94.408,14.216000000000008,6.812999999999988,12.801000000000045,1,,,,,,,599.138,19,8,0
10.0,10.0,10.0,14.2,77.0,1009.5,0,20.9,223,1.1,Suzuka,5.807,53,2.0,0.0,0.0,94.217,14.877999999999929,7.308999999999969,13.043000000000006,1,,,,,,,693.355,19,8,0
11.0,11.0,10.0,14.2,77.0,1009.5,0,20.9,223,1.1,Suzuka,5.807,53,2.0,0.0,0.0,94.423,15.803000000000111,7.511999999999944,13.31899999999996,1,,,,,,,787.778,19,8,0
12.0,12.0,10.0,14.2,77.0,1009.5,0,20.9,223,1.1,Suzuka,5.807,53,2.0,0.0,0.0,94.244,16.403999999999996,7.573999999999842,13.973999999999933,1,,,,,,,882.022,19,8,0
13.0,13.0,10.0,14.2,77.0,1009.5,0,20.9,223,1.1,Suzuka,5.807,53,2.0,0.0,0.0,94.235,16.998999999999796,8.04099999999994,14.371000000000095,1,,,,,,,976.257,19,8,0
14.0,14.0,10.0,14.2,77.0,1009.5,0,20.9,223,1.1,Suzuka,5.807,53,2.0,0.0,0.0,94.327,17.94600000000014,8.394999999999982,15.014999999999873,1,,,,,,,1070.584,19,8,0
15.0,15.0,10.0,14.2,77.0,1009.5,0,20.9,223,1.1,Suzuka,5.807,53,2.0,0.0,0.0,94.034,18.61200000000008,8.654999999999973,15.838999999999942,1,,,,,,,1164.618,19,8,0
16.0,16.0,10.0,14.2,77.0,1009.5,0,20.9,223,1.1,Suzuka,5.807,53,2.0,0.0,0.0,94.425,19.605999999999995,9.218999999999824,16.013000000000147,1,,,,,,,1259.043,19,8,0
17.0,17.0,10.0,14.2,77.0,1009.5,0,20.9,223,1.1,Suzuka,5.807,53,2.0,0.0,0.0,94.437,20.500999999999976,9.743999999999915,16.218000000000075,1,,,,,,,1353.48,19,8,0
18.0,18.0,10.0,14.2,77.0,1009.5,0,20.9,223,1.1,Suzuka,5.807,53,2.0,0.0,0.0,94.381,21.528999999999996,10.263999999999896,16.56100000000015,1,,,,,,,1447.861,19,8,0
19.0,19.0,10.0,14.2,77.0,1009.5,0,20.9,223,1.1,Suzuka,5.807,53,2.0,0.0,0.0,94.248,22.419000000000096,10.758000000000038,16.517000000000053,1,,,,,,,1542.109,19,8,0
20.0,20.0,9.0,14.2,77.0,1009.5,0,20.9,223,1.1,Suzuka,5.807,53,2.0,0.0,0.0,94.061,23.41599999999994,11.26299999999992,16.99500000000012,1,,,,,,,1636.17,19,8,0
21.0,21.0,8.0,14.2,77.0,1009.5,0,20.9,223,1.1,Suzuka,5.807,53,2.0,0.0,0.0,93.986,22.182000000000016,12.101999999999862,17.381000000000085,1,,,,,,,1730.156,19,8,0
22.0,22.0,8.0,14.2,77.0,1009.5,0,20.9,223,1.1,Suzuka,5.807,53,2.0,0.0,0.0,96.628,15.545000000000073,15.545000000000073,15.24499999999989,1,,,,,,,1826.784,19,8,0
31.0,8.0,13.0,14.2,77.0,1009.5,0,20.9,223,1.1,Suzuka,5.807,53,1.0,0.0,0.0,93.375,38.547000000000025,38.547000000000025,3.59900000000016,1,,,,,,,2690.235,19,8,0
32.0,9.0,12.0,14.2,77.0,1009.5,0,20.9,223,1.1,Suzuka,5.807,53,1.0,0.0,0.0,93.24,38.126000000000204,16.26000000000022,25.042999999999665,1,,,,,,,2783.475,19,8,0
33.0,10.0,11.0,14.2,77.0,1009.5,0,20.9,223,1.1,Suzuka,5.807,53,1.0,0.0,0.0,93.558,39.870000000000346,18.41800000000012,23.954999999999927,1,,,,,,,2877.033,19,8,0
34.0,11.0,10.0,14.2,77.0,1009.5,0,20.9,223,1.1,Suzuka,5.807,53,1.0,0.0,0.0,92.174,40.26200000000017,19.106000000000222,24.96499999999969,1,,,,,,,2969.207,19,8,0
35.0,12.0,10.0,14.2,77.0,1009.5,0,20.9,223,1.1,Suzuka,5.807,53,1.0,0.0,0.0,92.348,40.600000000000364,19.914000000000215,25.56399999999985,1,,,,,,,3061.555,19,8,0
36.0,13.0,10.0,14.2,77.0,1009.5,0,20.9,223,1.1,Suzuka,5.807,53,1.0,0.0,0.0,92.211,41.052999999999884,20.553999999999633,26.2829999999999,1,,,,,,,3153.766,19,8,0
37.0,14.0,10.0,14.2,77.0,1009.5,0,20.9,223,1.1,Suzuka,5.807,53,1.0,0.0,0.0,92.333,41.646999999999935,21.190000000000055,26.807000000000244,1,,,,,,,3246.099,19,8,0
38.0,15.0,10.0,14.2,77.0,1009.5,0,20.9,223,1.1,Suzuka,5.807,53,1.0,0.0,0.0,92.467,42.32600000000002,21.873000000000047,26.85699999999997,1,,,,,,,3338.566,19,8,0
39.0,16.0,10.0,14.2,77.0,1009.5,0,20.9,223,1.1,Suzuka,5.807,53,1.0,0.0,0.0,92.302,42.84900000000016,22.33100000000013,27.092999999999847,1,,,,,,,3430.868,19,8,0
40.0,17.0,10.0,14.2,77.0,1009.5,0,20.9,223,1.1,Suzuka,5.807,53,1.0,0.0,0.0,92.096,43.432000000000244,22.81800000000021,27.483999999999924,1,,,,,,,3522.964,19,8,0
41.0,18.0,10.0,14.5,77.0,1008.9,0,19.4,0,1.6,Suzuka,5.807,53,1.0,0.0,0.0,92.219,44.07099999999991,23.679999999999836,27.419000000000324,1,,,,,,,14.902,19,8,0
42.0,19.0,10.0,14.5,77.0,1008.9,0,19.4,0,1.6,Suzuka,5.807,53,1.0,0.0,0.0,92.109,44.712000000000444,24.30300000000034,27.52599999999984,1,,,,,,,107.011,19,8,0
43.0,20.0,10.0,14.5,77.0,1008.9,0,19.4,0,1.6,Suzuka,5.807,53,1.0,0.0,0.0,92.072,45.34299999999985,24.879999999999654,27.684000000000196,1,,,,,,,199.083,19,8,0
44.0,21.0,10.0,14.5,77.0,1008.9,0,19.4,0,1.6,Suzuka,5.807,53,1.0,0.0,0.0,93.009,46.751000000000204,26.548999999999978,27.027999999999338,1,,,,,,,292.092,19,8,0
45.0,22.0,10.0,14.5,77.0,1008.9,0,19.4,0,1.6,Suzuka,5.807,53,1.0,0.0,0.0,92.459,47.60599999999977,27.701000000000022,26.603000000000065,1,,,,,,,384.551,19,8,0
46.0,23.0,10.0,14.5,77.0,1008.9,0,19.4,0,1.6,Suzuka,5.807,53,1.0,0.0,0.0,92.499,48.63799999999992,29.1279999999997,26.798999999999978,1,,,,,,,477.05,19,8,0
47.0,24.0,10.0,14.5,77.0,1008.9,0,19.4,0,1.6,Suzuka,5.807,53,1.0,0.0,0.0,92.051,49.31200000000081,29.940999999999804,27.023999999999432,1,,,,,,,569.101,19,8,0
48.0,25.0,10.0,14.5,77.0,1008.9,0,19.4,0,1.6,Suzuka,5.807,53,1.0,0.0,0.0,92.09,50.04399999999987,30.885999999999513,27.194000000000415,1,,,,,,,661.191,19,8,0
49.0,26.0,10.0,14.5,77.0,1008.9,0,19.4,0,1.6,Suzuka,5.807,53,1.0,0.0,0.0,92.006,50.774999999999636,31.737999999999374,27.389000000000124,1,,,,,,,753.197,19,8,0
50.0,27.0,10.0,14.5,77.0,1008.9,0,19.4,0,1.6,Suzuka,5.807,53,1.0,0.0,0.0,92.214,51.625,32.98700000000008,27.57300000000032,1,,,,,,,845.411,19,8,0
51.0,28.0,10.0,14.5,77.0,1008.9,0,19.4,0,1.6,Suzuka,5.807,53,1.0,0.0,0.0,92.048,52.487999999999374,33.98199999999997,28.056000000000495,1,,,,,,,937.459,19,8,0
52.0,29.0,10.0,14.5,77.0,1008.9,0,19.4,0,1.6,Suzuka,5.807,53,1.0,0.0,0.0,92.081,53.52799999999934,35.0049999999992,28.967999999999847,1,,,,,,,1029.54,19,8,0
53.0,30.0,10.0,14.5,77.0,1008.9,0,19.4,0,1.6,Suzuka,5.807,53,1.0,0.0,0.0,92.549,54.52899999999954,35.857999999999265,29.368000000000393,1,,,,,,,1122.089,19,8,0
15.0,3.0,11.0,27.1,45.0,1008.0,0,31.9,31,1.4,Sakhir,5.412,57,2.0,0.0,0.0,98.397,26.5150000000001,2.9809999999999945,13.186999999999898,1,,,,,0.0,0.0,1230.504,2,2,0
13.0,13.0,8.0,27.1,45.0,1008.0,0,31.9,31,1.4,Sakhir,5.412,57,2.0,0.0,0.0,99.751,26.538999999999987,4.272999999999911,7.94399999999996,1,,,,,0.0,0.0,1026.431,3,3,0
14.0,14.0,8.0,27.1,45.0,1008.0,0,31.9,31,1.4,Sakhir,5.412,57,2.0,0.0,0.0,100.631,25.873000000000047,4.5779999999999745,5.044999999999845,1,,,,,0.0,0.0,1127.062,3,3,0
15.0,15.0,7.0,27.1,45.0,1008.0,0,31.9,31,1.4,Sakhir,5.412,57,2.0,0.0,0.0,100.461,23.534000000000106,4.218000000000075,2.9809999999999945,1,,,,,0.0,0.0,1227.523,3,3,0
28.0,28.0,12.0,27.1,45.0,1008.0,0,31.9,31,1.4,Sakhir,5.412,57,2.0,0.0,0.0,98.897,44.0319999999997,8.225999999999658,4.846000000000004,1,,,,,0.0,0.0,2533.85,3,3,0
29.0,29.0,11.0,27.1,45.0,1008.0,0,31.9,31,1.4,Sakhir,5.412,57,2.0,0.0,0.0,98.702,45.057000000000244,8.7800000000002,2.8339999999998327,1,,,,,0.0,0.0,2632.552,3,3,0
15.0,10.0,15.0,27.1,45.0,1008.0,0,31.9,31,1.4,Sakhir,5.412,57,2.0,0.0,0.0,99.389,37.927000000000135,28.340000000000146,11.008999999999787,1,,,,,0.0,0.0,1241.916,8,6,0
16.0,11.0,16.0,27.1,45.0,1008.0,0,31.9,31,1.4,Sakhir,5.412,57,2.0,0.0,0.0,99.945,38.81099999999992,28.798999999999978,8.923999999999978,1,,,,,0.0,0.0,1341.861,8,6,0
17.0,12.0,15.0,27.1,45.0,1008.0,0,31.9,31,1.4,Sakhir,5.412,57,2.0,0.0,0.0,99.883,37.134000000000015,26.998000000000047,7.2349999999999,1,,,,,0.0,0.0,1441.744,8,6,0
18.0,13.0,15.0,27.1,45.0,1008.0,0,31.9,31,1.4,Sakhir,5.412,57,2.0,0.0,0.0,99.272,27.48700000000008,8.383000000000038,7.798999999999978,1,,,,,0.0,0.0,1541.016,8,6,0
19.0,14.0,15.0,27.1,45.0,1008.0,0,31.9,31,1.4,Sakhir,5.412,57,2.0,0.0,0.0,99.402,28.998000000000047,10.98700000000008,7.338999999999942,1,,,,,0.0,0.0,1640.418,8,6,0
20.0,15.0,16.0,27.1,45.0,1008.0,0,31.9,31,1.4,Sakhir,5.412,57,2.0,0.0,0.0,99.772,31.266000000000076,13.432999999999993,6.412000000000035,1,,,,,0.0,0.0,1740.19,8,6,0
21.0,16.0,16.0,27.1,45.0,1008.0,0,31.9,31,1.4,Sakhir,5.412,57,2.0,0.0,0.0,99.525,33.07900000000018,14.528000000000247,5.889999999999873,1,,,,,0.0,0.0,1839.715,8,6,0
22.0,17.0,16.0,27.1,45.0,1008.0,0,31.9,31,1.4,Sakhir,5.412,57,2.0,0.0,0.0,99.39,35.32699999999977,15.907999999999902,5.563000000000102,1,,,,,0.0,0.0,1939.105,8,6,0
23.0,18.0,16.0,27.1,45.0,1008.0,0,31.9,31,1.4,Sakhir,5.412,57,2.0,0.0,0.0,99.462,36.85599999999977,17.445999999999913,5.289999999999964,1,,,,,0.0,0.0,2038.567,8,6,0
24.0,19.0,16.0,27.1,45.0,1008.0,0,31.9,31,1.4,Sakhir,5.412,57,2.0,0.0,0.0,99.521,38.74299999999994,18.44100000000026,4.803999999999633,1,,,,,0.0,0.0,2138.088,8,6,0
25.0,20.0,16.0,27.1,45.0,1008.0,0,31.9,31,1.4,Sakhir,5.412,57,2.0,0.0,0.0,99.6,40.53200000000015,20.378000000000156,4.349999999999909,1,,,,,0.0,0.0,2237.688,8,6,0
26.0,21.0,17.0,27.1,45.0,1008.0,0,31.9,31,1.4,Sakhir,5.412,57,2.0,0.0,0.0,100.521,43.66300000000001,23.514000000000124,3.149999999999636,1,,,,,0.0,0.0,2338.209,8,6,0
11.0,1.0,14.0,27.1,45.0,1008.0,0,31.9,31,1.4,Sakhir,5.412,57,2.0,0.0,0.0,122.851,31.184999999999945,24.7170000000001,3.490000000000009,1,,,,,0.0,0.0,833.286,11,9,0
12.0,2.0,11.0,27.1,45.0,1008.0,0,31.9,31,1.4,Sakhir,5.412,57,2.0,0.0,0.0,97.867,30.023999999999887,23.610999999999876,3.4400000000000546,1,,,,,0.0,0.0,931.153,11,9,0
13.0,3.0,10.0,27.1,45.0,1008.0,0,31.9,31,1.4,Sakhir,5.412,57,2.0,0.0,0.0,97.453,28.713999999999942,22.342999999999847,4.412000000000035,1,,,,,0.0,0.0,1028.606,11,9,0
14.0,4.0,9.0,27.1,45.0,1008.0,0,31.9,31,1.4,Sakhir,5.412,57,2.0,0.0,0.0,98.773,26.190000000000055,22.246000000000095,3.6289999999999054,1,,,,,0.0,0.0,1127.379,11,9,0
15.0,5.0,6.0,27.1,45.0,1008.0,0,31.9,31,1.4,Sakhir,5.412,57,2.0,0.0,0.0,97.747,21.136999999999944,21.136999999999944,4.121000000000095,1,,,,,0.0,0.0,1225.126,11,9,0
16.0,6.0,5.0,27.1,45.0,1008.0,0,31.9,31,1.4,Sakhir,5.412,57,2.0,0.0,0.0,98.394,20.4699999999998,20.4699999999998,5.0150000000001,1,,,,,0.0,0.0,1323.52,11,9,0
17.0,7.0,5.0,27.1,45.0,1008.0,0,31.9,31,1.4,Sakhir,5.412,57,2.0,0.0,0.0,97.567,16.47699999999986,16.47699999999986,5.722999999999956,1,,,,,0.0,0.0,1421.087,11,9,0
29.0,19.0,4.0,27.1,45.0,1008.0,0,31.9,31,1.4,Sakhir,5.412,57,2.0,0.0,0.0,98.13,10.284000000000106,2.074000000000069,36.57300000000032,1,,,,,0.0,0.0,2597.779,11,9,0
30.0,20.0,4.0,27.1,45.0,1008.0,0,31.9,31,1.4,Sakhir,5.412,57,2.0,0.0,0.0,97.736,10.208999999999833,2.1909999999998035,35.9350000000004,1,,,,,0.0,0.0,2695.515,11,9,0
31.0,21.0,4.0,27.1,45.0,1008.0,0,31.9,31,1.4,Sakhir,5.412,57,2.0,0.0,0.0,97.927,10.579999999999927,2.069999999999709,35.53800000000001,1,,,,,0.0,0.0,2793.442,11,9,0
36.0,26.0,4.0,27.1,45.0,1008.0,0,31.9,31,1.4,Sakhir,5.412,57,2.0,0.0,0.0,96.505,15.329999999999927,2.507000000000062,48.210999999999785,1,,,,,0.0,0.0,3442.426,11,9,0
37.0,27.0,4.0,27.1,45.0,1008.0,0,31.9,31,1.4,Sakhir,5.412,57,2.0,0.0,0.0,97.967,17.922000000000025,4.150000000000091,47.64499999999998,1,,,,,0.0,0.0,3540.393,11,9,0
38.0,28.0,4.0,26.8,46.0,1008.3,0,30.8,44,1.3,Sakhir,5.412,57,2.0,0.0,0.0,95.728,17.653000000000247,3.736000000000331,49.99799999999959,1,,,,,0.0,0.0,35.815,11,9,0
39.0,29.0,4.0,26.8,46.0,1008.3,0,30.8,44,1.3,Sakhir,5.412,57,2.0,0.0,0.0,96.259,17.73799999999983,3.7969999999995707,51.2800000000002,1,,,,,0.0,0.0,132.074,11,9,0
40.0,30.0,4.0,26.8,46.0,1008.3,0,30.8,44,1.3,Sakhir,5.412,57,2.0,0.0,0.0,96.121,17.498999999999796,3.63799999999992,52.63899999999967,1,,,,,0.0,0.0,228.195,11,9,0
41.0,31.0,4.0,26.8,46.0,1008.3,0,30.8,44,1.3,Sakhir,5.412,57,2.0,0.0,0.0,96.259,17.4320000000007,3.404000000000451,53.826999999999316,1,,,,,0.0,0.0,324.454,11,9,0
42.0,32.0,4.0,26.8,46.0,1008.3,0,30.8,44,1.3,Sakhir,5.412,57,2.0,0.0,0.0,96.143,17.326000000000022,3.243000000000393,55.399999999999636,1,,,,,0.0,0.0,420.597,11,9,0
43.0,33.0,4.0,26.8,46.0,1008.3,0,30.8,44,1.3,Sakhir,5.412,57,2.0,0.0,0.0,96.042,17.25,2.7789999999995416,57.060999999999694,1,,,,,0.0,0.0,516.639,11,9,0
44.0,34.0,4.0,26.8,46.0,1008.3,0,30.8,44,1.3,Sakhir,5.412,57,2.0,0.0,0.0,96.452,17.413000000000466,2.6840000000001965,58.564000000000306,1,,,,,0.0,0.0,613.091,11,9,0
45.0,35.0,4.0,26.8,46.0,1008.3,0,30.8,44,1.3,Sakhir,5.412,57,2.0,0.0,0.0,96.594,17.971999999999753,2.5780000000004293,59.60899999999947,1,,,,,0.0,0.0,709.685,11,9,0
46.0,36.0,4.0,26.8,46.0,1008.3,0,30.8,44,1.3,Sakhir,5.412,57,2.0,0.0,0.0,97.651,19.725000000000364,3.3350000000000364,59.61800000000039,1,,,,,0.0,0.0,807.336,11,9,0
47.0,37.0,4.0,26.8,46.0,1008.3,0,30.8,44,1.3,Sakhir,5.412,57,2.0,0.0,0.0,96.315,19.949999999999818,2.8759999999992942,61.14500000000044,1,,,,,0.0,0.0,903.651,11,9,0
48.0,38.0,4.0,26.8,46.0,1008.3,0,30.8,44,1.3,Sakhir,5.412,57,2.0,0.0,0.0,96.579,20.17200000000048,2.5010000000002037,62.4399999999996,1,,,,,0.0,0.0,1000.23,11,9,0
49.0,39.0,4.0,26.8,46.0,1008.3,0,30.8,44,1.3,Sakhir,5.412,57,2.0,0.0,0.0,97.861,21.217999999999847,2.7039999999997235,62.38500000000022,1,,,,,0.0,0.0,1098.091,11,9,0
50.0,40.0,4.0,26.8,46.0,1008.3,0,30.8,44,1.3,Sakhir,5.412,57,2.0,0.0,0.0,97.036,21.990999999999985,2.7839999999996508,63.539999999999964,1,,,,,0.0,0.0,1195.127,11,9,0
51.0,41.0,4.0,26.8,46.0,1008.3,0,30.8,44,1.3,Sakhir,5.412,57,2.0,0.0,0.0,97.083,22.96900000000005,2.587999999999738,64.78899999999976,1,,,,,0.0,0.0,1292.21,11,9,0
10.0,10.0,16.0,27.1,45.0,1008.0,0,31.9,31,1.4,Sakhir,5.412,57,2.0,0.0,0.0,100.312,27.734000000000037,7.090000000000032,10.288999999999987,1,,,,,0.0,0.0,731.154,13,6,0
11.0,11.0,13.0,27.1,45.0,1008.0,0,31.9,31,1.4,Sakhir,5.412,57,2.0,0.0,0.0,100.248,29.30099999999993,7.5470000000000255,7.786000000000058,1,,,,,0.0,0.0,831.402,13,6,0
12.0,12.0,12.0,27.1,45.0,1008.0,0,31.9,31,1.4,Sakhir,5.412,57,2.0,0.0,0.0,100.903,31.17599999999993,8.599999999999909,4.895999999999958,1,,,,,0.0,0.0,932.305,13,6,0
5.0,5.0,2.0,27.1,45.0,1008.0,0,31.9,31,1.4,Sakhir,5.412,57,3.0,0.0,0.0,98.604,2.2229999999999563,2.2229999999999563,6.3180000000000405,1,,,,,0.0,0.0,212.866,16,2,0
6.0,6.0,2.0,27.1,45.0,1008.0,0,31.9,31,1.4,Sakhir,5.412,57,3.0,0.0,0.0,98.467,2.326999999999998,2.326999999999998,6.874000000000024,1,,,,,0.0,0.0,311.333,16,2,0
7.0,7.0,2.0,27.1,45.0,1008.0,0,31.9,31,1.4,Sakhir,5.412,57,3.0,0.0,0.0,98.686,2.5149999999998727,2.5149999999998727,7.518000000000029,1,,,,,0.0,0.0,410.019,16,2,0
8.0,8.0,2.0,27.1,45.0,1008.0,0,31.9,31,1.4,Sakhir,5.412,57,3.0,0.0,0.0,99.007,2.955000000000041,2.955000000000041,8.41700000000003,1,,,,,0.0,0.0,509.026,16,2,0
9.0,9.0,2.0,27.1,45.0,1008.0,0,31.9,31,1.4,Sakhir,5.412,57,3.0,0.0,0.0,98.9,3.05499999999995,3.05499999999995,12.412000000000035,1,,,,,0.0,0.0,607.926,16,2,0
10.0,10.0,2.0,27.1,45.0,1008.0,0,31.9,31,1.4,Sakhir,5.412,57,3.0,0.0,0.0,98.889,3.394999999999982,3.394999999999982,13.687000000000012,1,,,,,0.0,0.0,706.815,16,2,0
11.0,11.0,2.0,27.1,45.0,1008.0,0,31.9,31,1.4,Sakhir,5.412,57,3.0,0.0,0.0,99.152,3.8659999999999854,3.8659999999999854,14.549999999999955,1,,,,,0.0,0.0,805.967,16,2,0
12.0,12.0,2.0,27.1,45.0,1008.0,0,31.9,31,1.4,Sakhir,5.412,57,3.0,0.0,0.0,99.098,3.935999999999922,3.935999999999922,15.701999999999998,1,,,,,0.0,0.0,905.065,16,2,0
15.0,2.0,4.0,27.1,45.0,1008.0,0,31.9,31,1.4,Sakhir,5.412,57,2.0,0.0,0.0,97.828,18.086000000000013,2.0299999999999727,20.180000000000064,1,,,,,0.0,0.0,1222.075,16,2,0
16.0,3.0,4.0,27.1,45.0,1008.0,0,31.9,31,1.4,Sakhir,5.412,57,2.0,0.0,0.0,98.067,17.09199999999987,2.033999999999878,19.067000000000007,1,,,,,0.0,0.0,1320.142,16,2,0
17.0,4.0,4.0,27.1,45.0,1008.0,0,31.9,31,1.4,Sakhir,5.412,57,2.0,0.0,0.0,98.193,13.724999999999909,2.4939999999999145,18.740999999999985,1,,,,,0.0,0.0,1418.335,16,2,0
18.0,5.0,2.0,27.1,45.0,1008.0,0,31.9,31,1.4,Sakhir,5.412,57,2.0,0.0,0.0,98.383,3.189000000000078,3.189000000000078,18.166999999999916,1,,,,,0.0,0.0,1516.718,16,2,0
19.0,6.0,2.0,27.1,45.0,1008.0,0,31.9,31,1.4,Sakhir,5.412,57,2.0,0.0,0.0,98.162,3.4600000000000364,3.4600000000000364,18.263999999999896,1,,,,,0.0,0.0,1614.88,16,2,0
20.0,7.0,2.0,27.1,45.0,1008.0,0,31.9,31,1.4,Sakhir,5.412,57,2.0,0.0,0.0,98.148,4.104000000000042,4.104000000000042,18.54300000000012,1,,,,,0.0,0.0,1713.028,16,2,0
21.0,8.0,2.0,27.1,45.0,1008.0,0,31.9,31,1.4,Sakhir,5.412,57,2.0,0.0,0.0,97.841,4.233000000000175,4.233000000000175,19.420000000000073,1,,,,,0.0,0.0,1810.869,16,2,0
22.0,9.0,2.0,27.1,45.0,1008.0,0,31.9,31,1.4,Sakhir,5.412,57,2.0,0.0,0.0,97.806,4.8969999999999345,4.8969999999999345,20.16899999999987,1,,,,,0.0,0.0,1908.675,16,2,0
23.0,10.0,2.0,27.1,45.0,1008.0,0,31.9,31,1.4,Sakhir,5.412,57,2.0,0.0,0.0,98.018,4.981999999999971,4.981999999999971,20.781999999999698,1,,,,,0.0,0.0,2006.693,16,2,0
24.0,11.0,2.0,27.1,45.0,1008.0,0,31.9,31,1.4,Sakhir,5.412,57,2.0,0.0,0.0,97.784,5.131999999999607,5.131999999999607,21.7800000000002,1,,,,,0.0,0.0,2104.477,16,2,0
25.0,12.0,2.0,27.1,45.0,1008.0,0,31.9,31,1.4,Sakhir,5.412,57,2.0,0.0,0.0,98.076,5.3969999999999345,5.3969999999999345,22.77200000000039,1,,,,,0.0,0.0,2202.553,16,2,0
26.0,13.0,2.0,27.1,45.0,1008.0,0,31.9,31,1.4,Sakhir,5.412,57,2.0,0.0,0.0,98.045,6.05199999999968,6.05199999999968,23.939000000000306,1,,,,,0.0,0.0,2300.598,16,2,0
27.0,14.0,2.0,27.1,45.0,1008.0,0,31.9,31,1.4,Sakhir,5.412,57,2.0,0.0,0.0,97.929,6.402000000000044,6.402000000000044,25.311999999999898,1,,,,,0.0,0.0,2398.527,16,2,0
28.0,15.0,2.0,27.1,45.0,1008.0,0,31.9,31,1.4,Sakhir,5.412,57,2.0,0.0,0.0,97.996,6.704999999999927,6.704999999999927,26.552000000000135,1,,,,,0.0,0.0,2496.523,16,2,0
29.0,16.0,2.0,27.1,45.0,1008.0,0,31.9,31,1.4,Sakhir,5.412,57,2.0,0.0,0.0,97.777,6.805000000000291,6.805000000000291,27.572999999999865,1,,,,,0.0,0.0,2594.3,16,2,0
30.0,17.0,2.0,27.1,45.0,1008.0,0,31.9,31,1.4,Sakhir,5.412,57,2.0,0.0,0.0,97.653,6.6469999999999345,6.6469999999999345,29.200000000000273,1,,,,,0.0,0.0,2691.953,16,2,0
31.0,18.0,2.0,27.1,45.0,1008.0,0,31.9,31,1.4,Sakhir,5.412,57,2.0,0.0,0.0,98.084,7.175000000000182,7.175000000000182,31.600999999999658,1,,,,,0.0,0.0,2790.037,16,2,0
36.0,36.0,2.0,27.1,45.0,1008.0,0,31.9,31,1.4,Sakhir,5.412,57,3.0,0.0,0.0,95.518,11.433999999999742,11.433999999999742,27.302999999999884,1,,,,,0.0,0.0,3440.471,16,2,0
37.0,37.0,2.0,27.1,45.0,1008.0,0,31.9,31,1.4,Sakhir,5.412,57,3.0,0.0,0.0,95.842,11.90099999999984,11.90099999999984,29.29300000000012,1,,,,,0.0,0.0,3536.313,16,2,0
38.0,38.0,2.0,26.8,46.0,1008.3,0,30.8,44,1.3,Sakhir,5.412,57,3.0,0.0,0.0,96.207,12.110999999999876,12.110999999999876,31.710000000000036,1,,,,,0.0,0.0,32.214,16,2,0
39.0,39.0,2.0,26.8,46.0,1008.3,0,30.8,44,1.3,Sakhir,5.412,57,3.0,0.0,0.0,96.398,12.335000000000036,12.335000000000036,33.603999999999814,1,,,,,0.0,0.0,128.612,16,2,0
40.0,40.0,2.0,26.8,46.0,1008.3,0,30.8,44,1.3,Sakhir,5.412,57,3.0,0.0,0.0,96.471,12.445999999999913,12.445999999999913,35.58699999999999,1,,,,,0.0,0.0,225.083,16,2,0
41.0,41.0,2.0,26.8,46.0,1008.3,0,30.8,44,1.3,Sakhir,5.412,57,3.0,0.0,0.0,96.391,12.511000000000422,12.511000000000422,37.610999999999876,1,,,,,0.0,0.0,321.474,16,2,0
42.0,42.0,2.0,26.8,46.0,1008.3,0,30.8,44,1.3,Sakhir,5.412,57,3.0,0.0,0.0,96.28,12.541999999999462,12.541999999999462,41.06700000000001,1,,,,,0.0,0.0,417.754,16,2,0
43.0,43.0,2.0,26.8,46.0,1008.3,0,30.8,44,1.3,Sakhir,5.412,57,3.0,0.0,0.0,96.665,13.088999999999942,13.088999999999942,44.009000000000015,1,,,,,0.0,0.0,514.419,16,2,0
44.0,44.0,2.0,26.8,46.0,1008.3,0,30.8,44,1.3,Sakhir,5.412,57,3.0,0.0,0.0,96.885,13.6850000000004,13.6850000000004,50.99499999999989,1,,,,,0.0,0.0,611.304,16,2,0
45.0,45.0,2.0,26.8,46.0,1008.3,0,30.8,44,1.3,Sakhir,5.412,57,3.0,0.0,0.0,96.746,14.39599999999973,14.39599999999973,86.59900000000016,1,,,,,0.0,0.0,708.05,16,2,0
46.0,46.0,2.0,26.8,46.0,1008.3,0,30.8,44,1.3,Sakhir,5.412,57,3.0,0.0,0.0,96.456,14.954000000000633,14.954000000000633,59.110999999999876,1,,,,,0.0,0.0,804.506,16,2,0
47.0,47.0,2.0,26.8,46.0,1008.3,0,30.8,44,1.3,Sakhir,5.412,57,3.0,0.0,0.0,96.708,15.572000000000116,15.572000000000116,60.75500000000011,1,,,,,0.0,0.0,901.214,16,2,0
48.0,48.0,2.0,26.8,46.0,1008.3,0,30.8,44,1.3,Sakhir,5.412,57,3.0,0.0,0.0,96.746,15.96100000000024,15.96100000000024,62.42199999999957,1,,,,,0.0,0.0,997.96,16,2,0
49.0,49.0,2.0,26.8,46.0,1008.3,0,30.8,44,1.3,Sakhir,5.412,57,3.0,0.0,0.0,97.315,16.46099999999933,16.46099999999933,63.75500000000011,1,,,,,0.0,0.0,1095.275,16,2,0
50.0,50.0,2.0,26.8,46.0,1008.3,0,30.8,44,1.3,Sakhir,5.412,57,3.0,0.0,0.0,96.973,17.171000000000276,17.171000000000276,65.5069999999996,1,,,,,0.0,0.0,1192.248,16,2,0
51.0,51.0,2.0,26.8,46.0,1008.3,0,30.8,44,1.3,Sakhir,5.412,57,3.0,0.0,0.0,97.377,18.44300000000021,18.44300000000021,66.7569999999996,1,,,,,0.0,0.0,1289.625,16,2,0
52.0,52.0,2.0,26.8,46.0,1008.3,0,30.8,44,1.3,Sakhir,5.412,57,3.0,0.0,0.0,97.281,19.76299999999992,19.76299999999992,68.17000000000007,1,,,,,0.0,0.0,1386.906,16,2,0
53.0,53.0,2.0,26.8,46.0,1008.3,0,30.8,44,1.3,Sakhir,5.412,57,3.0,0.0,0.0,97.412,20.842000000000553,20.842000000000553,69.55400000000009,1,,,,,0.0,0.0,1484.318,16,2,0
54.0,54.0,2.0,26.8,46.0,1008.3,0,30.8,44,1.3,Sakhir,5.412,57,3.0,0.0,0.0,97.369,21.98199999999997,21.98199999999997,71.01900000000023,1,,,,,0.0,0.0,1581.687,16,2,0
55.0,55.0,2.0,26.8,46.0,1008.3,0,30.8,44,1.3,Sakhir,5.412,57,3.0,0.0,0.0,97.387,23.110000000000582,23.110000000000582,72.69599999999991,1,,,,,0.0,0.0,1679.074,16,2,0
56.0,56.0,2.0,26.8,46.0,1008.3,0,30.8,44,1.3,Sakhir,5.412,57,3.0,0.0,0.0,97.844,24.71099999999933,24.71099999999933,73.87700000000041,1,,,,,0.0,0.0,1776.918,16,2,0
57.0,57.0,2.0,26.8,46.0,1008.3,0,30.8,44,1.3,Sakhir,5.412,57,3.0,0.0,0.0,97.956,26.078999999999724,26.078999999999724,74.90099999999984,1,,,,,0.0,0.0,1874.874,16,2,0
1.0,1.0,15.0,27.9,45.0,1007.9,0,34.5,29,2.9,Sakhir,5.412,57,3.0,0.0,0.0,106.874,8.180999999999997,3.5109999999999957,2.433000000000007,1,,,,,0.0,0.0,3427.466,19,8,0
2.0,2.0,15.0,27.9,45.0,1007.9,0,34.5,29,2.9,Sakhir,5.412,57,3.0,0.0,0.0,100.265,10.954000000000008,5.588999999999999,2.617999999999995,1,,,,,0.0,0.0,3527.731,19,8,0
3.0,3.0,15.0,27.1,45.0,1008.0,0,31.9,31,1.4,Sakhir,5.412,57,3.0,0.0,0.0,99.586,12.456999999999994,6.748000000000047,2.9320000000000164,1,,,,,0.0,0.0,26.924,19,8,0
4.0,4.0,15.0,27.1,45.0,1008.0,0,31.9,31,1.4,Sakhir,5.412,57,3.0,0.0,0.0,99.262,13.585999999999956,7.4459999999999695,3.7490000000000236,1,,,,,0.0,0.0,126.186,19,8,0
5.0,5.0,14.0,27.1,45.0,1008.0,0,31.9,31,1.4,Sakhir,5.412,57,3.0,0.0,0.0,99.246,14.788999999999987,8.172000000000025,5.228999999999985,1,,,,,0.0,0.0,225.432,19,8,0
6.0,6.0,14.0,27.1,45.0,1008.0,0,31.9,31,1.4,Sakhir,5.412,57,3.0,0.0,0.0,99.303,15.728999999999928,8.841000000000008,5.879000000000019,1,,,,,0.0,0.0,324.735,19,8,0
7.0,7.0,14.0,27.1,45.0,1008.0,0,31.9,31,1.4,Sakhir,5.412,57,3.0,0.0,0.0,99.507,16.737999999999943,9.442999999999984,6.1440000000000055,1,,,,,0.0,0.0,424.242,19,8,0
8.0,8.0,14.0,27.1,45.0,1008.0,0,31.9,31,1.4,Sakhir,5.412,57,3.0,0.0,0.0,99.699,17.870000000000005,9.944999999999936,6.576000000000022,1,,,,,0.0,0.0,523.941,19,8,0
9.0,9.0,13.0,27.1,45.0,1008.0,0,31.9,31,1.4,Sakhir,5.412,57,3.0,0.0,0.0,100.284,19.353999999999928,10.58299999999997,6.6170000000000755,1,,,,,0.0,0.0,624.225,19,8,0
10.0,10.0,12.0,27.1,45.0,1008.0,0,31.9,31,1.4,Sakhir,5.412,57,3.0,0.0,0.0,99.839,20.644000000000005,10.955000000000041,7.090000000000032,1,,,,,0.0,0.0,724.064,19,8,0
11.0,11.0,9.0,27.1,45.0,1008.0,0,31.9,31,1.4,Sakhir,5.412,57,3.0,0.0,0.0,99.791,21.753999999999905,11.07899999999995,7.5470000000000255,1,,,,,0.0,0.0,823.855,19,8,0
12.0,12.0,8.0,27.1,45.0,1008.0,0,31.9,31,1.4,Sakhir,5.412,57,3.0,0.0,0.0,99.85,22.576000000000022,9.04300000000012,8.599999999999909,1,,,,,0.0,0.0,923.705,19,8,0
15.0,1.0,17.0,27.1,45.0,1008.0,0,31.9,31,1.4,Sakhir,5.412,57,1.0,0.0,0.0,117.289,39.702,13.186999999999898,9.93600000000015,1,,,,,0.0,0.0,1243.691,19,8,0
16.0,2.0,17.0,27.1,45.0,1008.0,0,31.9,31,1.4,Sakhir,5.412,57,1.0,0.0,0.0,98.402,39.04299999999989,12.519999999999982,9.990000000000009,1,,,,,0.0,0.0,1342.093,19,8,0
17.0,3.0,14.0,27.1,45.0,1008.0,0,31.9,31,1.4,Sakhir,5.412,57,1.0,0.0,0.0,97.48,34.962999999999965,11.057999999999993,11.771999999999935,1,,,,,0.0,0.0,1439.573,19,8,0
18.0,4.0,14.0,27.1,45.0,1008.0,0,31.9,31,1.4,Sakhir,5.412,57,1.0,0.0,0.0,98.033,24.076999999999998,10.725999999999885,13.004000000000133,1,,,,,0.0,0.0,1537.606,19,8,0
19.0,5.0,14.0,27.1,45.0,1008.0,0,31.9,31,1.4,Sakhir,5.412,57,1.0,0.0,0.0,98.516,24.701999999999998,10.911000000000058,13.441000000000031,1,,,,,0.0,0.0,1636.122,19,8,0
20.0,6.0,14.0,27.1,45.0,1008.0,0,31.9,31,1.4,Sakhir,5.412,57,1.0,0.0,0.0,98.626,25.82400000000007,10.642000000000053,13.57899999999995,1,,,,,0.0,0.0,1734.748,19,8,0
21.0,7.0,13.0,27.1,45.0,1008.0,0,31.9,31,1.4,Sakhir,5.412,57,1.0,0.0,0.0,98.636,26.748000000000047,10.597999999999956,14.26299999999992,1,,,,,0.0,0.0,1833.384,19,8,0
22.0,8.0,13.0,27.1,45.0,1008.0,0,31.9,31,1.4,Sakhir,5.412,57,1.0,0.0,0.0,98.566,28.172000000000025,10.26700000000028,14.863999999999578,1,,,,,0.0,0.0,1931.95,19,8,0
23.0,9.0,13.0,27.1,45.0,1008.0,0,31.9,31,1.4,Sakhir,5.412,57,1.0,0.0,0.0,98.505,28.743999999999687,10.027999999999793,15.611000000000331,1,,,,,0.0,0.0,2030.455,19,8,0
24.0,10.0,13.0,27.1,45.0,1008.0,0,31.9,31,1.4,Sakhir,5.412,57,1.0,0.0,0.0,98.69,29.799999999999727,10.076000000000022,16.708000000000084,1,,,,,0.0,0.0,2129.145,19,8,0
25.0,11.0,13.0,27.1,45.0,1008.0,0,31.9,31,1.4,Sakhir,5.412,57,1.0,0.0,0.0,98.967,30.95600000000013,9.31399999999985,17.09900000000016,1,,,,,0.0,0.0,2228.112,19,8,0
26.0,12.0,13.0,27.1,45.0,1008.0,0,31.9,31,1.4,Sakhir,5.412,57,1.0,0.0,0.0,98.77,32.335999999999785,8.891000000000076,18.09400000000005,1,,,,,0.0,0.0,2326.882,19,8,0
27.0,13.0,12.0,27.1,45.0,1008.0,0,31.9,31,1.4,Sakhir,5.412,57,1.0,0.0,0.0,99.158,33.914999999999964,6.280999999999949,19.25500000000011,1,,,,,0.0,0.0,2426.04,19,8,0
4.0,4.0,8.0,28.6,69.0,1006.5,0,38.4,274,0.8,Jeddah,6.174,50,3.0,0.0,0.0,97.073,41.66300000000001,25.704999999999984,41.319999999999936,1,,0.0,,,0.0,0.0,377.609,11,9,0
5.0,5.0,8.0,28.6,69.0,1006.5,0,38.4,274,0.8,Jeddah,6.174,50,3.0,0.0,0.0,95.525,43.47199999999998,26.80200000000002,42.653999999999996,1,,0.0,,,0.0,0.0,473.134,11,9,0
6.0,6.0,8.0,28.6,69.0,1006.5,0,38.4,274,0.8,Jeddah,6.174,50,3.0,0.0,0.0,95.042,44.950000000000045,27.32400000000007,43.56899999999996,1,,0.0,,,0.0,0.0,568.176,11,9,0
7.0,7.0,8.0,28.6,69.0,1006.5,0,38.4,274,0.8,Jeddah,6.174,50,3.0,0.0,0.0,94.381,45.819999999999936,27.42999999999995,44.789999999999964,1,,0.0,,,0.0,0.0,662.557,11,9,0
8.0,8.0,8.0,28.6,69.0,1006.5,0,38.4,274,0.8,Jeddah,6.174,50,3.0,0.0,0.0,94.461,46.389999999999986,27.80600000000004,45.78099999999995,1,,0.0,,,0.0,0.0,757.018,11,9,0
9.0,9.0,8.0,28.6,69.0,1006.5,0,38.4,274,0.8,Jeddah,6.174,50,3.0,0.0,0.0,94.347,46.938999999999965,28.053999999999974,46.99300000000005,1,,0.0,,,0.0,0.0,851.365,11,9,0
10.0,10.0,8.0,28.6,69.0,1006.5,0,38.4,274,0.8,Jeddah,6.174,50,3.0,0.0,0.0,94.331,47.45699999999988,27.965999999999894,48.74700000000007,1,,0.0,,,0.0,0.0,945.696,11,9,0
11.0,11.0,8.0,28.6,69.0,1006.5,0,38.4,274,0.8,Jeddah,6.174,50,3.0,0.0,0.0,94.088,47.54399999999987,27.760999999999967,50.80600000000004,1,,0.0,,,0.0,0.0,1039.784,11,9,0
12.0,12.0,8.0,28.6,69.0,1006.5,0,38.4,274,0.8,Jeddah,6.174,50,3.0,0.0,0.0,94.311,47.89500000000021,27.647000000000162,52.182999999999765,1,,0.0,,,0.0,0.0,1134.095,11,9,0
13.0,13.0,8.0,28.6,69.0,1006.5,0,38.4,274,0.8,Jeddah,6.174,50,3.0,0.0,0.0,95.754,49.79299999999989,29.18399999999997,52.547000000000025,1,,0.0,,,0.0,0.0,1229.849,11,9,0
14.0,14.0,8.0,28.6,69.0,1006.5,0,38.4,274,0.8,Jeddah,6.174,50,3.0,0.0,0.0,95.09,50.98199999999997,29.63299999999981,53.289999999999964,1,,0.0,,,0.0,0.0,1324.939,11,9,0
15.0,15.0,8.0,28.6,69.0,1006.5,0,38.4,274,0.8,Jeddah,6.174,50,3.0,0.0,0.0,94.188,51.26999999999998,29.545000000000073,55.554999999999836,1,,0.0,,,0.0,0.0,1419.127,11,9,0
16.0,16.0,8.0,28.6,69.0,1006.5,0,38.4,274,0.8,Jeddah,6.174,50,3.0,0.0,0.0,94.17,51.682000000000016,29.422000000000025,57.46799999999985,1,,0.0,,,0.0,0.0,1513.297,11,9,0
17.0,17.0,8.0,28.6,69.0,1006.5,0,38.4,274,0.8,Jeddah,6.174,50,3.0,0.0,0.0,93.919,51.80400000000009,28.86500000000001,59.46100000000001,1,,0.0,,,0.0,0.0,1607.216,11,9,0
18.0,18.0,7.0,28.6,69.0,1006.5,0,38.4,274,0.8,Jeddah,6.174,50,3.0,0.0,0.0,94.017,52.01099999999997,28.442999999999984,61.87099999999987,1,,0.0,,,0.0,0.0,1701.233,11,9,0
19.0,19.0,7.0,28.6,69.0,1006.5,0,38.4,274,0.8,Jeddah,6.174,50,3.0,0.0,0.0,93.869,51.965999999999894,27.914999999999964,63.624000000000024,1,,0.0,,,0.0,0.0,1795.102,11,9,0
20.0,20.0,6.0,28.6,69.0,1006.5,0,38.4,274,0.8,Jeddah,6.174,50,3.0,0.0,0.0,93.675,51.603000000000065,27.170000000000073,66.23799999999983,1,,0.0,,,0.0,0.0,1888.777,11,9,0
21.0,21.0,6.0,28.6,69.0,1006.5,0,38.4,274,0.8,Jeddah,6.174,50,3.0,0.0,0.0,93.874,48.97699999999986,27.07699999999977,68.221,1,,0.0,,,0.0,0.0,1982.651,11,9,0
22.0,22.0,6.0,28.6,69.0,1006.5,0,38.4,274,0.8,Jeddah,6.174,50,3.0,0.0,0.0,93.632,27.072999999999865,27.072999999999865,70.33899999999994,1,,0.0,,,0.0,0.0,2076.283,11,9,0
23.0,23.0,5.0,28.6,69.0,1006.5,0,38.4,274,0.8,Jeddah,6.174,50,3.0,0.0,0.0,93.598,26.79599999999982,26.79599999999982,72.27300000000014,1,,0.0,,,0.0,0.0,2169.881,11,9,0
24.0,24.0,5.0,28.6,69.0,1006.5,0,38.4,274,0.8,Jeddah,6.174,50,3.0,0.0,0.0,93.301,26.489000000000033,26.489000000000033,74.25300000000016,1,,0.0,,,0.0,0.0,2263.182,11,9,0
25.0,25.0,5.0,28.6,69.0,1006.5,0,38.4,274,0.8,Jeddah,6.174,50,3.0,0.0,0.0,93.637,26.715000000000146,26.61299999999983,75.98700000000008,1,,0.0,,,0.0,0.0,2356.819,11,9,0
26.0,26.0,5.0,28.6,69.0,1006.5,0,38.4,274,0.8,Jeddah,6.174,50,3.0,0.0,0.0,93.443,27.13799999999992,26.662999999999556,79.06100000000015,1,,0.0,,,0.0,0.0,2450.262,11,9,0
27.0,27.0,5.0,28.6,69.0,1006.5,0,38.4,274,0.8,Jeddah,6.174,50,3.0,0.0,0.0,93.342,27.54399999999987,26.519999999999982,81.21199999999999,1,,0.0,,,0.0,0.0,2543.604,11,9,0
28.0,28.0,5.0,28.6,69.0,1006.5,0,38.4,274,0.8,Jeddah,6.174,50,3.0,0.0,0.0,93.335,27.92099999999982,26.48700000000008,84.38599999999997,1,,0.0,,,0.0,0.0,2636.939,11,9,0
29.0,29.0,5.0,28.6,69.0,1006.5,0,38.4,274,0.8,Jeddah,6.174,50,3.0,0.0,0.0,93.259,28.30899999999974,23.68399999999974,86.94000000000005,1,,0.0,,,0.0,0.0,2730.198,11,9,0
30.0,30.0,5.0,28.6,69.0,1006.5,0,38.4,274,0.8,Jeddah,6.174,50,3.0,0.0,0.0,93.156,28.527000000000044,6.346000000000004,88.89899999999989,1,,0.0,,,0.0,0.0,2823.354,11,9,0
31.0,31.0,5.0,28.6,69.0,1006.5,0,38.4,274,0.8,Jeddah,6.174,50,3.0,0.0,0.0,92.952,28.704999999999927,6.856999999999971,91.25900000000001,1,,0.0,,,0.0,0.0,2916.306,11,9,0
32.0,32.0,5.0,28.6,69.0,1006.5,0,38.4,274,0.8,Jeddah,6.174,50,3.0,0.0,0.0,93.017,28.934999999999945,7.442999999999756,93.38799999999992,1,,0.0,,,0.0,0.0,3009.323,11,9,0
33.0,33.0,5.0,28.6,69.0,1006.5,0,38.4,274,0.8,Jeddah,6.174,50,3.0,0.0,0.0,93.095,29.373000000000047,8.052000000000135,96.16699999999992,1,,0.0,,,0.0,0.0,3102.418,11,9,0
35.0,1.0,6.0,28.6,69.0,1006.5,0,38.4,274,0.8,Jeddah,6.174,50,4.0,0.0,0.0,109.867,49.75199999999995,28.940999999999804,80.84000000000015,1,,0.0,,,0.0,0.0,3308.39,11,9,0
36.0,2.0,6.0,28.6,69.0,1006.5,0,38.4,274,0.8,Jeddah,6.174,50,4.0,0.0,0.0,92.432,49.49300000000039,28.63500000000022,83.0029999999997,1,,0.0,,,0.0,0.0,3400.822,11,9,0
37.0,3.0,6.0,28.6,69.0,1006.5,0,38.4,274,0.8,Jeddah,6.174,50,4.0,0.0,0.0,92.13,48.82699999999977,28.491999999999734,85.33199999999988,1,,0.0,,,0.0,0.0,3492.952,11,9,0
38.0,4.0,6.0,28.6,69.0,1006.5,0,38.4,274,0.8,Jeddah,6.174,50,4.0,0.0,0.0,92.143,48.30699999999979,27.677999999999884,87.89600000000019,1,,0.0,,,0.0,0.0,3585.095,11,9,0
39.0,5.0,6.0,31.5,48.0,1007.3,0,36.6,176,1.0,Jeddah,6.174,50,4.0,0.0,0.0,92.192,47.797999999999774,27.54599999999982,90.46100000000024,1,,0.0,,,0.0,0.0,77.234,11,9,0
40.0,6.0,6.0,31.5,48.0,1007.3,0,36.6,176,1.0,Jeddah,6.174,50,4.0,0.0,0.0,92.432,47.528999999999996,27.628999999999905,93.66899999999987,1,,0.0,,,0.0,0.0,169.666,11,9,0
41.0,7.0,6.0,31.5,48.0,1007.3,0,36.6,176,1.0,Jeddah,6.174,50,4.0,0.0,0.0,91.778,46.73900000000003,27.152999999999793,96.62400000000025,1,,0.0,,,0.0,0.0,261.444,11,9,0
42.0,8.0,5.0,31.5,48.0,1007.3,0,36.6,176,1.0,Jeddah,6.174,50,4.0,0.0,0.0,91.992,46.23100000000022,26.88700000000017,99.36299999999983,1,,0.0,,,0.0,0.0,353.436,11,9,0
43.0,9.0,5.0,31.5,48.0,1007.3,0,36.6,176,1.0,Jeddah,6.174,50,4.0,0.0,0.0,91.857,44.90599999999995,26.485999999999876,102.47400000000016,1,,0.0,,,0.0,0.0,445.293,11,9,0
44.0,10.0,5.0,31.5,48.0,1007.3,0,36.6,176,1.0,Jeddah,6.174,50,4.0,0.0,0.0,92.057,44.45100000000002,26.07000000000062,105.14699999999993,1,,0.0,,,0.0,0.0,537.35,11,9,0
45.0,11.0,5.0,31.5,48.0,1007.3,0,36.6,176,1.0,Jeddah,6.174,50,4.0,0.0,0.0,92.113,44.097999999999956,25.094999999999345,107.65400000000045,1,,0.0,,,0.0,0.0,629.463,11,9,0
46.0,12.0,5.0,31.5,48.0,1007.3,0,36.6,176,1.0,Jeddah,6.174,50,4.0,0.0,0.0,92.379,44.15299999999934,25.048999999999978,109.85100000000057,1,,0.0,,,0.0,0.0,721.842,11,9,0
47.0,13.0,5.0,31.5,48.0,1007.3,0,36.6,176,1.0,Jeddah,6.174,50,4.0,0.0,0.0,92.241,43.52099999999973,25.057999999999993,111.91900000000078,1,,0.0,,,0.0,0.0,814.083,11,9,0
48.0,14.0,5.0,31.5,48.0,1007.3,0,36.6,176,1.0,Jeddah,6.174,50,4.0,0.0,0.0,92.131,42.95499999999993,24.582000000000335,114.8159999999998,1,,0.0,,,0.0,0.0,906.214,11,9,0
49.0,15.0,5.0,31.5,48.0,1007.3,0,36.6,176,1.0,Jeddah,6.174,50,4.0,0.0,0.0,92.178,42.853000000000065,24.56800000000021,117.90200000000004,1,,0.0,,,0.0,0.0,998.392,11,9,0
50.0,16.0,5.0,31.5,48.0,1007.3,0,36.6,176,1.0,Jeddah,6.174,50,4.0,0.0,0.0,92.35,42.75,24.340000000000146,126.95299999999952,1,,0.0,,,0.0,0.0,1090.742,11,9,0
4.0,4.0,7.0,28.6,69.0,1006.5,0,38.4,274,0.8,Jeddah,6.174,50,4.0,0.0,0.0,96.814,33.69700000000006,20.55600000000004,38.30399999999992,1,,0.0,,,0.0,0.0,377.049,14,5,0
5.0,5.0,7.0,28.6,69.0,1006.5,0,38.4,274,0.8,Jeddah,6.174,50,4.0,0.0,0.0,95.717,35.69800000000009,22.277000000000044,38.941999999999894,1,,0.0,,,0.0,0.0,472.766,14,5,0
6.0,6.0,7.0,28.6,69.0,1006.5,0,38.4,274,0.8,Jeddah,6.174,50,4.0,0.0,0.0,95.115,37.249000000000024,23.31899999999996,39.81899999999996,1,,0.0,,,0.0,0.0,567.881,14,5,0
7.0,7.0,7.0,28.6,69.0,1006.5,0,38.4,274,0.8,Jeddah,6.174,50,4.0,0.0,0.0,95.406,39.144000000000005,24.687000000000012,39.837999999999965,1,,0.0,,,0.0,0.0,663.287,14,5,0
8.0,8.0,7.0,28.6,69.0,1006.5,0,38.4,274,0.8,Jeddah,6.174,50,4.0,0.0,0.0,95.139,40.39200000000005,25.96900000000005,40.28499999999997,1,,0.0,,,0.0,0.0,758.426,14,5,0
9.0,9.0,7.0,28.6,69.0,1006.5,0,38.4,274,0.8,Jeddah,6.174,50,4.0,0.0,0.0,94.69,41.28399999999999,26.752000000000066,41.37800000000004,1,,0.0,,,0.0,0.0,853.116,14,5,0
10.0,10.0,7.0,28.6,69.0,1006.5,0,38.4,274,0.8,Jeddah,6.174,50,4.0,0.0,0.0,94.869,42.33999999999992,27.49500000000012,42.072999999999865,1,,0.0,,,0.0,0.0,947.985,14,5,0
11.0,11.0,7.0,28.6,69.0,1006.5,0,38.4,274,0.8,Jeddah,6.174,50,4.0,0.0,0.0,94.771,43.1099999999999,27.99700000000007,43.016000000000076,1,,0.0,,,0.0,0.0,1042.756,14,5,0
12.0,12.0,7.0,28.6,69.0,1006.5,0,38.4,274,0.8,Jeddah,6.174,50,4.0,0.0,0.0,94.964,44.11400000000003,28.686999999999898,44.200000000000045,1,,0.0,,,0.0,0.0,1137.72,14,5,0
13.0,13.0,7.0,28.6,69.0,1006.5,0,38.4,274,0.8,Jeddah,6.174,50,4.0,0.0,0.0,94.99,45.24799999999982,29.32399999999984,45.01099999999997,1,,0.0,,,0.0,0.0,1232.71,14,5,0
14.0,14.0,7.0,28.6,69.0,1006.5,0,38.4,274,0.8,Jeddah,6.174,50,4.0,0.0,0.0,95.004,46.35100000000011,29.965000000000146,46.03399999999988,1,,0.0,,,0.0,0.0,1327.714,14,5,0
15.0,15.0,7.0,28.6,69.0,1006.5,0,38.4,274,0.8,Jeddah,6.174,50,4.0,0.0,0.0,95.326,47.777000000000044,30.939000000000078,46.677999999999884,1,,0.0,,,0.0,0.0,1423.04,14,5,0
16.0,16.0,7.0,28.6,69.0,1006.5,0,38.4,274,0.8,Jeddah,6.174,50,4.0,0.0,0.0,95.226,49.24499999999989,31.777000000000044,47.45100000000002,1,,0.0,,,0.0,0.0,1518.266,14,5,0
17.0,17.0,7.0,28.6,69.0,1006.5,0,38.4,274,0.8,Jeddah,6.174,50,4.0,0.0,0.0,95.609,51.057000000000244,32.80600000000004,47.733999999999924,1,,0.0,,,0.0,0.0,1613.875,14,5,0
18.0,18.0,8.0,28.6,69.0,1006.5,0,38.4,274,0.8,Jeddah,6.174,50,4.0,0.0,0.0,95.192,52.43900000000008,33.50800000000004,48.664999999999736,1,,0.0,,,0.0,0.0,1709.067,14,5,0
19.0,19.0,8.0,28.6,69.0,1006.5,0,38.4,274,0.8,Jeddah,6.174,50,4.0,0.0,0.0,95.33,53.85500000000002,33.98199999999997,49.10299999999984,1,,0.0,,,0.0,0.0,1804.397,14,5,0
20.0,20.0,8.0,28.6,69.0,1006.5,0,38.4,274,0.8,Jeddah,6.174,50,4.0,0.0,0.0,95.533,55.34999999999991,32.80799999999999,49.28699999999981,1,,0.0,,,0.0,0.0,1899.93,14,5,0
22.0,1.0,9.0,28.6,69.0,1006.5,0,38.4,274,0.8,Jeddah,6.174,50,3.0,0.0,0.0,115.824,56.92599999999993,42.384000000000015,27.08699999999999,1,,0.0,,,0.0,0.0,2113.542,14,5,0
23.0,2.0,8.0,28.6,69.0,1006.5,0,38.4,274,0.8,Jeddah,6.174,50,3.0,0.0,0.0,94.455,57.50599999999986,43.166999999999916,28.273999999999887,1,,0.0,,,0.0,0.0,2207.997,14,5,0
24.0,3.0,8.0,28.6,69.0,1006.5,0,38.4,274,0.8,Jeddah,6.174,50,3.0,0.0,0.0,94.641,58.539000000000215,43.95499999999993,29.32400000000007,1,,0.0,,,0.0,0.0,2302.638,14,5,0
25.0,4.0,8.0,28.6,69.0,1006.5,0,38.4,274,0.8,Jeddah,6.174,50,3.0,0.0,0.0,93.923,59.05099999999993,44.228000000000065,30.66800000000012,1,,0.0,,,0.0,0.0,2396.561,14,5,0
26.0,5.0,8.0,28.6,69.0,1006.5,0,38.4,274,0.8,Jeddah,6.174,50,3.0,0.0,0.0,94.632,60.66300000000001,45.659000000000106,31.326000000000022,1,,0.0,,,0.0,0.0,2491.193,14,5,0
27.0,6.0,8.0,28.6,69.0,1006.5,0,38.4,274,0.8,Jeddah,6.174,50,3.0,0.0,0.0,94.953,62.679999999999836,47.34299999999985,31.5920000000001,1,,0.0,,,0.0,0.0,2586.146,14,5,0
28.0,7.0,8.0,28.6,69.0,1006.5,0,38.4,274,0.8,Jeddah,6.174,50,3.0,0.0,0.0,94.658,64.38000000000011,48.702000000000226,32.327999999999975,1,,0.0,,,0.0,0.0,2680.804,14,5,0
29.0,8.0,8.0,28.6,69.0,1006.5,0,38.4,274,0.8,Jeddah,6.174,50,3.0,0.0,0.0,94.179,65.68799999999965,49.50599999999986,33.320000000000164,1,,0.0,,,0.0,0.0,2774.983,14,5,0
30.0,9.0,8.0,28.6,69.0,1006.5,0,38.4,274,0.8,Jeddah,6.174,50,3.0,0.0,0.0,94.313,67.0630000000001,50.51299999999992,34.26099999999997,1,,0.0,,,0.0,0.0,2869.296,14,5,0
31.0,10.0,8.0,28.6,69.0,1006.5,0,38.4,274,0.8,Jeddah,6.174,50,3.0,0.0,0.0,94.338,68.62699999999995,51.776000000000295,36.778999999999996,1,,0.0,,,0.0,0.0,2963.634,14,5,0
32.0,11.0,8.0,28.6,69.0,1006.5,0,38.4,274,0.8,Jeddah,6.174,50,3.0,0.0,0.0,93.728,69.56800000000021,52.61100000000033,38.79699999999957,1,,0.0,,,0.0,0.0,3057.362,14,5,0
33.0,12.0,8.0,28.6,69.0,1006.5,0,38.4,274,0.8,Jeddah,6.174,50,3.0,0.0,0.0,93.613,70.52399999999989,53.2800000000002,40.36799999999994,1,,0.0,,,0.0,0.0,3150.975,14,5,0
34.0,13.0,8.0,28.6,69.0,1006.5,0,38.4,274,0.8,Jeddah,6.174,50,3.0,0.0,0.0,93.969,71.64300000000003,54.340999999999894,41.57899999999972,1,,0.0,,,0.0,0.0,3244.944,14,5,0
35.0,14.0,8.0,28.6,69.0,1006.5,0,38.4,274,0.8,Jeddah,6.174,50,3.0,0.0,0.0,93.908,72.80799999999999,55.2829999999999,42.860999999999876,1,,0.0,,,0.0,0.0,3338.852,14,5,0
36.0,15.0,8.0,28.6,69.0,1006.5,0,38.4,274,0.8,Jeddah,6.174,50,3.0,0.0,0.0,93.96,74.07700000000023,56.32499999999982,44.07400000000007,1,,0.0,,,0.0,0.0,3432.812,14,5,0
37.0,16.0,8.0,28.6,69.0,1006.5,0,38.4,274,0.8,Jeddah,6.174,50,3.0,0.0,0.0,94.269,75.54999999999973,57.524999999999636,45.771000000000186,1,,0.0,,,0.0,0.0,3527.081,14,5,0
38.0,17.0,8.0,31.5,48.0,1007.3,0,36.6,176,1.0,Jeddah,6.174,50,3.0,0.0,0.0,94.131,77.01800000000003,56.41200000000026,46.96699999999964,1,,0.0,,,0.0,0.0,21.159,14,5,0
39.0,18.0,8.0,31.5,48.0,1007.3,0,36.6,176,1.0,Jeddah,6.174,50,3.0,0.0,0.0,94.793,79.11000000000013,57.888000000000375,51.71799999999985,1,,0.0,,,0.0,0.0,115.952,14,5,0
40.0,19.0,8.0,31.5,48.0,1007.3,0,36.6,176,1.0,Jeddah,6.174,50,3.0,0.0,0.0,93.864,80.27299999999968,58.05399999999963,68.41200000000026,1,,0.0,,,0.0,0.0,209.816,14,5,0
41.0,20.0,8.0,31.5,48.0,1007.3,0,36.6,176,1.0,Jeddah,6.174,50,3.0,0.0,0.0,94.018,81.72299999999996,57.371000000000095,67.84700000000021,1,,0.0,,,0.0,0.0,303.834,14,5,0
42.0,21.0,8.0,31.5,48.0,1007.3,0,36.6,176,1.0,Jeddah,6.174,50,3.0,0.0,0.0,93.905,83.1279999999997,57.12599999999975,67.3140000000003,1,,0.0,,,0.0,0.0,397.739,14,5,0
43.0,22.0,8.0,31.5,48.0,1007.3,0,36.6,176,1.0,Jeddah,6.174,50,3.0,0.0,0.0,93.933,83.8789999999999,57.5619999999999,66.25700000000052,1,,0.0,,,0.0,0.0,491.672,14,5,0
44.0,23.0,8.0,31.5,48.0,1007.3,0,36.6,176,1.0,Jeddah,6.174,50,3.0,0.0,0.0,93.668,85.03499999999985,57.585000000000036,65.33399999999983,1,,0.0,,,0.0,0.0,585.34,14,5,0
45.0,24.0,8.0,31.5,48.0,1007.3,0,36.6,176,1.0,Jeddah,6.174,50,3.0,0.0,0.0,93.804,86.3730000000005,57.6820000000007,66.42099999999937,1,,0.0,,,0.0,0.0,679.144,14,5,0
46.0,25.0,8.0,31.5,48.0,1007.3,0,36.6,176,1.0,Jeddah,6.174,50,3.0,0.0,0.0,93.536,87.58500000000004,57.3130000000001,67.13900000000012,1,,0.0,,,0.0,0.0,772.68,14,5,0
47.0,26.0,8.0,31.5,48.0,1007.3,0,36.6,176,1.0,Jeddah,6.174,50,3.0,0.0,0.0,93.64,88.35199999999986,57.0019999999995,66.86200000000008,1,,0.0,,,0.0,0.0,866.32,14,5,0
48.0,27.0,8.0,31.5,48.0,1007.3,0,36.6,176,1.0,Jeddah,6.174,50,3.0,0.0,0.0,93.591,89.2460000000001,56.63200000000052,68.29699999999957,1,,0.0,,,0.0,0.0,959.911,14,5,0
49.0,28.0,8.0,31.5,48.0,1007.3,0,36.6,176,1.0,Jeddah,6.174,50,3.0,0.0,0.0,93.802,90.76800000000003,56.70799999999963,67.70200000000023,1,,0.0,,,0.0,0.0,1053.713,14,5,0
4.0,4.0,3.0,28.6,69.0,1006.5,0,38.4,274,0.8,Jeddah,6.174,50,4.0,0.0,0.0,95.17,13.14100000000002,7.4179999999999495,20.55600000000004,1,,0.0,,,0.0,0.0,374.272,16,2,0
5.0,5.0,3.0,28.6,69.0,1006.5,0,38.4,274,0.8,Jeddah,6.174,50,4.0,0.0,0.0,93.996,13.42100000000005,7.995999999999981,22.277000000000044,1,,0.0,,,0.0,0.0,468.268,16,2,0
6.0,6.0,3.0,28.6,69.0,1006.5,0,38.4,274,0.8,Jeddah,6.174,50,4.0,0.0,0.0,94.073,13.930000000000064,8.152000000000044,23.31899999999996,1,,0.0,,,0.0,0.0,562.341,16,2,0
7.0,7.0,3.0,28.6,69.0,1006.5,0,38.4,274,0.8,Jeddah,6.174,50,4.0,0.0,0.0,94.038,14.456999999999994,8.66700000000003,24.687000000000012,1,,0.0,,,0.0,0.0,656.379,16,2,0
8.0,8.0,3.0,28.6,69.0,1006.5,0,38.4,274,0.8,Jeddah,6.174,50,4.0,0.0,0.0,93.857,14.423000000000002,8.630999999999972,25.96900000000005,1,,0.0,,,0.0,0.0,750.236,16,2,0
9.0,9.0,3.0,28.6,69.0,1006.5,0,38.4,274,0.8,Jeddah,6.174,50,4.0,0.0,0.0,93.907,14.531999999999925,9.037999999999897,26.752000000000066,1,,0.0,,,0.0,0.0,844.143,16,2,0
10.0,10.0,3.0,28.6,69.0,1006.5,0,38.4,274,0.8,Jeddah,6.174,50,4.0,0.0,0.0,94.126,14.8449999999998,9.118999999999915,27.49500000000012,1,,0.0,,,0.0,0.0,938.269,16,2,0
11.0,11.0,3.0,28.6,69.0,1006.5,0,38.4,274,0.8,Jeddah,6.174,50,4.0,0.0,0.0,94.269,15.112999999999829,9.579999999999927,27.99700000000007,1,,0.0,,,0.0,0.0,1032.538,16,2,0
12.0,12.0,3.0,28.6,69.0,1006.5,0,38.4,274,0.8,Jeddah,6.174,50,4.0,0.0,0.0,94.274,15.427000000000135,10.08400000000006,28.686999999999898,1,,0.0,,,0.0,0.0,1126.812,16,2,0
13.0,13.0,3.0,28.6,69.0,1006.5,0,38.4,274,0.8,Jeddah,6.174,50,4.0,0.0,0.0,94.353,15.923999999999978,10.157000000000153,29.32399999999984,1,,0.0,,,0.0,0.0,1221.165,16,2,0
14.0,14.0,3.0,28.6,69.0,1006.5,0,38.4,274,0.8,Jeddah,6.174,50,4.0,0.0,0.0,94.363,16.385999999999967,10.447999999999865,29.965000000000146,1,,0.0,,,0.0,0.0,1315.528,16,2,0
15.0,15.0,3.0,28.6,69.0,1006.5,0,38.4,274,0.8,Jeddah,6.174,50,4.0,0.0,0.0,94.352,16.837999999999965,10.651000000000067,30.939000000000078,1,,0.0,,,0.0,0.0,1409.88,16,2,0
16.0,16.0,3.0,28.6,69.0,1006.5,0,38.4,274,0.8,Jeddah,6.174,50,4.0,0.0,0.0,94.388,17.467999999999847,10.914999999999964,31.777000000000044,1,,0.0,,,0.0,0.0,1504.268,16,2,0
17.0,17.0,3.0,28.6,69.0,1006.5,0,38.4,274,0.8,Jeddah,6.174,50,4.0,0.0,0.0,94.58,18.251000000000204,11.216000000000122,32.80600000000004,1,,0.0,,,0.0,0.0,1598.848,16,2,0
18.0,18.0,3.0,28.6,69.0,1006.5,0,38.4,274,0.8,Jeddah,6.174,50,4.0,0.0,0.0,94.49,18.93100000000004,11.54600000000005,33.50800000000004,1,,0.0,,,0.0,0.0,1693.338,16,2,0
19.0,19.0,3.0,28.6,69.0,1006.5,0,38.4,274,0.8,Jeddah,6.174,50,4.0,0.0,0.0,94.856,19.873000000000047,9.951999999999998,33.98199999999997,1,,0.0,,,0.0,0.0,1788.194,16,2,0
21.0,1.0,4.0,28.6,69.0,1006.5,0,38.4,274,0.8,Jeddah,6.174,50,3.0,0.0,0.0,110.416,36.458000000000084,12.673999999999978,20.179999999999836,1,,0.0,,,0.0,0.0,1995.317,16,2,0
22.0,2.0,4.0,28.6,69.0,1006.5,0,38.4,274,0.8,Jeddah,6.174,50,3.0,0.0,0.0,93.62,14.541999999999916,12.269999999999982,42.384000000000015,1,,0.0,,,0.0,0.0,2088.937,16,2,0
23.0,3.0,4.0,28.6,69.0,1006.5,0,38.4,274,0.8,Jeddah,6.174,50,3.0,0.0,0.0,93.672,14.338999999999942,12.822999999999865,43.166999999999916,1,,0.0,,,0.0,0.0,2182.609,16,2,0
24.0,4.0,4.0,28.6,69.0,1006.5,0,38.4,274,0.8,Jeddah,6.174,50,3.0,0.0,0.0,93.853,14.584000000000287,13.916000000000167,43.95499999999993,1,,0.0,,,0.0,0.0,2276.462,16,2,0
25.0,5.0,4.0,28.6,69.0,1006.5,0,38.4,274,0.8,Jeddah,6.174,50,3.0,0.0,0.0,93.65,14.822999999999865,14.473999999999705,44.228000000000065,1,,0.0,,,0.0,0.0,2370.112,16,2,0
26.0,6.0,4.0,28.6,69.0,1006.5,0,38.4,274,0.8,Jeddah,6.174,50,3.0,0.0,0.0,93.201,15.003999999999905,14.752999999999702,45.659000000000106,1,,0.0,,,0.0,0.0,2463.313,16,2,0
27.0,7.0,4.0,28.6,69.0,1006.5,0,38.4,274,0.8,Jeddah,6.174,50,3.0,0.0,0.0,93.269,15.336999999999989,15.146999999999935,47.34299999999985,1,,0.0,,,0.0,0.0,2556.582,16,2,0
28.0,8.0,4.0,28.6,69.0,1006.5,0,38.4,274,0.8,Jeddah,6.174,50,3.0,0.0,0.0,93.299,15.677999999999884,15.614999999999782,48.702000000000226,1,,0.0,,,0.0,0.0,2649.881,16,2,0
29.0,9.0,4.0,28.6,69.0,1006.5,0,38.4,274,0.8,Jeddah,6.174,50,3.0,0.0,0.0,93.375,16.18199999999979,16.18199999999979,49.50599999999986,1,,0.0,,,0.0,0.0,2743.256,16,2,0
30.0,10.0,3.0,28.6,69.0,1006.5,0,38.4,274,0.8,Jeddah,6.174,50,3.0,0.0,0.0,93.306,16.550000000000182,16.550000000000182,50.51299999999992,1,,0.0,,,0.0,0.0,2836.562,16,2,0
31.0,11.0,3.0,28.6,69.0,1006.5,0,38.4,274,0.8,Jeddah,6.174,50,3.0,0.0,0.0,93.075,16.850999999999658,16.850999999999658,51.776000000000295,1,,0.0,,,0.0,0.0,2929.637,16,2,0
32.0,12.0,3.0,28.6,69.0,1006.5,0,38.4,274,0.8,Jeddah,6.174,50,3.0,0.0,0.0,92.893,16.95699999999988,16.95699999999988,52.61100000000033,1,,0.0,,,0.0,0.0,3022.53,16,2,0
33.0,13.0,3.0,28.6,69.0,1006.5,0,38.4,274,0.8,Jeddah,6.174,50,3.0,0.0,0.0,92.944,17.243999999999687,17.243999999999687,53.2800000000002,1,,0.0,,,0.0,0.0,3115.474,16,2,0
34.0,14.0,3.0,28.6,69.0,1006.5,0,38.4,274,0.8,Jeddah,6.174,50,3.0,0.0,0.0,92.908,17.302000000000135,16.951000000000022,54.340999999999894,1,,0.0,,,0.0,0.0,3208.382,16,2,0
35.0,15.0,3.0,28.6,69.0,1006.5,0,38.4,274,0.8,Jeddah,6.174,50,3.0,0.0,0.0,92.966,17.52500000000009,17.36200000000008,55.2829999999999,1,,0.0,,,0.0,0.0,3301.348,16,2,0
36.0,16.0,3.0,28.6,69.0,1006.5,0,38.4,274,0.8,Jeddah,6.174,50,3.0,0.0,0.0,92.918,17.752000000000407,17.65599999999995,56.32499999999982,1,,0.0,,,0.0,0.0,3394.266,16,2,0
37.0,17.0,3.0,28.6,69.0,1006.5,0,38.4,274,0.8,Jeddah,6.174,50,3.0,0.0,0.0,93.069,18.02500000000009,18.02500000000009,57.524999999999636,1,,0.0,,,0.0,0.0,3487.335,16,2,0
38.0,18.0,3.0,28.6,69.0,1006.5,0,38.4,274,0.8,Jeddah,6.174,50,3.0,0.0,0.0,95.244,20.605999999999767,20.605999999999767,56.41200000000026,1,,0.0,,,0.0,0.0,3582.579,16,2,0
39.0,19.0,4.0,31.5,48.0,1007.3,0,36.6,176,1.0,Jeddah,6.174,50,3.0,0.0,0.0,93.317,21.221999999999753,21.221999999999753,57.888000000000375,1,,0.0,,,0.0,0.0,75.843,16,2,0
40.0,20.0,4.0,31.5,48.0,1007.3,0,36.6,176,1.0,Jeddah,6.174,50,3.0,0.0,0.0,93.698,22.21900000000005,22.14200000000028,58.05399999999963,1,,0.0,,,0.0,0.0,169.541,16,2,0
41.0,21.0,4.0,31.5,48.0,1007.3,0,36.6,176,1.0,Jeddah,6.174,50,3.0,0.0,0.0,94.701,24.35199999999986,23.855999999999767,57.371000000000095,1,,0.0,,,0.0,0.0,264.242,16,2,0
42.0,22.0,4.0,31.5,48.0,1007.3,0,36.6,176,1.0,Jeddah,6.174,50,3.0,0.0,0.0,94.15,26.001999999999953,25.31999999999971,57.12599999999975,1,,0.0,,,0.0,0.0,358.392,16,2,0
43.0,23.0,4.0,31.5,48.0,1007.3,0,36.6,176,1.0,Jeddah,6.174,50,3.0,0.0,0.0,93.497,26.317000000000007,25.945999999999913,57.5619999999999,1,,0.0,,,0.0,0.0,451.889,16,2,0
44.0,24.0,4.0,31.5,48.0,1007.3,0,36.6,176,1.0,Jeddah,6.174,50,3.0,0.0,0.0,93.645,27.449999999999818,26.77599999999984,57.585000000000036,1,,0.0,,,0.0,0.0,545.534,16,2,0
45.0,25.0,4.0,31.5,48.0,1007.3,0,36.6,176,1.0,Jeddah,6.174,50,3.0,0.0,0.0,93.707,28.690999999999804,28.089999999999236,57.6820000000007,1,,0.0,,,0.0,0.0,639.241,16,2,0
46.0,26.0,4.0,31.5,48.0,1007.3,0,36.6,176,1.0,Jeddah,6.174,50,3.0,0.0,0.0,93.905,30.271999999999935,28.64300000000003,57.3130000000001,1,,0.0,,,0.0,0.0,733.146,16,2,0
47.0,27.0,4.0,31.5,48.0,1007.3,0,36.6,176,1.0,Jeddah,6.174,50,3.0,0.0,0.0,93.951,31.350000000000364,29.925000000000182,57.0019999999995,1,,0.0,,,0.0,0.0,827.097,16,2,0
48.0,28.0,4.0,31.5,48.0,1007.3,0,36.6,176,1.0,Jeddah,6.174,50,3.0,0.0,0.0,93.961,32.61399999999958,31.157999999999447,56.63200000000052,1,,0.0,,,0.0,0.0,921.058,16,2,0
49.0,29.0,4.0,31.5,48.0,1007.3,0,36.6,176,1.0,Jeddah,6.174,50,3.0,0.0,0.0,93.726,34.0600000000004,31.957000000000335,56.70799999999963,1,,0.0,,,0.0,0.0,1014.784,16,2,0
50.0,30.0,4.0,31.5,48.0,1007.3,0,36.6,176,1.0,Jeddah,6.174,50,3.0,0.0,0.0,93.89,35.49699999999939,33.61899999999969,55.28400000000056,1,,0.0,,,0.0,0.0,1108.674,16,2,0
4.0,4.0,13.0,28.6,69.0,1006.5,0,38.4,274,0.8,Jeddah,6.174,50,4.0,0.0,0.0,97.923,66.86099999999999,46.36299999999994,17.724000000000046,1,,0.0,,,0.0,0.0,380.119,19,8,0
5.0,5.0,13.0,28.6,69.0,1006.5,0,38.4,274,0.8,Jeddah,6.174,50,4.0,0.0,0.0,96.423,69.56799999999998,48.303999999999974,18.232000000000085,1,,0.0,,,0.0,0.0,476.542,19,8,0
6.0,6.0,13.0,28.6,69.0,1006.5,0,38.4,274,0.8,Jeddah,6.174,50,4.0,0.0,0.0,95.844,71.84799999999996,49.761999999999944,18.9140000000001,1,,0.0,,,0.0,0.0,572.386,19,8,0
7.0,7.0,13.0,28.6,69.0,1006.5,0,38.4,274,0.8,Jeddah,6.174,50,4.0,0.0,0.0,95.057,73.39399999999989,50.416999999999916,20.15700000000004,1,,0.0,,,0.0,0.0,667.443,19,8,0
8.0,8.0,13.0,28.6,69.0,1006.5,0,38.4,274,0.8,Jeddah,6.174,50,4.0,0.0,0.0,95.085,74.58799999999997,50.903999999999996,22.06600000000003,1,,0.0,,,0.0,0.0,762.528,19,8,0
9.0,9.0,13.0,28.6,69.0,1006.5,0,38.4,274,0.8,Jeddah,6.174,50,4.0,0.0,0.0,95.329,76.11899999999991,51.66599999999994,22.312000000000126,1,,0.0,,,0.0,0.0,857.857,19,8,0
10.0,10.0,13.0,28.6,69.0,1006.5,0,38.4,274,0.8,Jeddah,6.174,50,4.0,0.0,0.0,95.505,77.81099999999992,52.636999999999944,22.396999999999935,1,,0.0,,,0.0,0.0,953.362,19,8,0
11.0,11.0,13.0,28.6,69.0,1006.5,0,38.4,274,0.8,Jeddah,6.174,50,4.0,0.0,0.0,95.423,79.23299999999995,53.4670000000001,22.71199999999999,1,,0.0,,,0.0,0.0,1048.785,19,8,0
12.0,12.0,13.0,28.6,69.0,1006.5,0,38.4,274,0.8,Jeddah,6.174,50,4.0,0.0,0.0,95.788,81.06100000000015,54.822000000000116,22.733999999999924,1,,0.0,,,0.0,0.0,1144.573,19,8,0
13.0,13.0,13.0,28.6,69.0,1006.5,0,38.4,274,0.8,Jeddah,6.174,50,4.0,0.0,0.0,95.866,83.07099999999991,55.93100000000004,22.839999999999918,1,,0.0,,,0.0,0.0,1240.439,19,8,0
14.0,14.0,13.0,28.6,69.0,1006.5,0,38.4,274,0.8,Jeddah,6.174,50,4.0,0.0,0.0,96.353,85.52299999999991,57.5329999999999,22.493000000000166,1,,0.0,,,0.0,0.0,1336.792,19,8,0
15.0,15.0,13.0,28.6,69.0,1006.5,0,38.4,274,0.8,Jeddah,6.174,50,4.0,0.0,0.0,96.363,87.98599999999988,59.03799999999978,22.326000000000022,1,,0.0,,,0.0,0.0,1433.155,19,8,0
16.0,16.0,13.0,28.6,69.0,1006.5,0,38.4,274,0.8,Jeddah,6.174,50,4.0,0.0,0.0,96.195,90.42299999999977,60.544999999999845,22.330000000000155,1,,0.0,,,0.0,0.0,1529.35,19,8,0
17.0,17.0,13.0,28.6,69.0,1006.5,0,38.4,274,0.8,Jeddah,6.174,50,4.0,0.0,0.0,96.134,92.75999999999999,61.70699999999988,22.28300000000013,1,,0.0,,,0.0,0.0,1625.484,19,8,0
19.0,1.0,17.0,28.6,69.0,1006.5,0,38.4,274,0.8,Jeddah,6.174,50,3.0,0.0,0.0,113.304,116.7489999999998,79.33699999999976,2.706000000000131,1,,0.0,,,0.0,0.0,1837.197,19,8,0
20.0,2.0,16.0,28.6,69.0,1006.5,0,38.4,274,0.8,Jeddah,6.174,50,3.0,0.0,0.0,94.759,117.4699999999998,62.2199999999998,3.951000000000022,1,,0.0,,,0.0,0.0,1931.956,19,8,0
21.0,3.0,15.0,28.6,69.0,1006.5,0,38.4,274,0.8,Jeddah,6.174,50,3.0,0.0,0.0,94.397,115.36699999999973,63.03399999999965,5.9080000000003565,1,,0.0,,,0.0,0.0,2026.353,19,8,0
22.0,4.0,15.0,28.6,69.0,1006.5,0,38.4,274,0.8,Jeddah,6.174,50,3.0,0.0,0.0,94.693,94.52399999999989,63.98900000000003,7.820000000000164,1,,0.0,,,0.0,0.0,2121.046,19,8,0
23.0,5.0,15.0,28.6,69.0,1006.5,0,38.4,274,0.8,Jeddah,6.174,50,3.0,0.0,0.0,94.728,95.37699999999995,64.94799999999987,9.706000000000131,1,,0.0,,,0.0,0.0,2215.774,19,8,0
24.0,6.0,15.0,28.6,69.0,1006.5,0,38.4,274,0.8,Jeddah,6.174,50,3.0,0.0,0.0,94.648,96.41699999999992,65.86799999999948,12.090000000000146,1,,0.0,,,0.0,0.0,2310.422,19,8,0
25.0,7.0,15.0,28.6,69.0,1006.5,0,38.4,274,0.8,Jeddah,6.174,50,3.0,0.0,0.0,95.489,98.49499999999989,67.57699999999977,13.972000000000207,1,,0.0,,,0.0,0.0,2405.911,19,8,0
26.0,8.0,15.0,28.6,69.0,1006.5,0,38.4,274,0.8,Jeddah,6.174,50,3.0,0.0,0.0,96.042,101.51700000000028,69.59799999999996,14.853999999999814,1,,0.0,,,0.0,0.0,2501.953,19,8,0
27.0,9.0,15.0,28.6,69.0,1006.5,0,38.4,274,0.8,Jeddah,6.174,50,3.0,0.0,0.0,94.789,103.36999999999989,70.5949999999998,16.822000000000116,1,,0.0,,,0.0,0.0,2596.742,19,8,0
28.0,10.0,15.0,28.6,69.0,1006.5,0,38.4,274,0.8,Jeddah,6.174,50,3.0,0.0,0.0,94.735,105.14699999999993,71.49699999999984,17.653999999999996,1,,0.0,,,0.0,0.0,2691.477,19,8,0
29.0,11.0,14.0,28.6,69.0,1006.5,0,38.4,274,0.8,Jeddah,6.174,50,3.0,0.0,0.0,94.908,107.18399999999974,72.63000000000011,17.863000000000284,1,,0.0,,,0.0,0.0,2786.385,19,8,0
30.0,12.0,14.0,28.6,69.0,1006.5,0,38.4,274,0.8,Jeddah,6.174,50,3.0,0.0,0.0,95.207,109.45299999999997,73.48699999999963,17.763000000000375,1,,0.0,,,0.0,0.0,2881.592,19,8,0
31.0,13.0,14.0,28.6,69.0,1006.5,0,38.4,274,0.8,Jeddah,6.174,50,3.0,0.0,0.0,95.12,111.79899999999998,74.61100000000033,18.19699999999966,1,,0.0,,,0.0,0.0,2976.712,19,8,0
32.0,14.0,14.0,28.6,69.0,1006.5,0,38.4,274,0.8,Jeddah,6.174,50,3.0,0.0,0.0,94.743,113.75500000000011,75.47000000000025,18.648999999999887,1,,0.0,,,0.0,0.0,3071.455,19,8,0
33.0,15.0,14.0,28.6,69.0,1006.5,0,38.4,274,0.8,Jeddah,6.174,50,3.0,0.0,0.0,94.641,115.73899999999958,76.40199999999959,19.0270000000005,1,,0.0,,,0.0,0.0,3166.096,19,8,0
34.0,16.0,14.0,28.6,69.0,1006.5,0,38.4,274,0.8,Jeddah,6.174,50,3.0,0.0,0.0,94.606,117.49499999999989,77.21099999999979,19.414999999999964,1,,0.0,,,0.0,0.0,3260.702,19,8,0
35.0,17.0,14.0,28.6,69.0,1006.5,0,38.4,274,0.8,Jeddah,6.174,50,3.0,0.0,0.0,94.132,118.88400000000001,77.53099999999995,20.03099999999995,1,,0.0,,,0.0,0.0,3354.834,19,8,0
36.0,18.0,14.0,28.6,69.0,1006.5,0,38.4,274,0.8,Jeddah,6.174,50,3.0,0.0,0.0,94.29,120.48300000000017,78.24099999999999,20.720000000000255,1,,0.0,,,0.0,0.0,3449.124,19,8,0
37.0,19.0,14.0,28.6,69.0,1006.5,0,38.4,274,0.8,Jeddah,6.174,50,3.0,0.0,0.0,94.332,122.01899999999978,78.90899999999965,20.990999999999985,1,,0.0,,,0.0,0.0,3543.456,19,8,0
38.0,20.0,13.0,31.5,48.0,1007.3,0,36.6,176,1.0,Jeddah,6.174,50,3.0,0.0,0.0,94.227,123.58300000000008,79.46399999999994,21.510999999999967,1,,0.0,,,0.0,0.0,37.63,19,8,0
39.0,21.0,13.0,31.5,48.0,1007.3,0,36.6,176,1.0,Jeddah,6.174,50,3.0,0.0,0.0,93.982,124.86400000000003,80.00600000000031,21.975999999999658,1,,0.0,,,0.0,0.0,131.612,19,8,0
40.0,22.0,13.0,31.5,48.0,1007.3,0,36.6,176,1.0,Jeddah,6.174,50,3.0,0.0,0.0,93.96,126.12300000000005,80.48100000000022,22.48199999999997,1,,0.0,,,0.0,0.0,225.572,19,8,0
41.0,23.0,13.0,31.5,48.0,1007.3,0,36.6,176,1.0,Jeddah,6.174,50,3.0,0.0,0.0,93.777,127.33199999999988,80.94299999999976,23.595000000000255,1,,0.0,,,0.0,0.0,319.349,19,8,0
42.0,24.0,13.0,31.5,48.0,1007.3,0,36.6,176,1.0,Jeddah,6.174,50,3.0,0.0,0.0,93.755,128.58700000000044,81.38200000000052,26.761999999999716,1,,0.0,,,0.0,0.0,413.104,19,8,0
43.0,25.0,13.0,31.5,48.0,1007.3,0,36.6,176,1.0,Jeddah,6.174,50,3.0,0.0,0.0,93.646,129.05100000000039,81.61300000000028,28.47099999999955,1,,0.0,,,0.0,0.0,506.75,19,8,0
44.0,26.0,13.0,31.5,48.0,1007.3,0,36.6,176,1.0,Jeddah,6.174,50,3.0,0.0,0.0,93.608,130.14699999999993,82.34600000000046,29.688000000000102,1,,0.0,,,0.0,0.0,600.358,19,8,0
45.0,27.0,13.0,31.5,48.0,1007.3,0,36.6,176,1.0,Jeddah,6.174,50,3.0,0.0,0.0,93.374,131.0550000000003,82.77599999999984,31.83100000000013,1,,0.0,,,0.0,0.0,693.732,19,8,0
46.0,28.0,13.0,31.5,48.0,1007.3,0,36.6,176,1.0,Jeddah,6.174,50,3.0,0.0,0.0,93.559,132.28999999999996,83.52599999999984,37.2559999999994,1,,0.0,,,0.0,0.0,787.291,19,8,0
47.0,29.0,13.0,31.5,48.0,1007.3,0,36.6,176,1.0,Jeddah,6.174,50,3.0,0.0,0.0,93.345,132.76199999999972,84.1239999999998,42.25500000000011,1,,0.0,,,0.0,0.0,880.636,19,8,0
48.0,30.0,13.0,31.5,48.0,1007.3,0,36.6,176,1.0,Jeddah,6.174,50,3.0,0.0,0.0,93.412,133.47699999999986,84.77800000000025,45.972999999999956,1,,0.0,,,0.0,0.0,974.048,19,8,0
49.0,31.0,13.0,31.5,48.0,1007.3,0,36.6,176,1.0,Jeddah,6.174,50,3.0,0.0,0.0,93.375,134.57200000000012,85.64899999999943,48.29600000000028,1,,0.0,,,0.0,0.0,1067.423,19,8,0
57.0,25.0,6.0,26.2,63.0,1012.3,0,35.7,309,1.0,Miami,5.412,57,3.0,0.0,0.0,90.999,55.5019999999995,7.434999999999491,34.94300000000021,1,0.0,,,,,,1603.878,2,2,0
13.0,13.0,6.0,26.5,62.0,1012.4,0,40.1,89,1.2,Miami,5.412,57,0.0,0.0,0.0,93.044,11.476000000000113,2.0790000000001783,13.509999999999991,1,0.0,,,,,,1084.67,14,5,0
14.0,14.0,7.0,26.5,62.0,1012.4,0,40.1,89,1.2,Miami,5.412,57,0.0,0.0,0.0,93.614,12.00500000000011,2.97400000000016,14.116999999999962,1,0.0,,,,,,1178.284,14,5,0
15.0,15.0,7.0,26.5,62.0,1012.4,0,40.1,89,1.2,Miami,5.412,57,0.0,0.0,0.0,93.538,13.726999999999862,3.7569999999998345,14.273000000000138,1,0.0,,,,,,1271.822,14,5,0
16.0,16.0,7.0,26.5,62.0,1012.4,0,40.1,89,1.2,Miami,5.412,57,0.0,0.0,0.0,92.915,14.955000000000155,3.786000000000058,15.270999999999958,1,0.0,,,,,,1364.737,14,5,0
17.0,17.0,7.0,26.5,62.0,1012.4,0,40.1,89,1.2,Miami,5.412,57,0.0,0.0,0.0,92.857,16.019000000000005,3.9529999999999745,16.27299999999991,1,0.0,,,,,,1457.594,14,5,0
18.0,18.0,7.0,26.5,62.0,1012.4,0,40.1,89,1.2,Miami,5.412,57,0.0,0.0,0.0,93.257,17.322000000000116,4.110000000000127,16.605999999999995,1,0.0,,,,,,1550.851,14,5,0
19.0,19.0,7.0,26.5,62.0,1012.4,0,40.1,89,1.2,Miami,5.412,57,0.0,0.0,0.0,92.546,18.205999999999904,3.798000000000002,17.605000000000018,1,0.0,,,,,,1643.397,14,5,0
20.0,20.0,7.0,26.5,62.0,1012.4,0,40.1,89,1.2,Miami,5.412,57,0.0,0.0,0.0,92.658,19.15300000000002,3.7050000000001546,23.335000000000036,1,0.0,,,,,,1736.055,14,5,0
21.0,21.0,7.0,26.5,62.0,1012.4,0,40.1,89,1.2,Miami,5.412,57,0.0,0.0,0.0,93.213,20.544000000000096,4.097999999999956,36.58400000000006,1,0.0,,,,,,1829.268,14,5,0
22.0,22.0,7.0,26.5,62.0,1012.4,0,40.1,89,1.2,Miami,5.412,57,0.0,0.0,0.0,92.858,21.55899999999974,4.364000000000033,36.264000000000124,1,0.0,,,,,,1922.126,14,5,0
23.0,23.0,7.0,26.5,62.0,1012.4,0,40.1,89,1.2,Miami,5.412,57,0.0,0.0,0.0,92.557,22.651000000000295,4.489000000000033,36.72599999999966,1,0.0,,,,,,2014.683,14,5,0
24.0,24.0,7.0,26.5,62.0,1012.4,0,40.1,89,1.2,Miami,5.412,57,0.0,0.0,0.0,92.846,24.06800000000021,4.795000000000073,36.884000000000015,1,0.0,,,,,,2107.529,14,5,0
26.0,2.0,11.0,26.5,62.0,1012.4,0,40.1,89,1.2,Miami,5.412,57,4.0,0.0,0.0,105.727,44.22900000000027,23.47900000000027,19.144999999999982,1,0.0,,,,,,2310.589,14,5,0
27.0,3.0,10.0,26.5,62.0,1012.4,0,40.1,89,1.2,Miami,5.412,57,4.0,0.0,0.0,91.198,43.99499999999989,22.51299999999992,20.47400000000016,1,0.0,,,,,,2401.787,14,5,0
30.0,6.0,8.0,26.5,62.0,1012.4,0,40.1,89,1.2,Miami,5.412,57,4.0,0.0,0.0,91.546,34.38200000000006,10.88000000000011,24.576000000000022,1,0.0,,,,,,2716.771,14,5,0
31.0,7.0,7.0,26.5,62.0,1012.4,0,40.1,89,1.2,Miami,5.412,57,4.0,0.0,0.0,92.773,36.98500000000013,13.335000000000036,24.777000000000044,1,0.0,,,,,,2809.544,14,5,0
32.0,8.0,7.0,26.5,62.0,1012.4,0,40.1,89,1.2,Miami,5.412,57,4.0,0.0,0.0,91.597,38.37099999999964,13.723999999999705,35.96300000000019,1,0.0,,,,,,2901.141,14,5,0
34.0,2.0,9.0,26.5,62.0,1012.4,0,40.1,89,1.2,Miami,5.412,57,3.0,0.0,0.0,91.979,43.17399999999998,17.666999999999916,24.5,1,0.0,,,,,,3114.573,14,5,0
35.0,3.0,9.0,26.5,62.0,1012.4,0,40.1,89,1.2,Miami,5.412,57,3.0,0.0,0.0,90.703,44.054999999999836,17.514000000000124,26.13000000000011,1,0.0,,,,,,3205.276,14,5,0
36.0,4.0,9.0,26.5,62.0,1012.4,0,40.1,89,1.2,Miami,5.412,57,3.0,0.0,0.0,91.132,44.985999999999876,17.527000000000044,27.384999999999764,1,0.0,,,,,,3296.408,14,5,0
37.0,5.0,9.0,26.5,62.0,1012.4,0,40.1,89,1.2,Miami,5.412,57,3.0,0.0,0.0,91.0,45.91600000000017,17.329999999999927,29.384000000000015,1,0.0,,,,,,3387.408,14,5,0
38.0,6.0,9.0,26.5,62.0,1012.4,0,40.1,89,1.2,Miami,5.412,57,3.0,0.0,0.0,91.414,47.16300000000001,17.884999999999764,30.26800000000003,1,0.0,,,,,,3478.822,14,5,0
39.0,7.0,9.0,26.5,62.0,1012.4,0,40.1,89,1.2,Miami,5.412,57,3.0,0.0,0.0,91.285,48.25400000000036,18.170000000000073,31.2199999999998,1,0.0,,,,,,3570.107,14,5,0
40.0,8.0,9.0,26.2,63.0,1012.3,0,35.7,309,1.0,Miami,5.412,57,3.0,0.0,0.0,91.558,49.57600000000002,18.825000000000273,31.827999999999975,1,0.0,,,,,,61.368,14,5,0
41.0,9.0,9.0,26.2,63.0,1012.3,0,35.7,309,1.0,Miami,5.412,57,3.0,0.0,0.0,91.21,50.41600000000017,19.187000000000353,32.79899999999998,1,0.0,,,,,,152.578,14,5,0
42.0,10.0,9.0,26.2,63.0,1012.3,0,35.7,309,1.0,Miami,5.412,57,3.0,0.0,0.0,91.159,51.26800000000003,19.590999999999894,33.845000000000255,1,0.0,,,,,,243.737,14,5,0
43.0,11.0,9.0,26.2,63.0,1012.3,0,35.7,309,1.0,Miami,5.412,57,3.0,0.0,0.0,91.248,52.103000000000065,19.878999999999905,34.78700000000026,1,0.0,,,,,,334.985,14,5,0
44.0,12.0,9.0,26.2,63.0,1012.3,0,35.7,309,1.0,Miami,5.412,57,3.0,0.0,0.0,91.157,53.12299999999959,20.240999999999985,35.983000000000175,1,0.0,,,,,,426.142,14,5,0
45.0,13.0,9.0,26.2,63.0,1012.3,0,35.7,309,1.0,Miami,5.412,57,3.0,0.0,0.0,91.288,53.82199999999921,20.692000000000007,39.233000000000175,1,0.0,,,,,,517.43,14,5,0
46.0,14.0,9.0,26.2,63.0,1012.3,0,35.7,309,1.0,Miami,5.412,57,3.0,0.0,0.0,91.038,54.207000000000335,20.952000000000226,42.789999999999964,1,0.0,,,,,,608.468,14,5,0
47.0,15.0,9.0,26.2,63.0,1012.3,0,35.7,309,1.0,Miami,5.412,57,3.0,0.0,0.0,91.128,54.96299999999974,21.201000000000022,44.324000000000524,1,0.0,,,,,,699.596,14,5,0
48.0,16.0,9.0,26.2,63.0,1012.3,0,35.7,309,1.0,Miami,5.412,57,3.0,0.0,0.0,90.933,55.336999999999534,21.313000000000102,45.91200000000026,1,0.0,,,,,,790.529,14,5,0
49.0,17.0,9.0,26.2,63.0,1012.3,0,35.7,309,1.0,Miami,5.412,57,3.0,0.0,0.0,90.849,56.193999999999505,21.220000000000255,47.10699999999997,1,0.0,,,,,,881.378,14,5,0
50.0,18.0,9.0,26.2,63.0,1012.3,0,35.7,309,1.0,Miami,5.412,57,3.0,0.0,0.0,90.98,57.038000000000466,21.44800000000032,47.89599999999973,1,0.0,,,,,,972.358,14,5,0
51.0,19.0,9.0,26.2,63.0,1012.3,0,35.7,309,1.0,Miami,5.412,57,3.0,0.0,0.0,90.813,57.74799999999959,21.61699999999928,49.11200000000008,1,0.0,,,,,,1063.171,14,5,0
52.0,20.0,9.0,26.2,63.0,1012.3,0,35.7,309,1.0,Miami,5.412,57,3.0,0.0,0.0,90.763,58.26600000000053,21.743000000000393,50.628999999999905,1,0.0,,,,,,1153.934,14,5,0
53.0,21.0,9.0,26.2,63.0,1012.3,0,35.7,309,1.0,Miami,5.412,57,3.0,0.0,0.0,90.877,58.48499999999967,22.10199999999986,52.01800000000003,1,0.0,,,,,,1244.811,14,5,0
54.0,22.0,9.0,26.2,63.0,1012.3,0,35.7,309,1.0,Miami,5.412,57,3.0,0.0,0.0,90.904,59.11999999999989,22.49000000000069,53.29999999999927,1,0.0,,,,,,1335.715,14,5,0
55.0,23.0,9.0,26.2,63.0,1012.3,0,35.7,309,1.0,Miami,5.412,57,3.0,0.0,0.0,90.801,59.159999999999854,22.501999999999498,54.57499999999982,1,0.0,,,,,,1426.516,14,5,0
56.0,24.0,9.0,26.2,63.0,1012.3,0,35.7,309,1.0,Miami,5.412,57,3.0,0.0,0.0,91.178,59.759000000000015,22.679000000000087,55.84400000000005,1,0.0,,,,,,1517.694,14,5,0
57.0,25.0,9.0,26.2,63.0,1012.3,0,35.7,309,1.0,Miami,5.412,57,3.0,0.0,0.0,91.259,60.576999999999316,22.932999999999993,8.856999999999971,1,0.0,,,,,,1608.953,14,5,0
13.0,13.0,5.0,26.5,62.0,1012.4,0,40.1,89,1.2,Miami,5.412,57,0.0,0.0,0.0,92.829,9.396999999999935,9.297999999999774,2.0790000000001783,1,0.0,,,,,,1082.591,16,2,0
14.0,14.0,5.0,26.5,62.0,1012.4,0,40.1,89,1.2,Miami,5.412,57,0.0,0.0,0.0,92.719,9.030999999999949,9.030999999999949,2.97400000000016,1,0.0,,,,,,1175.31,16,2,0
15.0,15.0,5.0,26.5,62.0,1012.4,0,40.1,89,1.2,Miami,5.412,57,0.0,0.0,0.0,92.755,9.970000000000027,9.970000000000027,3.7569999999998345,1,0.0,,,,,,1268.065,16,2,0
16.0,16.0,5.0,26.5,62.0,1012.4,0,40.1,89,1.2,Miami,5.412,57,0.0,0.0,0.0,92.886,11.169000000000096,11.169000000000096,3.786000000000058,1,0.0,,,,,,1360.951,16,2,0
17.0,17.0,5.0,26.5,62.0,1012.4,0,40.1,89,1.2,Miami,5.412,57,0.0,0.0,0.0,92.69,12.066000000000031,12.066000000000031,3.9529999999999745,1,0.0,,,,,,1453.641,16,2,0
18.0,18.0,5.0,26.5,62.0,1012.4,0,40.1,89,1.2,Miami,5.412,57,0.0,0.0,0.0,93.1,13.211999999999989,13.211999999999989,4.110000000000127,1,0.0,,,,,,1546.741,16,2,0
19.0,19.0,5.0,26.5,62.0,1012.4,0,40.1,89,1.2,Miami,5.412,57,0.0,0.0,0.0,92.858,14.407999999999902,14.407999999999902,3.798000000000002,1,0.0,,,,,,1639.599,16,2,0
20.0,20.0,5.0,26.5,62.0,1012.4,0,40.1,89,1.2,Miami,5.412,57,0.0,0.0,0.0,92.751,15.447999999999865,15.447999999999865,3.7050000000001546,1,0.0,,,,,,1732.35,16,2,0
21.0,21.0,5.0,26.5,62.0,1012.4,0,40.1,89,1.2,Miami,5.412,57,0.0,0.0,0.0,92.82,16.44600000000014,16.44600000000014,4.097999999999956,1,0.0,,,,,,1825.17,16,2,0
22.0,22.0,5.0,26.5,62.0,1012.4,0,40.1,89,1.2,Miami,5.412,57,0.0,0.0,0.0,92.592,17.19499999999971,17.19499999999971,4.364000000000033,1,0.0,,,,,,1917.762,16,2,0
23.0,23.0,5.0,26.5,62.0,1012.4,0,40.1,89,1.2,Miami,5.412,57,0.0,0.0,0.0,92.432,18.162000000000262,18.162000000000262,4.489000000000033,1,0.0,,,,,,2010.194,16,2,0
24.0,24.0,5.0,26.5,62.0,1012.4,0,40.1,89,1.2,Miami,5.412,57,0.0,0.0,0.0,92.54,19.27300000000014,19.27300000000014,4.795000000000073,1,0.0,,,,,,2102.734,16,2,0
25.0,1.0,4.0,26.5,62.0,1012.4,0,40.1,89,1.2,Miami,5.412,57,3.0,0.0,0.0,92.356,20.23700000000008,20.23700000000008,9.771999999999935,1,0.0,,,,,,2195.09,16,2,0
26.0,2.0,3.0,26.5,62.0,1012.4,0,40.1,89,1.2,Miami,5.412,57,3.0,0.0,0.0,92.02,20.75,20.75,23.47900000000027,1,0.0,,,,,,2287.11,16,2,0
27.0,3.0,3.0,26.5,62.0,1012.4,0,40.1,89,1.2,Miami,5.412,57,3.0,0.0,0.0,92.164,21.48199999999997,21.48199999999997,22.51299999999992,1,0.0,,,,,,2379.274,16,2,0
28.0,4.0,3.0,26.5,62.0,1012.4,0,40.1,89,1.2,Miami,5.412,57,3.0,0.0,0.0,92.391,22.1550000000002,22.1550000000002,28.212999999999738,1,0.0,,,,,,2471.665,16,2,0
31.0,7.0,3.0,26.5,62.0,1012.4,0,40.1,89,1.2,Miami,5.412,57,3.0,0.0,0.0,90.318,23.65000000000009,23.65000000000009,13.335000000000036,1,0.0,,,,,,2796.209,16,2,0
32.0,8.0,3.0,26.5,62.0,1012.4,0,40.1,89,1.2,Miami,5.412,57,3.0,0.0,0.0,91.208,24.646999999999935,24.646999999999935,13.723999999999705,1,0.0,,,,,,2887.417,16,2,0
34.0,2.0,3.0,26.5,62.0,1012.4,0,40.1,89,1.2,Miami,5.412,57,4.0,0.0,0.0,90.826,25.507000000000062,25.507000000000062,17.666999999999916,1,0.0,,,,,,3096.906,16,2,0
35.0,3.0,3.0,26.5,62.0,1012.4,0,40.1,89,1.2,Miami,5.412,57,4.0,0.0,0.0,90.856,26.540999999999713,26.540999999999713,17.514000000000124,1,0.0,,,,,,3187.762,16,2,0
36.0,4.0,3.0,26.5,62.0,1012.4,0,40.1,89,1.2,Miami,5.412,57,4.0,0.0,0.0,91.119,27.458999999999833,27.458999999999833,17.527000000000044,1,0.0,,,,,,3278.881,16,2,0
37.0,5.0,3.0,26.5,62.0,1012.4,0,40.1,89,1.2,Miami,5.412,57,4.0,0.0,0.0,91.197,28.58600000000024,28.58600000000024,17.329999999999927,1,0.0,,,,,,3370.078,16,2,0
38.0,6.0,3.0,26.5,62.0,1012.4,0,40.1,89,1.2,Miami,5.412,57,4.0,0.0,0.0,90.859,29.278000000000247,29.278000000000247,17.884999999999764,1,0.0,,,,,,3460.937,16,2,0
39.0,7.0,3.0,26.5,62.0,1012.4,0,40.1,89,1.2,Miami,5.412,57,4.0,0.0,0.0,91.0,30.084000000000287,30.084000000000287,18.170000000000073,1,0.0,,,,,,3551.937,16,2,0
40.0,8.0,3.0,26.2,63.0,1012.3,0,35.7,309,1.0,Miami,5.412,57,4.0,0.0,0.0,90.903,30.75099999999975,30.75099999999975,18.825000000000273,1,0.0,,,,,,42.543,16,2,0
41.0,9.0,3.0,26.2,63.0,1012.3,0,35.7,309,1.0,Miami,5.412,57,4.0,0.0,0.0,90.848,31.228999999999814,31.228999999999814,19.187000000000353,1,0.0,,,,,,133.391,16,2,0
42.0,10.0,3.0,26.2,63.0,1012.3,0,35.7,309,1.0,Miami,5.412,57,4.0,0.0,0.0,90.755,31.677000000000135,31.677000000000135,19.590999999999894,1,0.0,,,,,,224.146,16,2,0
43.0,11.0,3.0,26.2,63.0,1012.3,0,35.7,309,1.0,Miami,5.412,57,4.0,0.0,0.0,90.96,32.22400000000016,32.22400000000016,19.878999999999905,1,0.0,,,,,,315.106,16,2,0
44.0,12.0,3.0,26.2,63.0,1012.3,0,35.7,309,1.0,Miami,5.412,57,4.0,0.0,0.0,90.795,32.88199999999961,32.88199999999961,20.240999999999985,1,0.0,,,,,,405.901,16,2,0
45.0,13.0,3.0,26.2,63.0,1012.3,0,35.7,309,1.0,Miami,5.412,57,4.0,0.0,0.0,90.837,33.1299999999992,33.1299999999992,20.692000000000007,1,0.0,,,,,,496.738,16,2,0
46.0,14.0,3.0,26.2,63.0,1012.3,0,35.7,309,1.0,Miami,5.412,57,4.0,0.0,0.0,90.778,33.25500000000011,33.25500000000011,20.952000000000226,1,0.0,,,,,,587.516,16,2,0
47.0,15.0,3.0,26.2,63.0,1012.3,0,35.7,309,1.0,Miami,5.412,57,4.0,0.0,0.0,90.879,33.761999999999716,33.761999999999716,21.201000000000022,1,0.0,,,,,,678.395,16,2,0
48.0,16.0,3.0,26.2,63.0,1012.3,0,35.7,309,1.0,Miami,5.412,57,4.0,0.0,0.0,90.821,34.02399999999943,34.02399999999943,21.313000000000102,1,0.0,,,,,,769.216,16,2,0
49.0,17.0,3.0,26.2,63.0,1012.3,0,35.7,309,1.0,Miami,5.412,57,4.0,0.0,0.0,90.942,34.97399999999925,34.97399999999925,21.220000000000255,1,0.0,,,,,,860.158,16,2,0
50.0,18.0,3.0,26.2,63.0,1012.3,0,35.7,309,1.0,Miami,5.412,57,4.0,0.0,0.0,90.752,35.590000000000146,35.590000000000146,21.44800000000032,1,0.0,,,,,,950.91,16,2,0
51.0,19.0,3.0,26.2,63.0,1012.3,0,35.7,309,1.0,Miami,5.412,57,4.0,0.0,0.0,90.644,36.13100000000031,36.13100000000031,21.61699999999928,1,0.0,,,,,,1041.554,16,2,0
52.0,20.0,3.0,26.2,63.0,1012.3,0,35.7,309,1.0,Miami,5.412,57,4.0,0.0,0.0,90.637,36.52300000000014,36.52300000000014,21.743000000000393,1,0.0,,,,,,1132.191,16,2,0
53.0,21.0,3.0,26.2,63.0,1012.3,0,35.7,309,1.0,Miami,5.412,57,4.0,0.0,0.0,90.518,36.38299999999981,36.38299999999981,22.10199999999986,1,0.0,,,,,,1222.709,16,2,0
54.0,22.0,3.0,26.2,63.0,1012.3,0,35.7,309,1.0,Miami,5.412,57,4.0,0.0,0.0,90.516,36.6299999999992,36.6299999999992,22.49000000000069,1,0.0,,,,,,1313.225,16,2,0
55.0,23.0,3.0,26.2,63.0,1012.3,0,35.7,309,1.0,Miami,5.412,57,4.0,0.0,0.0,90.789,36.65800000000036,36.65800000000036,22.501999999999498,1,0.0,,,,,,1404.014,16,2,0
56.0,24.0,3.0,26.2,63.0,1012.3,0,35.7,309,1.0,Miami,5.412,57,4.0,0.0,0.0,91.001,37.07999999999993,37.07999999999993,22.679000000000087,1,0.0,,,,,,1495.015,16,2,0
57.0,25.0,3.0,26.2,63.0,1012.3,0,35.7,309,1.0,Miami,5.412,57,4.0,0.0,0.0,91.005,37.64399999999932,37.64399999999932,22.932999999999993,1,0.0,,,,,,1586.02,16,2,0
55.0,55.0,13.0,24.1,38.0,1009.7,0,39.4,291,4.1,Imola,4.909,63,5.0,0.0,0.0,81.135,12.217000000000553,6.746000000000095,2.895999999999731,1,0.0,0.0,,0.0,0.0,0.0,1003.274,3,3,0
56.0,56.0,13.0,24.1,38.0,1009.7,0,39.4,291,4.1,Imola,4.909,63,5.0,0.0,0.0,80.242,14.358000000000175,8.116000000000895,4.049999999999272,1,0.0,0.0,,0.0,0.0,0.0,1083.516,3,3,0
57.0,57.0,12.0,24.1,38.0,1009.7,0,39.4,291,4.1,Imola,4.909,63,5.0,0.0,0.0,80.307,16.44500000000062,9.404000000000451,4.456000000000131,1,0.0,0.0,,0.0,0.0,0.0,1163.823,3,3,0
58.0,58.0,12.0,24.1,38.0,1009.7,0,39.4,291,4.1,Imola,4.909,63,5.0,0.0,0.0,80.279,18.735999999999876,9.39599999999973,4.597000000000662,1,0.0,0.0,,0.0,0.0,0.0,1244.102,3,3,0
59.0,59.0,11.0,24.1,38.0,1009.7,0,39.4,291,4.1,Imola,4.909,63,5.0,0.0,0.0,79.901,20.599999999999454,9.19799999999941,4.861000000000786,1,0.0,0.0,,0.0,0.0,0.0,1324.003,3,3,0
60.0,60.0,11.0,24.1,38.0,1009.7,0,39.4,291,4.1,Imola,4.909,63,5.0,0.0,0.0,79.941,22.10200000000077,7.753000000000611,5.244999999999891,1,0.0,0.0,,0.0,0.0,0.0,1403.944,3,3,0
61.0,61.0,11.0,24.1,38.0,1009.7,0,39.4,291,4.1,Imola,4.909,63,5.0,0.0,0.0,79.894,23.596999999999753,7.682999999999993,5.770000000000437,1,0.0,0.0,,0.0,0.0,0.0,1483.838,3,3,0
62.0,62.0,11.0,24.1,38.0,1009.7,0,39.4,291,4.1,Imola,4.909,63,5.0,0.0,0.0,80.064,25.064000000000306,6.819000000000415,6.5770000000002256,1,0.0,0.0,,0.0,0.0,0.0,1563.902,3,3,0
63.0,63.0,11.0,24.1,38.0,1009.7,0,39.4,291,4.1,Imola,4.909,63,5.0,0.0,0.0,80.775,27.25000000000091,9.305000000000291,6.557999999999083,1,0.0,0.0,,0.0,0.0,0.0,1644.677,3,3,0
10.0,10.0,14.0,24.1,38.0,1009.9,0,44.8,286,4.1,Imola,4.909,63,4.0,0.0,0.0,82.034,19.13600000000008,5.326000000000022,2.5459999999999354,1,0.0,0.0,,0.0,0.0,0.0,557.505,8,6,0
11.0,11.0,13.0,24.1,38.0,1009.9,0,44.8,286,4.1,Imola,4.909,63,4.0,0.0,0.0,82.417,20.26400000000001,5.192000000000007,25.581000000000017,1,0.0,0.0,,0.0,0.0,0.0,639.922,8,6,0
12.0,12.0,10.0,24.1,38.0,1009.9,0,44.8,286,4.1,Imola,4.909,63,4.0,0.0,0.0,82.715,21.46900000000005,4.790000000000077,24.56899999999996,1,0.0,0.0,,0.0,0.0,0.0,722.637,8,6,0
13.0,13.0,9.0,24.1,38.0,1009.9,0,44.8,286,4.1,Imola,4.909,63,4.0,0.0,0.0,82.468,22.501999999999953,4.6030000000000655,23.346000000000004,1,0.0,0.0,,0.0,0.0,0.0,805.105,8,6,0
14.0,14.0,8.0,24.1,38.0,1009.9,0,44.8,286,4.1,Imola,4.909,63,4.0,0.0,0.0,82.597,23.69699999999989,4.588999999999942,23.230999999999995,1,0.0,0.0,,0.0,0.0,0.0,887.702,8,6,0
15.0,15.0,7.0,24.1,38.0,1009.9,0,44.8,286,4.1,Imola,4.909,63,4.0,0.0,0.0,82.467,24.932999999999993,4.865000000000009,22.980999999999995,1,0.0,0.0,,0.0,0.0,0.0,970.169,8,6,0
16.0,16.0,7.0,24.1,38.0,1009.9,0,44.8,286,4.1,Imola,4.909,63,4.0,0.0,0.0,82.271,25.92800000000011,4.580999999999904,22.701999999999998,1,0.0,0.0,,0.0,0.0,0.0,1052.44,8,6,0
17.0,17.0,7.0,24.1,38.0,1009.9,0,44.8,286,4.1,Imola,4.909,63,4.0,0.0,0.0,82.371,27.27500000000009,4.732000000000198,22.45999999999981,1,0.0,0.0,,0.0,0.0,0.0,1134.811,8,6,0
18.0,18.0,7.0,24.1,38.0,1009.9,0,44.8,286,4.1,Imola,4.909,63,4.0,0.0,0.0,82.325,28.743999999999915,4.67899999999986,22.138000000000147,1,0.0,0.0,,0.0,0.0,0.0,1217.136,8,6,0
19.0,19.0,7.0,24.1,38.0,1009.9,0,44.8,286,4.1,Imola,4.909,63,4.0,0.0,0.0,82.431,29.920000000000073,4.913000000000011,21.68399999999997,1,0.0,0.0,,0.0,0.0,0.0,1299.567,8,6,0
20.0,20.0,7.0,24.1,38.0,1009.9,0,44.8,286,4.1,Imola,4.909,63,4.0,0.0,0.0,82.868,31.58199999999988,5.120999999999867,20.983000000000175,1,0.0,0.0,,0.0,0.0,0.0,1382.435,8,6,0
21.0,21.0,7.0,24.1,38.0,1009.9,0,44.8,286,4.1,Imola,4.909,63,4.0,0.0,0.0,82.644,33.110999999999876,5.166999999999916,20.49200000000019,1,0.0,0.0,,0.0,0.0,0.0,1465.079,8,6,0
22.0,22.0,8.0,24.1,38.0,1009.9,0,44.8,286,4.1,Imola,4.909,63,4.0,0.0,0.0,83.742,35.69200000000001,6.505000000000109,18.812999999999874,1,0.0,0.0,,0.0,0.0,0.0,1548.821,8,6,0
23.0,23.0,8.0,24.1,38.0,1009.9,0,44.8,286,4.1,Imola,4.909,63,4.0,0.0,0.0,82.55,36.77800000000002,6.826999999999998,18.710000000000036,1,0.0,0.0,,0.0,0.0,0.0,1631.371,8,6,0
24.0,24.0,8.0,24.1,38.0,1009.9,0,44.8,286,4.1,Imola,4.909,63,4.0,0.0,0.0,82.342,37.865999999999985,6.898999999999887,18.522000000000162,1,0.0,0.0,,0.0,0.0,0.0,1713.713,8,6,0
25.0,25.0,8.0,24.1,38.0,1009.9,0,44.8,286,4.1,Imola,4.909,63,4.0,0.0,0.0,82.343,38.84900000000016,6.678000000000338,18.677999999999884,1,0.0,0.0,,0.0,0.0,0.0,1796.056,8,6,0
26.0,26.0,8.0,24.1,38.0,1009.9,0,44.8,286,4.1,Imola,4.909,63,4.0,0.0,0.0,82.726,40.496000000000095,6.557999999999993,18.67599999999993,1,0.0,0.0,,0.0,0.0,0.0,1878.782,8,6,0
27.0,27.0,9.0,24.1,38.0,1009.9,0,44.8,286,4.1,Imola,4.909,63,4.0,0.0,0.0,83.464,42.64399999999978,7.868999999999687,18.09100000000035,1,0.0,0.0,,0.0,0.0,0.0,1962.246,8,6,0
32.0,3.0,11.0,24.1,38.0,1009.9,0,44.8,286,4.1,Imola,4.909,63,5.0,0.0,0.0,81.609,44.995000000000346,6.999000000000251,18.50799999999981,1,0.0,0.0,,0.0,0.0,0.0,2449.058,8,6,0
33.0,4.0,12.0,24.1,38.0,1009.9,0,44.8,286,4.1,Imola,4.909,63,5.0,0.0,0.0,82.487,47.13499999999976,9.402000000000044,17.18000000000029,1,0.0,0.0,,0.0,0.0,0.0,2531.545,8,6,0
34.0,5.0,12.0,24.1,38.0,1009.9,0,44.8,286,4.1,Imola,4.909,63,5.0,0.0,0.0,82.363,49.22700000000032,12.291999999999916,15.924999999999727,1,0.0,0.0,,0.0,0.0,0.0,2613.908,8,6,0
35.0,6.0,12.0,24.1,38.0,1009.9,0,44.8,286,4.1,Imola,4.909,63,5.0,0.0,0.0,82.644,51.75099999999975,14.653999999999996,14.405999999999949,1,0.0,0.0,,0.0,0.0,0.0,2696.552,8,6,0
36.0,7.0,11.0,24.1,38.0,1009.9,0,44.8,286,4.1,Imola,4.909,63,5.0,0.0,0.0,81.62,53.41100000000006,16.070000000000164,13.862999999999829,1,0.0,0.0,,0.0,0.0,0.0,2778.172,8,6,0
37.0,8.0,11.0,24.1,38.0,1009.9,0,44.8,286,4.1,Imola,4.909,63,5.0,0.0,0.0,82.024,55.72900000000027,16.871000000000095,12.83199999999988,1,0.0,0.0,,0.0,0.0,0.0,2860.196,8,6,0
38.0,9.0,11.0,24.1,38.0,1009.9,0,44.8,286,4.1,Imola,4.909,63,5.0,0.0,0.0,81.522,57.46300000000019,17.56800000000021,12.418999999999869,1,0.0,0.0,,0.0,0.0,0.0,2941.718,8,6,0
39.0,10.0,10.0,24.1,38.0,1009.9,0,44.8,286,4.1,Imola,4.909,63,5.0,0.0,0.0,80.482,58.190000000000055,17.135999999999967,12.9699999999998,1,0.0,0.0,,0.0,0.0,0.0,3022.2,8,6,0
40.0,11.0,10.0,24.1,38.0,1009.9,0,44.8,286,4.1,Imola,4.909,63,5.0,0.0,0.0,81.452,59.98900000000003,18.334000000000287,12.735999999999876,1,0.0,0.0,,0.0,0.0,0.0,3103.652,8,6,0
41.0,12.0,10.0,24.1,38.0,1009.9,0,44.8,286,4.1,Imola,4.909,63,5.0,0.0,0.0,81.475,61.82500000000027,19.576000000000022,12.677999999999884,1,0.0,0.0,,0.0,0.0,0.0,3185.127,8,6,0
42.0,13.0,11.0,24.1,38.0,1009.9,0,44.8,286,4.1,Imola,4.909,63,5.0,0.0,0.0,82.395,64.70700000000033,21.713000000000193,11.317000000000007,1,0.0,0.0,,0.0,0.0,0.0,3267.522,8,6,0
43.0,14.0,11.0,24.1,38.0,1009.9,0,44.8,286,4.1,Imola,4.909,63,5.0,0.0,0.0,81.66,66.81399999999985,23.55699999999979,11.682000000000244,1,0.0,0.0,,0.0,0.0,0.0,3349.182,8,6,0
44.0,15.0,11.0,24.1,38.0,1009.9,0,44.8,286,4.1,Imola,4.909,63,5.0,0.0,0.0,81.474,68.49800000000005,24.998000000000047,13.297000000000025,1,0.0,0.0,,0.0,0.0,0.0,3430.656,8,6,0
55.0,26.0,11.0,24.1,38.0,1009.7,0,39.4,291,4.1,Imola,4.909,63,5.0,0.0,0.0,81.045,10.86200000000008,3.871999999999389,2.3820000000005166,1,0.0,0.0,,0.0,0.0,0.0,1001.919,8,6,0
56.0,27.0,11.0,24.1,38.0,1009.7,0,39.4,291,4.1,Imola,4.909,63,5.0,0.0,0.0,80.584,13.344999999999345,3.608999999999469,2.381000000000313,1,0.0,0.0,,0.0,0.0,0.0,1082.503,8,6,0
57.0,28.0,11.0,24.1,38.0,1009.7,0,39.4,291,4.1,Imola,4.909,63,5.0,0.0,0.0,80.479,15.60400000000027,5.641999999999825,2.66399999999976,1,0.0,0.0,,0.0,0.0,0.0,1162.982,8,6,0
58.0,29.0,11.0,24.1,38.0,1009.7,0,39.4,291,4.1,Imola,4.909,63,5.0,0.0,0.0,80.614,18.230000000000473,7.4760000000005675,2.6149999999997817,1,0.0,0.0,,0.0,0.0,0.0,1243.596,8,6,0
62.0,33.0,12.0,24.1,38.0,1009.7,0,39.4,291,4.1,Imola,4.909,63,5.0,0.0,0.0,80.401,27.970000000000255,14.274000000000342,2.1810000000004948,1,0.0,0.0,,0.0,0.0,0.0,1566.808,8,6,0
63.0,34.0,12.0,24.1,38.0,1009.7,0,39.4,291,4.1,Imola,4.909,63,5.0,0.0,0.0,80.915,30.296000000000276,15.9399999999996,2.2150000000001455,1,0.0,0.0,,0.0,0.0,0.0,1647.723,8,6,0
10.0,10.0,15.0,24.1,38.0,1009.9,0,44.8,286,4.1,Imola,4.909,63,5.0,0.0,0.0,82.507,20.200000000000045,4.110000000000014,23.82299999999998,1,0.0,0.0,,0.0,0.0,0.0,558.569,12,1,0
11.0,11.0,14.0,24.1,38.0,1009.9,0,44.8,286,4.1,Imola,4.909,63,5.0,0.0,0.0,82.103,21.01400000000001,3.3590000000000373,22.96300000000008,1,0.0,0.0,,0.0,0.0,0.0,640.672,12,1,0
22.0,22.0,6.0,24.1,38.0,1009.9,0,44.8,286,4.1,Imola,4.909,63,4.0,0.0,0.0,82.404,29.186999999999898,2.1440000000000055,6.505000000000109,1,0.0,0.0,,0.0,0.0,0.0,1542.316,13,4,0
25.0,25.0,6.0,24.1,38.0,1009.9,0,44.8,286,4.1,Imola,4.909,63,4.0,0.0,0.0,82.564,32.17099999999982,2.212999999999738,6.678000000000338,1,0.0,0.0,,0.0,0.0,0.0,1789.378,13,4,0
26.0,26.0,7.0,24.1,38.0,1009.9,0,44.8,286,4.1,Imola,4.909,63,4.0,0.0,0.0,82.846,33.9380000000001,2.8460000000000036,6.557999999999993,1,0.0,0.0,,0.0,0.0,0.0,1872.224,13,4,0
27.0,27.0,7.0,24.1,38.0,1009.9,0,44.8,286,4.1,Imola,4.909,63,4.0,0.0,0.0,82.153,34.77500000000009,2.69800000000032,7.868999999999687,1,0.0,0.0,,0.0,0.0,0.0,1954.377,13,4,0
32.0,3.0,7.0,24.1,38.0,1009.9,0,44.8,286,4.1,Imola,4.909,63,5.0,0.0,0.0,81.598,37.996000000000095,2.2419999999997344,6.999000000000251,1,0.0,0.0,,0.0,0.0,0.0,2442.059,13,4,0
23.0,11.0,18.0,24.1,38.0,1009.9,0,44.8,286,4.1,Imola,4.909,63,4.0,0.0,0.0,82.024,57.77999999999997,16.103000000000065,9.95900000000006,1,0.0,0.0,,0.0,0.0,0.0,1652.373,14,6,0
24.0,12.0,18.0,24.1,38.0,1009.9,0,44.8,286,4.1,Imola,4.909,63,4.0,0.0,0.0,82.219,58.74500000000012,16.437000000000126,8.562999999999874,1,0.0,0.0,,0.0,0.0,0.0,1734.592,14,6,0
25.0,13.0,18.0,24.1,38.0,1009.9,0,44.8,286,4.1,Imola,4.909,63,4.0,0.0,0.0,82.407,59.791999999999916,16.86499999999978,6.954000000000178,1,0.0,0.0,,0.0,0.0,0.0,1816.999,14,6,0
26.0,14.0,18.0,24.1,38.0,1009.9,0,44.8,286,4.1,Imola,4.909,63,4.0,0.0,0.0,82.813,61.526000000000295,17.744000000000142,5.871999999999844,1,0.0,0.0,,0.0,0.0,0.0,1899.812,14,6,0
27.0,15.0,18.0,24.1,38.0,1009.9,0,44.8,286,4.1,Imola,4.909,63,4.0,0.0,0.0,82.637,62.84699999999975,18.432999999999993,4.8400000000001455,1,0.0,0.0,,0.0,0.0,0.0,1982.449,14,6,0
15.0,4.0,14.0,24.1,38.0,1009.9,0,44.8,286,4.1,Imola,4.909,63,4.0,0.0,0.0,81.564,40.422000000000025,2.2800000000002,4.958999999999833,1,0.0,0.0,,0.0,0.0,0.0,985.658,15,5,0
25.0,14.0,13.0,24.1,38.0,1009.9,0,44.8,286,4.1,Imola,4.909,63,4.0,0.0,0.0,82.704,46.94599999999991,2.5039999999999054,6.63799999999992,1,0.0,0.0,,0.0,0.0,0.0,1804.153,15,5,0
26.0,15.0,13.0,24.1,38.0,1009.9,0,44.8,286,4.1,Imola,4.909,63,4.0,0.0,0.0,82.46,48.327000000000226,3.23700000000008,6.586999999999989,1,0.0,0.0,,0.0,0.0,0.0,1886.613,15,5,0
27.0,16.0,13.0,24.1,38.0,1009.9,0,44.8,286,4.1,Imola,4.909,63,4.0,0.0,0.0,82.242,49.253000000000156,4.065000000000055,6.976999999999862,1,0.0,0.0,,0.0,0.0,0.0,1968.855,15,5,0
38.0,27.0,12.0,24.1,38.0,1009.9,0,44.8,286,4.1,Imola,4.909,63,4.0,0.0,0.0,81.252,58.276000000000295,5.863000000000284,3.0099999999997635,1,0.0,0.0,,0.0,0.0,0.0,2942.531,15,5,0
39.0,28.0,12.0,24.1,38.0,1009.9,0,44.8,286,4.1,Imola,4.909,63,4.0,0.0,0.0,81.593,60.11400000000003,6.942000000000007,3.356999999999971,1,0.0,0.0,,0.0,0.0,0.0,3024.124,15,5,0
40.0,29.0,11.0,24.1,38.0,1009.9,0,44.8,286,4.1,Imola,4.909,63,4.0,0.0,0.0,80.587,61.047999999999774,7.414999999999964,5.106999999999971,1,0.0,0.0,,0.0,0.0,0.0,3104.711,15,5,0
41.0,30.0,11.0,24.1,38.0,1009.9,0,44.8,286,4.1,Imola,4.909,63,4.0,0.0,0.0,81.038,62.447000000000116,7.936999999999898,6.27599999999984,1,0.0,0.0,,0.0,0.0,0.0,3185.749,15,5,0
42.0,31.0,10.0,24.1,38.0,1009.9,0,44.8,286,4.1,Imola,4.909,63,4.0,0.0,0.0,80.157,63.09100000000035,7.785000000000309,8.471000000000004,1,0.0,0.0,,0.0,0.0,0.0,3265.906,15,5,0
43.0,32.0,10.0,24.1,38.0,1009.9,0,44.8,286,4.1,Imola,4.909,63,4.0,0.0,0.0,80.424,63.96199999999999,7.932000000000244,9.897999999999683,1,0.0,0.0,,0.0,0.0,0.0,3346.33,15,5,0
44.0,33.0,10.0,24.1,38.0,1009.9,0,44.8,286,4.1,Imola,4.909,63,4.0,0.0,0.0,80.404,64.57600000000002,8.125,11.376999999999953,1,0.0,0.0,,0.0,0.0,0.0,3426.734,15,5,0
6.0,6.0,3.0,24.1,38.0,1009.9,0,44.8,286,4.1,Imola,4.909,63,5.0,0.0,0.0,81.773,4.243000000000052,2.4329999999999927,2.716000000000008,1,0.0,0.0,,0.0,0.0,0.0,217.459,17,2,0
7.0,7.0,3.0,24.1,38.0,1009.9,0,44.8,286,4.1,Imola,4.909,63,5.0,0.0,0.0,81.505,4.252000000000066,2.5310000000000628,2.591000000000008,1,0.0,0.0,,0.0,0.0,0.0,298.964,17,2,0
8.0,8.0,3.0,24.1,38.0,1009.9,0,44.8,286,4.1,Imola,4.909,63,5.0,0.0,0.0,81.744,4.790000000000077,3.0970000000000937,3.0090000000000146,1,0.0,0.0,,0.0,0.0,0.0,380.708,17,2,0
9.0,9.0,3.0,24.1,38.0,1009.9,0,44.8,286,4.1,Imola,4.909,63,5.0,0.0,0.0,82.495,6.0909999999998945,4.423999999999978,2.55600000000004,1,0.0,0.0,,0.0,0.0,0.0,463.203,17,2,0
10.0,10.0,3.0,24.1,38.0,1009.9,0,44.8,286,4.1,Imola,4.909,63,5.0,0.0,0.0,83.096,7.92999999999995,5.777999999999906,2.2110000000001264,1,0.0,0.0,,0.0,0.0,0.0,546.299,17,2,0
13.0,2.0,14.0,24.1,38.0,1009.9,0,44.8,286,4.1,Imola,4.909,63,4.0,0.0,0.0,81.334,38.009000000000015,30.464999999999918,2.213999999999942,1,0.0,0.0,,0.0,0.0,0.0,820.612,17,2,0
14.0,3.0,14.0,24.1,38.0,1009.9,0,44.8,286,4.1,Imola,4.909,63,4.0,0.0,0.0,81.41,38.016999999999825,6.750999999999976,2.0720000000001164,1,0.0,0.0,,0.0,0.0,0.0,902.022,17,2,0
15.0,4.0,13.0,24.1,38.0,1009.9,0,44.8,286,4.1,Imola,4.909,63,4.0,0.0,0.0,81.356,38.141999999999825,7.152999999999793,2.2800000000002,1,0.0,0.0,,0.0,0.0,0.0,983.378,17,2,0
25.0,14.0,11.0,24.1,38.0,1009.9,0,44.8,286,4.1,Imola,4.909,63,4.0,0.0,0.0,81.552,44.44200000000001,12.050000000000182,2.5039999999999054,1,0.0,0.0,,0.0,0.0,0.0,1801.649,17,2,0
26.0,15.0,11.0,24.1,38.0,1009.9,0,44.8,286,4.1,Imola,4.909,63,4.0,0.0,0.0,81.727,45.090000000000146,12.172000000000025,3.23700000000008,1,0.0,0.0,,0.0,0.0,0.0,1883.376,17,2,0
27.0,16.0,11.0,24.1,38.0,1009.9,0,44.8,286,4.1,Imola,4.909,63,4.0,0.0,0.0,81.414,45.1880000000001,12.644000000000233,4.065000000000055,1,0.0,0.0,,0.0,0.0,0.0,1964.79,17,2,0
31.0,20.0,12.0,24.1,38.0,1009.9,0,44.8,286,4.1,Imola,4.909,63,4.0,0.0,0.0,81.258,44.97200000000021,11.527000000000044,5.143000000000029,1,0.0,0.0,,0.0,0.0,0.0,2368.705,17,2,0
32.0,21.0,12.0,24.1,38.0,1009.9,0,44.8,286,4.1,Imola,4.909,63,4.0,0.0,0.0,80.688,45.32999999999993,12.26299999999992,5.639000000000124,1,0.0,0.0,,0.0,0.0,0.0,2449.393,17,2,0
33.0,22.0,11.0,24.1,38.0,1009.9,0,44.8,286,4.1,Imola,4.909,63,4.0,0.0,0.0,81.267,46.25,13.760999999999967,5.239000000000033,1,0.0,0.0,,0.0,0.0,0.0,2530.66,17,2,0
34.0,23.0,11.0,24.1,38.0,1009.9,0,44.8,286,4.1,Imola,4.909,63,4.0,0.0,0.0,82.475,48.45400000000018,16.46199999999999,3.9470000000001164,1,0.0,0.0,,0.0,0.0,0.0,2613.135,17,2,0
35.0,24.0,10.0,24.1,38.0,1009.9,0,44.8,286,4.1,Imola,4.909,63,4.0,0.0,0.0,81.852,50.185999999999694,18.6579999999999,3.41800000000012,1,0.0,0.0,,0.0,0.0,0.0,2694.987,17,2,0
36.0,25.0,9.0,24.1,38.0,1009.9,0,44.8,286,4.1,Imola,4.909,63,4.0,0.0,0.0,80.675,50.90099999999984,19.5920000000001,4.311000000000149,1,0.0,0.0,,0.0,0.0,0.0,2775.662,17,2,0
37.0,26.0,9.0,24.1,38.0,1009.9,0,44.8,286,4.1,Imola,4.909,63,4.0,0.0,0.0,80.544,51.73900000000003,20.552999999999884,5.07300000000032,1,0.0,0.0,,0.0,0.0,0.0,2856.206,17,2,0
38.0,27.0,9.0,24.1,38.0,1009.9,0,44.8,286,4.1,Imola,4.909,63,4.0,0.0,0.0,80.462,52.41300000000001,21.271999999999935,5.863000000000284,1,0.0,0.0,,0.0,0.0,0.0,2936.668,17,2,0
39.0,28.0,9.0,24.1,38.0,1009.9,0,44.8,286,4.1,Imola,4.909,63,4.0,0.0,0.0,80.514,53.172000000000025,21.72499999999991,6.942000000000007,1,0.0,0.0,,0.0,0.0,0.0,3017.182,17,2,0
40.0,29.0,9.0,24.1,38.0,1009.9,0,44.8,286,4.1,Imola,4.909,63,4.0,0.0,0.0,80.114,53.63299999999981,22.440999999999804,7.414999999999964,1,0.0,0.0,,0.0,0.0,0.0,3097.296,17,2,0
41.0,30.0,9.0,24.1,38.0,1009.9,0,44.8,286,4.1,Imola,4.909,63,4.0,0.0,0.0,80.516,54.51000000000022,22.49900000000025,7.936999999999898,1,0.0,0.0,,0.0,0.0,0.0,3177.812,17,2,0
42.0,31.0,9.0,24.1,38.0,1009.9,0,44.8,286,4.1,Imola,4.909,63,4.0,0.0,0.0,80.309,55.30600000000004,22.848999999999705,7.785000000000309,1,0.0,0.0,,0.0,0.0,0.0,3258.121,17,2,0
43.0,32.0,9.0,24.1,38.0,1009.9,0,44.8,286,4.1,Imola,4.909,63,4.0,0.0,0.0,80.277,56.029999999999745,23.894999999999982,7.932000000000244,1,0.0,0.0,,0.0,0.0,0.0,3338.398,17,2,0
44.0,33.0,9.0,24.1,38.0,1009.9,0,44.8,286,4.1,Imola,4.909,63,4.0,0.0,0.0,80.211,56.45100000000002,24.257000000000062,8.125,1,0.0,0.0,,0.0,0.0,0.0,3418.609,17,2,0
32.0,19.0,4.0,24.1,38.0,1009.9,0,44.8,286,4.1,Imola,4.909,63,4.0,0.0,0.0,79.952,33.06700000000001,13.579999999999927,12.26299999999992,1,0.0,0.0,,0.0,0.0,0.0,2437.13,18,9,0
33.0,20.0,4.0,24.1,38.0,1009.9,0,44.8,286,4.1,Imola,4.909,63,4.0,0.0,0.0,79.769,32.48900000000003,13.309000000000196,13.760999999999967,1,0.0,0.0,,0.0,0.0,0.0,2516.899,18,9,0
34.0,21.0,4.0,24.1,38.0,1009.9,0,44.8,286,4.1,Imola,4.909,63,4.0,0.0,0.0,79.774,31.99200000000019,13.034999999999854,16.46199999999999,1,0.0,0.0,,0.0,0.0,0.0,2596.673,18,9,0
35.0,22.0,4.0,24.1,38.0,1009.9,0,44.8,286,4.1,Imola,4.909,63,4.0,0.0,0.0,79.656,31.527999999999793,12.746999999999844,18.6579999999999,1,0.0,0.0,,0.0,0.0,0.0,2676.329,18,9,0
36.0,23.0,4.0,24.1,38.0,1009.9,0,44.8,286,4.1,Imola,4.909,63,4.0,0.0,0.0,79.741,31.30899999999974,12.634999999999764,19.5920000000001,1,0.0,0.0,,0.0,0.0,0.0,2756.07,18,9,0
37.0,24.0,4.0,24.1,38.0,1009.9,0,44.8,286,4.1,Imola,4.909,63,4.0,0.0,0.0,79.583,31.18600000000015,12.590000000000146,20.552999999999884,1,0.0,0.0,,0.0,0.0,0.0,2835.653,18,9,0
38.0,25.0,4.0,24.1,38.0,1009.9,0,44.8,286,4.1,Imola,4.909,63,4.0,0.0,0.0,79.743,31.141000000000076,12.786999999999807,21.271999999999935,1,0.0,0.0,,0.0,0.0,0.0,2915.396,18,9,0
39.0,26.0,4.0,24.1,38.0,1009.9,0,44.8,286,4.1,Imola,4.909,63,4.0,0.0,0.0,80.061,31.447000000000116,13.202999999999975,21.72499999999991,1,0.0,0.0,,0.0,0.0,0.0,2995.457,18,9,0
40.0,27.0,3.0,24.1,38.0,1009.9,0,44.8,286,4.1,Imola,4.909,63,4.0,0.0,0.0,79.398,31.192000000000007,13.089000000000397,22.440999999999804,1,0.0,0.0,,0.0,0.0,0.0,3074.855,18,9,0
41.0,28.0,3.0,24.1,38.0,1009.9,0,44.8,286,4.1,Imola,4.909,63,4.0,0.0,0.0,80.458,32.01099999999997,14.080999999999676,22.49900000000025,1,0.0,0.0,,0.0,0.0,0.0,3155.313,18,9,0
42.0,29.0,3.0,24.1,38.0,1009.9,0,44.8,286,4.1,Imola,4.909,63,4.0,0.0,0.0,79.959,32.457000000000335,14.403999999999996,22.848999999999705,1,0.0,0.0,,0.0,0.0,0.0,3235.272,18,9,0
43.0,30.0,3.0,24.1,38.0,1009.9,0,44.8,286,4.1,Imola,4.909,63,4.0,0.0,0.0,79.231,32.13499999999976,13.882000000000062,23.894999999999982,1,0.0,0.0,,0.0,0.0,0.0,3314.503,18,9,0
44.0,31.0,3.0,24.1,38.0,1009.9,0,44.8,286,4.1,Imola,4.909,63,4.0,0.0,0.0,79.849,32.19399999999996,13.94900000000007,24.257000000000062,1,0.0,0.0,,0.0,0.0,0.0,3394.352,18,9,0
45.0,32.0,3.0,24.1,38.0,1009.9,0,44.8,286,4.1,Imola,4.909,63,4.0,0.0,0.0,80.339,32.365999999999985,13.885999999999967,24.423999999999978,1,0.0,0.0,,0.0,0.0,0.0,3474.691,18,9,0
59.0,46.0,3.0,24.1,38.0,1009.7,0,39.4,291,4.1,Imola,4.909,63,4.0,0.0,0.0,79.629,8.876999999999498,3.0839999999998327,6.576000000000022,1,0.0,0.0,,0.0,0.0,0.0,1312.28,18,9,0
60.0,47.0,3.0,24.1,38.0,1009.7,0,39.4,291,4.1,Imola,4.909,63,4.0,0.0,0.0,79.483,9.921000000000276,4.086999999999534,6.91399999999976,1,0.0,0.0,,0.0,0.0,0.0,1391.763,18,9,0
61.0,48.0,3.0,24.1,38.0,1009.7,0,39.4,291,4.1,Imola,4.909,63,4.0,0.0,0.0,79.725,11.247000000000298,4.94800000000032,7.029999999999745,1,0.0,0.0,,0.0,0.0,0.0,1471.488,18,9,0
62.0,49.0,3.0,24.1,38.0,1009.7,0,39.4,291,4.1,Imola,4.909,63,4.0,0.0,0.0,79.349,11.999000000000706,5.61200000000008,8.159999999999854,1,0.0,0.0,,0.0,0.0,0.0,1550.837,18,9,0
63.0,50.0,3.0,24.1,38.0,1009.7,0,39.4,291,4.1,Imola,4.909,63,4.0,0.0,0.0,79.546,12.956000000000131,6.846999999999753,9.07800000000043,1,0.0,0.0,,0.0,0.0,0.0,1630.383,18,9,0
13.0,13.0,11.0,24.1,38.0,1009.9,0,44.8,286,4.1,Imola,4.909,63,4.0,0.0,0.0,82.474,24.25,6.866999999999962,23.977999999999838,1,0.0,0.0,,0.0,0.0,0.0,806.853,19,8,0
14.0,14.0,10.0,24.1,38.0,1009.9,0,44.8,286,4.1,Imola,4.909,63,4.0,0.0,0.0,82.871,25.718999999999824,7.224999999999909,22.993000000000166,1,0.0,0.0,,0.0,0.0,0.0,889.724,19,8,0
15.0,15.0,9.0,24.1,38.0,1009.9,0,44.8,286,4.1,Imola,4.909,63,4.0,0.0,0.0,82.897,27.38499999999999,7.923999999999978,22.533999999999878,1,0.0,0.0,,0.0,0.0,0.0,972.621,19,8,0
16.0,16.0,9.0,24.1,38.0,1009.9,0,44.8,286,4.1,Imola,4.909,63,4.0,0.0,0.0,82.664,28.77300000000014,8.16800000000012,21.94899999999984,1,0.0,0.0,,0.0,0.0,0.0,1055.285,19,8,0
17.0,17.0,9.0,24.1,38.0,1009.9,0,44.8,286,4.1,Imola,4.909,63,4.0,0.0,0.0,82.666,30.414999999999964,8.56899999999996,21.57199999999989,1,0.0,0.0,,0.0,0.0,0.0,1137.951,19,8,0
18.0,18.0,9.0,24.1,38.0,1009.9,0,44.8,286,4.1,Imola,4.909,63,4.0,0.0,0.0,82.959,32.51800000000003,9.286000000000058,20.868999999999915,1,0.0,0.0,,0.0,0.0,0.0,1220.91,19,8,0
19.0,19.0,10.0,24.1,38.0,1009.9,0,44.8,286,4.1,Imola,4.909,63,4.0,0.0,0.0,83.244,34.50700000000006,10.098999999999933,19.766000000000076,1,0.0,0.0,,0.0,0.0,0.0,1304.154,19,8,0
20.0,20.0,10.0,24.1,38.0,1009.9,0,44.8,286,4.1,Imola,4.909,63,4.0,0.0,0.0,82.972,36.27299999999991,10.46699999999987,19.19900000000007,1,0.0,0.0,,0.0,0.0,0.0,1387.126,19,8,0
21.0,21.0,10.0,24.1,38.0,1009.9,0,44.8,286,4.1,Imola,4.909,63,4.0,0.0,0.0,82.896,38.05400000000009,11.111000000000104,18.346999999999753,1,0.0,0.0,,0.0,0.0,0.0,1470.022,19,8,0
22.0,22.0,9.0,24.1,38.0,1009.9,0,44.8,286,4.1,Imola,4.909,63,4.0,0.0,0.0,82.871,39.763999999999896,11.545000000000073,17.455999999999904,1,0.0,0.0,,0.0,0.0,0.0,1552.893,19,8,0
23.0,23.0,10.0,24.1,38.0,1009.9,0,44.8,286,4.1,Imola,4.909,63,4.0,0.0,0.0,83.377,41.67699999999991,12.586000000000013,16.103000000000065,1,0.0,0.0,,0.0,0.0,0.0,1636.27,19,8,0
24.0,24.0,10.0,24.1,38.0,1009.9,0,44.8,286,4.1,Imola,4.909,63,4.0,0.0,0.0,81.885,42.30799999999999,11.971000000000004,16.437000000000126,1,0.0,0.0,,0.0,0.0,0.0,1718.155,19,8,0
25.0,25.0,10.0,24.1,38.0,1009.9,0,44.8,286,4.1,Imola,4.909,63,4.0,0.0,0.0,81.979,42.927000000000135,11.636000000000422,16.86499999999978,1,0.0,0.0,,0.0,0.0,0.0,1800.134,19,8,0
26.0,26.0,10.0,24.1,38.0,1009.9,0,44.8,286,4.1,Imola,4.909,63,4.0,0.0,0.0,81.934,43.78200000000015,11.289999999999964,17.744000000000142,1,0.0,0.0,,0.0,0.0,0.0,1882.068,19,8,0
27.0,27.0,10.0,24.1,38.0,1009.9,0,44.8,286,4.1,Imola,4.909,63,4.0,0.0,0.0,81.948,44.41399999999976,10.376999999999953,18.432999999999993,1,0.0,0.0,,0.0,0.0,0.0,1964.016,19,8,0
59.0,59.0,17.0,24.1,38.0,1009.7,0,39.4,291,4.1,Imola,4.909,63,4.0,0.0,0.0,80.165,25.46100000000024,4.861000000000786,2.3739999999997963,1,0.0,0.0,,0.0,0.0,0.0,1328.864,19,8,0
60.0,60.0,17.0,24.1,38.0,1009.7,0,39.4,291,4.1,Imola,4.909,63,4.0,0.0,0.0,80.325,27.347000000000662,5.244999999999891,3.2150000000001455,1,0.0,0.0,,0.0,0.0,0.0,1409.189,19,8,0
61.0,61.0,17.0,24.1,38.0,1009.7,0,39.4,291,4.1,Imola,4.909,63,4.0,0.0,0.0,80.419,29.36700000000019,5.770000000000437,3.733999999999469,1,0.0,0.0,,0.0,0.0,0.0,1489.608,19,8,0
62.0,62.0,17.0,24.1,38.0,1009.7,0,39.4,291,4.1,Imola,4.909,63,4.0,0.0,0.0,80.871,31.64100000000053,6.5770000000002256,4.213999999999942,1,0.0,0.0,,0.0,0.0,0.0,1570.479,19,8,0
63.0,63.0,17.0,24.1,38.0,1009.7,0,39.4,291,4.1,Imola,4.909,63,4.0,0.0,0.0,80.756,33.80799999999999,6.557999999999083,4.764000000000124,1,0.0,0.0,,0.0,0.0,0.0,1651.235,19,8,0
20.0,1.0,3.0,21.8,52.0,1016.9,0,43.2,346,1.6,Monaco,3.337,78,4.0,0.0,0.0,78.033,16.894000000000005,16.894000000000005,24.24000000000001,1,0.0,,0.0,,,,1403.698,11,9,0
21.0,2.0,3.0,21.8,52.0,1016.9,0,43.2,346,1.6,Monaco,3.337,78,4.0,0.0,0.0,75.259,16.370999999999867,16.370999999999867,26.48400000000015,1,0.0,,0.0,,,,1478.957,11,9,0
7.0,7.0,7.0,21.8,52.0,1016.9,0,43.2,346,1.6,Monaco,3.337,78,4.0,0.0,0.0,80.931,12.753000000000043,3.036000000000058,5.708999999999946,1,0.0,,0.0,,,,397.298,13,4,0
12.0,12.0,7.0,21.8,52.0,1016.9,0,43.2,346,1.6,Monaco,3.337,78,4.0,0.0,0.0,77.53,12.758000000000038,4.826999999999998,31.45900000000006,1,0.0,,0.0,,,,793.533,13,4,0
13.0,13.0,7.0,21.8,52.0,1016.9,0,43.2,346,1.6,Monaco,3.337,78,4.0,0.0,0.0,76.799,13.56899999999996,4.538000000000011,32.93900000000008,1,0.0,,0.0,,,,870.332,13,4,0
78.0,58.0,3.0,22.5,56.0,1016.7,0,42.3,146,1.1,Monaco,3.337,78,4.0,0.0,0.0,75.02,3.6580000000003565,3.6580000000003565,16.91399999999976,1,0.0,,0.0,,,,2187.349,18,9,0
4.0,4.0,10.0,29.5,51.0,1003.1,0,49.4,351,1.0,Barcelona,4.655,66,3.0,0.0,0.0,81.756,12.291999999999973,7.4979999999999905,2.2310000000000514,1,0.0,0.0,,0.0,0.0,0.0,271.207,7,6,0
5.0,5.0,10.0,29.5,51.0,1003.1,0,49.4,351,1.0,Barcelona,4.655,66,3.0,0.0,0.0,81.71,13.535000000000025,8.099000000000046,2.944000000000017,1,0.0,0.0,,0.0,0.0,0.0,352.917,7,6,0
6.0,6.0,10.0,29.5,51.0,1003.1,0,49.4,351,1.0,Barcelona,4.655,66,3.0,0.0,0.0,81.74,15.021000000000015,8.274000000000001,3.341000000000008,1,0.0,0.0,,0.0,0.0,0.0,434.657,7,6,0
7.0,7.0,10.0,29.5,51.0,1003.1,0,49.4,351,1.0,Barcelona,4.655,66,3.0,0.0,0.0,82.315,16.404999999999973,8.966000000000008,3.7210000000000036,1,0.0,0.0,,0.0,0.0,0.0,516.972,7,6,0
8.0,8.0,10.0,29.5,51.0,1003.1,0,49.4,351,1.0,Barcelona,4.655,66,3.0,0.0,0.0,82.263,17.840000000000032,9.299999999999955,4.388000000000034,1,0.0,0.0,,0.0,0.0,0.0,599.235,7,6,0
19.0,10.0,11.0,29.5,51.0,1003.1,0,49.4,351,1.0,Barcelona,4.655,66,2.0,0.0,0.0,82.303,51.5619999999999,10.340999999999894,10.758000000000038,1,0.0,0.0,,0.0,0.0,0.0,1522.317,7,6,0
20.0,11.0,9.0,29.5,51.0,1003.1,0,49.4,351,1.0,Barcelona,4.655,66,2.0,0.0,0.0,81.664,52.09999999999991,11.249999999999773,10.438000000000102,1,0.0,0.0,,0.0,0.0,0.0,1603.981,7,6,0
21.0,12.0,9.0,29.5,51.0,1003.1,0,49.4,351,1.0,Barcelona,4.655,66,2.0,0.0,0.0,81.715,52.34400000000005,12.420000000000073,9.910000000000082,1,0.0,0.0,,0.0,0.0,0.0,1685.696,7,6,0
22.0,13.0,9.0,29.5,51.0,1003.1,0,49.4,351,1.0,Barcelona,4.655,66,2.0,0.0,0.0,82.359,49.46799999999985,14.499000000000024,9.271000000000186,1,0.0,0.0,,0.0,0.0,0.0,1768.055,7,6,0
23.0,14.0,9.0,29.5,51.0,1003.1,0,49.4,351,1.0,Barcelona,4.655,66,2.0,0.0,0.0,81.761,38.26599999999985,16.230000000000018,9.364000000000033,1,0.0,0.0,,0.0,0.0,0.0,1849.816,7,6,0
24.0,15.0,10.0,29.5,51.0,1003.1,0,49.4,351,1.0,Barcelona,4.655,66,2.0,0.0,0.0,83.434,41.741999999999734,19.3599999999999,9.46100000000024,1,0.0,0.0,,0.0,0.0,0.0,1933.25,7,6,0
25.0,16.0,10.0,29.5,51.0,1003.1,0,49.4,351,1.0,Barcelona,4.655,66,2.0,0.0,0.0,82.107,43.725000000000136,20.958000000000084,8.125,1,0.0,0.0,,0.0,0.0,0.0,2015.357,7,6,0
26.0,17.0,10.0,29.5,51.0,1003.1,0,49.4,351,1.0,Barcelona,4.655,66,2.0,0.0,0.0,81.737,45.07999999999993,22.047000000000025,7.40099999999984,1,0.0,0.0,,0.0,0.0,0.0,2097.094,7,6,0
27.0,18.0,10.0,29.5,51.0,1003.1,0,49.4,351,1.0,Barcelona,4.655,66,2.0,0.0,0.0,81.554,45.961999999999534,23.174999999999727,7.207000000000335,1,0.0,0.0,,0.0,0.0,0.0,2178.648,7,6,0
28.0,19.0,9.0,29.5,51.0,1003.1,0,49.4,351,1.0,Barcelona,4.655,66,2.0,0.0,0.0,80.709,46.090999999999894,23.403999999999996,7.98700000000008,1,0.0,0.0,,0.0,0.0,0.0,2259.357,7,6,0
29.0,20.0,9.0,29.5,51.0,1003.1,0,49.4,351,1.0,Barcelona,4.655,66,2.0,0.0,0.0,81.344,44.11500000000024,24.541999999999916,8.136999999999716,1,0.0,0.0,,0.0,0.0,0.0,2340.701,7,6,0
30.0,21.0,9.0,29.5,51.0,1003.1,0,49.4,351,1.0,Barcelona,4.655,66,2.0,0.0,0.0,81.195,45.5029999999997,24.553999999999633,8.415000000000418,1,0.0,0.0,,0.0,0.0,0.0,2421.896,7,6,0
31.0,22.0,9.0,29.5,51.0,1003.1,0,49.4,351,1.0,Barcelona,4.655,66,2.0,0.0,0.0,81.16,46.94399999999996,25.371000000000095,10.329999999999927,1,0.0,0.0,,0.0,0.0,0.0,2503.056,7,6,0
32.0,23.0,9.0,29.5,51.0,1003.1,0,49.4,351,1.0,Barcelona,4.655,66,2.0,0.0,0.0,81.938,48.89899999999989,26.991999999999734,10.78500000000031,1,0.0,0.0,,0.0,0.0,0.0,2584.994,7,6,0
33.0,24.0,9.0,29.5,51.0,1003.1,0,49.4,351,1.0,Barcelona,4.655,66,2.0,0.0,0.0,81.414,49.92599999999993,28.148999999999887,11.086999999999989,1,0.0,0.0,,0.0,0.0,0.0,2666.408,7,6,0
34.0,25.0,9.0,29.5,51.0,1003.1,0,49.4,351,1.0,Barcelona,4.655,66,2.0,0.0,0.0,81.61,51.06200000000035,29.472999999999956,10.864000000000033,1,0.0,0.0,,0.0,0.0,0.0,2748.018,7,6,0
35.0,26.0,9.0,29.5,51.0,1003.1,0,49.4,351,1.0,Barcelona,4.655,66,2.0,0.0,0.0,81.406,52.31800000000021,30.596000000000004,10.500999999999749,1,0.0,0.0,,0.0,0.0,0.0,2829.424,7,6,0
36.0,27.0,9.0,29.5,51.0,1003.1,0,49.4,351,1.0,Barcelona,4.655,66,2.0,0.0,0.0,81.125,53.31399999999985,31.269000000000233,10.842999999999847,1,0.0,0.0,,0.0,0.0,0.0,2910.549,7,6,0
37.0,28.0,9.0,29.5,51.0,1003.1,0,49.4,351,1.0,Barcelona,4.655,66,2.0,0.0,0.0,81.265,54.121999999999844,31.75,10.961999999999989,1,0.0,0.0,,0.0,0.0,0.0,2991.814,7,6,0
38.0,29.0,9.0,29.5,51.0,1003.1,0,49.4,351,1.0,Barcelona,4.655,66,2.0,0.0,0.0,81.502,55.942999999999756,32.73999999999978,10.662000000000262,1,0.0,0.0,,0.0,0.0,0.0,3073.316,7,6,0
39.0,30.0,9.0,29.5,51.0,1003.1,0,49.4,351,1.0,Barcelona,4.655,66,2.0,0.0,0.0,81.388,57.38599999999997,33.42899999999963,10.417000000000371,1,0.0,0.0,,0.0,0.0,0.0,3154.704,7,6,0
40.0,31.0,9.0,29.5,51.0,1003.1,0,49.4,351,1.0,Barcelona,4.655,66,2.0,0.0,0.0,81.514,58.60699999999997,34.172999999999774,10.22400000000016,1,0.0,0.0,,0.0,0.0,0.0,3236.218,7,6,0
41.0,32.0,9.0,29.5,51.0,1003.1,0,49.4,351,1.0,Barcelona,4.655,66,2.0,0.0,0.0,81.13,59.61200000000008,34.75,10.494000000000142,1,0.0,0.0,,0.0,0.0,0.0,3317.348,7,6,0
42.0,33.0,9.0,29.5,51.0,1003.1,0,49.4,351,1.0,Barcelona,4.655,66,2.0,0.0,0.0,81.354,60.82499999999982,35.254999999999654,10.176000000000386,1,0.0,0.0,,0.0,0.0,0.0,3398.702,7,6,0
43.0,34.0,9.0,29.5,51.0,1003.1,0,49.4,351,1.0,Barcelona,4.655,66,2.0,0.0,0.0,81.683,63.01899999999978,35.90899999999965,9.603000000000065,1,0.0,0.0,,0.0,0.0,0.0,3480.385,7,6,0
44.0,35.0,9.0,29.5,51.0,1003.1,0,49.4,351,1.0,Barcelona,4.655,66,2.0,0.0,0.0,82.092,65.41699999999992,37.07099999999991,12.221000000000004,1,0.0,0.0,,0.0,0.0,0.0,3562.477,7,6,0
46.0,46.0,9.0,28.4,61.0,1002.3,0,47.4,60,2.0,Barcelona,4.655,66,3.0,0.0,0.0,99.152,91.48500000000013,55.284000000000106,6.985000000000127,1,0.0,0.0,,0.0,0.0,0.0,147.032,7,6,0
47.0,47.0,9.0,28.4,61.0,1002.3,0,47.4,60,2.0,Barcelona,4.655,66,3.0,0.0,0.0,80.811,92.66600000000017,36.307000000000244,5.7849999999998545,1,0.0,0.0,,0.0,0.0,0.0,227.843,7,6,0
48.0,48.0,9.0,28.4,61.0,1002.3,0,47.4,60,2.0,Barcelona,4.655,66,3.0,0.0,0.0,80.805,94.09299999999985,38.777000000000044,4.8400000000001455,1,0.0,0.0,,0.0,0.0,0.0,308.648,7,6,0
49.0,49.0,9.0,28.4,61.0,1002.3,0,47.4,60,2.0,Barcelona,4.655,66,3.0,0.0,0.0,80.699,91.60199999999986,40.878000000000156,4.925000000000182,1,0.0,0.0,,0.0,0.0,0.0,389.347,7,6,0
50.0,50.0,9.0,28.4,61.0,1002.3,0,47.4,60,2.0,Barcelona,4.655,66,3.0,0.0,0.0,79.794,73.65599999999995,42.327999999999975,7.0219999999999345,1,0.0,0.0,,0.0,0.0,0.0,469.141,7,6,0
51.0,51.0,9.0,28.4,61.0,1002.3,0,47.4,60,2.0,Barcelona,4.655,66,3.0,0.0,0.0,79.936,74.8119999999999,43.54199999999946,10.0600000000004,1,0.0,0.0,,0.0,0.0,0.0,549.077,7,6,0
52.0,52.0,9.0,28.4,61.0,1002.3,0,47.4,60,2.0,Barcelona,4.655,66,3.0,0.0,0.0,79.987,76.0029999999997,44.884000000000015,9.878000000000611,1,0.0,0.0,,0.0,0.0,0.0,629.064,7,6,0
53.0,53.0,9.0,28.4,61.0,1002.3,0,47.4,60,2.0,Barcelona,4.655,66,3.0,0.0,0.0,81.133,79.2510000000002,46.85699999999997,8.730999999999767,1,0.0,0.0,,0.0,0.0,0.0,710.197,7,6,0
11.0,11.0,13.0,29.5,51.0,1003.1,0,49.4,351,1.0,Barcelona,4.655,66,3.0,0.0,0.0,83.044,33.047000000000025,6.019999999999982,6.841000000000008,1,0.0,0.0,,0.0,0.0,0.0,857.235,11,1,0
12.0,12.0,13.0,29.5,51.0,1003.1,0,49.4,351,1.0,Barcelona,4.655,66,3.0,0.0,0.0,83.037,34.99300000000005,5.739000000000033,5.467999999999961,1,0.0,0.0,,0.0,0.0,0.0,940.272,11,1,0
13.0,13.0,13.0,29.5,51.0,1003.1,0,49.4,351,1.0,Barcelona,4.655,66,3.0,0.0,0.0,83.742,37.702,4.9249999999999545,3.9780000000000655,1,0.0,0.0,,0.0,0.0,0.0,1024.014,11,1,0
17.0,1.0,9.0,29.5,51.0,1003.1,0,49.4,351,1.0,Barcelona,4.655,66,2.0,0.0,0.0,99.78,40.46799999999985,11.154999999999973,8.235000000000127,1,0.0,0.0,,0.0,0.0,0.0,1349.68,12,4,0
18.0,2.0,8.0,29.5,51.0,1003.1,0,49.4,351,1.0,Barcelona,4.655,66,2.0,0.0,0.0,80.948,40.722999999999956,9.521999999999935,9.385999999999967,1,0.0,0.0,,0.0,0.0,0.0,1430.628,12,4,0
19.0,3.0,8.0,29.5,51.0,1003.1,0,49.4,351,1.0,Barcelona,4.655,66,2.0,0.0,0.0,81.348,41.221000000000004,4.5629999999998745,10.340999999999894,1,0.0,0.0,,0.0,0.0,0.0,1511.976,12,4,0
25.0,6.0,16.0,29.5,51.0,1003.1,0,49.4,351,1.0,Barcelona,4.655,66,2.0,0.0,0.0,81.192,60.97399999999993,11.804999999999836,2.0080000000002656,1,0.0,0.0,,0.0,0.0,0.0,2032.606,13,6,0
26.0,7.0,15.0,29.5,51.0,1003.1,0,49.4,351,1.0,Barcelona,4.655,66,2.0,0.0,0.0,81.225,61.81699999999955,10.970999999999549,4.7800000000002,1,0.0,0.0,,0.0,0.0,0.0,2113.831,13,6,0
27.0,8.0,15.0,29.5,51.0,1003.1,0,49.4,351,1.0,Barcelona,4.655,66,2.0,0.0,0.0,80.999,62.14399999999978,10.16800000000012,6.5470000000000255,1,0.0,0.0,,0.0,0.0,0.0,2194.83,13,6,0
28.0,9.0,15.0,29.5,51.0,1003.1,0,49.4,351,1.0,Barcelona,4.655,66,2.0,0.0,0.0,81.159,62.722999999999956,9.655999999999949,7.886999999999716,1,0.0,0.0,,0.0,0.0,0.0,2275.989,13,6,0
29.0,10.0,15.0,29.5,51.0,1003.1,0,49.4,351,1.0,Barcelona,4.655,66,2.0,0.0,0.0,81.54,60.94300000000021,9.61999999999989,9.849999999999909,1,0.0,0.0,,0.0,0.0,0.0,2357.529,13,6,0
30.0,11.0,15.0,29.5,51.0,1003.1,0,49.4,351,1.0,Barcelona,4.655,66,2.0,0.0,0.0,81.448,62.58399999999983,9.320000000000164,11.047000000000025,1,0.0,0.0,,0.0,0.0,0.0,2438.977,13,6,0
31.0,12.0,15.0,29.5,51.0,1003.1,0,49.4,351,1.0,Barcelona,4.655,66,2.0,0.0,0.0,81.612,64.47699999999986,7.802000000000135,12.027999999999793,1,0.0,0.0,,0.0,0.0,0.0,2520.589,13,6,0
32.0,13.0,14.0,29.5,51.0,1003.1,0,49.4,351,1.0,Barcelona,4.655,66,2.0,0.0,0.0,82.119,66.61300000000028,8.051000000000386,13.165999999999713,1,0.0,0.0,,0.0,0.0,0.0,2602.708,13,6,0
33.0,14.0,14.0,29.5,51.0,1003.1,0,49.4,351,1.0,Barcelona,4.655,66,2.0,0.0,0.0,81.904,68.13000000000011,8.095000000000255,15.502999999999702,1,0.0,0.0,,0.0,0.0,0.0,2684.612,13,6,0
34.0,15.0,13.0,29.5,51.0,1003.1,0,49.4,351,1.0,Barcelona,4.655,66,2.0,0.0,0.0,81.874,69.5300000000002,8.067000000000007,17.585000000000036,1,0.0,0.0,,0.0,0.0,0.0,2766.486,13,6,0
35.0,16.0,13.0,29.5,51.0,1003.1,0,49.4,351,1.0,Barcelona,4.655,66,2.0,0.0,0.0,81.666,71.04600000000028,2.66800000000012,18.233999999999924,1,0.0,0.0,,0.0,0.0,0.0,2848.152,13,6,0
50.0,50.0,17.0,28.4,61.0,1002.3,0,47.4,60,2.0,Barcelona,4.655,66,3.0,0.0,0.0,98.032,98.15800000000036,17.938000000000102,16.66899999999987,1,0.0,0.0,,0.0,0.0,0.0,493.643,13,6,0
51.0,51.0,17.0,28.4,61.0,1002.3,0,47.4,60,2.0,Barcelona,4.655,66,3.0,0.0,0.0,78.297,97.67500000000018,13.271999999999935,18.44800000000032,1,0.0,0.0,,0.0,0.0,0.0,571.94,13,6,0
52.0,52.0,17.0,28.4,61.0,1002.3,0,47.4,60,2.0,Barcelona,4.655,66,3.0,0.0,0.0,79.386,98.26500000000033,9.954000000000633,19.18199999999979,1,0.0,0.0,,0.0,0.0,0.0,651.326,13,6,0
53.0,53.0,17.0,28.4,61.0,1002.3,0,47.4,60,2.0,Barcelona,4.655,66,3.0,0.0,0.0,79.454,99.83399999999983,8.449999999999818,19.807999999999993,1,0.0,0.0,,0.0,0.0,0.0,730.78,13,6,0
8.0,8.0,15.0,29.5,51.0,1003.1,0,49.4,351,1.0,Barcelona,4.655,66,3.0,0.0,0.0,83.405,26.759000000000015,15.927000000000021,5.20799999999997,1,0.0,0.0,,0.0,0.0,0.0,608.154,14,5,0
25.0,25.0,15.0,29.5,51.0,1003.1,0,49.4,351,1.0,Barcelona,4.655,66,3.0,0.0,0.0,81.867,56.73699999999985,32.31699999999955,14.158000000000357,1,0.0,0.0,,0.0,0.0,0.0,2028.369,14,5,0
26.0,26.0,14.0,29.5,51.0,1003.1,0,49.4,351,1.0,Barcelona,4.655,66,3.0,0.0,0.0,81.915,58.26999999999998,33.64000000000033,12.434999999999945,1,0.0,0.0,,0.0,0.0,0.0,2110.284,14,5,0
27.0,27.0,14.0,29.5,51.0,1003.1,0,49.4,351,1.0,Barcelona,4.655,66,3.0,0.0,0.0,81.686,59.28399999999965,35.01499999999987,11.13000000000011,1,0.0,0.0,,0.0,0.0,0.0,2191.97,14,5,0
28.0,28.0,14.0,29.5,51.0,1003.1,0,49.4,351,1.0,Barcelona,4.655,66,3.0,0.0,0.0,81.877,60.580999999999676,36.16599999999971,10.37900000000036,1,0.0,0.0,,0.0,0.0,0.0,2273.847,14,5,0
29.0,29.0,14.0,29.5,51.0,1003.1,0,49.4,351,1.0,Barcelona,4.655,66,3.0,0.0,0.0,82.105,59.365999999999985,37.922000000000025,8.653999999999996,1,0.0,0.0,,0.0,0.0,0.0,2355.952,14,5,0
30.0,30.0,14.0,29.5,51.0,1003.1,0,49.4,351,1.0,Barcelona,4.655,66,3.0,0.0,0.0,81.918,61.47699999999986,39.41300000000001,6.9650000000001455,1,0.0,0.0,,0.0,0.0,0.0,2437.87,14,5,0
31.0,31.0,14.0,29.5,51.0,1003.1,0,49.4,351,1.0,Barcelona,4.655,66,3.0,0.0,0.0,82.026,63.78399999999965,41.017999999999574,5.617000000000189,1,0.0,0.0,,0.0,0.0,0.0,2519.896,14,5,0
32.0,32.0,13.0,29.5,51.0,1003.1,0,49.4,351,1.0,Barcelona,4.655,66,3.0,0.0,0.0,81.993,65.79400000000032,42.478000000000065,4.429999999999836,1,0.0,0.0,,0.0,0.0,0.0,2601.889,14,5,0
33.0,33.0,13.0,29.5,51.0,1003.1,0,49.4,351,1.0,Barcelona,4.655,66,3.0,0.0,0.0,82.29,67.69700000000012,44.09900000000016,3.088999999999942,1,0.0,0.0,,0.0,0.0,0.0,2684.179,14,5,0
45.0,11.0,15.0,28.4,61.0,1002.3,0,47.4,60,2.0,Barcelona,4.655,66,2.0,0.0,0.0,80.673,102.99699999999984,59.067999999999756,9.670000000000073,1,0.0,0.0,,0.0,0.0,0.0,79.309,14,5,0
46.0,12.0,15.0,28.4,61.0,1002.3,0,47.4,60,2.0,Barcelona,4.655,66,2.0,0.0,0.0,80.588,104.35000000000036,60.30500000000029,7.079999999999927,1,0.0,0.0,,0.0,0.0,0.0,159.897,14,5,0
47.0,13.0,15.0,28.4,61.0,1002.3,0,47.4,60,2.0,Barcelona,4.655,66,2.0,0.0,0.0,80.378,105.09799999999996,61.289999999999964,6.911000000000058,1,0.0,0.0,,0.0,0.0,0.0,240.275,14,5,0
48.0,14.0,15.0,28.4,61.0,1002.3,0,47.4,60,2.0,Barcelona,4.655,66,2.0,0.0,0.0,80.5,106.2199999999998,62.74299999999994,5.9090000000001055,1,0.0,0.0,,0.0,0.0,0.0,320.775,14,5,0
49.0,15.0,15.0,28.4,61.0,1002.3,0,47.4,60,2.0,Barcelona,4.655,66,2.0,0.0,0.0,81.614,104.64399999999978,65.23599999999988,3.4279999999998836,1,0.0,0.0,,0.0,0.0,0.0,402.389,14,5,0
50.0,16.0,14.0,28.4,61.0,1002.3,0,47.4,60,2.0,Barcelona,4.655,66,2.0,0.0,0.0,80.402,87.3060000000005,66.22200000000021,2.3259999999991123,1,0.0,0.0,,0.0,0.0,0.0,482.791,14,5,0
1.0,1.0,6.0,29.5,51.0,1003.1,0,49.4,351,1.0,Barcelona,4.655,66,3.0,0.0,0.0,86.617,3.7379999999999995,3.7379999999999995,5.191999999999993,1,0.0,0.0,,0.0,0.0,0.0,22.217,16,2,0
2.0,2.0,6.0,29.5,51.0,1003.1,0,49.4,351,1.0,Barcelona,4.655,66,3.0,0.0,0.0,81.564,5.09099999999998,5.09099999999998,7.479000000000013,1,0.0,0.0,,0.0,0.0,0.0,103.781,16,2,0
3.0,3.0,6.0,29.5,51.0,1003.1,0,49.4,351,1.0,Barcelona,4.655,66,3.0,0.0,0.0,81.385,6.609999999999985,6.609999999999985,8.998999999999995,1,0.0,0.0,,0.0,0.0,0.0,185.166,16,2,0
4.0,4.0,6.0,29.5,51.0,1003.1,0,49.4,351,1.0,Barcelona,4.655,66,3.0,0.0,0.0,81.126,7.3770000000000095,7.3770000000000095,10.242999999999995,1,0.0,0.0,,0.0,0.0,0.0,266.292,16,2,0
5.0,5.0,6.0,29.5,51.0,1003.1,0,49.4,351,1.0,Barcelona,4.655,66,3.0,0.0,0.0,81.13,8.04000000000002,8.04000000000002,11.58299999999997,1,0.0,0.0,,0.0,0.0,0.0,347.422,16,2,0
6.0,6.0,6.0,29.5,51.0,1003.1,0,49.4,351,1.0,Barcelona,4.655,66,3.0,0.0,0.0,81.383,9.168999999999983,9.168999999999983,13.036000000000001,1,0.0,0.0,,0.0,0.0,0.0,428.805,16,2,0
7.0,7.0,6.0,29.5,51.0,1003.1,0,49.4,351,1.0,Barcelona,4.655,66,3.0,0.0,0.0,81.684,9.922000000000025,9.922000000000025,14.259999999999991,1,0.0,0.0,,0.0,0.0,0.0,510.489,16,2,0
8.0,8.0,6.0,29.5,51.0,1003.1,0,49.4,351,1.0,Barcelona,4.655,66,3.0,0.0,0.0,81.738,10.831999999999994,10.831999999999994,15.927000000000021,1,0.0,0.0,,0.0,0.0,0.0,592.227,16,2,0
9.0,9.0,6.0,29.5,51.0,1003.1,0,49.4,351,1.0,Barcelona,4.655,66,3.0,0.0,0.0,82.136,12.201000000000022,12.201000000000022,20.101999999999975,1,0.0,0.0,,0.0,0.0,0.0,674.363,16,2,0
10.0,10.0,6.0,29.5,51.0,1003.1,0,49.4,351,1.0,Barcelona,4.655,66,3.0,0.0,0.0,82.081,13.392000000000053,13.392000000000053,46.33600000000001,1,0.0,0.0,,0.0,0.0,0.0,756.444,16,2,0
11.0,11.0,6.0,29.5,51.0,1003.1,0,49.4,351,1.0,Barcelona,4.655,66,3.0,0.0,0.0,81.472,13.728000000000065,13.728000000000065,45.96499999999992,1,0.0,0.0,,0.0,0.0,0.0,837.916,16,2,0
12.0,12.0,6.0,29.5,51.0,1003.1,0,49.4,351,1.0,Barcelona,4.655,66,3.0,0.0,0.0,81.625,14.262000000000057,14.262000000000057,45.3599999999999,1,0.0,0.0,,0.0,0.0,0.0,919.541,16,2,0
13.0,13.0,6.0,29.5,51.0,1003.1,0,49.4,351,1.0,Barcelona,4.655,66,3.0,0.0,0.0,82.055,15.284000000000106,15.284000000000106,44.87299999999982,1,0.0,0.0,,0.0,0.0,0.0,1001.596,16,2,0
14.0,14.0,5.0,29.5,51.0,1003.1,0,49.4,351,1.0,Barcelona,4.655,66,3.0,0.0,0.0,82.339,16.843000000000075,16.843000000000075,43.99000000000001,1,0.0,0.0,,0.0,0.0,0.0,1083.935,16,2,0
15.0,15.0,5.0,29.5,51.0,1003.1,0,49.4,351,1.0,Barcelona,4.655,66,3.0,0.0,0.0,81.968,18.006999999999834,18.006999999999834,43.320000000000164,1,0.0,0.0,,0.0,0.0,0.0,1165.903,16,2,0
16.0,16.0,4.0,29.5,51.0,1003.1,0,49.4,351,1.0,Barcelona,4.655,66,3.0,0.0,0.0,81.547,18.894999999999982,18.894999999999982,43.093000000000075,1,0.0,0.0,,0.0,0.0,0.0,1247.45,16,2,0
17.0,17.0,4.0,29.5,51.0,1003.1,0,49.4,351,1.0,Barcelona,4.655,66,3.0,0.0,0.0,81.382,19.61999999999989,19.61999999999989,43.289999999999964,1,0.0,0.0,,0.0,0.0,0.0,1328.832,16,2,0
18.0,18.0,3.0,29.5,51.0,1003.1,0,49.4,351,1.0,Barcelona,4.655,66,3.0,0.0,0.0,81.732,20.658999999999878,20.658999999999878,44.68600000000015,1,0.0,0.0,,0.0,0.0,0.0,1410.564,16,2,0
19.0,19.0,4.0,29.5,51.0,1003.1,0,49.4,351,1.0,Barcelona,4.655,66,3.0,0.0,0.0,82.971,22.779999999999973,22.779999999999973,43.722999999999956,1,0.0,0.0,,0.0,0.0,0.0,1493.535,16,2,0
21.0,1.0,7.0,29.5,51.0,1003.1,0,49.4,351,1.0,Barcelona,4.655,66,2.0,0.0,0.0,97.202,43.539999999999964,43.539999999999964,24.113000000000056,1,0.0,0.0,,0.0,0.0,0.0,1676.892,16,2,0
22.0,2.0,6.0,29.5,51.0,1003.1,0,49.4,351,1.0,Barcelona,4.655,66,2.0,0.0,0.0,79.163,37.46799999999985,37.46799999999985,26.888000000000147,1,0.0,0.0,,0.0,0.0,0.0,1756.055,16,2,0
23.0,3.0,6.0,29.5,51.0,1003.1,0,49.4,351,1.0,Barcelona,4.655,66,2.0,0.0,0.0,79.512,24.017000000000053,18.30100000000016,29.23799999999983,1,0.0,0.0,,0.0,0.0,0.0,1835.567,16,2,0
24.0,4.0,6.0,29.5,51.0,1003.1,0,49.4,351,1.0,Barcelona,4.655,66,2.0,0.0,0.0,80.074,24.13299999999981,18.389999999999873,30.861000000000104,1,0.0,0.0,,0.0,0.0,0.0,1915.641,16,2,0
25.0,5.0,6.0,29.5,51.0,1003.1,0,49.4,351,1.0,Barcelona,4.655,66,2.0,0.0,0.0,80.411,24.4200000000003,18.95100000000025,32.31699999999955,1,0.0,0.0,,0.0,0.0,0.0,1996.052,16,2,0
26.0,6.0,6.0,29.5,51.0,1003.1,0,49.4,351,1.0,Barcelona,4.655,66,2.0,0.0,0.0,80.592,24.629999999999654,19.63000000000011,33.64000000000033,1,0.0,0.0,,0.0,0.0,0.0,2076.644,16,2,0
27.0,7.0,6.0,29.5,51.0,1003.1,0,49.4,351,1.0,Barcelona,4.655,66,2.0,0.0,0.0,80.311,24.268999999999778,20.192000000000007,35.01499999999987,1,0.0,0.0,,0.0,0.0,0.0,2156.955,16,2,0
28.0,8.0,6.0,29.5,51.0,1003.1,0,49.4,351,1.0,Barcelona,4.655,66,2.0,0.0,0.0,80.726,24.414999999999964,21.014000000000124,36.16599999999971,1,0.0,0.0,,0.0,0.0,0.0,2237.681,16,2,0
29.0,9.0,6.0,29.5,51.0,1003.1,0,49.4,351,1.0,Barcelona,4.655,66,2.0,0.0,0.0,80.349,21.44399999999996,21.44399999999996,37.922000000000025,1,0.0,0.0,,0.0,0.0,0.0,2318.03,16,2,0
30.0,10.0,6.0,29.5,51.0,1003.1,0,49.4,351,1.0,Barcelona,4.655,66,2.0,0.0,0.0,80.427,22.06399999999985,22.06399999999985,39.41300000000001,1,0.0,0.0,,0.0,0.0,0.0,2398.457,16,2,0
31.0,11.0,6.0,29.5,51.0,1003.1,0,49.4,351,1.0,Barcelona,4.655,66,2.0,0.0,0.0,80.421,22.766000000000076,22.766000000000076,41.017999999999574,1,0.0,0.0,,0.0,0.0,0.0,2478.878,16,2,0
32.0,12.0,6.0,29.5,51.0,1003.1,0,49.4,351,1.0,Barcelona,4.655,66,2.0,0.0,0.0,80.533,23.31600000000026,23.31600000000026,42.478000000000065,1,0.0,0.0,,0.0,0.0,0.0,2559.411,16,2,0
33.0,13.0,6.0,29.5,51.0,1003.1,0,49.4,351,1.0,Barcelona,4.655,66,2.0,0.0,0.0,80.669,23.597999999999956,23.597999999999956,44.09900000000016,1,0.0,0.0,,0.0,0.0,0.0,2640.08,16,2,0
34.0,14.0,6.0,29.5,51.0,1003.1,0,49.4,351,1.0,Barcelona,4.655,66,2.0,0.0,0.0,80.421,23.545000000000073,23.545000000000073,50.590000000000146,1,0.0,0.0,,0.0,0.0,0.0,2720.501,16,2,0
35.0,15.0,6.0,29.5,51.0,1003.1,0,49.4,351,1.0,Barcelona,4.655,66,2.0,0.0,0.0,80.619,24.014000000000124,24.014000000000124,69.5,1,0.0,0.0,,0.0,0.0,0.0,2801.12,16,2,0
36.0,16.0,6.0,29.5,51.0,1003.1,0,49.4,351,1.0,Barcelona,4.655,66,2.0,0.0,0.0,80.368,24.2529999999997,24.2529999999997,70.61000000000013,1,0.0,0.0,,0.0,0.0,0.0,2881.488,16,2,0
37.0,17.0,6.0,29.5,51.0,1003.1,0,49.4,351,1.0,Barcelona,4.655,66,2.0,0.0,0.0,80.537,24.333000000000084,24.333000000000084,70.79700000000003,1,0.0,0.0,,0.0,0.0,0.0,2962.025,16,2,0
38.0,18.0,6.0,29.5,51.0,1003.1,0,49.4,351,1.0,Barcelona,4.655,66,2.0,0.0,0.0,80.524,25.17599999999993,25.17599999999993,71.23399999999992,1,0.0,0.0,,0.0,0.0,0.0,3042.549,16,2,0
39.0,19.0,6.0,29.5,51.0,1003.1,0,49.4,351,1.0,Barcelona,4.655,66,2.0,0.0,0.0,80.499,25.730000000000018,25.730000000000018,71.84700000000021,1,0.0,0.0,,0.0,0.0,0.0,3123.048,16,2,0
40.0,20.0,6.0,29.5,51.0,1003.1,0,49.4,351,1.0,Barcelona,4.655,66,2.0,0.0,0.0,80.888,26.325000000000273,26.325000000000273,71.51599999999962,1,0.0,0.0,,0.0,0.0,0.0,3203.936,16,2,0
42.0,42.0,7.0,29.5,51.0,1003.1,0,49.4,351,1.0,Barcelona,4.655,66,3.0,0.0,0.0,95.215,45.858000000000175,45.858000000000175,52.784999999999854,1,0.0,0.0,,0.0,0.0,0.0,3383.735,16,2,0
43.0,43.0,7.0,29.5,51.0,1003.1,0,49.4,351,1.0,Barcelona,4.655,66,3.0,0.0,0.0,78.437,44.80600000000004,44.80600000000004,55.82899999999972,1,0.0,0.0,,0.0,0.0,0.0,3462.172,16,2,0
44.0,44.0,6.0,29.5,51.0,1003.1,0,49.4,351,1.0,Barcelona,4.655,66,3.0,0.0,0.0,79.079,44.1909999999998,44.1909999999998,57.57100000000037,1,0.0,0.0,,0.0,0.0,0.0,3541.251,16,2,0
45.0,45.0,6.0,28.4,61.0,1002.3,0,47.4,60,2.0,Barcelona,4.655,66,3.0,0.0,0.0,79.176,43.92900000000009,43.92900000000009,59.067999999999756,1,0.0,0.0,,0.0,0.0,0.0,20.241,16,2,0
46.0,46.0,6.0,28.4,61.0,1002.3,0,47.4,60,2.0,Barcelona,4.655,66,3.0,0.0,0.0,79.351,44.04500000000007,44.04500000000007,60.30500000000029,1,0.0,0.0,,0.0,0.0,0.0,99.592,16,2,0
47.0,47.0,5.0,28.4,61.0,1002.3,0,47.4,60,2.0,Barcelona,4.655,66,3.0,0.0,0.0,79.393,43.80799999999999,43.80799999999999,61.289999999999964,1,0.0,0.0,,0.0,0.0,0.0,178.985,16,2,0
48.0,48.0,5.0,28.4,61.0,1002.3,0,47.4,60,2.0,Barcelona,4.655,66,3.0,0.0,0.0,79.047,43.47699999999986,43.47699999999986,62.74299999999994,1,0.0,0.0,,0.0,0.0,0.0,258.032,16,2,0
49.0,49.0,5.0,28.4,61.0,1002.3,0,47.4,60,2.0,Barcelona,4.655,66,3.0,0.0,0.0,79.121,39.4079999999999,39.4079999999999,65.23599999999988,1,0.0,0.0,,0.0,0.0,0.0,337.153,16,2,0
50.0,50.0,5.0,28.4,61.0,1002.3,0,47.4,60,2.0,Barcelona,4.655,66,3.0,0.0,0.0,79.416,21.084000000000287,21.084000000000287,66.22200000000021,1,0.0,0.0,,0.0,0.0,0.0,416.569,16,2,0
51.0,51.0,5.0,28.4,61.0,1002.3,0,47.4,60,2.0,Barcelona,4.655,66,3.0,0.0,0.0,79.471,21.775000000000546,21.775000000000546,67.24499999999989,1,0.0,0.0,,0.0,0.0,0.0,496.04,16,2,0
52.0,52.0,5.0,28.4,61.0,1002.3,0,47.4,60,2.0,Barcelona,4.655,66,3.0,0.0,0.0,79.28,22.259000000000015,22.259000000000015,68.56800000000021,1,0.0,0.0,,0.0,0.0,0.0,575.32,16,2,0
53.0,53.0,5.0,28.4,61.0,1002.3,0,47.4,60,2.0,Barcelona,4.655,66,3.0,0.0,0.0,79.426,23.800000000000182,23.800000000000182,69.55899999999929,1,0.0,0.0,,0.0,0.0,0.0,654.746,16,2,0
54.0,54.0,5.0,28.4,61.0,1002.3,0,47.4,60,2.0,Barcelona,4.655,66,3.0,0.0,0.0,79.578,25.61200000000008,25.61200000000008,87.27700000000004,1,0.0,0.0,,0.0,0.0,0.0,734.324,16,2,0
61.0,61.0,5.0,28.4,61.0,1002.3,0,47.4,60,2.0,Barcelona,4.655,66,3.0,0.0,0.0,78.843,4.738999999999578,4.738999999999578,7.28899999999976,1,0.0,0.0,,0.0,0.0,0.0,1534.199,16,2,0
62.0,62.0,5.0,28.4,61.0,1002.3,0,47.4,60,2.0,Barcelona,4.655,66,3.0,0.0,0.0,77.244,6.050000000000182,6.050000000000182,10.574999999999818,1,0.0,0.0,,0.0,0.0,0.0,1611.443,16,2,0
63.0,63.0,5.0,28.4,61.0,1002.3,0,47.4,60,2.0,Barcelona,4.655,66,3.0,0.0,0.0,77.594,7.266999999999825,7.266999999999825,13.195000000000618,1,0.0,0.0,,0.0,0.0,0.0,1689.037,16,2,0
64.0,64.0,4.0,28.4,61.0,1002.3,0,47.4,60,2.0,Barcelona,4.655,66,3.0,0.0,0.0,78.793,9.480000000000473,9.480000000000473,15.05199999999968,1,0.0,0.0,,0.0,0.0,0.0,1767.83,16,2,0
65.0,65.0,4.0,28.4,61.0,1002.3,0,47.4,60,2.0,Barcelona,4.655,66,3.0,0.0,0.0,77.749,10.234999999999673,10.234999999999673,16.61999999999989,1,0.0,0.0,,0.0,0.0,0.0,1845.579,16,2,0
66.0,66.0,4.0,28.4,61.0,1002.3,0,47.4,60,2.0,Barcelona,4.655,66,3.0,0.0,0.0,78.569,11.359000000000378,11.359000000000378,17.949999999999818,1,0.0,0.0,,0.0,0.0,0.0,1924.148,16,2,0
20.0,12.0,11.0,29.5,51.0,1003.1,0,49.4,351,1.0,Barcelona,4.655,66,2.0,0.0,0.0,83.758,57.33899999999994,29.281999999999925,16.121000000000095,1,0.0,0.0,,0.0,0.0,0.0,1609.22,18,8,0
21.0,13.0,11.0,29.5,51.0,1003.1,0,49.4,351,1.0,Barcelona,4.655,66,2.0,0.0,0.0,82.287,58.15499999999997,24.82399999999984,15.807999999999993,1,0.0,0.0,,0.0,0.0,0.0,1691.507,18,8,0
22.0,14.0,11.0,29.5,51.0,1003.1,0,49.4,351,1.0,Barcelona,4.655,66,2.0,0.0,0.0,82.339,55.259000000000015,7.4780000000000655,14.63299999999981,1,0.0,0.0,,0.0,0.0,0.0,1773.846,18,8,0
23.0,15.0,11.0,29.5,51.0,1003.1,0,49.4,351,1.0,Barcelona,4.655,66,2.0,0.0,0.0,82.529,44.825000000000045,8.356999999999971,13.555999999999813,1,0.0,0.0,,0.0,0.0,0.0,1856.375,18,8,0
24.0,16.0,11.0,29.5,51.0,1003.1,0,49.4,351,1.0,Barcelona,4.655,66,2.0,0.0,0.0,82.515,47.381999999999834,10.365000000000009,12.524000000000115,1,0.0,0.0,,0.0,0.0,0.0,1938.89,18,8,0
25.0,17.0,11.0,29.5,51.0,1003.1,0,49.4,351,1.0,Barcelona,4.655,66,2.0,0.0,0.0,81.911,49.169000000000096,11.382000000000062,11.804999999999836,1,0.0,0.0,,0.0,0.0,0.0,2020.801,18,8,0
26.0,18.0,11.0,29.5,51.0,1003.1,0,49.4,351,1.0,Barcelona,4.655,66,2.0,0.0,0.0,82.059,50.846000000000004,12.667000000000371,10.970999999999549,1,0.0,0.0,,0.0,0.0,0.0,2102.86,18,8,0
27.0,19.0,11.0,29.5,51.0,1003.1,0,49.4,351,1.0,Barcelona,4.655,66,2.0,0.0,0.0,81.802,51.97599999999966,13.772999999999683,10.16800000000012,1,0.0,0.0,,0.0,0.0,0.0,2184.662,18,8,0
28.0,20.0,11.0,29.5,51.0,1003.1,0,49.4,351,1.0,Barcelona,4.655,66,2.0,0.0,0.0,81.671,53.06700000000001,14.959000000000287,9.655999999999949,1,0.0,0.0,,0.0,0.0,0.0,2266.333,18,8,0
29.0,21.0,11.0,29.5,51.0,1003.1,0,49.4,351,1.0,Barcelona,4.655,66,2.0,0.0,0.0,81.576,51.32300000000032,16.01700000000028,9.61999999999989,1,0.0,0.0,,0.0,0.0,0.0,2347.909,18,8,0
30.0,22.0,11.0,29.5,51.0,1003.1,0,49.4,351,1.0,Barcelona,4.655,66,2.0,0.0,0.0,81.748,53.26399999999967,17.36999999999989,9.320000000000164,1,0.0,0.0,,0.0,0.0,0.0,2429.657,18,8,0
31.0,23.0,11.0,29.5,51.0,1003.1,0,49.4,351,1.0,Barcelona,4.655,66,2.0,0.0,0.0,83.13,56.67499999999973,19.971000000000004,7.802000000000135,1,0.0,0.0,,0.0,0.0,0.0,2512.787,18,8,0
32.0,24.0,10.0,29.5,51.0,1003.1,0,49.4,351,1.0,Barcelona,4.655,66,2.0,0.0,0.0,81.87,58.5619999999999,21.365999999999985,8.051000000000386,1,0.0,0.0,,0.0,0.0,0.0,2594.657,18,8,0
33.0,25.0,10.0,29.5,51.0,1003.1,0,49.4,351,1.0,Barcelona,4.655,66,2.0,0.0,0.0,81.86,60.034999999999854,22.677000000000135,8.095000000000255,1,0.0,0.0,,0.0,0.0,0.0,2676.517,18,8,0
34.0,26.0,10.0,29.5,51.0,1003.1,0,49.4,351,1.0,Barcelona,4.655,66,2.0,0.0,0.0,81.902,61.46300000000019,23.654999999999745,8.067000000000007,1,0.0,0.0,,0.0,0.0,0.0,2758.419,18,8,0
50.0,42.0,11.0,28.4,61.0,1002.3,0,47.4,60,2.0,Barcelona,4.655,66,2.0,0.0,0.0,81.975,80.22000000000025,25.98199999999997,17.938000000000102,1,0.0,0.0,,0.0,0.0,0.0,475.705,18,8,0
51.0,43.0,11.0,28.4,61.0,1002.3,0,47.4,60,2.0,Barcelona,4.655,66,2.0,0.0,0.0,82.963,84.40300000000025,30.61700000000019,13.271999999999935,1,0.0,0.0,,0.0,0.0,0.0,558.668,18,8,0
52.0,44.0,13.0,28.4,61.0,1002.3,0,47.4,60,2.0,Barcelona,4.655,66,2.0,0.0,0.0,82.704,88.3109999999997,35.0659999999998,9.954000000000633,1,0.0,0.0,,0.0,0.0,0.0,641.372,18,8,0
53.0,45.0,13.0,28.4,61.0,1002.3,0,47.4,60,2.0,Barcelona,4.655,66,2.0,0.0,0.0,80.958,91.38400000000001,36.98400000000038,8.449999999999818,1,0.0,0.0,,0.0,0.0,0.0,722.33,18,8,0
1.0,1.0,9.0,23.0,28.0,1019.1,0,47.1,53,1.3,Montréal,4.361,70,5.0,0.0,0.0,87.961,6.108999999999995,3.2660000000000053,5.337000000000003,1,0.0,0.0,0.0,0.0,0.0,,3533.372,8,6,0
2.0,2.0,9.0,23.6,29.0,1018.9,0,50.1,3,1.0,Montréal,4.361,70,5.0,0.0,0.0,77.872,7.544000000000011,3.818000000000012,6.989000000000004,1,0.0,0.0,0.0,0.0,0.0,,11.084,8,6,0
3.0,3.0,9.0,23.6,29.0,1018.9,0,50.1,3,1.0,Montréal,4.361,70,5.0,0.0,0.0,77.854,9.14500000000001,4.805000000000007,7.61699999999999,1,0.0,0.0,0.0,0.0,0.0,,88.938,8,6,0
4.0,4.0,9.0,23.6,29.0,1018.9,0,50.1,3,1.0,Montréal,4.361,70,5.0,0.0,0.0,77.895,11.053999999999974,5.718000000000018,8.324000000000012,1,0.0,0.0,0.0,0.0,0.0,,166.833,8,6,0
5.0,5.0,9.0,23.6,29.0,1018.9,0,50.1,3,1.0,Montréal,4.361,70,5.0,0.0,0.0,77.345,12.591000000000008,6.55600000000004,8.975999999999999,1,0.0,0.0,0.0,0.0,0.0,,244.178,8,6,0
6.0,6.0,9.0,23.6,29.0,1018.9,0,50.1,3,1.0,Montréal,4.361,70,5.0,0.0,0.0,77.295,13.901999999999987,7.34499999999997,9.360000000000014,1,0.0,0.0,0.0,0.0,0.0,,321.473,8,6,0
7.0,7.0,9.0,23.6,29.0,1018.9,0,50.1,3,1.0,Montréal,4.361,70,5.0,0.0,0.0,76.987,14.504999999999995,7.833999999999946,10.006000000000085,1,0.0,0.0,0.0,0.0,0.0,,398.46,8,6,0
8.0,8.0,9.0,23.6,29.0,1018.9,0,50.1,3,1.0,Montréal,4.361,70,5.0,0.0,0.0,77.35,15.442000000000007,8.750999999999976,10.173000000000002,1,0.0,0.0,0.0,0.0,0.0,,475.81,8,6,0
9.0,9.0,9.0,23.6,29.0,1018.9,0,50.1,3,1.0,Montréal,4.361,70,5.0,0.0,0.0,77.046,15.879999999999995,9.139999999999986,11.115000000000009,1,0.0,0.0,0.0,0.0,0.0,,552.856,8,6,0
10.0,10.0,9.0,23.6,29.0,1018.9,0,50.1,3,1.0,Montréal,4.361,70,5.0,0.0,0.0,77.232,16.573999999999955,9.662000000000035,11.235000000000014,1,0.0,0.0,0.0,0.0,0.0,,630.088,8,6,0
11.0,11.0,9.0,23.6,29.0,1018.9,0,50.1,3,1.0,Montréal,4.361,70,5.0,0.0,0.0,77.513,17.528999999999996,10.44900000000007,11.091999999999985,1,0.0,0.0,0.0,0.0,0.0,,707.601,8,6,0
12.0,12.0,8.0,23.6,29.0,1018.9,0,50.1,3,1.0,Montréal,4.361,70,5.0,0.0,0.0,77.137,17.950999999999908,10.246999999999957,11.636000000000081,1,0.0,0.0,0.0,0.0,0.0,,784.738,8,6,0
13.0,13.0,8.0,23.6,29.0,1018.9,0,50.1,3,1.0,Montréal,4.361,70,5.0,0.0,0.0,77.234,14.458999999999946,10.273000000000025,12.50500000000011,1,0.0,0.0,0.0,0.0,0.0,,861.972,8,6,0
14.0,14.0,7.0,23.6,29.0,1018.9,0,50.1,3,1.0,Montréal,4.361,70,5.0,0.0,0.0,77.737,13.29300000000012,10.524000000000115,13.071999999999889,1,0.0,0.0,0.0,0.0,0.0,,939.709,8,6,0
37.0,18.0,12.0,23.6,29.0,1018.9,0,50.1,3,1.0,Montréal,4.361,70,4.0,0.0,0.0,77.137,60.5630000000001,32.96299999999974,2.887000000000171,1,0.0,0.0,0.0,0.0,0.0,,2741.572,8,6,0
38.0,19.0,12.0,23.6,29.0,1018.9,0,50.1,3,1.0,Montréal,4.361,70,4.0,0.0,0.0,76.677,61.67000000000007,33.891999999999825,20.199999999999818,1,0.0,0.0,0.0,0.0,0.0,,2818.249,8,6,0
39.0,20.0,12.0,23.6,29.0,1018.9,0,50.1,3,1.0,Montréal,4.361,70,4.0,0.0,0.0,76.824,62.728000000000065,34.71900000000005,24.146999999999935,1,0.0,0.0,0.0,0.0,0.0,,2895.073,8,6,0
40.0,21.0,12.0,23.6,29.0,1018.9,0,50.1,3,1.0,Montréal,4.361,70,4.0,0.0,0.0,76.536,63.5630000000001,35.17500000000018,25.402000000000044,1,0.0,0.0,0.0,0.0,0.0,,2971.609,8,6,0
41.0,22.0,12.0,23.6,29.0,1018.9,0,50.1,3,1.0,Montréal,4.361,70,4.0,0.0,0.0,76.338,64.42399999999998,35.289999999999964,26.05500000000029,1,0.0,0.0,0.0,0.0,0.0,,3047.947,8,6,0
42.0,23.0,12.0,23.6,29.0,1018.9,0,50.1,3,1.0,Montréal,4.361,70,4.0,0.0,0.0,76.226,56.878999999999905,34.92500000000018,27.05600000000004,1,0.0,0.0,0.0,0.0,0.0,,3124.173,8,6,0
43.0,24.0,12.0,23.6,29.0,1018.9,0,50.1,3,1.0,Montréal,4.361,70,4.0,0.0,0.0,76.175,57.40099999999984,34.517999999999574,28.208000000000084,1,0.0,0.0,0.0,0.0,0.0,,3200.348,8,6,0
44.0,25.0,12.0,23.6,29.0,1018.9,0,50.1,3,1.0,Montréal,4.361,70,4.0,0.0,0.0,76.389,58.06700000000001,34.11799999999994,29.52500000000009,1,0.0,0.0,0.0,0.0,0.0,,3276.737,8,6,0
45.0,26.0,12.0,23.6,29.0,1018.9,0,50.1,3,1.0,Montréal,4.361,70,4.0,0.0,0.0,76.477,56.07500000000027,18.47400000000016,30.27599999999984,1,0.0,0.0,0.0,0.0,0.0,,3353.214,8,6,0
46.0,27.0,12.0,23.6,29.0,1018.9,0,50.1,3,1.0,Montréal,4.361,70,4.0,0.0,0.0,76.304,56.873999999999796,16.128999999999905,32.59700000000021,1,0.0,0.0,0.0,0.0,0.0,,3429.518,8,6,0
47.0,28.0,12.0,23.6,29.0,1018.9,0,50.1,3,1.0,Montréal,4.361,70,4.0,0.0,0.0,77.141,53.64300000000003,17.541999999999916,33.10400000000027,1,0.0,0.0,0.0,0.0,0.0,,3506.659,8,6,0
49.0,30.0,11.0,25.0,27.0,1018.8,0,50.0,64,1.0,Montréal,4.361,70,4.0,0.0,0.0,75.799,53.996000000000095,16.697000000000116,36.215999999999894,1,0.0,0.0,0.0,0.0,0.0,,58.094,8,6,0
50.0,31.0,10.0,25.0,27.0,1018.8,0,50.0,64,1.0,Montréal,4.361,70,4.0,0.0,0.0,75.96,54.49400000000014,17.121000000000095,36.58899999999994,1,0.0,0.0,0.0,0.0,0.0,,134.054,8,6,0
51.0,32.0,10.0,25.0,27.0,1018.8,0,50.0,64,1.0,Montréal,4.361,70,4.0,0.0,0.0,75.978,54.98199999999997,17.39200000000028,37.047000000000025,1,0.0,0.0,0.0,0.0,0.0,,210.032,8,6,0
52.0,33.0,10.0,25.0,27.0,1018.8,0,50.0,64,1.0,Montréal,4.361,70,4.0,0.0,0.0,75.891,55.81200000000035,17.615000000000236,37.47599999999966,1,0.0,0.0,0.0,0.0,0.0,,285.923,8,6,0
53.0,34.0,10.0,25.0,27.0,1018.8,0,50.0,64,1.0,Montréal,4.361,70,4.0,0.0,0.0,75.669,54.68199999999979,17.987999999999374,39.69800000000032,1,0.0,0.0,0.0,0.0,0.0,,361.592,8,6,0
54.0,35.0,10.0,25.0,27.0,1018.8,0,50.0,64,1.0,Montréal,4.361,70,4.0,0.0,0.0,76.574,56.386999999999716,19.145000000000437,41.01499999999942,1,0.0,0.0,0.0,0.0,0.0,,438.166,8,6,0
14.0,1.0,6.0,23.6,29.0,1018.9,0,50.1,3,1.0,Montréal,4.361,70,4.0,0.0,0.0,78.756,11.478000000000065,11.478000000000065,12.057000000000016,1,0.0,0.0,0.0,0.0,0.0,,937.894,17,2,0
15.0,2.0,4.0,23.6,29.0,1018.9,0,50.1,3,1.0,Montréal,4.361,70,4.0,0.0,0.0,76.816,11.109000000000151,11.109000000000151,13.104000000000042,1,0.0,0.0,0.0,0.0,0.0,,1014.71,17,2,0
43.0,30.0,4.0,23.6,29.0,1018.9,0,50.1,3,1.0,Montréal,4.361,70,4.0,0.0,0.0,78.49,11.405999999999949,11.405999999999949,39.82099999999991,1,0.0,0.0,0.0,0.0,0.0,,3154.353,17,2,0
44.0,31.0,4.0,23.6,29.0,1018.9,0,50.1,3,1.0,Montréal,4.361,70,4.0,0.0,0.0,75.283,10.96600000000035,10.96600000000035,41.40099999999984,1,0.0,0.0,0.0,0.0,0.0,,3229.636,17,2,0
21.0,1.0,4.0,30.3,33.0,943.5,0,50.3,90,1.0,Spielberg,4.326,71,3.0,0.0,0.0,87.815,19.557000000000016,13.107999999999947,28.638000000000147,1,0.0,0.0,,,0.0,0.0,2242.934,11,9,0
22.0,2.0,4.0,30.3,33.0,943.5,0,50.3,90,1.0,Spielberg,4.326,71,3.0,0.0,0.0,69.921,18.539999999999964,11.826000000000022,29.27800000000002,1,0.0,0.0,,,0.0,0.0,2312.855,11,9,0
23.0,3.0,4.0,30.3,33.0,943.5,0,50.3,90,1.0,Spielberg,4.326,71,3.0,0.0,0.0,70.012,17.302999999999884,10.617999999999938,29.5920000000001,1,0.0,0.0,,,0.0,0.0,2382.867,11,9,0
24.0,4.0,4.0,30.3,33.0,943.5,0,50.3,90,1.0,Spielberg,4.326,71,3.0,0.0,0.0,69.829,12.403999999999996,9.026999999999816,30.521000000000186,1,0.0,0.0,,,0.0,0.0,2452.696,11,9,0
25.0,5.0,3.0,30.3,33.0,943.5,0,50.3,90,1.0,Spielberg,4.326,71,3.0,0.0,0.0,69.645,3.828000000000202,3.6200000000001182,31.66599999999994,1,0.0,0.0,,,0.0,0.0,2522.341,11,9,0
4.0,4.0,5.0,30.3,33.0,943.5,0,50.3,90,1.0,Spielberg,4.326,71,4.0,0.0,0.0,71.671,3.282000000000039,2.4670000000000414,4.153999999999996,1,0.0,0.0,,,0.0,0.0,1029.576,17,2,0
5.0,5.0,5.0,30.3,33.0,943.5,0,50.3,90,1.0,Spielberg,4.326,71,4.0,0.0,0.0,70.953,4.376999999999953,3.483000000000004,4.989000000000033,1,0.0,0.0,,,0.0,0.0,1100.529,17,2,0
6.0,6.0,5.0,30.3,33.0,943.5,0,50.3,90,1.0,Spielberg,4.326,71,4.0,0.0,0.0,70.594,5.511000000000081,4.73700000000008,6.006999999999948,1,0.0,0.0,,,0.0,0.0,1171.123,17,2,0
7.0,7.0,5.0,30.3,33.0,943.5,0,50.3,90,1.0,Spielberg,4.326,71,4.0,0.0,0.0,70.739,6.937000000000012,6.030999999999949,6.336999999999989,1,0.0,0.0,,,0.0,0.0,1241.862,17,2,0
8.0,8.0,5.0,30.3,33.0,943.5,0,50.3,90,1.0,Spielberg,4.326,71,4.0,0.0,0.0,70.574,8.117000000000075,7.151000000000067,6.69399999999996,1,0.0,0.0,,,0.0,0.0,1312.436,17,2,0
9.0,9.0,5.0,30.3,33.0,943.5,0,50.3,90,1.0,Spielberg,4.326,71,4.0,0.0,0.0,70.931,9.559999999999945,8.810999999999922,6.930000000000064,1,0.0,0.0,,,0.0,0.0,1383.367,17,2,0
10.0,10.0,5.0,30.3,33.0,943.5,0,50.3,90,1.0,Spielberg,4.326,71,4.0,0.0,0.0,71.16,10.768000000000029,10.122000000000071,7.02699999999993,1,0.0,0.0,,,0.0,0.0,1454.527,17,2,0
11.0,11.0,5.0,30.3,33.0,943.5,0,50.3,90,1.0,Spielberg,4.326,71,4.0,0.0,0.0,71.465,11.28699999999992,10.57899999999995,7.275000000000091,1,0.0,0.0,,,0.0,0.0,1525.992,17,2,0
12.0,12.0,5.0,30.3,33.0,943.5,0,50.3,90,1.0,Spielberg,4.326,71,4.0,0.0,0.0,71.232,12.334999999999923,11.36999999999989,8.747000000000071,1,0.0,0.0,,,0.0,0.0,1597.224,17,2,0
13.0,13.0,5.0,30.3,33.0,943.5,0,50.3,90,1.0,Spielberg,4.326,71,4.0,0.0,0.0,71.429,13.717999999999961,12.804000000000087,10.576000000000022,1,0.0,0.0,,,0.0,0.0,1668.653,17,2,0
14.0,14.0,5.0,30.3,33.0,943.5,0,50.3,90,1.0,Spielberg,4.326,71,4.0,0.0,0.0,71.849,14.249000000000024,13.972999999999956,10.691000000000031,1,0.0,0.0,,,0.0,0.0,1740.502,17,2,0
15.0,15.0,5.0,30.3,33.0,943.5,0,50.3,90,1.0,Spielberg,4.326,71,4.0,0.0,0.0,71.554,14.528999999999996,13.778999999999996,12.538999999999987,1,0.0,0.0,,,0.0,0.0,1812.056,17,2,0
16.0,16.0,5.0,30.3,33.0,943.5,0,50.3,90,1.0,Spielberg,4.326,71,4.0,0.0,0.0,71.907,15.499000000000024,14.797000000000025,12.855999999999995,1,0.0,0.0,,,0.0,0.0,1883.963,17,2,0
17.0,17.0,5.0,30.3,33.0,943.5,0,50.3,90,1.0,Spielberg,4.326,71,4.0,0.0,0.0,71.675,16.332999999999856,15.407999999999902,13.036000000000058,1,0.0,0.0,,,0.0,0.0,1955.638,17,2,0
26.0,26.0,7.0,30.3,33.0,943.5,0,50.3,90,1.0,Spielberg,4.326,71,4.0,0.0,0.0,70.478,25.260999999999967,18.74700000000007,9.261999999999944,1,0.0,0.0,,,0.0,0.0,2617.222,17,2,0
27.0,27.0,7.0,30.3,33.0,943.5,0,50.3,90,1.0,Spielberg,4.326,71,4.0,0.0,0.0,71.172,26.911000000000058,20.399000000000115,27.322000000000116,1,0.0,0.0,,,0.0,0.0,2688.394,17,2,0
28.0,28.0,7.0,30.3,33.0,943.5,0,50.3,90,1.0,Spielberg,4.326,71,4.0,0.0,0.0,71.338,28.721000000000004,22.218000000000302,26.549999999999727,1,0.0,0.0,,,0.0,0.0,2759.732,17,2,0
29.0,29.0,7.0,30.3,33.0,943.5,0,50.3,90,1.0,Spielberg,4.326,71,4.0,0.0,0.0,71.239,30.465999999999894,24.022999999999683,25.821000000000367,1,0.0,0.0,,,0.0,0.0,2830.971,17,2,0
31.0,31.0,7.0,30.3,33.0,943.5,0,50.3,90,1.0,Spielberg,4.326,71,4.0,0.0,0.0,70.77,33.129999999999654,27.182999999999993,25.565000000000055,1,0.0,0.0,,,0.0,0.0,2972.822,17,2,0
32.0,32.0,7.0,30.3,33.0,943.5,0,50.3,90,1.0,Spielberg,4.326,71,4.0,0.0,0.0,70.769,34.353000000000065,28.503000000000156,25.878999999999905,1,0.0,0.0,,,0.0,0.0,3043.591,17,2,0
33.0,33.0,5.0,30.3,33.0,943.5,0,50.3,90,1.0,Spielberg,4.326,71,4.0,0.0,0.0,70.545,35.29600000000028,29.608000000000175,25.998999999999796,1,0.0,0.0,,,0.0,0.0,3114.136,17,2,0
34.0,34.0,5.0,30.3,33.0,943.5,0,50.3,90,1.0,Spielberg,4.326,71,4.0,0.0,0.0,70.49,36.22499999999991,30.902000000000044,26.15000000000009,1,0.0,0.0,,,0.0,0.0,3184.626,17,2,0
35.0,35.0,5.0,30.3,33.0,943.5,0,50.3,90,1.0,Spielberg,4.326,71,4.0,0.0,0.0,70.237,37.085000000000036,31.695999999999913,26.853000000000065,1,0.0,0.0,,,0.0,0.0,3254.863,17,2,0
36.0,36.0,5.0,30.3,33.0,943.5,0,50.3,90,1.0,Spielberg,4.326,71,4.0,0.0,0.0,70.331,38.10699999999997,32.56700000000046,27.394999999999982,1,0.0,0.0,,,0.0,0.0,3325.194,17,2,0
37.0,37.0,5.0,30.3,33.0,943.5,0,50.3,90,1.0,Spielberg,4.326,71,4.0,0.0,0.0,70.457,38.784999999999854,33.541999999999916,27.710999999999785,1,0.0,0.0,,,0.0,0.0,3395.651,17,2,0
38.0,38.0,5.0,30.3,33.0,943.5,0,50.3,90,1.0,Spielberg,4.326,71,4.0,0.0,0.0,70.427,39.48899999999958,34.69599999999991,28.200000000000273,1,0.0,0.0,,,0.0,0.0,3466.078,17,2,0
39.0,39.0,5.0,30.3,33.0,943.5,0,50.3,90,1.0,Spielberg,4.326,71,4.0,0.0,0.0,70.401,39.934999999999945,35.66000000000031,28.51200000000017,1,0.0,0.0,,,0.0,0.0,3536.479,17,2,0
40.0,40.0,5.0,30.8,31.0,942.9,0,49.3,35,0.7,Spielberg,4.326,71,4.0,0.0,0.0,70.705,39.958000000000084,36.728000000000065,28.88000000000011,1,0.0,0.0,,,0.0,0.0,6.989,17,2,0
41.0,41.0,5.0,30.8,31.0,942.9,0,49.3,35,0.7,Spielberg,4.326,71,4.0,0.0,0.0,70.732,40.79099999999971,37.722999999999956,30.43899999999985,1,0.0,0.0,,,0.0,0.0,77.721,17,2,0
42.0,42.0,5.0,30.8,31.0,942.9,0,49.3,35,0.7,Spielberg,4.326,71,4.0,0.0,0.0,70.703,41.685999999999694,38.626000000000204,30.480000000000018,1,0.0,0.0,,,0.0,0.0,148.424,17,2,0
43.0,43.0,5.0,30.8,31.0,942.9,0,49.3,35,0.7,Spielberg,4.326,71,4.0,0.0,0.0,70.583,42.63099999999986,39.10600000000022,31.936999999999898,1,0.0,0.0,,,0.0,0.0,219.007,17,2,0
44.0,44.0,5.0,30.8,31.0,942.9,0,49.3,35,0.7,Spielberg,4.326,71,4.0,0.0,0.0,70.752,43.741999999999734,40.14400000000023,32.26499999999987,1,0.0,0.0,,,0.0,0.0,289.759,17,2,0
46.0,1.0,9.0,30.8,31.0,942.9,0,49.3,35,0.7,Spielberg,4.326,71,3.0,0.0,0.0,86.839,65.08299999999963,61.00700000000006,13.192000000000007,1,0.0,0.0,,,0.0,0.0,450.821,17,2,0
47.0,2.0,9.0,30.8,31.0,942.9,0,49.3,35,0.7,Spielberg,4.326,71,3.0,0.0,0.0,69.372,64.48500000000013,60.90800000000036,14.88299999999981,1,0.0,0.0,,,0.0,0.0,520.193,17,2,0
48.0,3.0,9.0,30.8,31.0,942.9,0,49.3,35,0.7,Spielberg,4.326,71,3.0,0.0,0.0,69.532,63.94399999999996,59.81899999999996,17.588000000000193,1,0.0,0.0,,,0.0,0.0,589.725,17,2,0
49.0,4.0,9.0,30.8,31.0,942.9,0,49.3,35,0.7,Spielberg,4.326,71,3.0,0.0,0.0,69.823,63.695000000000164,59.44200000000046,18.95699999999988,1,0.0,0.0,,,0.0,0.0,659.548,17,2,0
50.0,5.0,8.0,30.8,31.0,942.9,0,49.3,35,0.7,Spielberg,4.326,71,3.0,0.0,0.0,69.962,63.43600000000015,59.33100000000013,19.998000000000047,1,0.0,0.0,,,0.0,0.0,729.51,17,2,0
51.0,6.0,7.0,30.8,31.0,942.9,0,49.3,35,0.7,Spielberg,4.326,71,3.0,0.0,0.0,69.89,63.034000000000106,59.10699999999997,21.44399999999996,1,0.0,0.0,,,0.0,0.0,799.4,17,2,0
52.0,7.0,7.0,30.8,31.0,942.9,0,49.3,35,0.7,Spielberg,4.326,71,3.0,0.0,0.0,69.976,59.069000000000415,59.069000000000415,22.618999999999687,1,0.0,0.0,,,0.0,0.0,869.376,17,2,0
53.0,8.0,7.0,30.8,31.0,942.9,0,49.3,35,0.7,Spielberg,4.326,71,3.0,0.0,0.0,69.901,55.932000000000244,55.932000000000244,28.353999999999814,1,0.0,0.0,,,0.0,0.0,939.277,17,2,0
54.0,9.0,6.0,30.8,31.0,942.9,0,49.3,35,0.7,Spielberg,4.326,71,3.0,0.0,0.0,69.779,43.623999999999796,39.403999999999996,45.771999999999935,1,0.0,0.0,,,0.0,0.0,1009.056,17,2,0
55.0,10.0,5.0,30.8,31.0,942.9,0,49.3,35,0.7,Spielberg,4.326,71,3.0,0.0,0.0,69.738,44.004999999999654,40.58399999999983,45.24800000000005,1,0.0,0.0,,,0.0,0.0,1078.794,17,2,0
56.0,11.0,5.0,30.8,31.0,942.9,0,49.3,35,0.7,Spielberg,4.326,71,3.0,0.0,0.0,69.931,45.409000000000106,42.232000000000426,44.779999999999745,1,0.0,0.0,,,0.0,0.0,1148.725,17,2,0
57.0,12.0,5.0,30.8,31.0,942.9,0,49.3,35,0.7,Spielberg,4.326,71,3.0,0.0,0.0,69.853,46.710000000000036,43.34600000000046,44.378999999999905,1,0.0,0.0,,,0.0,0.0,1218.578,17,2,0
58.0,13.0,5.0,30.8,31.0,942.9,0,49.3,35,0.7,Spielberg,4.326,71,3.0,0.0,0.0,69.798,48.18199999999979,44.98700000000008,45.97400000000016,1,0.0,0.0,,,0.0,0.0,1288.376,17,2,0
59.0,14.0,5.0,30.8,31.0,942.9,0,49.3,35,0.7,Spielberg,4.326,71,3.0,0.0,0.0,69.725,49.47199999999975,46.787999999999556,45.83100000000013,1,0.0,0.0,,,0.0,0.0,1358.101,17,2,0
60.0,15.0,5.0,30.8,31.0,942.9,0,49.3,35,0.7,Spielberg,4.326,71,3.0,0.0,0.0,69.962,50.75600000000031,48.664999999999964,45.49300000000039,1,0.0,0.0,,,0.0,0.0,1428.063,17,2,0
61.0,16.0,5.0,30.8,31.0,942.9,0,49.3,35,0.7,Spielberg,4.326,71,3.0,0.0,0.0,69.87,52.35400000000027,50.37299999999959,45.431000000000495,1,0.0,0.0,,,0.0,0.0,1497.933,17,2,0
62.0,17.0,5.0,30.8,31.0,942.9,0,49.3,35,0.7,Spielberg,4.326,71,3.0,0.0,0.0,69.917,53.60599999999977,51.918000000000575,45.177999999999884,1,0.0,0.0,,,0.0,0.0,1567.85,17,2,0
63.0,18.0,5.0,30.8,31.0,942.9,0,49.3,35,0.7,Spielberg,4.326,71,3.0,0.0,0.0,70.107,55.01500000000033,53.1220000000003,44.34699999999975,1,0.0,0.0,,,0.0,0.0,1637.957,17,2,0
64.0,19.0,5.0,30.8,31.0,942.9,0,49.3,35,0.7,Spielberg,4.326,71,3.0,0.0,0.0,70.173,56.53300000000036,54.34299999999985,43.728000000000065,1,0.0,0.0,,,0.0,0.0,1708.13,17,2,0
65.0,20.0,5.0,30.8,31.0,942.9,0,49.3,35,0.7,Spielberg,4.326,71,3.0,0.0,0.0,70.231,58.00999999999931,56.08399999999983,43.452000000000226,1,0.0,0.0,,,0.0,0.0,1778.361,17,2,0
66.0,21.0,5.0,30.8,31.0,942.9,0,49.3,35,0.7,Spielberg,4.326,71,3.0,0.0,0.0,70.616,59.58299999999963,57.662999999999556,43.02099999999973,1,0.0,0.0,,,0.0,0.0,1848.977,17,2,0
67.0,22.0,5.0,30.8,31.0,942.9,0,49.3,35,0.7,Spielberg,4.326,71,3.0,0.0,0.0,70.505,60.987999999999374,59.08100000000013,42.302999999999884,1,0.0,0.0,,,0.0,0.0,1919.482,17,2,0
68.0,23.0,5.0,30.8,31.0,942.9,0,49.3,35,0.7,Spielberg,4.326,71,3.0,0.0,0.0,70.363,61.89100000000053,60.17100000000028,41.38500000000022,1,0.0,0.0,,,0.0,0.0,1989.845,17,2,0
69.0,24.0,5.0,30.8,31.0,942.9,0,49.3,35,0.7,Spielberg,4.326,71,3.0,0.0,0.0,69.96,62.00700000000052,60.663000000000466,41.88599999999951,1,0.0,0.0,,,0.0,0.0,2059.805,17,2,0
70.0,70.0,2.0,30.8,31.0,942.9,0,49.3,35,0.7,Spielberg,4.326,71,4.0,0.0,0.0,70.782,2.694999999999709,2.694999999999709,59.70100000000002,1,0.0,0.0,,,0.0,0.0,2069.924,18,9,0
8.0,8.0,10.0,18.4,80.0,988.6,0,24.5,66,1.5,Silverstone,5.891,52,0.0,0.0,1.0,106.517,15.127999999999929,7.791999999999916,20.892000000000053,1,0.0,0.0,0.0,,0.0,0.0,720.8,8,6,0
11.0,11.0,13.0,18.4,80.0,988.6,0,24.5,66,1.5,Silverstone,5.891,52,0.0,0.0,1.0,105.789,36.24800000000005,18.35699999999997,14.161000000000058,1,0.0,0.0,0.0,,0.0,0.0,1057.14,8,6,0
23.0,13.0,8.0,18.4,80.0,988.6,0,24.5,66,1.5,Silverstone,5.891,52,0.0,0.0,1.0,105.37,100.64899999999989,100.64899999999989,17.3720000000003,1,0.0,0.0,0.0,,0.0,0.0,2726.521,17,2,0
24.0,14.0,7.0,18.4,80.0,988.6,0,24.5,66,1.5,Silverstone,5.891,52,0.0,0.0,1.0,104.023,102.69399999999996,102.69399999999996,18.208000000000084,1,0.0,0.0,0.0,,0.0,0.0,2830.544,17,2,0
25.0,15.0,7.0,18.4,80.0,988.6,0,24.5,66,1.5,Silverstone,5.891,52,0.0,0.0,1.0,104.303,105.41599999999971,105.41599999999971,18.134000000000015,1,0.0,0.0,0.0,,0.0,0.0,2934.847,17,2,0
26.0,16.0,8.0,18.4,80.0,988.6,0,24.5,66,1.5,Silverstone,5.891,52,0.0,0.0,1.0,104.89,108.66000000000031,108.66000000000031,17.53099999999995,1,0.0,0.0,0.0,,0.0,0.0,3039.737,17,2,0
27.0,17.0,8.0,18.4,80.0,988.6,0,24.5,66,1.5,Silverstone,5.891,52,0.0,0.0,1.0,103.854,110.38099999999986,110.38099999999986,17.44900000000007,1,0.0,0.0,0.0,,0.0,0.0,3143.591,17,2,0
28.0,18.0,7.0,18.4,80.0,988.6,0,24.5,66,1.5,Silverstone,5.891,52,0.0,0.0,1.0,103.669,111.62199999999984,111.62199999999984,18.045000000000073,1,0.0,0.0,0.0,,0.0,0.0,3247.26,17,2,0
29.0,19.0,7.0,18.4,80.0,988.6,0,24.5,66,1.5,Silverstone,5.891,52,0.0,0.0,1.0,103.869,112.67599999999993,112.67599999999993,18.554999999999836,1,0.0,0.0,0.0,,0.0,0.0,3351.129,17,2,0
30.0,20.0,7.0,18.4,80.0,988.6,0,24.5,66,1.5,Silverstone,5.891,52,0.0,0.0,1.0,104.714,114.50300000000016,114.50300000000016,18.552999999999884,1,0.0,0.0,0.0,,0.0,0.0,3455.843,17,2,0
31.0,21.0,7.0,18.4,80.0,988.6,0,24.5,66,1.5,Silverstone,5.891,52,0.0,0.0,1.0,104.706,116.56700000000001,116.56700000000001,18.59400000000005,1,0.0,0.0,0.0,,0.0,0.0,3560.549,17,2,0
32.0,22.0,7.0,17.9,80.0,988.7,0,23.3,72,1.5,Silverstone,5.891,52,0.0,0.0,1.0,104.186,118.74299999999994,118.74299999999994,19.515000000000327,1,0.0,0.0,0.0,,0.0,0.0,64.47,17,2,0
33.0,23.0,7.0,17.9,80.0,988.7,0,23.3,72,1.5,Silverstone,5.891,52,0.0,0.0,1.0,104.928,122.00800000000027,122.00800000000027,19.00099999999975,1,0.0,0.0,0.0,,0.0,0.0,169.398,17,2,0
34.0,24.0,7.0,17.9,80.0,988.7,0,23.3,72,1.5,Silverstone,5.891,52,0.0,0.0,1.0,104.359,124.98100000000022,124.98100000000022,19.78800000000001,1,0.0,0.0,0.0,,0.0,0.0,273.757,17,2,0
35.0,25.0,7.0,17.9,80.0,988.7,0,23.3,72,1.5,Silverstone,5.891,52,0.0,0.0,1.0,102.795,126.68499999999995,126.68499999999995,21.468000000000302,1,0.0,0.0,0.0,,0.0,0.0,376.552,17,2,0
36.0,26.0,7.0,17.9,80.0,988.7,0,23.3,72,1.5,Silverstone,5.891,52,0.0,0.0,1.0,102.502,128.2170000000001,128.2170000000001,22.117999999999483,1,0.0,0.0,0.0,,0.0,0.0,479.054,17,2,0
37.0,27.0,7.0,17.9,80.0,988.7,0,23.3,72,1.5,Silverstone,5.891,52,0.0,0.0,1.0,101.85,129.71599999999944,129.71599999999944,23.325000000000728,1,0.0,0.0,0.0,,0.0,0.0,580.904,17,2,0
44.0,44.0,8.0,17.9,80.0,988.7,0,23.3,72,1.5,Silverstone,5.891,52,2.0,0.0,0.0,95.71,145.53300000000036,145.53300000000036,19.798999999999978,1,0.0,0.0,0.0,,0.0,0.0,1321.366,17,2,0
45.0,45.0,9.0,17.9,80.0,988.7,0,23.3,72,1.5,Silverstone,5.891,52,2.0,0.0,0.0,93.795,144.45799999999963,144.45799999999963,19.52099999999973,1,0.0,0.0,0.0,,0.0,0.0,1415.161,17,2,0
46.0,46.0,8.0,17.9,80.0,988.7,0,23.3,72,1.5,Silverstone,5.891,52,2.0,0.0,0.0,92.141,144.92599999999948,144.92599999999948,21.460000000000036,1,0.0,0.0,0.0,,0.0,0.0,1507.302,17,2,0
47.0,47.0,9.0,17.9,80.0,988.7,0,23.3,72,1.5,Silverstone,5.891,52,2.0,0.0,0.0,91.926,146.2430000000004,146.2430000000004,21.355999999999767,1,0.0,0.0,0.0,,0.0,0.0,1599.228,17,2,0
48.0,48.0,9.0,17.9,80.0,988.7,0,23.3,72,1.5,Silverstone,5.891,52,2.0,0.0,0.0,91.239,146.66499999999996,146.66499999999996,21.186999999999898,1,0.0,0.0,0.0,,0.0,0.0,1690.467,17,2,0
49.0,49.0,9.0,17.9,80.0,988.7,0,23.3,72,1.5,Silverstone,5.891,52,2.0,0.0,0.0,91.315,147.77099999999973,147.77099999999973,20.823999999999614,1,0.0,0.0,0.0,,0.0,0.0,1781.782,17,2,0
50.0,50.0,9.0,17.9,80.0,988.7,0,23.3,72,1.5,Silverstone,5.891,52,2.0,0.0,0.0,90.956,149.04100000000017,149.04100000000017,21.83299999999963,1,0.0,0.0,0.0,,0.0,0.0,1872.738,17,2,0
51.0,51.0,9.0,17.9,80.0,988.7,0,23.3,72,1.5,Silverstone,5.891,52,2.0,0.0,0.0,90.869,150.57300000000032,150.57300000000032,21.980999999999767,1,0.0,0.0,0.0,,0.0,0.0,1963.607,17,2,0
52.0,52.0,9.0,17.9,80.0,988.7,0,23.3,72,1.5,Silverstone,5.891,52,2.0,0.0,0.0,91.9,150.1329999999998,150.1329999999998,20.726000000000568,1,0.0,0.0,0.0,,0.0,0.0,2055.507,17,2,0
5.0,5.0,6.0,16.0,89.0,964.7,0,25.9,282,1.6,Spa-Francorchamps,7.004,44,0.0,0.0,1.0,121.47,37.25400000000002,34.974000000000046,72.28500000000008,1,,,,,0.0,0.0,1672.343,17,2,0
6.0,6.0,6.0,16.0,89.0,964.7,0,25.9,282,1.6,Spa-Francorchamps,7.004,44,0.0,0.0,1.0,119.891,38.009000000000015,35.64999999999998,74.66100000000017,1,,,,,0.0,0.0,1792.234,17,2,0
7.0,7.0,6.0,16.0,89.0,964.7,0,25.9,282,1.6,Spa-Francorchamps,7.004,44,0.0,0.0,1.0,120.418,38.567999999999984,36.299999999999955,77.59900000000016,1,,,,,0.0,0.0,1912.652,17,2,0
8.0,8.0,6.0,16.0,89.0,964.7,0,25.9,282,1.6,Spa-Francorchamps,7.004,44,0.0,0.0,1.0,122.472,40.29299999999989,38.16100000000006,79.45100000000002,1,,,,,0.0,0.0,2035.124,17,2,0
9.0,9.0,6.0,16.0,89.0,964.7,0,25.9,282,1.6,Spa-Francorchamps,7.004,44,0.0,0.0,1.0,123.892,42.34400000000005,40.644000000000005,80.68100000000004,1,,,,,0.0,0.0,2159.016,17,2,0
10.0,10.0,6.0,16.0,89.0,964.7,0,25.9,282,1.6,Spa-Francorchamps,7.004,44,0.0,0.0,1.0,124.205,44.263999999999896,42.74499999999989,82.24000000000001,1,,,,,0.0,0.0,2283.221,17,2,0
11.0,11.0,6.0,16.0,89.0,964.7,0,25.9,282,1.6,Spa-Francorchamps,7.004,44,0.0,0.0,1.0,123.386,46.07399999999984,44.664999999999964,83.83200000000011,1,,,,,0.0,0.0,2406.607,17,2,0
13.0,1.0,6.0,16.0,89.0,964.7,0,25.9,282,1.6,Spa-Francorchamps,7.004,44,3.0,0.0,0.0,133.416,62.807000000000016,48.47499999999991,85.86300000000006,1,,,,,0.0,0.0,2666.76,17,2,0
14.0,2.0,6.0,16.0,89.0,964.7,0,25.9,282,1.6,Spa-Francorchamps,7.004,44,3.0,0.0,0.0,110.359,47.950000000000045,47.950000000000045,85.33100000000013,1,,,,,0.0,0.0,2777.119,17,2,0
15.0,3.0,6.0,16.0,89.0,964.7,0,25.9,282,1.6,Spa-Francorchamps,7.004,44,3.0,0.0,0.0,108.518,47.378999999999905,47.378999999999905,85.85300000000007,1,,,,,0.0,0.0,2885.637,17,2,0
16.0,4.0,6.0,16.0,89.0,964.7,0,25.9,282,1.6,Spa-Francorchamps,7.004,44,3.0,0.0,0.0,107.719,47.403999999999996,47.403999999999996,87.27500000000009,1,,,,,0.0,0.0,2993.356,17,2,0
17.0,5.0,6.0,16.0,89.0,964.7,0,25.9,282,1.6,Spa-Francorchamps,7.004,44,3.0,0.0,0.0,107.761,47.914000000000215,47.914000000000215,89.04999999999973,1,,,,,0.0,0.0,3101.117,17,2,0
18.0,6.0,6.0,16.0,89.0,964.7,0,25.9,282,1.6,Spa-Francorchamps,7.004,44,3.0,0.0,0.0,107.698,48.57999999999993,48.57999999999993,90.63300000000027,1,,,,,0.0,0.0,3208.815,17,2,0
19.0,7.0,6.0,16.0,89.0,964.7,0,25.9,282,1.6,Spa-Francorchamps,7.004,44,3.0,0.0,0.0,107.246,49.06399999999985,49.06399999999985,91.81799999999976,1,,,,,0.0,0.0,3316.061,17,2,0
20.0,8.0,6.0,16.0,89.0,964.7,0,25.9,282,1.6,Spa-Francorchamps,7.004,44,3.0,0.0,0.0,107.45,49.723999999999705,49.723999999999705,93.05099999999993,1,,,,,0.0,0.0,3423.511,17,2,0
21.0,9.0,6.0,16.0,89.0,964.7,0,25.9,282,1.6,Spa-Francorchamps,7.004,44,3.0,0.0,0.0,107.543,50.78099999999995,50.78099999999995,94.19599999999991,1,,,,,0.0,0.0,3531.054,17,2,0
22.0,10.0,6.0,17.9,81.0,965.2,0,25.8,24,1.5,Spa-Francorchamps,7.004,44,3.0,0.0,0.0,107.522,52.0029999999997,52.0029999999997,96.14699999999993,1,,,,,0.0,0.0,38.226,17,2,0
23.0,11.0,6.0,17.9,81.0,965.2,0,25.8,24,1.5,Spa-Francorchamps,7.004,44,3.0,0.0,0.0,107.222,52.791999999999916,52.791999999999916,97.90599999999995,1,,,,,0.0,0.0,145.448,17,2,0
24.0,12.0,6.0,17.9,81.0,965.2,0,25.8,24,1.5,Spa-Francorchamps,7.004,44,3.0,0.0,0.0,107.402,53.7199999999998,53.7199999999998,99.19600000000037,1,,,,,0.0,0.0,252.85,17,2,0
25.0,13.0,6.0,17.9,81.0,965.2,0,25.8,24,1.5,Spa-Francorchamps,7.004,44,3.0,0.0,0.0,107.177,54.48199999999997,54.48199999999997,100.61500000000024,1,,,,,0.0,0.0,360.027,17,2,0
26.0,14.0,6.0,17.9,81.0,965.2,0,25.8,24,1.5,Spa-Francorchamps,7.004,44,3.0,0.0,0.0,107.02,55.0949999999998,55.0949999999998,106.87000000000035,1,,,,,0.0,0.0,467.047,17,2,0
27.0,15.0,6.0,17.9,81.0,965.2,0,25.8,24,1.5,Spa-Francorchamps,7.004,44,3.0,0.0,0.0,107.143,55.99499999999989,55.99499999999989,123.99200000000019,1,,,,,0.0,0.0,574.19,17,2,0
28.0,16.0,6.0,17.9,81.0,965.2,0,25.8,24,1.5,Spa-Francorchamps,7.004,44,3.0,0.0,0.0,107.109,56.641999999999825,56.641999999999825,123.30800000000045,1,,,,,0.0,0.0,681.299,17,2,0
29.0,17.0,6.0,17.9,81.0,965.2,0,25.8,24,1.5,Spa-Francorchamps,7.004,44,3.0,0.0,0.0,107.204,57.67500000000018,57.67500000000018,122.7170000000001,1,,,,,0.0,0.0,788.503,17,2,0
30.0,18.0,6.0,17.9,81.0,965.2,0,25.8,24,1.5,Spa-Francorchamps,7.004,44,3.0,0.0,0.0,107.187,58.6569999999997,58.6569999999997,121.60300000000007,1,,,,,0.0,0.0,895.69,17,2,0
31.0,19.0,6.0,17.9,81.0,965.2,0,25.8,24,1.5,Spa-Francorchamps,7.004,44,3.0,0.0,0.0,107.268,59.68299999999999,59.68299999999999,121.13500000000022,1,,,,,0.0,0.0,1002.958,17,2,0
32.0,20.0,6.0,17.9,81.0,965.2,0,25.8,24,1.5,Spa-Francorchamps,7.004,44,3.0,0.0,0.0,107.34,60.664999999999964,60.664999999999964,120.28200000000015,1,,,,,0.0,0.0,1110.298,17,2,0
33.0,21.0,6.0,17.9,81.0,965.2,0,25.8,24,1.5,Spa-Francorchamps,7.004,44,3.0,0.0,0.0,107.18,61.18199999999979,61.18199999999979,119.60300000000052,1,,,,,0.0,0.0,1217.478,17,2,0
34.0,22.0,6.0,17.9,81.0,965.2,0,25.8,24,1.5,Spa-Francorchamps,7.004,44,3.0,0.0,0.0,107.059,61.88299999999981,61.88299999999981,119.56200000000081,1,,,,,0.0,0.0,1324.537,17,2,0
35.0,23.0,6.0,17.9,81.0,965.2,0,25.8,24,1.5,Spa-Francorchamps,7.004,44,3.0,0.0,0.0,106.848,62.28699999999935,62.28699999999935,119.66800000000057,1,,,,,0.0,0.0,1431.385,17,2,0
36.0,24.0,6.0,17.9,81.0,965.2,0,25.8,24,1.5,Spa-Francorchamps,7.004,44,3.0,0.0,0.0,107.142,62.85199999999986,62.85199999999986,119.60099999999966,1,,,,,0.0,0.0,1538.527,17,2,0
37.0,25.0,6.0,17.9,81.0,965.2,0,25.8,24,1.5,Spa-Francorchamps,7.004,44,3.0,0.0,0.0,106.637,63.00600000000031,63.00600000000031,119.70799999999963,1,,,,,0.0,0.0,1645.164,17,2,0
38.0,26.0,6.0,17.9,81.0,965.2,0,25.8,24,1.5,Spa-Francorchamps,7.004,44,3.0,0.0,0.0,106.814,63.472999999999956,63.472999999999956,119.69700000000012,1,,,,,0.0,0.0,1751.978,17,2,0
39.0,27.0,6.0,17.9,81.0,965.2,0,25.8,24,1.5,Spa-Francorchamps,7.004,44,3.0,0.0,0.0,106.613,63.58799999999974,63.58799999999974,119.75600000000031,1,,,,,0.0,0.0,1858.591,17,2,0
40.0,28.0,6.0,17.9,81.0,965.2,0,25.8,24,1.5,Spa-Francorchamps,7.004,44,3.0,0.0,0.0,106.918,64.18000000000029,64.18000000000029,119.96099999999933,1,,,,,0.0,0.0,1965.509,17,2,0
41.0,29.0,6.0,17.9,81.0,965.2,0,25.8,24,1.5,Spa-Francorchamps,7.004,44,3.0,0.0,0.0,106.601,64.63699999999972,64.63699999999972,120.46799999999985,1,,,,,0.0,0.0,2072.11,17,2,0
42.0,30.0,6.0,17.9,81.0,965.2,0,25.8,24,1.5,Spa-Francorchamps,7.004,44,3.0,0.0,0.0,106.73,65.70899999999983,65.43399999999929,120.86300000000028,1,,,,,0.0,0.0,2178.84,17,2,0
43.0,31.0,6.0,17.9,81.0,965.2,0,25.8,24,1.5,Spa-Francorchamps,7.004,44,3.0,0.0,0.0,106.566,66.29399999999987,66.29399999999987,121.1909999999998,1,,,,,0.0,0.0,2285.406,17,2,0
44.0,32.0,6.0,17.9,81.0,965.2,0,25.8,24,1.5,Spa-Francorchamps,7.004,44,3.0,0.0,0.0,106.969,65.44200000000001,65.44200000000001,120.64499999999953,1,,,,,0.0,0.0,2392.375,17,2,0
70.0,34.0,7.0,22.2,55.0,987.1,0,31.3,293,1.7,Budapest,4.381,70,2.0,0.0,0.0,81.67,68.17399999999998,46.25799999999981,4.471000000000458,1,,,,,,,2041.922,5,3,0
1.0,1.0,5.0,22.2,60.0,987.2,0,37.1,263,3.7,Budapest,4.381,70,3.0,0.0,0.0,90.12,2.725999999999999,2.725999999999999,5.275999999999996,1,,,,,,,3542.98,11,9,0
2.0,2.0,5.0,21.8,57.0,987.3,0,32.3,284,2.9,Budapest,4.381,70,3.0,0.0,0.0,83.964,3.86099999999999,3.86099999999999,6.3940000000000055,1,,,,,,,26.776,11,9,0
3.0,3.0,4.0,21.8,57.0,987.3,0,32.3,284,2.9,Budapest,4.381,70,3.0,0.0,0.0,83.223,4.588999999999999,4.588999999999999,7.3799999999999955,1,,,,,,,109.999,11,9,0
4.0,4.0,4.0,21.8,57.0,987.3,0,32.3,284,2.9,Budapest,4.381,70,3.0,0.0,0.0,82.877,5.187999999999988,5.187999999999988,8.802999999999997,1,,,,,,,192.876,11,9,0
5.0,5.0,4.0,21.8,57.0,987.3,0,32.3,284,2.9,Budapest,4.381,70,3.0,0.0,0.0,82.639,5.508999999999958,5.508999999999958,10.200000000000045,1,,,,,,,275.515,11,9,0
6.0,6.0,4.0,21.8,57.0,987.3,0,32.3,284,2.9,Budapest,4.381,70,3.0,0.0,0.0,82.181,5.333000000000027,5.333000000000027,11.90300000000002,1,,,,,,,357.696,11,9,0
7.0,7.0,4.0,21.8,57.0,987.3,0,32.3,284,2.9,Budapest,4.381,70,3.0,0.0,0.0,82.217,5.504000000000019,5.504000000000019,13.408000000000015,1,,,,,,,439.913,11,9,0
8.0,8.0,4.0,21.8,57.0,987.3,0,32.3,284,2.9,Budapest,4.381,70,3.0,0.0,0.0,81.986,5.75,5.75,14.63900000000001,1,,,,,,,521.899,11,9,0
9.0,9.0,4.0,21.8,57.0,987.3,0,32.3,284,2.9,Budapest,4.381,70,3.0,0.0,0.0,81.579,5.506999999999948,5.506999999999948,16.519000000000005,1,,,,,,,603.478,11,9,0
10.0,10.0,4.0,21.8,57.0,987.3,0,32.3,284,2.9,Budapest,4.381,70,3.0,0.0,0.0,82.089,5.652000000000044,5.652000000000044,17.956999999999994,1,,,,,,,685.567,11,9,0
11.0,11.0,4.0,21.8,57.0,987.3,0,32.3,284,2.9,Budapest,4.381,70,3.0,0.0,0.0,82.251,6.060999999999922,6.060999999999922,19.276000000000067,1,,,,,,,767.818,11,9,0
12.0,12.0,4.0,21.8,57.0,987.3,0,32.3,284,2.9,Budapest,4.381,70,3.0,0.0,0.0,82.404,6.439999999999941,6.439999999999941,20.666000000000054,1,,,,,,,850.222,11,9,0
13.0,13.0,4.0,21.8,57.0,987.3,0,32.3,284,2.9,Budapest,4.381,70,3.0,0.0,0.0,82.675,7.214999999999918,7.214999999999918,21.544000000000096,1,,,,,,,932.897,11,9,0
14.0,14.0,4.0,21.8,57.0,987.3,0,32.3,284,2.9,Budapest,4.381,70,3.0,0.0,0.0,82.154,7.390999999999849,7.390999999999849,25.649000000000115,1,,,,,,,1015.051,11,9,0
15.0,15.0,4.0,21.8,57.0,987.3,0,32.3,284,2.9,Budapest,4.381,70,3.0,0.0,0.0,82.233,7.544000000000096,7.544000000000096,45.74599999999987,1,,,,,,,1097.284,11,9,0
16.0,16.0,4.0,21.8,57.0,987.3,0,32.3,284,2.9,Budapest,4.381,70,3.0,0.0,0.0,82.043,7.11200000000008,7.11200000000008,45.74299999999994,1,,,,,,,1179.327,11,9,0
17.0,17.0,4.0,21.8,57.0,987.3,0,32.3,284,2.9,Budapest,4.381,70,3.0,0.0,0.0,82.539,7.43100000000004,7.43100000000004,45.11999999999989,1,,,,,,,1261.866,11,9,0
18.0,18.0,4.0,21.8,57.0,987.3,0,32.3,284,2.9,Budapest,4.381,70,3.0,0.0,0.0,82.189,7.304000000000087,7.304000000000087,44.86500000000001,1,,,,,,,1344.055,11,9,0
19.0,19.0,2.0,21.8,57.0,987.3,0,32.3,284,2.9,Budapest,4.381,70,3.0,0.0,0.0,82.03,4.781999999999925,4.781999999999925,45.13499999999999,1,,,,,,,1426.085,11,9,0
32.0,1.0,4.0,21.8,57.0,987.3,0,32.3,284,2.9,Budapest,4.381,70,2.0,0.0,0.0,99.959,18.96900000000005,18.96900000000005,36.62699999999995,1,,,,,,,2514.562,11,9,0
33.0,2.0,4.0,21.8,57.0,987.3,0,32.3,284,2.9,Budapest,4.381,70,2.0,0.0,0.0,81.411,18.93199999999979,18.93199999999979,38.64899999999989,1,,,,,,,2595.973,11,9,0
34.0,3.0,4.0,21.8,57.0,987.3,0,32.3,284,2.9,Budapest,4.381,70,2.0,0.0,0.0,80.752,18.57199999999966,18.57199999999966,41.05600000000004,1,,,,,,,2676.725,11,9,0
35.0,4.0,4.0,21.8,57.0,987.3,0,32.3,284,2.9,Budapest,4.381,70,2.0,0.0,0.0,80.726,17.804999999999836,17.804999999999836,43.710000000000036,1,,,,,,,2757.451,11,9,0
36.0,5.0,4.0,21.8,57.0,987.3,0,32.3,284,2.9,Budapest,4.381,70,2.0,0.0,0.0,80.557,17.059999999999945,17.059999999999945,46.16000000000031,1,,,,,,,2838.008,11,9,0
37.0,6.0,4.0,21.8,57.0,987.3,0,32.3,284,2.9,Budapest,4.381,70,2.0,0.0,0.0,80.976,16.76800000000003,16.76800000000003,48.797000000000025,1,,,,,,,2918.984,11,9,0
38.0,7.0,4.0,21.8,57.0,987.3,0,32.3,284,2.9,Budapest,4.381,70,2.0,0.0,0.0,80.4,15.483999999999924,15.483999999999924,51.48900000000003,1,,,,,,,2999.384,11,9,0
39.0,8.0,4.0,21.8,57.0,987.3,0,32.3,284,2.9,Budapest,4.381,70,2.0,0.0,0.0,80.301,14.155999999999949,14.155999999999949,53.402000000000044,1,,,,,,,3079.685,11,9,0
40.0,9.0,4.0,21.8,57.0,987.3,0,32.3,284,2.9,Budapest,4.381,70,2.0,0.0,0.0,80.442,11.360999999999876,10.579999999999927,55.39899999999989,1,,,,,,,3160.127,11,9,0
70.0,30.0,6.0,22.2,55.0,987.1,0,31.3,293,1.7,Budapest,4.381,70,2.0,0.0,0.0,81.722,66.16899999999987,7.128999999999905,3.282000000000153,1,,,,,,,2039.917,14,6,0
10.0,10.0,3.0,21.8,57.0,987.3,0,32.3,284,2.9,Budapest,4.381,70,3.0,0.0,0.0,82.168,5.035000000000082,2.411000000000058,16.340999999999894,1,,,,,,,684.95,17,2,0
11.0,11.0,3.0,21.8,57.0,987.3,0,32.3,284,2.9,Budapest,4.381,70,3.0,0.0,0.0,82.186,5.378999999999905,2.696999999999889,17.68500000000006,1,,,,,,,767.136,17,2,0
12.0,12.0,3.0,21.8,57.0,987.3,0,32.3,284,2.9,Budapest,4.381,70,3.0,0.0,0.0,82.122,5.475999999999999,2.8799999999999955,19.414999999999964,1,,,,,,,849.258,17,2,0
13.0,13.0,3.0,21.8,57.0,987.3,0,32.3,284,2.9,Budapest,4.381,70,3.0,0.0,0.0,82.315,5.891000000000076,2.964000000000169,20.577999999999975,1,,,,,,,931.573,17,2,0
14.0,14.0,3.0,21.8,57.0,987.3,0,32.3,284,2.9,Budapest,4.381,70,3.0,0.0,0.0,82.341,6.253999999999905,3.240000000000009,21.867999999999938,1,,,,,,,1013.914,17,2,0
15.0,15.0,3.0,21.8,57.0,987.3,0,32.3,284,2.9,Budapest,4.381,70,3.0,0.0,0.0,82.403,6.576999999999998,3.5679999999999836,25.596000000000004,1,,,,,,,1096.317,17,2,0
16.0,16.0,3.0,21.8,57.0,987.3,0,32.3,284,2.9,Budapest,4.381,70,3.0,0.0,0.0,82.092,6.194000000000187,3.522000000000162,43.34899999999993,1,,,,,,,1178.409,17,2,0
17.0,17.0,3.0,21.8,57.0,987.3,0,32.3,284,2.9,Budapest,4.381,70,3.0,0.0,0.0,82.283,6.257000000000062,3.7490000000000236,42.88999999999987,1,,,,,,,1260.692,17,2,0
20.0,1.0,6.0,21.8,57.0,987.3,0,32.3,284,2.9,Budapest,4.381,70,2.0,0.0,0.0,99.84,20.076000000000022,5.996000000000095,22.27899999999977,1,,,,,,,1527.601,17,2,0
21.0,2.0,5.0,21.8,57.0,987.3,0,32.3,284,2.9,Budapest,4.381,70,2.0,0.0,0.0,80.85,19.21900000000005,4.697000000000116,23.560999999999922,1,,,,,,,1608.451,17,2,0
22.0,3.0,5.0,21.8,57.0,987.3,0,32.3,284,2.9,Budapest,4.381,70,2.0,0.0,0.0,81.243,18.363000000000056,4.787000000000035,24.57400000000007,1,,,,,,,1689.694,17,2,0
23.0,4.0,5.0,21.8,57.0,987.3,0,32.3,284,2.9,Budapest,4.381,70,2.0,0.0,0.0,81.536,17.82400000000007,5.195999999999913,25.211000000000013,1,,,,,,,1771.23,17,2,0
24.0,5.0,5.0,21.8,57.0,987.3,0,32.3,284,2.9,Budapest,4.381,70,2.0,0.0,0.0,81.447,17.154000000000224,5.514000000000124,26.328999999999724,1,,,,,,,1852.677,17,2,0
25.0,6.0,5.0,21.8,57.0,987.3,0,32.3,284,2.9,Budapest,4.381,70,2.0,0.0,0.0,82.451,17.68100000000004,7.067000000000007,26.565999999999804,1,,,,,,,1935.128,17,2,0
26.0,7.0,4.0,21.8,57.0,987.3,0,32.3,284,2.9,Budapest,4.381,70,2.0,0.0,0.0,81.384,16.920000000000073,7.416000000000167,28.649999999999636,1,,,,,,,2016.512,17,2,0
27.0,8.0,4.0,21.8,57.0,987.3,0,32.3,284,2.9,Budapest,4.381,70,2.0,0.0,0.0,81.494,16.28899999999976,7.9539999999997235,30.597000000000207,1,,,,,,,2098.006,17,2,0
28.0,9.0,4.0,21.8,57.0,987.3,0,32.3,284,2.9,Budapest,4.381,70,2.0,0.0,0.0,81.294,15.430000000000291,8.24200000000019,33.23899999999958,1,,,,,,,2179.3,17,2,0
29.0,10.0,4.0,21.8,57.0,987.3,0,32.3,284,2.9,Budapest,4.381,70,2.0,0.0,0.0,81.68,14.577000000000226,8.329999999999927,36.10100000000011,1,,,,,,,2260.98,17,2,0
30.0,11.0,4.0,21.8,57.0,987.3,0,32.3,284,2.9,Budapest,4.381,70,2.0,0.0,0.0,81.465,13.409000000000106,8.454000000000178,38.86400000000003,1,,,,,,,2342.445,17,2,0
31.0,12.0,4.0,21.8,57.0,987.3,0,32.3,284,2.9,Budapest,4.381,70,2.0,0.0,0.0,81.654,10.067000000000007,8.593000000000302,40.80899999999974,1,,,,,,,2424.099,17,2,0
32.0,13.0,3.0,21.8,57.0,987.3,0,32.3,284,2.9,Budapest,4.381,70,2.0,0.0,0.0,81.421,9.927000000000135,8.449999999999818,42.98799999999983,1,,,,,,,2505.52,17,2,0
33.0,14.0,3.0,21.8,57.0,987.3,0,32.3,284,2.9,Budapest,4.381,70,2.0,0.0,0.0,81.436,9.914999999999964,8.33600000000024,44.016999999999825,1,,,,,,,2586.956,17,2,0
34.0,15.0,3.0,21.8,57.0,987.3,0,32.3,284,2.9,Budapest,4.381,70,2.0,0.0,0.0,81.35,10.152999999999793,8.277000000000044,45.764000000000124,1,,,,,,,2668.306,17,2,0
35.0,16.0,3.0,21.8,57.0,987.3,0,32.3,284,2.9,Budapest,4.381,70,2.0,0.0,0.0,81.376,10.036000000000058,8.108000000000175,47.2529999999997,1,,,,,,,2749.682,17,2,0
36.0,17.0,3.0,21.8,57.0,987.3,0,32.3,284,2.9,Budapest,4.381,70,2.0,0.0,0.0,81.113,9.847000000000207,7.755000000000109,48.840999999999894,1,,,,,,,2830.795,17,2,0
37.0,18.0,3.0,21.8,57.0,987.3,0,32.3,284,2.9,Budapest,4.381,70,2.0,0.0,0.0,81.445,10.024000000000342,8.036000000000058,50.23799999999983,1,,,,,,,2912.24,17,2,0
38.0,19.0,3.0,21.8,57.0,987.3,0,32.3,284,2.9,Budapest,4.381,70,2.0,0.0,0.0,81.418,9.75799999999981,7.958000000000084,51.74299999999994,1,,,,,,,2993.658,17,2,0
39.0,20.0,3.0,21.8,57.0,987.3,0,32.3,284,2.9,Budapest,4.381,70,2.0,0.0,0.0,82.064,10.193000000000211,8.581000000000131,53.899999999999636,1,,,,,,,3075.722,17,2,0
40.0,21.0,3.0,21.8,57.0,987.3,0,32.3,284,2.9,Budapest,4.381,70,2.0,0.0,0.0,81.702,8.657999999999902,8.657999999999902,54.93899999999985,1,,,,,,,3157.424,17,2,0
41.0,22.0,2.0,21.8,57.0,987.3,0,32.3,284,2.9,Budapest,4.381,70,2.0,0.0,0.0,81.659,9.286000000000058,9.286000000000058,56.059999999999945,1,,,,,,,3239.083,17,2,0
42.0,23.0,2.0,21.8,57.0,987.3,0,32.3,284,2.9,Budapest,4.381,70,2.0,0.0,0.0,81.426,9.73700000000008,9.73700000000008,57.27300000000014,1,,,,,,,3320.509,17,2,0
44.0,25.0,4.0,21.8,57.0,987.3,0,32.3,284,2.9,Budapest,4.381,70,2.0,0.0,0.0,98.471,29.258000000000266,29.258000000000266,41.059999999999945,1,,,,,,,3503.264,17,2,0
45.0,26.0,4.0,21.8,57.0,987.3,0,32.3,284,2.9,Budapest,4.381,70,2.0,0.0,0.0,79.409,24.68000000000029,24.68000000000029,45.49399999999969,1,,,,,,,3582.673,17,2,0
46.0,27.0,4.0,22.2,55.0,987.1,0,31.3,293,1.7,Budapest,4.381,70,2.0,0.0,0.0,79.611,18.465999999999894,6.393000000000029,48.322999999999865,1,,,,,,,62.109,17,2,0
47.0,28.0,4.0,22.2,55.0,987.1,0,31.3,293,1.7,Budapest,4.381,70,2.0,0.0,0.0,79.631,17.739000000000033,6.358000000000175,52.07400000000007,1,,,,,,,141.74,17,2,0
48.0,29.0,4.0,22.2,55.0,987.1,0,31.3,293,1.7,Budapest,4.381,70,2.0,0.0,0.0,79.874,17.070000000000164,6.514000000000124,54.68799999999965,1,,,,,,,221.614,17,2,0
49.0,30.0,4.0,22.2,55.0,987.1,0,31.3,293,1.7,Budapest,4.381,70,2.0,0.0,0.0,80.139,16.73700000000008,6.895999999999731,57.126000000000204,1,,,,,,,301.753,17,2,0
50.0,31.0,4.0,22.2,55.0,987.1,0,31.3,293,1.7,Budapest,4.381,70,2.0,0.0,0.0,80.257,16.467000000000553,6.950000000000728,59.39499999999953,1,,,,,,,382.01,17,2,0
51.0,32.0,4.0,22.2,55.0,987.1,0,31.3,293,1.7,Budapest,4.381,70,2.0,0.0,0.0,80.253,15.940999999999804,7.703000000000429,64.78999999999996,1,,,,,,,462.263,17,2,0
52.0,33.0,4.0,22.2,55.0,987.1,0,31.3,293,1.7,Budapest,4.381,70,2.0,0.0,0.0,80.237,15.270000000000437,8.439000000000306,83.19799999999941,1,,,,,,,542.5,17,2,0
53.0,34.0,4.0,22.2,55.0,987.1,0,31.3,293,1.7,Budapest,4.381,70,2.0,0.0,0.0,80.187,15.260000000000218,8.975000000000364,82.80099999999948,1,,,,,,,622.687,17,2,0
54.0,35.0,4.0,22.2,55.0,987.1,0,31.3,293,1.7,Budapest,4.381,70,2.0,0.0,0.0,80.2,15.302999999999884,9.207999999999629,82.8680000000004,1,,,,,,,702.887,17,2,0
55.0,36.0,4.0,22.2,55.0,987.1,0,31.3,293,1.7,Budapest,4.381,70,2.0,0.0,0.0,80.259,15.556999999999789,10.023000000000138,83.06900000000041,1,,,,,,,783.146,17,2,0
56.0,37.0,4.0,22.2,55.0,987.1,0,31.3,293,1.7,Budapest,4.381,70,2.0,0.0,0.0,80.64,16.04399999999987,11.251000000000204,82.96999999999935,1,,,,,,,863.786,17,2,0
57.0,38.0,4.0,22.2,55.0,987.1,0,31.3,293,1.7,Budapest,4.381,70,2.0,0.0,0.0,81.226,17.35199999999986,13.03899999999976,82.60500000000047,1,,,,,,,945.012,17,2,0
58.0,39.0,4.0,22.2,55.0,987.1,0,31.3,293,1.7,Budapest,4.381,70,2.0,0.0,0.0,81.011,18.21900000000005,14.570999999999913,83.26899999999932,1,,,,,,,1026.023,17,2,0
59.0,40.0,4.0,22.2,55.0,987.1,0,31.3,293,1.7,Budapest,4.381,70,2.0,0.0,0.0,81.491,19.774000000000342,16.309000000000196,82.61699999999928,1,,,,,,,1107.514,17,2,0
60.0,41.0,4.0,22.2,55.0,987.1,0,31.3,293,1.7,Budapest,4.381,70,2.0,0.0,0.0,81.567,21.184000000000196,18.347999999999956,83.22499999999945,1,,,,,,,1189.081,17,2,0
61.0,42.0,4.0,22.2,55.0,987.1,0,31.3,293,1.7,Budapest,4.381,70,2.0,0.0,0.0,81.559,22.63299999999981,20.242999999999483,85.02100000000064,1,,,,,,,1270.64,17,2,0
62.0,43.0,3.0,22.2,55.0,987.1,0,31.3,293,1.7,Budapest,4.381,70,2.0,0.0,0.0,81.305,23.47699999999986,21.621000000000095,86.32999999999993,1,,,,,,,1351.945,17,2,0
63.0,44.0,3.0,22.2,55.0,987.1,0,31.3,293,1.7,Budapest,4.381,70,2.0,0.0,0.0,80.133,22.789999999999964,21.558999999999287,88.05100000000039,1,,,,,,,1432.078,17,2,0
64.0,45.0,3.0,22.2,55.0,987.1,0,31.3,293,1.7,Budapest,4.381,70,2.0,0.0,0.0,80.365,22.066000000000713,20.993000000000393,90.83399999999983,1,,,,,,,1512.443,17,2,0
65.0,46.0,3.0,22.2,55.0,987.1,0,31.3,293,1.7,Budapest,4.381,70,2.0,0.0,0.0,80.398,21.698999999999614,20.86199999999917,90.85800000000017,1,,,,,,,1592.841,17,2,0
66.0,47.0,3.0,22.2,55.0,987.1,0,31.3,293,1.7,Budapest,4.381,70,2.0,0.0,0.0,80.447,21.548999999999978,20.64800000000014,91.29500000000007,1,,,,,,,1673.288,17,2,0
67.0,48.0,3.0,22.2,55.0,987.1,0,31.3,293,1.7,Budapest,4.381,70,2.0,0.0,0.0,80.601,21.75300000000061,21.048999999999978,91.72099999999955,1,,,,,,,1753.889,17,2,0
68.0,49.0,3.0,22.2,55.0,987.1,0,31.3,293,1.7,Budapest,4.381,70,2.0,0.0,0.0,80.252,21.73700000000008,21.078999999999724,92.08200000000033,1,,,,,,,1834.141,17,2,0
69.0,50.0,3.0,22.2,55.0,987.1,0,31.3,293,1.7,Budapest,4.381,70,2.0,0.0,0.0,80.551,21.658000000000357,20.90900000000056,92.3819999999996,1,,,,,,,1914.692,17,2,0
70.0,51.0,3.0,22.2,55.0,987.1,0,31.3,293,1.7,Budapest,4.381,70,2.0,0.0,0.0,80.972,21.916000000000167,21.217999999999847,46.25799999999981,1,,,,,,,1995.664,17,2,0
20.0,12.0,16.0,20.7,68.0,1006.2,0,28.8,208,3.0,Zandvoort,4.259,72,2.0,0.0,0.0,77.321,49.06600000000003,19.307000000000016,7.289999999999964,1,0.0,0.0,0.0,0.0,0.0,0.0,1294.844,5,3,0
21.0,13.0,16.0,20.7,68.0,1006.2,0,28.8,208,3.0,Zandvoort,4.259,72,2.0,0.0,0.0,76.803,50.29599999999982,19.312999999999874,5.806000000000267,1,0.0,0.0,0.0,0.0,0.0,0.0,1371.647,5,3,0
27.0,8.0,17.0,20.7,68.0,1006.2,0,28.8,208,3.0,Zandvoort,4.259,72,2.0,0.0,0.0,78.54,12.371999999999844,9.632000000000062,40.146999999999935,1,0.0,0.0,0.0,0.0,0.0,0.0,1937.453,8,6,0
28.0,9.0,17.0,20.7,68.0,1006.2,0,28.8,208,3.0,Zandvoort,4.259,72,2.0,0.0,0.0,78.01,16.39800000000014,12.11700000000019,67.80899999999974,1,0.0,0.0,0.0,0.0,0.0,0.0,2015.463,8,6,0
29.0,10.0,17.0,20.7,68.0,1006.2,0,28.8,208,3.0,Zandvoort,4.259,72,2.0,0.0,0.0,76.935,18.371000000000095,14.177000000000135,67.3130000000001,1,0.0,0.0,0.0,0.0,0.0,0.0,2092.398,8,6,0
30.0,11.0,17.0,20.7,68.0,1006.2,0,28.8,208,3.0,Zandvoort,4.259,72,2.0,0.0,0.0,76.741,19.853000000000065,15.632000000000062,79.10300000000007,1,0.0,0.0,0.0,0.0,0.0,0.0,2169.139,8,6,0
33.0,14.0,17.0,20.7,68.0,1006.2,0,28.8,208,3.0,Zandvoort,4.259,72,2.0,0.0,0.0,75.6,23.335999999999785,18.45799999999963,63.565000000000055,1,0.0,0.0,0.0,0.0,0.0,0.0,2421.227,8,6,0
36.0,17.0,17.0,20.7,68.0,1006.2,0,28.8,208,3.0,Zandvoort,4.259,72,2.0,0.0,0.0,76.241,28.263000000000375,23.45400000000018,61.9109999999996,1,0.0,0.0,0.0,0.0,0.0,0.0,2650.441,8,6,0
37.0,18.0,17.0,20.7,68.0,1006.2,0,28.8,208,3.0,Zandvoort,4.259,72,2.0,0.0,0.0,75.624,29.06100000000015,24.06100000000015,62.20400000000018,1,0.0,0.0,0.0,0.0,0.0,0.0,2726.065,8,6,0
38.0,19.0,17.0,20.7,68.0,1006.2,0,28.8,208,3.0,Zandvoort,4.259,72,2.0,0.0,0.0,75.622,29.951000000000022,24.447999999999865,62.32100000000037,1,0.0,0.0,0.0,0.0,0.0,0.0,2801.687,8,6,0
39.0,20.0,17.0,20.7,68.0,1006.2,0,28.8,208,3.0,Zandvoort,4.259,72,2.0,0.0,0.0,75.58,31.346000000000004,25.095000000000255,62.20100000000002,1,0.0,0.0,0.0,0.0,0.0,0.0,2877.267,8,6,0
40.0,21.0,17.0,20.7,68.0,1006.2,0,28.8,208,3.0,Zandvoort,4.259,72,2.0,0.0,0.0,75.592,32.82099999999991,25.955999999999676,62.483000000000175,1,0.0,0.0,0.0,0.0,0.0,0.0,2952.859,8,6,0
41.0,22.0,16.0,20.7,68.0,1006.2,0,28.8,208,3.0,Zandvoort,4.259,72,2.0,0.0,0.0,75.603,34.41300000000001,26.614000000000033,62.608000000000175,1,0.0,0.0,0.0,0.0,0.0,0.0,3028.462,8,6,0
42.0,23.0,16.0,20.7,68.0,1006.2,0,28.8,208,3.0,Zandvoort,4.259,72,2.0,0.0,0.0,75.335,35.7829999999999,26.85799999999972,63.33400000000029,1,0.0,0.0,0.0,0.0,0.0,0.0,3103.797,8,6,0
43.0,24.0,16.0,20.7,68.0,1006.2,0,28.8,208,3.0,Zandvoort,4.259,72,2.0,0.0,0.0,78.554,40.21799999999985,30.34900000000016,60.58199999999988,1,0.0,0.0,0.0,0.0,0.0,0.0,3182.351,8,6,0
44.0,25.0,16.0,20.7,68.0,1006.2,0,28.8,208,3.0,Zandvoort,4.259,72,2.0,0.0,0.0,76.753,42.70900000000029,31.96199999999999,59.710000000000036,1,0.0,0.0,0.0,0.0,0.0,0.0,3259.104,8,6,0
45.0,26.0,16.0,20.7,68.0,1006.2,0,28.8,208,3.0,Zandvoort,4.259,72,2.0,0.0,0.0,76.38,44.972999999999956,33.41300000000001,59.151000000000295,1,0.0,0.0,0.0,0.0,0.0,0.0,3335.484,8,6,0
46.0,27.0,16.0,20.7,68.0,1006.2,0,28.8,208,3.0,Zandvoort,4.259,72,2.0,0.0,0.0,75.584,46.409000000000106,34.065000000000055,59.44999999999982,1,0.0,0.0,0.0,0.0,0.0,0.0,3411.068,8,6,0
47.0,28.0,16.0,20.7,68.0,1006.2,0,28.8,208,3.0,Zandvoort,4.259,72,2.0,0.0,0.0,75.462,47.50600000000031,34.557000000000244,60.279999999999745,1,0.0,0.0,0.0,0.0,0.0,0.0,3486.53,8,6,0
48.0,29.0,16.0,20.7,68.0,1006.2,0,28.8,208,3.0,Zandvoort,4.259,72,2.0,0.0,0.0,76.547,49.55000000000018,35.983999999999924,59.603999999999814,1,0.0,0.0,0.0,0.0,0.0,0.0,3563.077,8,6,0
49.0,30.0,16.0,19.6,73.0,1005.9,0,28.0,178,2.7,Zandvoort,4.259,72,2.0,0.0,0.0,76.22,51.0,37.08100000000013,59.27500000000009,1,0.0,0.0,0.0,0.0,0.0,0.0,38.981,8,6,0
50.0,31.0,17.0,19.6,73.0,1005.9,0,28.0,178,2.7,Zandvoort,4.259,72,2.0,0.0,0.0,77.317,53.52599999999984,39.48799999999983,57.91600000000017,1,0.0,0.0,0.0,0.0,0.0,0.0,116.298,8,6,0
51.0,32.0,17.0,19.6,73.0,1005.9,0,28.0,178,2.7,Zandvoort,4.259,72,2.0,0.0,0.0,76.46,55.35100000000011,40.871999999999844,58.77799999999979,1,0.0,0.0,0.0,0.0,0.0,0.0,192.758,8,6,0
58.0,5.0,16.0,19.6,73.0,1005.9,0,28.0,178,2.7,Zandvoort,4.259,72,3.0,0.0,0.0,76.95,9.938000000000102,7.104999999999563,22.230000000000473,1,0.0,0.0,0.0,0.0,0.0,0.0,876.268,8,6,0
59.0,6.0,16.0,19.6,73.0,1005.9,0,28.0,178,2.7,Zandvoort,4.259,72,3.0,0.0,0.0,76.416,13.414999999999964,9.75500000000011,19.817000000000007,1,0.0,0.0,0.0,0.0,0.0,0.0,952.684,8,6,0
60.0,7.0,15.0,19.6,73.0,1005.9,0,28.0,178,2.7,Zandvoort,4.259,72,3.0,0.0,0.0,75.161,16.30500000000029,11.29699999999957,18.534999999999854,1,0.0,0.0,0.0,0.0,0.0,0.0,1027.845,8,6,0
61.0,8.0,15.0,19.6,73.0,1005.9,0,28.0,178,2.7,Zandvoort,4.259,72,3.0,0.0,0.0,74.912,18.496000000000095,12.784999999999854,17.710000000000036,1,0.0,0.0,0.0,0.0,0.0,0.0,1102.757,8,6,0
62.0,9.0,15.0,19.6,73.0,1005.9,0,28.0,178,2.7,Zandvoort,4.259,72,3.0,0.0,0.0,75.87,21.783000000000357,15.269000000000233,16.25799999999981,1,0.0,0.0,0.0,0.0,0.0,0.0,1178.627,8,6,0
63.0,10.0,15.0,19.6,73.0,1005.9,0,28.0,178,2.7,Zandvoort,4.259,72,3.0,0.0,0.0,75.589,24.59100000000035,17.103000000000065,14.747000000000298,1,0.0,0.0,0.0,0.0,0.0,0.0,1254.216,8,6,0
64.0,11.0,15.0,19.6,73.0,1005.9,0,28.0,178,2.7,Zandvoort,4.259,72,3.0,0.0,0.0,75.749,27.67199999999957,19.153000000000247,13.041000000000167,1,0.0,0.0,0.0,0.0,0.0,0.0,1329.965,8,6,0
2.0,2.0,9.0,20.3,67.0,1006.6,0,28.5,227,3.5,Zandvoort,4.259,72,3.0,0.0,0.0,76.974,6.72199999999998,2.015999999999991,5.006,1,0.0,0.0,0.0,0.0,0.0,0.0,3497.328,15,5,0
3.0,3.0,9.0,20.3,67.0,1006.6,0,28.5,227,3.5,Zandvoort,4.259,72,3.0,0.0,0.0,76.751,7.739000000000004,2.1910000000000025,5.59099999999998,1,0.0,0.0,0.0,0.0,0.0,0.0,3574.079,15,5,0
4.0,4.0,9.0,20.7,68.0,1006.2,0,28.8,208,3.0,Zandvoort,4.259,72,3.0,0.0,0.0,76.813,9.092000000000041,2.5330000000000155,5.2690000000000055,1,0.0,0.0,0.0,0.0,0.0,0.0,50.506,15,5,0
5.0,5.0,9.0,20.7,68.0,1006.2,0,28.8,208,3.0,Zandvoort,4.259,72,3.0,0.0,0.0,76.804,10.521999999999991,3.242999999999995,5.865000000000009,1,0.0,0.0,0.0,0.0,0.0,0.0,127.31,15,5,0
6.0,6.0,9.0,20.7,68.0,1006.2,0,28.8,208,3.0,Zandvoort,4.259,72,3.0,0.0,0.0,76.515,11.786000000000001,3.7959999999999923,6.283999999999992,1,0.0,0.0,0.0,0.0,0.0,0.0,203.825,15,5,0
7.0,7.0,9.0,20.7,68.0,1006.2,0,28.8,208,3.0,Zandvoort,4.259,72,3.0,0.0,0.0,76.345,12.923000000000002,4.1340000000000146,7.0190000000000055,1,0.0,0.0,0.0,0.0,0.0,0.0,280.17,15,5,0
8.0,8.0,9.0,20.7,68.0,1006.2,0,28.8,208,3.0,Zandvoort,4.259,72,3.0,0.0,0.0,76.204,13.855999999999995,4.380999999999972,10.578000000000088,1,0.0,0.0,0.0,0.0,0.0,0.0,356.374,15,5,0
9.0,9.0,9.0,20.7,68.0,1006.2,0,28.8,208,3.0,Zandvoort,4.259,72,3.0,0.0,0.0,76.292,15.126999999999953,4.687999999999988,25.827999999999975,1,0.0,0.0,0.0,0.0,0.0,0.0,432.666,15,5,0
10.0,10.0,9.0,20.7,68.0,1006.2,0,28.8,208,3.0,Zandvoort,4.259,72,3.0,0.0,0.0,76.185,16.19500000000005,4.777000000000044,24.88499999999999,1,0.0,0.0,0.0,0.0,0.0,0.0,508.851,15,5,0
11.0,11.0,9.0,20.7,68.0,1006.2,0,28.8,208,3.0,Zandvoort,4.259,72,3.0,0.0,0.0,76.462,17.756000000000085,5.041000000000054,24.13900000000001,1,0.0,0.0,0.0,0.0,0.0,0.0,585.313,15,5,0
12.0,12.0,9.0,20.7,68.0,1006.2,0,28.8,208,3.0,Zandvoort,4.259,72,3.0,0.0,0.0,76.595,19.101000000000113,5.296000000000049,23.423999999999978,1,0.0,0.0,0.0,0.0,0.0,0.0,661.908,15,5,0
13.0,13.0,9.0,20.7,68.0,1006.2,0,28.8,208,3.0,Zandvoort,4.259,72,3.0,0.0,0.0,76.621,20.661000000000058,5.689000000000078,22.271000000000072,1,0.0,0.0,0.0,0.0,0.0,0.0,738.529,15,5,0
14.0,14.0,9.0,20.7,68.0,1006.2,0,28.8,208,3.0,Zandvoort,4.259,72,3.0,0.0,0.0,76.649,21.871000000000095,5.833000000000084,21.273999999999887,1,0.0,0.0,0.0,0.0,0.0,0.0,815.178,15,5,0
15.0,15.0,9.0,20.7,68.0,1006.2,0,28.8,208,3.0,Zandvoort,4.259,72,3.0,0.0,0.0,76.728,23.25,6.38799999999992,20.498000000000047,1,0.0,0.0,0.0,0.0,0.0,0.0,891.906,15,5,0
16.0,16.0,9.0,20.7,68.0,1006.2,0,28.8,208,3.0,Zandvoort,4.259,72,3.0,0.0,0.0,76.72,24.755999999999858,6.941000000000031,19.979000000000042,1,0.0,0.0,0.0,0.0,0.0,0.0,968.626,15,5,0
17.0,17.0,9.0,20.7,68.0,1006.2,0,28.8,208,3.0,Zandvoort,4.259,72,3.0,0.0,0.0,76.734,25.960000000000036,7.2560000000000855,19.398999999999887,1,0.0,0.0,0.0,0.0,0.0,0.0,1045.36,15,5,0
18.0,18.0,9.0,20.7,68.0,1006.2,0,28.8,208,3.0,Zandvoort,4.259,72,3.0,0.0,0.0,76.614,27.285000000000082,7.475000000000136,19.098999999999933,1,0.0,0.0,0.0,0.0,0.0,0.0,1121.974,15,5,0
19.0,19.0,9.0,20.7,68.0,1006.2,0,28.8,208,3.0,Zandvoort,4.259,72,3.0,0.0,0.0,76.63,28.427999999999884,7.882000000000062,18.919000000000096,1,0.0,0.0,0.0,0.0,0.0,0.0,1198.604,15,5,0
20.0,20.0,9.0,20.7,68.0,1006.2,0,28.8,208,3.0,Zandvoort,4.259,72,3.0,0.0,0.0,76.933,29.759000000000015,8.241999999999962,19.307000000000016,1,0.0,0.0,0.0,0.0,0.0,0.0,1275.537,15,5,0
21.0,21.0,9.0,20.7,68.0,1006.2,0,28.8,208,3.0,Zandvoort,4.259,72,3.0,0.0,0.0,76.797,30.982999999999947,8.566000000000031,19.312999999999874,1,0.0,0.0,0.0,0.0,0.0,0.0,1352.334,15,5,0
22.0,22.0,9.0,20.7,68.0,1006.2,0,28.8,208,3.0,Zandvoort,4.259,72,3.0,0.0,0.0,76.611,32.173,8.726000000000113,19.394999999999982,1,0.0,0.0,0.0,0.0,0.0,0.0,1428.945,15,5,0
2.0,2.0,6.0,20.3,67.0,1006.6,0,28.5,227,3.5,Zandvoort,4.259,72,3.0,0.0,0.0,76.688,4.705999999999989,4.705999999999989,2.015999999999991,1,0.0,0.0,0.0,0.0,0.0,0.0,3495.312,17,2,0
3.0,3.0,6.0,20.3,67.0,1006.6,0,28.5,227,3.5,Zandvoort,4.259,72,3.0,0.0,0.0,76.576,5.548000000000002,5.548000000000002,2.1910000000000025,1,0.0,0.0,0.0,0.0,0.0,0.0,3571.888,17,2,0
4.0,4.0,6.0,20.7,68.0,1006.2,0,28.8,208,3.0,Zandvoort,4.259,72,3.0,0.0,0.0,76.471,6.559000000000026,6.559000000000026,2.5330000000000155,1,0.0,0.0,0.0,0.0,0.0,0.0,47.973,17,2,0
5.0,5.0,6.0,20.7,68.0,1006.2,0,28.8,208,3.0,Zandvoort,4.259,72,3.0,0.0,0.0,76.094,7.278999999999996,7.278999999999996,3.242999999999995,1,0.0,0.0,0.0,0.0,0.0,0.0,124.067,17,2,0
6.0,6.0,6.0,20.7,68.0,1006.2,0,28.8,208,3.0,Zandvoort,4.259,72,3.0,0.0,0.0,75.962,7.990000000000009,7.990000000000009,3.7959999999999923,1,0.0,0.0,0.0,0.0,0.0,0.0,200.029,17,2,0
7.0,7.0,6.0,20.7,68.0,1006.2,0,28.8,208,3.0,Zandvoort,4.259,72,3.0,0.0,0.0,76.007,8.788999999999987,8.788999999999987,4.1340000000000146,1,0.0,0.0,0.0,0.0,0.0,0.0,276.036,17,2,0
8.0,8.0,6.0,20.7,68.0,1006.2,0,28.8,208,3.0,Zandvoort,4.259,72,3.0,0.0,0.0,75.957,9.475000000000023,9.475000000000023,4.380999999999972,1,0.0,0.0,0.0,0.0,0.0,0.0,351.993,17,2,0
9.0,9.0,6.0,20.7,68.0,1006.2,0,28.8,208,3.0,Zandvoort,4.259,72,3.0,0.0,0.0,75.985,10.438999999999965,10.438999999999965,4.687999999999988,1,0.0,0.0,0.0,0.0,0.0,0.0,427.978,17,2,0
10.0,10.0,6.0,20.7,68.0,1006.2,0,28.8,208,3.0,Zandvoort,4.259,72,3.0,0.0,0.0,76.096,11.418000000000006,11.418000000000006,4.777000000000044,1,0.0,0.0,0.0,0.0,0.0,0.0,504.074,17,2,0
11.0,11.0,6.0,20.7,68.0,1006.2,0,28.8,208,3.0,Zandvoort,4.259,72,3.0,0.0,0.0,76.198,12.715000000000032,12.715000000000032,5.041000000000054,1,0.0,0.0,0.0,0.0,0.0,0.0,580.272,17,2,0
12.0,12.0,6.0,20.7,68.0,1006.2,0,28.8,208,3.0,Zandvoort,4.259,72,3.0,0.0,0.0,76.34,13.805000000000064,13.805000000000064,5.296000000000049,1,0.0,0.0,0.0,0.0,0.0,0.0,656.612,17,2,0
13.0,13.0,6.0,20.7,68.0,1006.2,0,28.8,208,3.0,Zandvoort,4.259,72,3.0,0.0,0.0,76.228,14.97199999999998,14.97199999999998,5.689000000000078,1,0.0,0.0,0.0,0.0,0.0,0.0,732.84,17,2,0
14.0,14.0,6.0,20.7,68.0,1006.2,0,28.8,208,3.0,Zandvoort,4.259,72,3.0,0.0,0.0,76.505,16.03800000000001,16.03800000000001,5.833000000000084,1,0.0,0.0,0.0,0.0,0.0,0.0,809.345,17,2,0
15.0,15.0,6.0,20.7,68.0,1006.2,0,28.8,208,3.0,Zandvoort,4.259,72,3.0,0.0,0.0,76.173,16.86200000000008,16.86200000000008,6.38799999999992,1,0.0,0.0,0.0,0.0,0.0,0.0,885.518,17,2,0
16.0,16.0,6.0,20.7,68.0,1006.2,0,28.8,208,3.0,Zandvoort,4.259,72,3.0,0.0,0.0,76.167,17.814999999999827,17.814999999999827,6.941000000000031,1,0.0,0.0,0.0,0.0,0.0,0.0,961.685,17,2,0
17.0,17.0,6.0,20.7,68.0,1006.2,0,28.8,208,3.0,Zandvoort,4.259,72,3.0,0.0,0.0,76.419,18.70399999999995,18.70399999999995,7.2560000000000855,1,0.0,0.0,0.0,0.0,0.0,0.0,1038.104,17,2,0
18.0,18.0,6.0,20.7,68.0,1006.2,0,28.8,208,3.0,Zandvoort,4.259,72,3.0,0.0,0.0,76.395,19.809999999999945,19.809999999999945,7.475000000000136,1,0.0,0.0,0.0,0.0,0.0,0.0,1114.499,17,2,0
19.0,19.0,6.0,20.7,68.0,1006.2,0,28.8,208,3.0,Zandvoort,4.259,72,3.0,0.0,0.0,76.223,20.54599999999982,20.54599999999982,7.882000000000062,1,0.0,0.0,0.0,0.0,0.0,0.0,1190.722,17,2,0
20.0,20.0,6.0,20.7,68.0,1006.2,0,28.8,208,3.0,Zandvoort,4.259,72,3.0,0.0,0.0,76.573,21.517000000000053,21.517000000000053,8.241999999999962,1,0.0,0.0,0.0,0.0,0.0,0.0,1267.295,17,2,0
21.0,21.0,6.0,20.7,68.0,1006.2,0,28.8,208,3.0,Zandvoort,4.259,72,3.0,0.0,0.0,76.473,22.416999999999916,22.416999999999916,8.566000000000031,1,0.0,0.0,0.0,0.0,0.0,0.0,1343.768,17,2,0
22.0,22.0,5.0,20.7,68.0,1006.2,0,28.8,208,3.0,Zandvoort,4.259,72,3.0,0.0,0.0,76.451,23.44699999999989,23.44699999999989,8.726000000000113,1,0.0,0.0,0.0,0.0,0.0,0.0,1420.219,17,2,0
27.0,4.0,5.0,20.7,68.0,1006.2,0,28.8,208,3.0,Zandvoort,4.259,72,2.0,0.0,0.0,76.269,3.286999999999807,3.286999999999807,48.21300000000019,1,0.0,0.0,0.0,0.0,0.0,0.0,1928.368,17,2,0
28.0,5.0,5.0,20.7,68.0,1006.2,0,28.8,208,3.0,Zandvoort,4.259,72,2.0,0.0,0.0,75.425,4.7280000000000655,4.7280000000000655,79.57099999999991,1,0.0,0.0,0.0,0.0,0.0,0.0,2003.793,17,2,0
29.0,6.0,5.0,20.7,68.0,1006.2,0,28.8,208,3.0,Zandvoort,4.259,72,2.0,0.0,0.0,75.22,4.985999999999876,4.985999999999876,79.26400000000012,1,0.0,0.0,0.0,0.0,0.0,0.0,2079.013,17,2,0
30.0,7.0,5.0,20.7,68.0,1006.2,0,28.8,208,3.0,Zandvoort,4.259,72,2.0,0.0,0.0,75.302,5.028999999999996,5.028999999999996,92.47299999999996,1,0.0,0.0,0.0,0.0,0.0,0.0,2154.315,17,2,0
33.0,10.0,6.0,20.7,68.0,1006.2,0,28.8,208,3.0,Zandvoort,4.259,72,2.0,0.0,0.0,75.863,7.0219999999999345,7.0219999999999345,78.44399999999996,1,0.0,0.0,0.0,0.0,0.0,0.0,2404.913,17,2,0
34.0,11.0,6.0,20.7,68.0,1006.2,0,28.8,208,3.0,Zandvoort,4.259,72,2.0,0.0,0.0,75.056,7.217999999999847,7.217999999999847,79.19700000000012,1,0.0,0.0,0.0,0.0,0.0,0.0,2479.969,17,2,0
36.0,13.0,6.0,20.7,68.0,1006.2,0,28.8,208,3.0,Zandvoort,4.259,72,2.0,0.0,0.0,75.42,8.289999999999964,8.289999999999964,79.94400000000041,1,0.0,0.0,0.0,0.0,0.0,0.0,2630.468,17,2,0
37.0,14.0,6.0,20.7,68.0,1006.2,0,28.8,208,3.0,Zandvoort,4.259,72,2.0,0.0,0.0,75.29,8.75400000000036,8.75400000000036,80.45899999999983,1,0.0,0.0,0.0,0.0,0.0,0.0,2705.758,17,2,0
38.0,15.0,6.0,20.7,68.0,1006.2,0,28.8,208,3.0,Zandvoort,4.259,72,2.0,0.0,0.0,75.383,9.4050000000002,9.4050000000002,80.8420000000001,1,0.0,0.0,0.0,0.0,0.0,0.0,2781.141,17,2,0
39.0,16.0,6.0,20.7,68.0,1006.2,0,28.8,208,3.0,Zandvoort,4.259,72,2.0,0.0,0.0,75.482,10.70199999999977,10.70199999999977,80.64199999999983,1,0.0,0.0,0.0,0.0,0.0,0.0,2856.623,17,2,0
40.0,17.0,6.0,20.7,68.0,1006.2,0,28.8,208,3.0,Zandvoort,4.259,72,2.0,0.0,0.0,75.145,11.730000000000018,11.730000000000018,81.279,1,0.0,0.0,0.0,0.0,0.0,0.0,2931.768,17,2,0
41.0,18.0,7.0,20.7,68.0,1006.2,0,28.8,208,3.0,Zandvoort,4.259,72,2.0,0.0,0.0,77.455,15.173999999999978,15.173999999999978,79.71199999999999,1,0.0,0.0,0.0,0.0,0.0,0.0,3009.223,17,2,0
42.0,19.0,7.0,20.7,68.0,1006.2,0,28.8,208,3.0,Zandvoort,4.259,72,2.0,0.0,0.0,75.32,16.528999999999996,16.528999999999996,80.09699999999975,1,0.0,0.0,0.0,0.0,0.0,0.0,3084.543,17,2,0
43.0,20.0,7.0,20.7,68.0,1006.2,0,28.8,208,3.0,Zandvoort,4.259,72,2.0,0.0,0.0,75.783,18.192999999999756,18.192999999999756,80.00900000000001,1,0.0,0.0,0.0,0.0,0.0,0.0,3160.326,17,2,0
44.0,21.0,7.0,20.7,68.0,1006.2,0,28.8,208,3.0,Zandvoort,4.259,72,2.0,0.0,0.0,75.718,19.648999999999887,19.648999999999887,80.25300000000016,1,0.0,0.0,0.0,0.0,0.0,0.0,3236.044,17,2,0
45.0,22.0,7.0,20.7,68.0,1006.2,0,28.8,208,3.0,Zandvoort,4.259,72,2.0,0.0,0.0,75.913,21.445999999999913,21.445999999999913,80.08500000000004,1,0.0,0.0,0.0,0.0,0.0,0.0,3311.957,17,2,0
46.0,23.0,7.0,20.7,68.0,1006.2,0,28.8,208,3.0,Zandvoort,4.259,72,2.0,0.0,0.0,75.569,22.866999999999734,22.866999999999734,80.44000000000005,1,0.0,0.0,0.0,0.0,0.0,0.0,3387.526,17,2,0
47.0,24.0,7.0,20.7,68.0,1006.2,0,28.8,208,3.0,Zandvoort,4.259,72,2.0,0.0,0.0,75.588,24.090000000000146,24.090000000000146,80.91800000000012,1,0.0,0.0,0.0,0.0,0.0,0.0,3463.114,17,2,0
48.0,25.0,7.0,20.7,68.0,1006.2,0,28.8,208,3.0,Zandvoort,4.259,72,2.0,0.0,0.0,75.634,25.221000000000004,25.221000000000004,81.50799999999981,1,0.0,0.0,0.0,0.0,0.0,0.0,3538.748,17,2,0
49.0,26.0,7.0,19.6,73.0,1005.9,0,28.0,178,2.7,Zandvoort,4.259,72,2.0,0.0,0.0,75.566,26.016999999999825,26.016999999999825,81.95900000000029,1,0.0,0.0,0.0,0.0,0.0,0.0,13.998,17,2,0
50.0,27.0,7.0,19.6,73.0,1005.9,0,28.0,178,2.7,Zandvoort,4.259,72,2.0,0.0,0.0,75.777,27.0029999999997,27.0029999999997,82.39499999999998,1,0.0,0.0,0.0,0.0,0.0,0.0,89.775,17,2,0
51.0,28.0,7.0,19.6,73.0,1005.9,0,28.0,178,2.7,Zandvoort,4.259,72,2.0,0.0,0.0,75.918,28.286000000000058,28.286000000000058,86.70300000000043,1,0.0,0.0,0.0,0.0,0.0,0.0,165.693,17,2,0
52.0,29.0,6.0,19.6,73.0,1005.9,0,28.0,178,2.7,Zandvoort,4.259,72,2.0,0.0,0.0,75.574,29.70299999999952,29.70299999999952,141.1880000000001,1,0.0,0.0,0.0,0.0,0.0,0.0,241.267,17,2,0
58.0,5.0,5.0,19.6,73.0,1005.9,0,28.0,178,2.7,Zandvoort,4.259,72,4.0,0.0,0.0,75.029,3.5579999999999927,3.5579999999999927,29.442000000000007,1,0.0,0.0,0.0,0.0,0.0,0.0,869.888,17,2,0
59.0,6.0,5.0,19.6,73.0,1005.9,0,28.0,178,2.7,Zandvoort,4.259,72,4.0,0.0,0.0,74.062,4.680999999999585,4.680999999999585,29.265000000000327,1,0.0,0.0,0.0,0.0,0.0,0.0,943.95,17,2,0
60.0,7.0,5.0,19.6,73.0,1005.9,0,28.0,178,2.7,Zandvoort,4.259,72,4.0,0.0,0.0,73.904,6.314000000000306,6.314000000000306,29.528000000000247,1,0.0,0.0,0.0,0.0,0.0,0.0,1017.854,17,2,0
61.0,8.0,5.0,19.6,73.0,1005.9,0,28.0,178,2.7,Zandvoort,4.259,72,4.0,0.0,0.0,73.977,7.569999999999709,7.569999999999709,29.911000000000058,1,0.0,0.0,0.0,0.0,0.0,0.0,1091.831,17,2,0
62.0,9.0,5.0,19.6,73.0,1005.9,0,28.0,178,2.7,Zandvoort,4.259,72,4.0,0.0,0.0,73.907,8.894000000000233,8.894000000000233,30.59400000000005,1,0.0,0.0,0.0,0.0,0.0,0.0,1165.738,17,2,0
63.0,10.0,5.0,19.6,73.0,1005.9,0,28.0,178,2.7,Zandvoort,4.259,72,4.0,0.0,0.0,73.73,9.842999999999847,9.842999999999847,31.639000000000124,1,0.0,0.0,0.0,0.0,0.0,0.0,1239.468,17,2,0
64.0,11.0,5.0,19.6,73.0,1005.9,0,28.0,178,2.7,Zandvoort,4.259,72,4.0,0.0,0.0,73.791,10.96599999999944,10.96599999999944,32.66700000000037,1,0.0,0.0,0.0,0.0,0.0,0.0,1313.259,17,2,0
69.0,16.0,4.0,19.6,73.0,1005.9,0,28.0,178,2.7,Zandvoort,4.259,72,4.0,0.0,0.0,74.323,2.7669999999998254,2.7669999999998254,7.969000000000051,1,0.0,0.0,0.0,0.0,0.0,0.0,1829.138,17,2,0
70.0,17.0,4.0,19.6,73.0,1005.9,0,28.0,178,2.7,Zandvoort,4.259,72,4.0,0.0,0.0,73.728,4.070999999999913,4.070999999999913,10.792000000000371,1,0.0,0.0,0.0,0.0,0.0,0.0,1902.866,17,2,0
71.0,18.0,4.0,19.6,73.0,1005.9,0,28.0,178,2.7,Zandvoort,4.259,72,4.0,0.0,0.0,74.0,5.1799999999993815,5.1799999999993815,12.055000000000291,1,0.0,0.0,0.0,0.0,0.0,0.0,1976.866,17,2,0
72.0,19.0,4.0,19.6,73.0,1005.9,0,28.0,178,2.7,Zandvoort,4.259,72,4.0,0.0,0.0,74.174,5.653999999999542,5.653999999999542,11.722000000000662,1,0.0,0.0,0.0,0.0,0.0,0.0,2051.04,17,2,0
27.0,27.0,11.0,20.7,68.0,1006.2,0,28.8,208,3.0,Zandvoort,4.259,72,2.0,0.0,0.0,78.673,9.371000000000095,2.4580000000000837,2.211999999999989,1,0.0,0.0,0.0,0.0,0.0,0.0,1934.452,19,8,0
28.0,28.0,11.0,20.7,68.0,1006.2,0,28.8,208,3.0,Zandvoort,4.259,72,2.0,0.0,0.0,76.141,11.527999999999793,3.63399999999956,2.880000000000109,1,0.0,0.0,0.0,0.0,0.0,0.0,2010.593,19,8,0
29.0,29.0,11.0,20.7,68.0,1006.2,0,28.8,208,3.0,Zandvoort,4.259,72,2.0,0.0,0.0,76.329,12.894999999999982,4.549999999999727,2.93100000000004,1,0.0,0.0,0.0,0.0,0.0,0.0,2086.922,19,8,0
30.0,30.0,11.0,20.7,68.0,1006.2,0,28.8,208,3.0,Zandvoort,4.259,72,2.0,0.0,0.0,76.396,14.032000000000153,5.934999999999945,3.1149999999997817,1,0.0,0.0,0.0,0.0,0.0,0.0,2163.318,19,8,0
33.0,33.0,11.0,20.7,68.0,1006.2,0,28.8,208,3.0,Zandvoort,4.259,72,2.0,0.0,0.0,75.744,16.860000000000127,8.360000000000127,4.214999999999691,1,0.0,0.0,0.0,0.0,0.0,0.0,2414.751,19,8,0
34.0,34.0,11.0,20.7,68.0,1006.2,0,28.8,208,3.0,Zandvoort,4.259,72,2.0,0.0,0.0,75.873,17.873000000000047,9.085000000000036,4.586999999999989,1,0.0,0.0,0.0,0.0,0.0,0.0,2490.624,19,8,0
36.0,36.0,11.0,20.7,68.0,1006.2,0,28.8,208,3.0,Zandvoort,4.259,72,2.0,0.0,0.0,76.048,20.35699999999997,10.617999999999938,4.805000000000291,1,0.0,0.0,0.0,0.0,0.0,0.0,2642.535,19,8,0
37.0,37.0,11.0,20.7,68.0,1006.2,0,28.8,208,3.0,Zandvoort,4.259,72,2.0,0.0,0.0,76.355,21.885999999999967,11.634999999999764,4.513000000000375,1,0.0,0.0,0.0,0.0,0.0,0.0,2718.89,19,8,0
38.0,38.0,11.0,20.7,68.0,1006.2,0,28.8,208,3.0,Zandvoort,4.259,72,2.0,0.0,0.0,76.354,23.508000000000266,12.757000000000062,4.282999999999902,1,0.0,0.0,0.0,0.0,0.0,0.0,2795.244,19,8,0
39.0,39.0,11.0,20.7,68.0,1006.2,0,28.8,208,3.0,Zandvoort,4.259,72,2.0,0.0,0.0,76.292,25.61499999999978,13.762000000000171,3.963000000000193,1,0.0,0.0,0.0,0.0,0.0,0.0,2871.536,19,8,0
40.0,40.0,11.0,20.7,68.0,1006.2,0,28.8,208,3.0,Zandvoort,4.259,72,2.0,0.0,0.0,76.22,27.718000000000302,14.909000000000106,3.395999999999731,1,0.0,0.0,0.0,0.0,0.0,0.0,2947.756,19,8,0
41.0,41.0,11.0,20.7,68.0,1006.2,0,28.8,208,3.0,Zandvoort,4.259,72,2.0,0.0,0.0,76.212,29.919000000000324,16.175000000000182,3.5239999999998872,1,0.0,0.0,0.0,0.0,0.0,0.0,3023.968,19,8,0
42.0,42.0,11.0,20.7,68.0,1006.2,0,28.8,208,3.0,Zandvoort,4.259,72,2.0,0.0,0.0,76.674,32.628000000000156,18.157000000000153,2.707999999999629,1,0.0,0.0,0.0,0.0,0.0,0.0,3100.642,19,8,0
43.0,43.0,11.0,20.7,68.0,1006.2,0,28.8,208,3.0,Zandvoort,4.259,72,2.0,0.0,0.0,76.593,35.10199999999986,19.958999999999833,2.7289999999998145,1,0.0,0.0,0.0,0.0,0.0,0.0,3177.235,19,8,0
44.0,44.0,11.0,20.7,68.0,1006.2,0,28.8,208,3.0,Zandvoort,4.259,72,2.0,0.0,0.0,76.318,37.1579999999999,21.208999999999833,3.044000000000324,1,0.0,0.0,0.0,0.0,0.0,0.0,3253.553,19,8,0
45.0,45.0,11.0,20.7,68.0,1006.2,0,28.8,208,3.0,Zandvoort,4.259,72,2.0,0.0,0.0,76.449,39.490999999999985,22.666999999999916,3.5799999999999272,1,0.0,0.0,0.0,0.0,0.0,0.0,3330.002,19,8,0
46.0,46.0,11.0,20.7,68.0,1006.2,0,28.8,208,3.0,Zandvoort,4.259,72,2.0,0.0,0.0,76.471,41.81399999999985,24.2529999999997,3.731000000000222,1,0.0,0.0,0.0,0.0,0.0,0.0,3406.473,19,8,0
47.0,47.0,11.0,20.7,68.0,1006.2,0,28.8,208,3.0,Zandvoort,4.259,72,2.0,0.0,0.0,76.492,43.94100000000026,25.731000000000222,3.30199999999968,1,0.0,0.0,0.0,0.0,0.0,0.0,3482.965,19,8,0
48.0,48.0,11.0,20.7,68.0,1006.2,0,28.8,208,3.0,Zandvoort,4.259,72,2.0,0.0,0.0,76.477,45.914999999999964,27.340999999999894,3.186999999999898,1,0.0,0.0,0.0,0.0,0.0,0.0,3559.442,19,8,0
49.0,49.0,11.0,19.6,73.0,1005.9,0,28.0,178,2.7,Zandvoort,4.259,72,2.0,0.0,0.0,76.634,47.778999999999996,28.922000000000025,2.8580000000001746,1,0.0,0.0,0.0,0.0,0.0,0.0,35.76,19,8,0
50.0,50.0,11.0,19.6,73.0,1005.9,0,28.0,178,2.7,Zandvoort,4.259,72,2.0,0.0,0.0,76.953,49.9409999999998,30.751999999999953,2.451000000000022,1,0.0,0.0,0.0,0.0,0.0,0.0,112.713,19,8,0
51.0,51.0,11.0,19.6,73.0,1005.9,0,28.0,178,2.7,Zandvoort,4.259,72,2.0,0.0,0.0,76.794,52.100000000000364,30.35900000000038,2.906999999999698,1,0.0,0.0,0.0,0.0,0.0,0.0,189.507,19,8,0
59.0,6.0,10.0,19.6,73.0,1005.9,0,28.0,178,2.7,Zandvoort,4.259,72,3.0,0.0,0.0,75.189,9.703999999999724,3.65099999999984,2.873000000000502,1,0.0,0.0,0.0,0.0,0.0,0.0,948.973,19,8,0
60.0,7.0,9.0,19.6,73.0,1005.9,0,28.0,178,2.7,Zandvoort,4.259,72,3.0,0.0,0.0,75.031,12.463999999999942,4.9099999999998545,8.902000000000044,1,0.0,0.0,0.0,0.0,0.0,0.0,1024.004,19,8,0
61.0,8.0,9.0,19.6,73.0,1005.9,0,28.0,178,2.7,Zandvoort,4.259,72,3.0,0.0,0.0,75.629,15.372000000000298,6.576000000000022,24.122999999999593,1,0.0,0.0,0.0,0.0,0.0,0.0,1099.633,19,8,0
62.0,9.0,9.0,19.6,73.0,1005.9,0,28.0,178,2.7,Zandvoort,4.259,72,3.0,0.0,0.0,75.732,18.52100000000064,8.392000000000735,22.812999999999192,1,0.0,0.0,0.0,0.0,0.0,0.0,1175.365,19,8,0
63.0,10.0,8.0,19.6,73.0,1005.9,0,28.0,178,2.7,Zandvoort,4.259,72,3.0,0.0,0.0,74.473,20.213000000000648,8.643000000000029,22.646999999999935,1,0.0,0.0,0.0,0.0,0.0,0.0,1249.838,19,8,0
64.0,11.0,8.0,19.6,73.0,1005.9,0,28.0,178,2.7,Zandvoort,4.259,72,3.0,0.0,0.0,74.085,21.63000000000011,9.219000000000051,23.511999999999716,1,0.0,0.0,0.0,0.0,0.0,0.0,1323.923,19,8,0
72.0,19.0,7.0,19.6,73.0,1005.9,0,28.0,178,2.7,Zandvoort,4.259,72,3.0,0.0,0.0,74.702,9.043999999999869,2.0150000000003274,12.52099999999973,1,0.0,0.0,0.0,0.0,0.0,0.0,2054.43,19,8,0
29.0,1.0,14.0,26.7,42.0,996.8,0,44.4,321,1.3,Monza,5.793,53,3.0,0.0,0.0,103.945,61.20600000000013,21.896999999999935,3.367999999999938,1,0.0,,0.0,,,,2327.221,2,2,0
30.0,2.0,14.0,26.7,42.0,996.8,0,44.4,321,1.3,Monza,5.793,53,3.0,0.0,0.0,82.775,61.05300000000034,21.54300000000012,3.812999999999647,1,0.0,,0.0,,,,2409.996,2,2,0
31.0,3.0,13.0,26.7,42.0,996.8,0,44.4,321,1.3,Monza,5.793,53,3.0,0.0,0.0,82.663,60.77500000000009,21.201000000000022,4.33199999999988,1,0.0,,0.0,,,,2492.659,2,2,0
32.0,4.0,13.0,26.7,42.0,996.8,0,44.4,321,1.3,Monza,5.793,53,3.0,0.0,0.0,82.852,60.73700000000008,20.903999999999996,4.661999999999807,1,0.0,,0.0,,,,2575.511,2,2,0
33.0,5.0,11.0,26.7,42.0,996.8,0,44.4,321,1.3,Monza,5.793,53,3.0,0.0,0.0,82.705,60.49900000000025,20.614000000000033,5.012000000000171,1,0.0,,0.0,,,,2658.216,2,2,0
34.0,6.0,11.0,26.7,42.0,996.8,0,44.4,321,1.3,Monza,5.793,53,3.0,0.0,0.0,82.649,60.353000000000065,20.35699999999997,5.273999999999887,1,0.0,,0.0,,,,2740.865,2,2,0
35.0,7.0,11.0,26.7,42.0,996.8,0,44.4,321,1.3,Monza,5.793,53,3.0,0.0,0.0,82.653,60.35500000000002,20.513000000000375,5.556999999999789,1,0.0,,0.0,,,,2823.518,2,2,0
36.0,8.0,11.0,26.7,42.0,996.8,0,44.4,321,1.3,Monza,5.793,53,3.0,0.0,0.0,82.953,60.60900000000038,20.85699999999997,5.248999999999796,1,0.0,,0.0,,,,2906.471,2,2,0
37.0,9.0,11.0,26.7,42.0,996.8,0,44.4,321,1.3,Monza,5.793,53,3.0,0.0,0.0,82.982,56.159000000000106,21.110000000000127,4.847999999999956,1,0.0,,0.0,,,,2989.453,2,2,0
38.0,10.0,11.0,26.7,42.0,996.8,0,44.4,321,1.3,Monza,5.793,53,3.0,0.0,0.0,83.01,55.853999999999814,21.46199999999999,4.641000000000076,1,0.0,,0.0,,,,3072.463,2,2,0
39.0,11.0,10.0,26.7,42.0,996.8,0,44.4,321,1.3,Monza,5.793,53,3.0,0.0,0.0,84.154,57.31700000000001,22.942999999999756,3.673000000000229,1,0.0,,0.0,,,,3156.617,2,2,0
41.0,13.0,10.0,26.7,42.0,996.8,0,44.4,321,1.3,Monza,5.793,53,3.0,0.0,0.0,82.503,56.85699999999997,19.65099999999984,14.503000000000156,1,0.0,,0.0,,,,3322.227,2,2,0
46.0,18.0,10.0,27.0,41.0,996.3,0,40.6,195,2.5,Monza,5.793,53,3.0,0.0,0.0,82.366,52.34900000000016,2.5219999999999345,14.04300000000012,1,0.0,,0.0,,,,135.407,2,2,0
47.0,19.0,10.0,27.0,41.0,996.3,0,40.6,195,2.5,Monza,5.793,53,3.0,0.0,0.0,82.327,49.90000000000009,3.219000000000051,14.118999999999687,1,0.0,,0.0,,,,217.734,2,2,0
48.0,20.0,10.0,27.0,41.0,996.3,0,40.6,195,2.5,Monza,5.793,53,3.0,0.0,0.0,82.201,50.784999999999854,3.4599999999995816,14.296000000000276,1,0.0,,0.0,,,,299.935,2,2,0
49.0,21.0,9.0,27.0,41.0,996.3,0,40.6,195,2.5,Monza,5.793,53,3.0,0.0,0.0,82.174,51.63099999999986,2.9409999999998035,14.63300000000072,1,0.0,,0.0,,,,382.109,2,2,0
50.0,22.0,9.0,27.0,41.0,996.3,0,40.6,195,2.5,Monza,5.793,53,3.0,0.0,0.0,81.997,52.33100000000013,3.21100000000024,14.702000000000226,1,0.0,,0.0,,,,464.106,2,2,0
51.0,23.0,8.0,27.0,41.0,996.3,0,40.6,195,2.5,Monza,5.793,53,3.0,0.0,0.0,82.207,52.78900000000067,3.365000000000691,14.622999999999593,1,0.0,,0.0,,,,546.313,2,2,0
52.0,24.0,8.0,27.0,41.0,996.3,0,40.6,195,2.5,Monza,5.793,53,3.0,0.0,0.0,82.108,53.89399999999932,3.625,14.673999999999978,1,0.0,,0.0,,,,628.421,2,2,0
53.0,25.0,8.0,27.0,41.0,996.3,0,40.6,195,2.5,Monza,5.793,53,3.0,0.0,0.0,81.968,54.762000000000626,4.225000000000364,14.52599999999984,1,0.0,,0.0,,,,710.389,2,2,0
2.0,2.0,12.0,26.7,42.0,996.8,0,44.4,321,1.3,Monza,5.793,53,4.0,0.0,0.0,85.628,6.733000000000004,3.8360000000000127,2.3899999999999864,1,0.0,,0.0,,,,29.616,15,5,0
3.0,3.0,12.0,26.7,42.0,996.8,0,44.4,321,1.3,Monza,5.793,53,4.0,0.0,0.0,85.414,8.473000000000013,3.9039999999999964,2.0399999999999636,1,0.0,,0.0,,,,115.03,15,5,0
4.0,4.0,12.0,26.7,42.0,996.8,0,44.4,321,1.3,Monza,5.793,53,4.0,0.0,0.0,85.204,9.877999999999986,4.595000000000027,2.045000000000016,1,0.0,,0.0,,,,200.234,15,5,0
5.0,5.0,12.0,26.7,42.0,996.8,0,44.4,321,1.3,Monza,5.793,53,4.0,0.0,0.0,84.727,11.016999999999996,4.978000000000009,2.233000000000004,1,0.0,,0.0,,,,284.961,15,5,0
6.0,6.0,12.0,26.7,42.0,996.8,0,44.4,321,1.3,Monza,5.793,53,4.0,0.0,0.0,84.704,12.144999999999982,5.225000000000023,2.3419999999999845,1,0.0,,0.0,,,,369.665,15,5,0
7.0,7.0,12.0,26.7,42.0,996.8,0,44.4,321,1.3,Monza,5.793,53,4.0,0.0,0.0,84.676,13.511000000000081,5.961000000000013,2.3439999999999372,1,0.0,,0.0,,,,454.341,15,5,0
8.0,8.0,12.0,26.7,42.0,996.8,0,44.4,321,1.3,Monza,5.793,53,4.0,0.0,0.0,84.704,15.076000000000022,6.784999999999968,2.4750000000000227,1,0.0,,0.0,,,,539.045,15,5,0
9.0,9.0,12.0,26.7,42.0,996.8,0,44.4,321,1.3,Monza,5.793,53,4.0,0.0,0.0,84.389,16.364000000000033,7.1059999999999945,2.6269999999999527,1,0.0,,0.0,,,,623.434,15,5,0
10.0,10.0,12.0,26.7,42.0,996.8,0,44.4,321,1.3,Monza,5.793,53,4.0,0.0,0.0,84.483,17.759000000000015,7.241999999999962,2.3530000000000655,1,0.0,,0.0,,,,707.917,15,5,0
11.0,11.0,12.0,26.7,42.0,996.8,0,44.4,321,1.3,Monza,5.793,53,4.0,0.0,0.0,84.592,19.284999999999968,7.709999999999923,2.1230000000000473,1,0.0,,0.0,,,,792.509,15,5,0
12.0,12.0,12.0,26.7,42.0,996.8,0,44.4,321,1.3,Monza,5.793,53,4.0,0.0,0.0,84.557,20.827999999999975,8.437000000000012,2.094000000000051,1,0.0,,0.0,,,,877.066,15,5,0
19.0,19.0,10.0,26.7,42.0,996.8,0,44.4,321,1.3,Monza,5.793,53,4.0,0.0,0.0,84.162,30.864000000000033,12.965999999999894,2.04300000000012,1,0.0,,0.0,,,,1468.007,15,5,0
20.0,20.0,8.0,26.7,42.0,996.8,0,44.4,321,1.3,Monza,5.793,53,4.0,0.0,0.0,84.213,32.22000000000003,13.590999999999894,2.0270000000000437,1,0.0,,0.0,,,,1552.22,15,5,0
21.0,21.0,8.0,26.7,42.0,996.8,0,44.4,321,1.3,Monza,5.793,53,4.0,0.0,0.0,83.814,33.11500000000001,13.972999999999956,2.328999999999951,1,0.0,,0.0,,,,1636.034,15,5,0
22.0,22.0,8.0,26.7,42.0,996.8,0,44.4,321,1.3,Monza,5.793,53,4.0,0.0,0.0,83.702,34.08400000000006,14.19600000000014,2.5540000000000873,1,0.0,,0.0,,,,1719.736,15,5,0
23.0,23.0,8.0,26.7,42.0,996.8,0,44.4,321,1.3,Monza,5.793,53,4.0,0.0,0.0,83.827,35.12900000000013,14.382000000000062,2.7180000000000746,1,0.0,,0.0,,,,1803.563,15,5,0
24.0,24.0,8.0,26.7,42.0,996.8,0,44.4,321,1.3,Monza,5.793,53,4.0,0.0,0.0,83.837,36.149000000000115,14.580999999999904,2.7590000000000146,1,0.0,,0.0,,,,1887.4,15,5,0
50.0,20.0,12.0,27.0,41.0,996.3,0,40.6,195,2.5,Monza,5.793,53,3.0,0.0,0.0,82.379,61.69300000000021,31.230999999999767,27.014000000000124,1,0.0,,0.0,,,,473.468,15,5,0
51.0,21.0,12.0,27.0,41.0,996.3,0,40.6,195,2.5,Monza,5.793,53,3.0,0.0,0.0,82.198,62.141999999999825,31.117999999999483,26.980000000000473,1,0.0,,0.0,,,,555.666,15,5,0
52.0,22.0,11.0,27.0,41.0,996.3,0,40.6,195,2.5,Monza,5.793,53,3.0,0.0,0.0,82.048,63.1869999999999,31.09400000000005,27.213999999999942,1,0.0,,0.0,,,,637.714,15,5,0
53.0,23.0,11.0,27.0,41.0,996.3,0,40.6,195,2.5,Monza,5.793,53,3.0,0.0,0.0,82.382,64.46900000000005,31.587999999999738,16.23199999999997,1,0.0,,0.0,,,,720.096,15,5,0
10.0,10.0,5.0,26.7,42.0,996.8,0,44.4,321,1.3,Monza,5.793,53,4.0,0.0,0.0,84.347,10.517000000000053,2.8059999999999263,7.241999999999962,1,0.0,,0.0,,,,700.675,17,2,0
11.0,11.0,5.0,26.7,42.0,996.8,0,44.4,321,1.3,Monza,5.793,53,4.0,0.0,0.0,84.124,11.575000000000045,3.0330000000000155,7.709999999999923,1,0.0,,0.0,,,,784.799,17,2,0
12.0,12.0,5.0,26.7,42.0,996.8,0,44.4,321,1.3,Monza,5.793,53,4.0,0.0,0.0,83.83,12.390999999999963,3.3769999999999527,8.437000000000012,1,0.0,,0.0,,,,868.629,17,2,0
13.0,13.0,5.0,26.7,42.0,996.8,0,44.4,321,1.3,Monza,5.793,53,4.0,0.0,0.0,83.569,12.706000000000131,3.3479999999999563,9.317000000000007,1,0.0,,0.0,,,,952.198,17,2,0
14.0,14.0,5.0,26.7,42.0,996.8,0,44.4,321,1.3,Monza,5.793,53,4.0,0.0,0.0,83.932,13.519999999999982,3.617999999999938,9.711999999999989,1,0.0,,0.0,,,,1036.13,17,2,0
15.0,15.0,5.0,26.7,42.0,996.8,0,44.4,321,1.3,Monza,5.793,53,4.0,0.0,0.0,83.837,14.279999999999973,4.069999999999936,10.269999999999982,1,0.0,,0.0,,,,1119.967,17,2,0
16.0,16.0,5.0,26.7,42.0,996.8,0,44.4,321,1.3,Monza,5.793,53,4.0,0.0,0.0,83.876,15.154999999999973,4.808999999999969,10.872000000000071,1,0.0,,0.0,,,,1203.843,17,2,0
17.0,17.0,5.0,26.7,42.0,996.8,0,44.4,321,1.3,Monza,5.793,53,4.0,0.0,0.0,83.786,16.05100000000016,5.2590000000000146,11.427999999999884,1,0.0,,0.0,,,,1287.629,17,2,0
18.0,18.0,5.0,26.7,42.0,996.8,0,44.4,321,1.3,Monza,5.793,53,4.0,0.0,0.0,83.656,16.980000000000018,5.655999999999949,12.559999999999945,1,0.0,,0.0,,,,1371.285,17,2,0
19.0,19.0,5.0,26.7,42.0,996.8,0,44.4,321,1.3,Monza,5.793,53,4.0,0.0,0.0,83.756,17.89800000000014,6.053000000000111,12.965999999999894,1,0.0,,0.0,,,,1455.041,17,2,0
20.0,20.0,5.0,26.7,42.0,996.8,0,44.4,321,1.3,Monza,5.793,53,4.0,0.0,0.0,83.588,18.629000000000133,6.41599999999994,13.590999999999894,1,0.0,,0.0,,,,1538.629,17,2,0
21.0,21.0,5.0,26.7,42.0,996.8,0,44.4,321,1.3,Monza,5.793,53,4.0,0.0,0.0,83.432,19.142000000000053,6.892000000000053,13.972999999999956,1,0.0,,0.0,,,,1622.061,17,2,0
22.0,22.0,5.0,26.7,42.0,996.8,0,44.4,321,1.3,Monza,5.793,53,4.0,0.0,0.0,83.479,19.88799999999992,7.487999999999829,14.19600000000014,1,0.0,,0.0,,,,1705.54,17,2,0
23.0,23.0,5.0,26.7,42.0,996.8,0,44.4,321,1.3,Monza,5.793,53,4.0,0.0,0.0,83.641,20.74700000000007,8.172000000000025,14.382000000000062,1,0.0,,0.0,,,,1789.181,17,2,0
24.0,24.0,5.0,26.7,42.0,996.8,0,44.4,321,1.3,Monza,5.793,53,4.0,0.0,0.0,83.638,21.56800000000021,9.066000000000031,14.580999999999904,1,0.0,,0.0,,,,1872.819,17,2,0
25.0,25.0,5.0,26.7,42.0,996.8,0,44.4,321,1.3,Monza,5.793,53,4.0,0.0,0.0,83.765,22.36299999999983,9.56100000000015,15.898000000000138,1,0.0,,0.0,,,,1956.584,17,2,0
26.0,26.0,5.0,26.7,42.0,996.8,0,44.4,321,1.3,Monza,5.793,53,4.0,0.0,0.0,83.98,23.40599999999995,10.494000000000142,15.804000000000087,1,0.0,,0.0,,,,2040.564,17,2,0
31.0,4.0,10.0,26.7,42.0,996.8,0,44.4,321,1.3,Monza,5.793,53,3.0,0.0,0.0,82.659,48.50199999999995,36.23900000000003,19.01599999999962,1,0.0,,0.0,,,,2480.386,17,2,0
32.0,5.0,9.0,26.7,42.0,996.8,0,44.4,321,1.3,Monza,5.793,53,3.0,0.0,0.0,82.701,48.3130000000001,36.36400000000003,18.9399999999996,1,0.0,,0.0,,,,2563.087,17,2,0
33.0,6.0,9.0,26.7,42.0,996.8,0,44.4,321,1.3,Monza,5.793,53,3.0,0.0,0.0,82.473,47.8430000000003,35.56600000000026,18.98199999999997,1,0.0,,0.0,,,,2645.56,17,2,0
34.0,7.0,9.0,26.7,42.0,996.8,0,44.4,321,1.3,Monza,5.793,53,3.0,0.0,0.0,82.49,47.53800000000001,35.386999999999716,18.95699999999988,1,0.0,,0.0,,,,2728.05,17,2,0
35.0,8.0,8.0,26.7,42.0,996.8,0,44.4,321,1.3,Monza,5.793,53,3.0,0.0,0.0,82.847,47.733999999999924,35.646000000000186,18.789999999999964,1,0.0,,0.0,,,,2810.897,17,2,0
36.0,9.0,7.0,26.7,42.0,996.8,0,44.4,321,1.3,Monza,5.793,53,3.0,0.0,0.0,82.248,47.28300000000036,35.66200000000026,19.17699999999968,1,0.0,,0.0,,,,2893.145,17,2,0
37.0,10.0,7.0,26.7,42.0,996.8,0,44.4,321,1.3,Monza,5.793,53,3.0,0.0,0.0,82.562,42.41300000000001,35.79899999999998,19.43600000000015,1,0.0,,0.0,,,,2975.707,17,2,0
38.0,11.0,7.0,26.7,42.0,996.8,0,44.4,321,1.3,Monza,5.793,53,3.0,0.0,0.0,82.43,41.52799999999979,35.67099999999982,19.570000000000164,1,0.0,,0.0,,,,3058.137,17,2,0
39.0,12.0,6.0,26.7,42.0,996.8,0,44.4,321,1.3,Monza,5.793,53,3.0,0.0,0.0,82.341,41.177999999999884,35.60999999999967,20.220000000000255,1,0.0,,0.0,,,,3140.478,17,2,0
41.0,14.0,6.0,26.7,42.0,996.8,0,44.4,321,1.3,Monza,5.793,53,3.0,0.0,0.0,82.008,39.228000000000065,34.815000000000055,28.540999999999713,1,0.0,,0.0,,,,3304.598,17,2,0
42.0,15.0,5.0,26.7,42.0,996.8,0,44.4,321,1.3,Monza,5.793,53,3.0,0.0,0.0,81.912,38.54999999999973,34.30799999999999,29.110999999999876,1,0.0,,0.0,,,,3386.51,17,2,0
43.0,16.0,5.0,26.7,42.0,996.8,0,44.4,321,1.3,Monza,5.793,53,3.0,0.0,0.0,81.984,37.629999999999654,33.922999999999774,29.651000000000295,1,0.0,,0.0,,,,3468.494,17,2,0
44.0,17.0,5.0,26.7,42.0,996.8,0,44.4,321,1.3,Monza,5.793,53,3.0,0.0,0.0,82.048,37.289999999999964,33.56700000000001,30.12599999999975,1,0.0,,0.0,,,,3550.542,17,2,0
45.0,18.0,5.0,27.0,41.0,996.3,0,40.6,195,2.5,Monza,5.793,53,3.0,0.0,0.0,81.8,36.30899999999974,28.75799999999981,30.649000000000342,1,0.0,,0.0,,,,32.08,17,2,0
46.0,19.0,5.0,27.0,41.0,996.3,0,40.6,195,2.5,Monza,5.793,53,3.0,0.0,0.0,81.922,30.94399999999996,9.277999999999793,30.827999999999975,1,0.0,,0.0,,,,114.002,17,2,0
47.0,20.0,5.0,27.0,41.0,996.3,0,40.6,195,2.5,Monza,5.793,53,3.0,0.0,0.0,81.813,27.980999999999767,9.846000000000004,30.75500000000011,1,0.0,,0.0,,,,195.815,17,2,0
48.0,21.0,5.0,27.0,41.0,996.3,0,40.6,195,2.5,Monza,5.793,53,3.0,0.0,0.0,82.496,29.161000000000058,10.559000000000196,30.623000000000047,1,0.0,,0.0,,,,278.311,17,2,0
49.0,22.0,5.0,27.0,41.0,996.3,0,40.6,195,2.5,Monza,5.793,53,3.0,0.0,0.0,81.965,29.79800000000023,9.039999999999964,30.813000000000102,1,0.0,,0.0,,,,360.276,17,2,0
50.0,23.0,5.0,27.0,41.0,996.3,0,40.6,195,2.5,Monza,5.793,53,3.0,0.0,0.0,81.961,30.462000000000444,9.493000000000393,31.230999999999767,1,0.0,,0.0,,,,442.237,17,2,0
51.0,24.0,5.0,27.0,41.0,996.3,0,40.6,195,2.5,Monza,5.793,53,3.0,0.0,0.0,82.311,31.024000000000342,10.327000000000226,31.117999999999483,1,0.0,,0.0,,,,524.548,17,2,0
52.0,25.0,5.0,27.0,41.0,996.3,0,40.6,195,2.5,Monza,5.793,53,3.0,0.0,0.0,82.072,32.09299999999985,11.01299999999992,31.09400000000005,1,0.0,,0.0,,,,606.62,17,2,0
53.0,26.0,5.0,27.0,41.0,996.3,0,40.6,195,2.5,Monza,5.793,53,3.0,0.0,0.0,81.888,32.88100000000031,11.529999999999745,31.587999999999738,1,0.0,,0.0,,,,688.508,17,2,0
53.0,8.0,3.0,27.0,41.0,996.3,0,40.6,195,2.5,Monza,5.793,53,5.0,0.0,0.0,81.371,21.351000000000568,2.144000000000233,11.529999999999745,1,0.0,,0.0,,,,676.978,18,9,0
5.0,5.0,10.0,20.6,60.0,1020.9,0,26.5,226,2.0,Baku,6.003,51,3.0,0.0,0.0,111.67,67.3309999999999,17.145999999999958,35.31400000000008,1,0.0,0.0,0.0,,0.0,0.0,582.639,13,4,0
6.0,6.0,10.0,20.6,60.0,1020.9,0,26.5,226,2.0,Baku,6.003,51,3.0,0.0,0.0,108.843,69.04699999999991,17.148000000000025,36.101999999999975,1,0.0,0.0,0.0,,0.0,0.0,691.482,13,4,0
8.0,8.0,10.0,20.6,60.0,1020.9,0,26.5,226,2.0,Baku,6.003,51,3.0,0.0,0.0,106.923,70.66699999999992,15.631999999999948,38.92500000000018,1,0.0,0.0,0.0,,0.0,0.0,905.719,13,4,0
9.0,9.0,10.0,20.6,60.0,1020.9,0,26.5,226,2.0,Baku,6.003,51,3.0,0.0,0.0,106.766,71.05700000000002,14.913999999999987,39.95399999999995,1,0.0,0.0,0.0,,0.0,0.0,1012.485,13,4,0
10.0,10.0,10.0,20.6,60.0,1020.9,0,26.5,226,2.0,Baku,6.003,51,3.0,0.0,0.0,106.815,71.69999999999982,14.780999999999949,40.37200000000007,1,0.0,0.0,0.0,,0.0,0.0,1119.3,13,4,0
11.0,11.0,10.0,20.6,60.0,1020.9,0,26.5,226,2.0,Baku,6.003,51,3.0,0.0,0.0,107.101,72.55600000000004,15.058999999999969,41.55899999999997,1,0.0,0.0,0.0,,0.0,0.0,1226.401,13,4,0
12.0,12.0,10.0,20.6,60.0,1020.9,0,26.5,226,2.0,Baku,6.003,51,3.0,0.0,0.0,106.628,73.06099999999992,14.474999999999909,42.46200000000022,1,0.0,0.0,0.0,,0.0,0.0,1333.029,13,4,0
13.0,13.0,10.0,20.6,60.0,1020.9,0,26.5,226,2.0,Baku,6.003,51,3.0,0.0,0.0,107.02,73.97899999999981,14.42599999999993,43.34600000000023,1,0.0,0.0,0.0,,0.0,0.0,1440.049,13,4,0
14.0,14.0,10.0,20.6,60.0,1020.9,0,26.5,226,2.0,Baku,6.003,51,3.0,0.0,0.0,106.602,74.7639999999999,13.855000000000018,44.340000000000146,1,0.0,0.0,0.0,,0.0,0.0,1546.651,13,4,0
15.0,15.0,10.0,20.6,60.0,1020.9,0,26.5,226,2.0,Baku,6.003,51,3.0,0.0,0.0,107.88,77.02699999999982,14.853999999999814,44.85400000000027,1,0.0,0.0,0.0,,0.0,0.0,1654.531,13,4,0
16.0,16.0,10.0,20.6,60.0,1020.9,0,26.5,226,2.0,Baku,6.003,51,3.0,0.0,0.0,106.524,77.90999999999985,14.519999999999982,46.542000000000144,1,0.0,0.0,0.0,,0.0,0.0,1761.055,13,4,0
19.0,19.0,10.0,20.6,60.0,1020.9,0,26.5,226,2.0,Baku,6.003,51,3.0,0.0,0.0,106.246,79.23099999999977,12.77599999999984,49.596000000000004,1,0.0,0.0,0.0,,0.0,0.0,2079.697,13,4,0
20.0,20.0,9.0,20.6,60.0,1020.9,0,26.5,226,2.0,Baku,6.003,51,3.0,0.0,0.0,105.965,79.70400000000018,12.429000000000087,51.04599999999982,1,0.0,0.0,0.0,,0.0,0.0,2185.662,13,4,0
21.0,21.0,9.0,20.6,60.0,1020.9,0,26.5,226,2.0,Baku,6.003,51,3.0,0.0,0.0,105.926,80.07200000000012,11.675000000000182,52.085000000000036,1,0.0,0.0,0.0,,0.0,0.0,2291.588,13,4,0
22.0,22.0,9.0,20.6,60.0,1020.9,0,26.5,226,2.0,Baku,6.003,51,3.0,0.0,0.0,106.095,80.69399999999996,11.213999999999942,53.19800000000032,1,0.0,0.0,0.0,,0.0,0.0,2397.683,13,4,0
23.0,23.0,9.0,20.6,60.0,1020.9,0,26.5,226,2.0,Baku,6.003,51,3.0,0.0,0.0,106.122,81.45399999999972,10.735999999999876,54.294000000000324,1,0.0,0.0,0.0,,0.0,0.0,2503.805,13,4,0
24.0,24.0,9.0,20.6,60.0,1020.9,0,26.5,226,2.0,Baku,6.003,51,3.0,0.0,0.0,106.378,82.42099999999982,10.69399999999996,54.99800000000005,1,0.0,0.0,0.0,,0.0,0.0,2610.183,13,4,0
25.0,25.0,9.0,20.6,60.0,1020.9,0,26.5,226,2.0,Baku,6.003,51,3.0,0.0,0.0,106.144,83.26200000000017,10.376999999999953,55.654999999999745,1,0.0,0.0,0.0,,0.0,0.0,2716.327,13,4,0
26.0,26.0,9.0,20.6,60.0,1020.9,0,26.5,226,2.0,Baku,6.003,51,3.0,0.0,0.0,105.856,84.15099999999984,9.873000000000047,57.50199999999995,1,0.0,0.0,0.0,,0.0,0.0,2822.183,13,4,0
27.0,27.0,9.0,20.6,60.0,1020.9,0,26.5,226,2.0,Baku,6.003,51,3.0,0.0,0.0,105.8,85.13099999999986,9.655999999999949,58.478999999999814,1,0.0,0.0,0.0,,0.0,0.0,2927.983,13,4,0
28.0,28.0,9.0,20.6,60.0,1020.9,0,26.5,226,2.0,Baku,6.003,51,3.0,0.0,0.0,105.808,86.03900000000021,8.825000000000273,59.75799999999981,1,0.0,0.0,0.0,,0.0,0.0,3033.791,13,4,0
29.0,29.0,9.0,20.6,60.0,1020.9,0,26.5,226,2.0,Baku,6.003,51,3.0,0.0,0.0,105.769,86.79799999999977,5.293999999999869,60.88000000000011,1,0.0,0.0,0.0,,0.0,0.0,3139.56,13,4,0
37.0,1.0,10.0,20.5,61.0,1021.6,0,24.9,245,0.9,Baku,6.003,51,4.0,0.0,0.0,121.695,112.72599999999966,12.131000000000313,72.31999999999971,1,0.0,0.0,0.0,,0.0,0.0,403.419,13,4,0
38.0,2.0,10.0,20.5,61.0,1021.6,0,24.9,245,0.9,Baku,6.003,51,4.0,0.0,0.0,104.161,112.11200000000008,11.655999999999949,73.47100000000046,1,0.0,0.0,0.0,,0.0,0.0,507.58,13,4,0
39.0,3.0,10.0,20.5,61.0,1021.6,0,24.9,245,0.9,Baku,6.003,51,4.0,0.0,0.0,104.011,111.17299999999977,11.001999999999498,74.15000000000055,1,0.0,0.0,0.0,,0.0,0.0,611.591,13,4,0
40.0,4.0,10.0,20.5,61.0,1021.6,0,24.9,245,0.9,Baku,6.003,51,4.0,0.0,0.0,103.977,106.39600000000064,10.496000000000095,74.89599999999973,1,0.0,0.0,0.0,,0.0,0.0,715.568,13,4,0
41.0,5.0,10.0,20.5,61.0,1021.6,0,24.9,245,0.9,Baku,6.003,51,4.0,0.0,0.0,104.333,89.20399999999972,10.185999999999694,75.13500000000022,1,0.0,0.0,0.0,,0.0,0.0,819.901,13,4,0
42.0,6.0,10.0,20.5,61.0,1021.6,0,24.9,245,0.9,Baku,6.003,51,4.0,0.0,0.0,104.361,89.86299999999937,9.942000000000007,75.82300000000032,1,0.0,0.0,0.0,,0.0,0.0,924.262,13,4,0
43.0,7.0,10.0,20.5,61.0,1021.6,0,24.9,245,0.9,Baku,6.003,51,4.0,0.0,0.0,104.252,90.35999999999967,9.876000000000204,76.04899999999998,1,0.0,0.0,0.0,,0.0,0.0,1028.514,13,4,0
44.0,8.0,10.0,20.5,61.0,1021.6,0,24.9,245,0.9,Baku,6.003,51,4.0,0.0,0.0,104.329,91.125,9.760000000000218,76.68199999999979,1,0.0,0.0,0.0,,0.0,0.0,1132.843,13,4,0
45.0,9.0,10.0,20.5,61.0,1021.6,0,24.9,245,0.9,Baku,6.003,51,4.0,0.0,0.0,104.495,92.19700000000012,10.078999999999724,76.65200000000004,1,0.0,0.0,0.0,,0.0,0.0,1237.338,13,4,0
46.0,10.0,10.0,20.5,61.0,1021.6,0,24.9,245,0.9,Baku,6.003,51,4.0,0.0,0.0,104.491,93.26899999999932,10.347999999999956,76.80799999999999,1,0.0,0.0,0.0,,0.0,0.0,1341.829,13,4,0
47.0,11.0,10.0,20.5,61.0,1021.6,0,24.9,245,0.9,Baku,6.003,51,4.0,0.0,0.0,104.936,94.6259999999993,10.92699999999968,76.24200000000019,1,0.0,0.0,0.0,,0.0,0.0,1446.765,13,4,0
48.0,12.0,10.0,20.5,61.0,1021.6,0,24.9,245,0.9,Baku,6.003,51,4.0,0.0,0.0,104.714,95.39800000000014,11.47400000000016,77.0019999999995,1,0.0,0.0,0.0,,0.0,0.0,1551.479,13,4,0
49.0,13.0,10.0,20.5,61.0,1021.6,0,24.9,245,0.9,Baku,6.003,51,4.0,0.0,0.0,104.435,94.29799999999977,11.640999999999622,77.30799999999999,1,0.0,0.0,0.0,,0.0,0.0,1655.914,13,4,0
50.0,14.0,10.0,20.5,61.0,1021.6,0,24.9,245,0.9,Baku,6.003,51,4.0,0.0,0.0,104.679,95.58899999999994,12.435999999999694,77.21100000000024,1,0.0,0.0,0.0,,0.0,0.0,1760.593,13,4,0
51.0,15.0,10.0,20.5,61.0,1021.6,0,24.9,245,0.9,Baku,6.003,51,4.0,0.0,0.0,106.079,97.11199999999917,14.268999999999323,75.66100000000006,1,0.0,0.0,0.0,,0.0,0.0,1866.672,13,4,0
26.0,1.0,7.0,29.1,80.0,1010.7,0,34.5,233,0.8,Marina Bay,4.94,62,1.0,0.0,0.0,114.51,31.393999999999778,5.371999999999844,20.442000000000007,1,0.0,,,,,,2234.762,2,2,0
26.0,1.0,3.0,29.1,80.0,1010.7,0,34.5,233,0.8,Marina Bay,4.94,62,1.0,0.0,0.0,113.098,8.993999999999687,8.993999999999687,36.25500000000011,1,0.0,,,,,,2212.362,17,2,0
1.0,1.0,10.0,28.5,75.0,1009.9,0,34.0,151,1.6,Marina Bay,4.94,62,2.0,0.0,0.0,110.644,6.739000000000004,2.7820000000000107,3.4129999999999967,1,0.0,,,,,,3370.07,19,8,0
2.0,2.0,10.0,28.5,75.0,1009.9,0,34.0,151,1.6,Marina Bay,4.94,62,2.0,0.0,0.0,101.501,9.091000000000008,2.8910000000000196,3.1380000000000052,1,0.0,,,,,,3471.571,19,8,0
3.0,3.0,10.0,28.5,75.0,1009.9,0,34.0,151,1.6,Marina Bay,4.94,62,2.0,0.0,0.0,100.033,11.088999999999999,3.663000000000011,3.1860000000000355,1,0.0,,,,,,3571.604,19,8,0
4.0,4.0,10.0,29.1,80.0,1010.7,0,34.5,233,0.8,Marina Bay,4.94,62,2.0,0.0,0.0,98.962,12.480999999999995,4.418999999999983,3.9010000000000105,1,0.0,,,,,,70.132,19,8,0
5.0,5.0,10.0,29.1,80.0,1010.7,0,34.5,233,0.8,Marina Bay,4.94,62,2.0,0.0,0.0,98.673,13.970000000000027,5.048000000000002,4.680000000000064,1,0.0,,,,,,168.805,19,8,0
6.0,6.0,10.0,29.1,80.0,1010.7,0,34.5,233,0.8,Marina Bay,4.94,62,2.0,0.0,0.0,98.596,15.711999999999989,5.9109999999999445,5.7409999999999854,1,0.0,,,,,,267.401,19,8,0
8.0,8.0,10.0,29.1,80.0,1010.7,0,34.5,233,0.8,Marina Bay,4.94,62,2.0,0.0,0.0,98.477,19.786000000000058,7.914000000000101,6.0919999999999845,1,0.0,,,,,,464.898,19,8,0
9.0,9.0,10.0,29.1,80.0,1010.7,0,34.5,233,0.8,Marina Bay,4.94,62,2.0,0.0,0.0,98.668,21.728000000000065,8.846000000000117,6.576999999999998,1,0.0,,,,,,563.566,19,8,0
10.0,10.0,10.0,29.1,80.0,1010.7,0,34.5,233,0.8,Marina Bay,4.94,62,2.0,0.0,0.0,98.23,23.29300000000012,9.17100000000005,7.181999999999903,1,0.0,,,,,,661.796,19,8,0
11.0,11.0,10.0,29.1,80.0,1010.7,0,34.5,233,0.8,Marina Bay,4.94,62,2.0,0.0,0.0,98.494,25.075000000000045,10.049999999999955,7.503999999999905,1,0.0,,,,,,760.29,19,8,0
12.0,12.0,10.0,29.1,80.0,1010.7,0,34.5,233,0.8,Marina Bay,4.94,62,2.0,0.0,0.0,98.182,26.771999999999935,10.616999999999962,8.243999999999915,1,0.0,,,,,,858.472,19,8,0
13.0,13.0,10.0,29.1,80.0,1010.7,0,34.5,233,0.8,Marina Bay,4.94,62,2.0,0.0,0.0,98.419,28.56100000000015,11.415000000000191,14.217999999999847,1,0.0,,,,,,956.891,19,8,0
14.0,14.0,10.0,29.1,80.0,1010.7,0,34.5,233,0.8,Marina Bay,4.94,62,2.0,0.0,0.0,98.526,30.264999999999873,12.230000000000018,39.65499999999997,1,0.0,,,,,,1055.417,19,8,0
15.0,15.0,10.0,29.1,80.0,1010.7,0,34.5,233,0.8,Marina Bay,4.94,62,2.0,0.0,0.0,98.947,32.06000000000017,13.326000000000022,37.8599999999999,1,0.0,,,,,,1154.364,19,8,0
16.0,16.0,10.0,29.1,80.0,1010.7,0,34.5,233,0.8,Marina Bay,4.94,62,2.0,0.0,0.0,98.536,33.69300000000021,14.157000000000153,36.44999999999982,1,0.0,,,,,,1252.9,19,8,0
17.0,17.0,10.0,29.1,80.0,1010.7,0,34.5,233,0.8,Marina Bay,4.94,62,2.0,0.0,0.0,98.336,35.05600000000004,14.96400000000017,35.45399999999995,1,0.0,,,,,,1351.236,19,8,0
18.0,18.0,10.0,29.1,80.0,1010.7,0,34.5,233,0.8,Marina Bay,4.94,62,2.0,0.0,0.0,98.404,36.42100000000005,15.638000000000147,34.42699999999991,1,0.0,,,,,,1449.64,19,8,0
19.0,19.0,10.0,29.1,80.0,1010.7,0,34.5,233,0.8,Marina Bay,4.94,62,2.0,0.0,0.0,98.509,38.013999999999896,16.442999999999984,33.20600000000013,1,0.0,,,,,,1548.149,19,8,0
20.0,20.0,9.0,29.1,80.0,1010.7,0,34.5,233,0.8,Marina Bay,4.94,62,2.0,0.0,0.0,99.08,39.835000000000036,17.778999999999996,31.317000000000007,1,0.0,,,,,,1647.229,19,8,0
21.0,21.0,9.0,29.1,80.0,1010.7,0,34.5,233,0.8,Marina Bay,4.94,62,2.0,0.0,0.0,97.986,40.71199999999999,18.298999999999978,30.56800000000021,1,0.0,,,,,,1745.215,19,8,0
22.0,22.0,8.0,29.1,80.0,1010.7,0,34.5,233,0.8,Marina Bay,4.94,62,2.0,0.0,0.0,97.586,41.072000000000116,19.04300000000012,30.51299999999992,1,0.0,,,,,,1842.801,19,8,0
24.0,1.0,15.0,29.1,80.0,1010.7,0,34.5,233,0.8,Marina Bay,4.94,62,1.0,0.0,0.0,114.076,64.20899999999983,42.38999999999987,8.287000000000262,1,0.0,,,,,,2060.295,19,8,0
25.0,2.0,15.0,29.1,80.0,1010.7,0,34.5,233,0.8,Marina Bay,4.94,62,1.0,0.0,0.0,96.992,58.02300000000014,37.03500000000031,9.110000000000127,1,0.0,,,,,,2157.287,19,8,0
26.0,3.0,13.0,29.1,80.0,1010.7,0,34.5,233,0.8,Marina Bay,4.94,62,1.0,0.0,0.0,97.917,51.835999999999785,20.442000000000007,9.521000000000186,1,0.0,,,,,,2255.204,19,8,0
27.0,4.0,13.0,29.1,80.0,1010.7,0,34.5,233,0.8,Marina Bay,4.94,62,1.0,0.0,0.0,96.718,45.723999999999705,21.85699999999997,10.97400000000016,1,0.0,,,,,,2351.922,19,8,0
28.0,5.0,12.0,29.1,80.0,1010.7,0,34.5,233,0.8,Marina Bay,4.94,62,1.0,0.0,0.0,96.658,44.69900000000007,22.176000000000386,12.911999999999807,1,0.0,,,,,,2448.58,19,8,0
29.0,6.0,12.0,29.1,80.0,1010.7,0,34.5,233,0.8,Marina Bay,4.94,62,1.0,0.0,0.0,97.005,45.90899999999965,22.50500000000011,14.545000000000073,1,0.0,,,,,,2545.585,19,8,0
30.0,7.0,11.0,29.1,80.0,1010.7,0,34.5,233,0.8,Marina Bay,4.94,62,1.0,0.0,0.0,97.573,47.45500000000038,23.727000000000317,15.500999999999749,1,0.0,,,,,,2643.158,19,8,0
31.0,8.0,11.0,29.1,80.0,1010.7,0,34.5,233,0.8,Marina Bay,4.94,62,1.0,0.0,0.0,97.288,48.83100000000013,24.207000000000335,16.536999999999807,1,0.0,,,,,,2740.446,19,8,0
32.0,9.0,11.0,29.1,80.0,1010.7,0,34.5,233,0.8,Marina Bay,4.94,62,1.0,0.0,0.0,98.179,51.17399999999998,25.047000000000025,16.576000000000022,1,0.0,,,,,,2838.625,19,8,0
33.0,10.0,11.0,29.1,80.0,1010.7,0,34.5,233,0.8,Marina Bay,4.94,62,1.0,0.0,0.0,99.142,54.19300000000021,27.865000000000236,15.947000000000116,1,0.0,,,,,,2937.767,19,8,0
34.0,11.0,11.0,29.1,80.0,1010.7,0,34.5,233,0.8,Marina Bay,4.94,62,1.0,0.0,0.0,99.259,57.54800000000023,30.483999999999924,14.811999999999898,1,0.0,,,,,,3037.026,19,8,0
35.0,12.0,11.0,29.1,80.0,1010.7,0,34.5,233,0.8,Marina Bay,4.94,62,1.0,0.0,0.0,99.178,60.84700000000021,33.677999999999884,14.474999999999909,1,0.0,,,,,,3136.204,19,8,0
36.0,13.0,11.0,29.1,80.0,1010.7,0,34.5,233,0.8,Marina Bay,4.94,62,1.0,0.0,0.0,98.766,63.702999999999975,36.01800000000003,14.289999999999964,1,0.0,,,,,,3234.97,19,8,0
37.0,14.0,11.0,29.1,80.0,1010.7,0,34.5,233,0.8,Marina Bay,4.94,62,1.0,0.0,0.0,99.542,67.12599999999975,39.128999999999905,13.175000000000182,1,0.0,,,,,,3334.512,19,8,0
38.0,15.0,10.0,29.1,80.0,1010.7,0,34.5,233,0.8,Marina Bay,4.94,62,1.0,0.0,0.0,99.763,70.69999999999982,42.16199999999981,12.023999999999887,1,0.0,,,,,,3434.275,19,8,0
39.0,16.0,10.0,29.1,80.0,1010.7,0,34.5,233,0.8,Marina Bay,4.94,62,1.0,0.0,0.0,97.85,72.30199999999968,43.521999999999935,12.606000000000222,1,0.0,,,,,,3532.125,19,8,0
40.0,17.0,10.0,29.3,71.0,1011.1,0,34.3,350,1.5,Marina Bay,4.94,62,1.0,0.0,0.0,97.879,73.82400000000007,45.21199999999999,12.730999999999767,1,0.0,,,,,,29.559,19,8,0
41.0,18.0,10.0,29.3,71.0,1011.1,0,34.3,350,1.5,Marina Bay,4.94,62,1.0,0.0,0.0,97.893,75.5890000000004,47.108000000000175,13.686999999999898,1,0.0,,,,,,127.452,19,8,0
42.0,19.0,10.0,29.3,71.0,1011.1,0,34.3,350,1.5,Marina Bay,4.94,62,1.0,0.0,0.0,97.927,76.51600000000053,49.01300000000083,17.586999999999534,1,0.0,,,,,,225.379,19,8,0
43.0,20.0,10.0,29.3,71.0,1011.1,0,34.3,350,1.5,Marina Bay,4.94,62,1.0,0.0,0.0,98.28,77.73099999999977,50.886999999999716,18.100000000000364,1,0.0,,,,,,323.659,19,8,0
45.0,22.0,11.0,29.3,71.0,1011.1,0,34.3,350,1.5,Marina Bay,4.94,62,1.0,0.0,0.0,100.55,82.61100000000079,58.14100000000053,16.05999999999949,1,0.0,,,,,,523.83,19,8,0
46.0,23.0,11.0,29.3,71.0,1011.1,0,34.3,350,1.5,Marina Bay,4.94,62,1.0,0.0,0.0,97.848,83.43299999999999,59.24499999999989,16.86200000000008,1,0.0,,,,,,621.678,19,8,0
47.0,24.0,11.0,29.3,71.0,1011.1,0,34.3,350,1.5,Marina Bay,4.94,62,1.0,0.0,0.0,98.859,85.53099999999995,61.61799999999948,18.222999999999956,1,0.0,,,,,,720.537,19,8,0
48.0,25.0,10.0,29.3,71.0,1011.1,0,34.3,350,1.5,Marina Bay,4.94,62,1.0,0.0,0.0,100.519,89.86700000000019,66.0010000000002,16.751000000000204,1,0.0,,,,,,821.056,19,8,0
49.0,26.0,10.0,29.3,71.0,1011.1,0,34.3,350,1.5,Marina Bay,4.94,62,1.0,0.0,0.0,98.599,92.38900000000012,67.1869999999999,17.841999999999643,1,0.0,,,,,,919.655,19,8,0
50.0,27.0,9.0,29.3,71.0,1011.1,0,34.3,350,1.5,Marina Bay,4.94,62,1.0,0.0,0.0,98.436,94.60199999999986,69.33600000000024,18.35199999999986,1,0.0,,,,,,1018.091,19,8,0
51.0,28.0,9.0,29.3,71.0,1011.1,0,34.3,350,1.5,Marina Bay,4.94,62,1.0,0.0,0.0,96.229,93.51400000000012,68.52900000000045,20.333999999999833,1,0.0,,,,,,1114.32,19,8,0
52.0,29.0,9.0,29.3,71.0,1011.1,0,34.3,350,1.5,Marina Bay,4.94,62,1.0,0.0,0.0,96.449,92.57499999999982,67.1899999999996,22.875,1,0.0,,,,,,1210.769,19,8,0
53.0,30.0,9.0,29.3,71.0,1011.1,0,34.3,350,1.5,Marina Bay,4.94,62,1.0,0.0,0.0,96.697,93.01099999999951,66.01199999999972,26.230000000000473,1,0.0,,,,,,1307.466,19,8,0
54.0,31.0,9.0,29.3,71.0,1011.1,0,34.3,350,1.5,Marina Bay,4.94,62,1.0,0.0,0.0,96.277,93.03399999999965,65.31999999999971,29.912000000000262,1,0.0,,,,,,1403.743,19,8,0
55.0,32.0,9.0,29.3,71.0,1011.1,0,34.3,350,1.5,Marina Bay,4.94,62,1.0,0.0,0.0,96.215,93.09600000000046,64.97699999999986,35.39900000000034,1,0.0,,,,,,1499.958,19,8,0
56.0,33.0,9.0,29.3,71.0,1011.1,0,34.3,350,1.5,Marina Bay,4.94,62,1.0,0.0,0.0,96.201,92.96399999999994,64.54899999999998,39.29399999999987,1,0.0,,,,,,1596.159,19,8,0
57.0,34.0,9.0,29.3,71.0,1011.1,0,34.3,350,1.5,Marina Bay,4.94,62,1.0,0.0,0.0,96.262,93.09299999999985,64.50799999999981,41.09700000000066,1,0.0,,,,,,1692.421,19,8,0
58.0,35.0,9.0,29.3,71.0,1011.1,0,34.3,350,1.5,Marina Bay,4.94,62,1.0,0.0,0.0,96.597,93.60200000000077,64.79800000000068,42.40099999999984,1,0.0,,,,,,1789.018,19,8,0
59.0,36.0,9.0,29.3,71.0,1011.1,0,34.3,350,1.5,Marina Bay,4.94,62,1.0,0.0,0.0,96.228,93.42499999999927,63.125,44.285000000000764,1,0.0,,,,,,1885.246,19,8,0
60.0,37.0,9.0,29.3,71.0,1011.1,0,34.3,350,1.5,Marina Bay,4.94,62,1.0,0.0,0.0,96.436,93.48000000000047,62.80400000000009,47.037999999999556,1,0.0,,,,,,1981.682,19,8,0
61.0,38.0,9.0,29.3,71.0,1011.1,0,34.3,350,1.5,Marina Bay,4.94,62,1.0,0.0,0.0,96.531,93.7539999999999,62.9409999999998,49.45399999999972,1,0.0,,,,,,2078.213,19,8,0
