LapNumber,SpeedFL,SpeedST,TyreLife,Position,AirTemp,Humidity,Pressure,Rainfall,TrackTemp,WindDirection,WindSpeed,Name,CircuitLength,Number of Laps,Slick,Wet,Inter,LapTime_sec,PitDuration,GapToLeader,GapToAhead,GapToBehind,status_1,status_12,status_124,status_21,status_24,status_4,status_41,TimeSinceLastWeatherMeasurement,Driver_idx,Team_idx,dnf
2.0,247.0,210.0,2.0,2.0,15.4,73.0,1009.4,0,18.9,282,4.3,Melbourne,5.303,58,0.0,0.0,1.0,119.392,13.453,4.585999999999984,-22.52600000000001,,0,0.0,0.0,0.0,0.0,1.0,0.0,941.262,0,0,0
3.0,247.0,180.0,3.0,2.0,15.4,73.0,1009.4,0,18.9,282,4.3,Melbourne,5.303,58,0.0,0.0,1.0,119.392,13.806,6.878999999999962,-33.789000000000044,,0,0.0,0.0,0.0,0.0,1.0,0.0,1103.43,0,0,0
4.0,247.0,187.0,4.0,2.0,15.4,73.0,1009.4,0,18.9,282,4.3,Melbourne,5.303,58,0.0,0.0,1.0,119.392,12.991,9.171999999999969,-45.05200000000002,,0,0.0,0.0,0.0,0.0,1.0,0.0,1259.13,0,0,0
34.0,282.0,288.0,34.0,3.0,15.7,77.0,1010.2,0,19.1,229,2.5,Melbourne,5.303,58,0.0,0.0,1.0,128.598,18.659,32.01200000000017,-110.51399999999967,,0,0.0,0.0,0.0,1.0,0.0,0.0,572.64,0,0,0
46.0,281.0,266.0,12.0,1.0,15.7,77.0,1010.2,0,19.1,229,2.5,Melbourne,5.303,58,4.0,0.0,0.0,112.606,18.82,0.0,-79.13299999999981,,1,0.0,0.0,0.0,0.0,0.0,0.0,1971.109,0,0,0
2.0,182.0,195.0,2.0,9.0,15.4,73.0,1009.4,0,18.9,282,4.3,Melbourne,5.303,58,0.0,0.0,1.0,134.132,14.98,34.066,-19.861999999999966,-2.4979999999999905,0,0.0,0.0,0.0,0.0,1.0,0.0,958.007,1,1,0
3.0,182.0,189.0,3.0,9.0,15.4,73.0,1009.4,0,18.9,282,4.3,Melbourne,5.303,58,0.0,0.0,1.0,134.132,15.838,51.09899999999999,-29.79299999999995,-3.747000000000014,0,0.0,0.0,0.0,0.0,1.0,0.0,1120.972,1,1,0
4.0,182.0,194.0,4.0,9.0,15.4,73.0,1009.4,0,18.9,282,4.3,Melbourne,5.303,58,0.0,0.0,1.0,134.132,14.732,68.132,-39.72399999999993,-4.995999999999981,0,0.0,0.0,0.0,0.0,1.0,0.0,1275.419,1,1,0
33.0,280.0,284.0,33.0,10.0,15.7,77.0,1010.2,0,19.1,229,2.5,Melbourne,5.303,58,0.0,0.0,1.0,111.3,19.609,131.25800000000027,-74.64999999999964,-5.719000000000051,0,0.0,1.0,0.0,0.0,0.0,0.0,506.942,1,1,0
46.0,281.0,262.0,13.0,9.0,15.7,77.0,1010.2,0,19.1,229,2.5,Melbourne,5.303,58,3.0,0.0,0.0,116.069,19.735,102.19999999999982,-23.836999999999534,-22.666000000000167,1,0.0,0.0,0.0,0.0,0.0,0.0,1984.138,1,1,0
2.0,245.0,145.0,2.0,13.0,15.4,73.0,1009.4,0,18.9,282,4.3,Melbourne,5.303,58,0.0,0.0,1.0,142.352,14.836,50.506,10.348000000000013,14.122000000000014,0,0.0,0.0,0.0,0.0,1.0,0.0,964.802,2,2,0
3.0,245.0,177.0,3.0,13.0,15.4,73.0,1009.4,0,18.9,282,4.3,Melbourne,5.303,58,0.0,0.0,1.0,142.352,16.435,75.75900000000001,15.522000000000048,21.182999999999993,0,0.0,0.0,0.0,0.0,1.0,0.0,1129.479,2,2,0
4.0,245.0,196.0,4.0,13.0,15.4,73.0,1009.4,0,18.9,282,4.3,Melbourne,5.303,58,0.0,0.0,1.0,142.352,14.135,101.012,20.696000000000026,28.244000000000028,0,0.0,0.0,0.0,0.0,1.0,0.0,1284.001,2,2,0
33.0,283.0,290.0,33.0,11.0,15.7,77.0,1010.2,0,19.1,229,2.5,Melbourne,5.303,58,0.0,0.0,1.0,112.635,19.06,159.9630000000002,39.78600000000006,58.452999999999975,0,0.0,1.0,0.0,0.0,0.0,0.0,511.349,2,2,0
44.0,306.0,292.0,11.0,14.0,15.7,77.0,1010.2,0,19.1,229,2.5,Melbourne,5.303,58,3.0,0.0,0.0,108.276,21.968,143.2480000000005,33.538000000000466,63.771999999999935,0,1.0,0.0,0.0,0.0,0.0,0.0,1795.408,2,2,0
2.0,220.0,185.0,2.0,10.0,15.4,73.0,1009.4,0,18.9,282,4.3,Melbourne,5.303,58,0.0,0.0,1.0,137.178,15.57,40.15799999999999,9.966000000000008,10.348000000000013,0,0.0,0.0,0.0,0.0,1.0,0.0,959.199,3,3,1
3.0,220.0,168.0,3.0,10.0,15.4,73.0,1009.4,0,18.9,282,4.3,Melbourne,5.303,58,0.0,0.0,1.0,137.178,16.338,60.236999999999966,14.949000000000012,15.522000000000048,0,0.0,0.0,0.0,0.0,1.0,0.0,1122.514,3,3,1
4.0,220.0,179.0,4.0,10.0,15.4,73.0,1009.4,0,18.9,282,4.3,Melbourne,5.303,58,0.0,0.0,1.0,137.178,15.062,80.31599999999997,19.932000000000016,20.696000000000026,0,0.0,0.0,0.0,0.0,1.0,0.0,1277.133,3,3,1
2.0,243.0,218.0,2.0,5.0,15.4,73.0,1009.4,0,18.9,282,4.3,Melbourne,5.303,58,0.0,0.0,1.0,128.48,14.178,22.761999999999972,-40.629999999999995,-22.761999999999972,0,0.0,0.0,0.0,0.0,1.0,0.0,948.228,4,4,0
3.0,243.0,185.0,3.0,5.0,15.4,73.0,1009.4,0,18.9,282,4.3,Melbourne,5.303,58,0.0,0.0,1.0,128.48,14.621,34.142999999999915,-60.94500000000005,-34.142999999999915,0,0.0,0.0,0.0,0.0,1.0,0.0,1110.427,4,4,0
4.0,243.0,150.0,4.0,5.0,15.4,73.0,1009.4,0,18.9,282,4.3,Melbourne,5.303,58,0.0,0.0,1.0,128.48,14.225,45.523999999999944,-81.25999999999999,-45.523999999999944,0,0.0,0.0,0.0,0.0,1.0,0.0,1266.172,4,4,0
34.0,136.0,197.0,34.0,5.0,15.7,77.0,1010.2,0,19.1,229,2.5,Melbourne,5.303,58,0.0,0.0,1.0,133.905,18.143,91.25599999999986,-132.72800000000007,-91.25599999999986,0,0.0,0.0,0.0,0.0,1.0,0.0,602.574,4,4,0
47.0,286.0,218.0,13.0,5.0,15.7,77.0,1010.2,0,19.1,229,2.5,Melbourne,5.303,58,3.0,0.0,0.0,96.429,24.467,42.16700000000037,-35.34400000000005,-38.90599999999995,0,0.0,1.0,0.0,0.0,0.0,0.0,2120.732,4,4,0
2.0,262.0,187.0,2.0,11.0,15.4,73.0,1009.4,0,18.9,282,4.3,Melbourne,5.303,58,0.0,0.0,1.0,139.485,15.721,44.77200000000002,29.682000000000016,-17.660000000000025,0,0.0,0.0,0.0,0.0,1.0,0.0,961.561,5,3,0
3.0,262.0,172.0,3.0,11.0,15.4,73.0,1009.4,0,18.9,282,4.3,Melbourne,5.303,58,0.0,0.0,1.0,139.485,16.135,67.15800000000002,44.523000000000025,-26.49000000000001,0,0.0,0.0,0.0,0.0,1.0,0.0,1125.525,5,3,0
4.0,262.0,166.0,4.0,11.0,15.4,73.0,1009.4,0,18.9,282,4.3,Melbourne,5.303,58,0.0,0.0,1.0,139.485,14.469,89.54400000000004,59.36400000000003,-35.32000000000005,0,0.0,0.0,0.0,0.0,1.0,0.0,1280.271,5,3,0
33.0,282.0,284.0,33.0,12.0,15.7,77.0,1010.2,0,19.1,229,2.5,Melbourne,5.303,58,0.0,0.0,1.0,122.766,18.751,174.0020000000004,117.41200000000026,-56.014000000000124,0,0.0,1.0,0.0,0.0,0.0,0.0,533.126,5,3,0
44.0,294.0,300.0,11.0,11.0,15.7,77.0,1010.2,0,19.1,229,2.5,Melbourne,5.303,58,3.0,0.0,0.0,104.738,18.924,133.38200000000052,95.07499999999982,-45.73000000000047,0,1.0,0.0,0.0,0.0,0.0,0.0,1793.28,5,3,0
2.0,224.0,201.0,2.0,6.0,15.4,73.0,1009.4,0,18.9,282,4.3,Melbourne,5.303,58,0.0,0.0,1.0,130.655,14.912,27.111999999999995,-17.660000000000025,-22.52600000000001,0,0.0,0.0,0.0,0.0,1.0,0.0,951.492,6,5,0
3.0,224.0,167.0,3.0,6.0,15.4,73.0,1009.4,0,18.9,282,4.3,Melbourne,5.303,58,0.0,0.0,1.0,130.655,15.145,40.668000000000006,-26.49000000000001,-33.789000000000044,0,0.0,0.0,0.0,0.0,1.0,0.0,1114.274,6,5,0
4.0,224.0,166.0,4.0,6.0,15.4,73.0,1009.4,0,18.9,282,4.3,Melbourne,5.303,58,0.0,0.0,1.0,130.655,13.554,54.22399999999999,-35.32000000000005,-45.05200000000002,0,0.0,0.0,0.0,0.0,1.0,0.0,1269.485,6,5,0
33.0,281.0,281.0,33.0,6.0,15.7,77.0,1010.2,0,19.1,229,2.5,Melbourne,5.303,58,0.0,0.0,1.0,110.651,18.948,117.98800000000028,-56.014000000000124,-92.30099999999993,0,0.0,1.0,0.0,0.0,0.0,0.0,501.646,6,5,0
47.0,279.0,183.0,14.0,7.0,15.7,77.0,1010.2,0,19.1,229,2.5,Melbourne,5.303,58,4.0,0.0,0.0,100.978,19.268,52.89800000000014,-63.08600000000024,-52.89800000000014,0,0.0,1.0,0.0,0.0,0.0,0.0,2122.393,6,5,0
2.0,217.0,192.0,2.0,7.0,15.4,73.0,1009.4,0,18.9,282,4.3,Melbourne,5.303,58,0.0,0.0,1.0,132.195,14.91,30.19199999999998,,9.966000000000008,0,0.0,0.0,0.0,0.0,1.0,0.0,953.659,7,6,0
3.0,217.0,160.0,3.0,7.0,15.4,73.0,1009.4,0,18.9,282,4.3,Melbourne,5.303,58,0.0,0.0,1.0,132.195,17.066,45.287999999999954,,14.949000000000012,0,0.0,0.0,0.0,0.0,1.0,0.0,1117.24,7,6,0
4.0,217.0,186.0,4.0,7.0,15.4,73.0,1009.4,0,18.9,282,4.3,Melbourne,5.303,58,0.0,0.0,1.0,132.195,14.293,60.38399999999996,,19.932000000000016,0,0.0,0.0,0.0,0.0,1.0,0.0,1271.459,7,6,0
33.0,286.0,280.0,33.0,8.0,15.7,77.0,1010.2,0,19.1,229,2.5,Melbourne,5.303,58,0.0,0.0,1.0,110.179,18.675,122.78099999999995,,-2.6039999999998145,0,0.0,1.0,0.0,0.0,0.0,0.0,502.253,7,6,0
44.0,310.0,290.0,11.0,9.0,15.7,77.0,1010.2,0,19.1,229,2.5,Melbourne,5.303,58,4.0,0.0,0.0,105.335,18.832,109.71000000000004,,33.538000000000466,0,1.0,0.0,0.0,0.0,0.0,0.0,1789.956,7,6,0
2.0,247.0,174.0,2.0,12.0,15.4,73.0,1009.4,0,18.9,282,4.3,Melbourne,5.303,58,0.0,0.0,1.0,141.221,15.309,48.244,16.675999999999988,15.147999999999968,0,0.0,0.0,0.0,0.0,1.0,0.0,963.227,8,7,0
3.0,247.0,168.0,3.0,12.0,15.4,73.0,1009.4,0,18.9,282,4.3,Melbourne,5.303,58,0.0,0.0,1.0,141.221,16.012,72.36599999999999,25.01400000000001,22.72199999999998,0,0.0,0.0,0.0,0.0,1.0,0.0,1127.419,8,7,0
4.0,247.0,167.0,4.0,12.0,15.4,73.0,1009.4,0,18.9,282,4.3,Melbourne,5.303,58,0.0,0.0,1.0,141.221,14.202,96.488,33.351999999999975,30.295999999999935,0,0.0,0.0,0.0,0.0,1.0,0.0,1282.475,8,7,0
33.0,282.0,291.0,33.0,13.0,15.7,77.0,1010.2,0,19.1,229,2.5,Melbourne,5.303,58,0.0,0.0,1.0,125.643,21.123,189.26500000000033,63.72600000000011,32.71699999999964,0,0.0,1.0,0.0,0.0,0.0,0.0,543.649,8,7,0
44.0,294.0,293.0,11.0,13.0,15.7,77.0,1010.2,0,19.1,229,2.5,Melbourne,5.303,58,4.0,0.0,0.0,106.696,20.163,140.71100000000024,45.45600000000013,-27.265000000000327,0,1.0,0.0,0.0,0.0,0.0,0.0,1795.869,8,7,0
2.0,189.0,163.0,2.0,16.0,15.4,73.0,1009.4,0,18.9,282,4.3,Melbourne,5.303,58,0.0,0.0,1.0,148.795,14.769,63.39199999999997,15.147999999999968,-40.629999999999995,0,0.0,0.0,0.0,0.0,1.0,0.0,970.771,9,0,1
3.0,189.0,169.0,3.0,16.0,15.4,73.0,1009.4,0,18.9,282,4.3,Melbourne,5.303,58,0.0,0.0,1.0,148.795,16.161,95.08799999999997,22.72199999999998,-60.94500000000005,0,0.0,0.0,0.0,0.0,1.0,0.0,1136.094,9,0,1
4.0,189.0,175.0,4.0,16.0,15.4,73.0,1009.4,0,18.9,282,4.3,Melbourne,5.303,58,0.0,0.0,1.0,148.795,18.769,126.78399999999993,30.295999999999935,-81.25999999999999,0,0.0,0.0,0.0,0.0,1.0,0.0,1296.324,9,0,1
33.0,279.0,277.0,33.0,17.0,15.7,77.0,1010.2,0,19.1,229,2.5,Melbourne,5.303,58,0.0,0.0,1.0,128.342,20.029,221.98199999999997,32.71699999999964,-142.35799999999972,0,0.0,1.0,0.0,0.0,0.0,0.0,559.919,9,0,1
2.0,211.0,156.0,2.0,15.0,15.4,73.0,1009.4,0,18.9,282,4.3,Melbourne,5.303,58,0.0,0.0,1.0,145.769,14.459,57.34,57.34,-49.92400000000001,0,0.0,0.0,0.0,0.0,1.0,0.0,968.212,10,8,0
3.0,211.0,155.0,3.0,15.0,15.4,73.0,1009.4,0,18.9,282,4.3,Melbourne,5.303,58,0.0,0.0,1.0,145.769,16.56,86.00999999999999,86.00999999999999,-74.88600000000002,0,0.0,0.0,0.0,0.0,1.0,0.0,1133.317,10,8,0
4.0,211.0,179.0,4.0,15.0,15.4,73.0,1009.4,0,18.9,282,4.3,Melbourne,5.303,58,0.0,0.0,1.0,145.769,19.664,114.68,114.68,-99.84800000000001,0,0.0,0.0,0.0,0.0,1.0,0.0,1295.447,10,8,0
39.0,235.0,169.0,39.0,15.0,15.7,77.0,1010.2,0,19.1,229,2.5,Melbourne,5.303,58,0.0,0.0,1.0,124.201,18.947,208.48799999999983,196.37199999999984,-190.02499999999964,0,0.0,0.0,0.0,0.0,1.0,0.0,1365.876,10,8,0
46.0,276.0,227.0,7.0,15.0,15.7,77.0,1010.2,0,19.1,229,2.5,Melbourne,5.303,58,4.0,0.0,0.0,141.745,19.961,182.53999999999996,165.79399999999987,-161.40400000000045,0,0.0,1.0,0.0,0.0,0.0,0.0,2064.097,10,8,0
2.0,269.0,242.0,2.0,1.0,15.4,73.0,1009.4,0,18.9,282,4.3,Melbourne,5.303,58,0.0,0.0,1.0,117.099,13.499,0.0,-22.761999999999972,57.34,0,0.0,0.0,0.0,0.0,1.0,0.0,939.567,11,9,0
3.0,269.0,184.0,3.0,1.0,15.4,73.0,1009.4,0,18.9,282,4.3,Melbourne,5.303,58,0.0,0.0,1.0,117.099,12.853,0.0,-34.142999999999915,86.00999999999999,0,0.0,0.0,0.0,0.0,1.0,0.0,1101.263,11,9,0
4.0,269.0,188.0,4.0,1.0,15.4,73.0,1009.4,0,18.9,282,4.3,Melbourne,5.303,58,0.0,0.0,1.0,117.099,12.783,0.0,-45.523999999999944,114.68,0,0.0,0.0,0.0,0.0,1.0,0.0,1257.259,11,9,0
34.0,287.0,294.0,34.0,1.0,15.7,77.0,1010.2,0,19.1,229,2.5,Melbourne,5.303,58,0.0,0.0,1.0,122.273,18.517,0.0,-91.25599999999986,206.69900000000007,0,0.0,1.0,0.0,0.0,0.0,0.0,547.929,11,9,0
44.0,292.0,305.0,10.0,3.0,15.7,77.0,1010.2,0,19.1,229,2.5,Melbourne,5.303,58,3.0,0.0,0.0,105.587,17.905,34.25200000000041,-56.48099999999977,115.76400000000012,0,1.0,0.0,0.0,0.0,0.0,0.0,1780.69,11,9,0
2.0,173.0,202.0,2.0,8.0,15.4,73.0,1009.4,0,18.9,282,4.3,Melbourne,5.303,58,0.0,0.0,1.0,132.883,14.732,31.568000000000012,-2.4979999999999905,16.675999999999988,0,0.0,0.0,0.0,0.0,1.0,0.0,955.371,12,4,0
3.0,173.0,185.0,3.0,8.0,15.4,73.0,1009.4,0,18.9,282,4.3,Melbourne,5.303,58,0.0,0.0,1.0,132.883,16.342,47.351999999999975,-3.747000000000014,25.01400000000001,0,0.0,0.0,0.0,0.0,1.0,0.0,1119.127,12,4,0
4.0,173.0,193.0,4.0,8.0,15.4,73.0,1009.4,0,18.9,282,4.3,Melbourne,5.303,58,0.0,0.0,1.0,132.883,14.85,63.136000000000024,-4.995999999999981,33.351999999999975,0,0.0,0.0,0.0,0.0,1.0,0.0,1273.2,12,4,0
33.0,284.0,292.0,33.0,9.0,15.7,77.0,1010.2,0,19.1,229,2.5,Melbourne,5.303,58,0.0,0.0,1.0,110.479,18.609,125.53900000000021,-5.719000000000051,63.72600000000011,0,0.0,1.0,0.0,0.0,0.0,0.0,504.0,12,4,0
47.0,272.0,198.0,14.0,6.0,15.7,77.0,1010.2,0,19.1,229,2.5,Melbourne,5.303,58,3.0,0.0,0.0,96.714,20.919,49.034999999999854,-52.69200000000001,72.50900000000001,0,0.0,1.0,0.0,0.0,0.0,0.0,2114.942,12,4,0
2.0,230.0,169.0,2.0,14.0,15.4,73.0,1009.4,0,18.9,282,4.3,Melbourne,5.303,58,0.0,0.0,1.0,144.063,14.642,53.92799999999997,-10.700000000000045,-19.861999999999966,0,0.0,0.0,0.0,0.0,1.0,0.0,966.237,13,7,1
3.0,230.0,167.0,3.0,14.0,15.4,73.0,1009.4,0,18.9,282,4.3,Melbourne,5.303,58,0.0,0.0,1.0,144.063,16.363,80.89199999999994,-16.050000000000068,-29.79299999999995,0,0.0,0.0,0.0,0.0,1.0,0.0,1131.459,13,7,1
4.0,230.0,184.0,4.0,14.0,15.4,73.0,1009.4,0,18.9,282,4.3,Melbourne,5.303,58,0.0,0.0,1.0,144.063,14.407,107.85599999999994,-21.40000000000009,-39.72399999999993,0,0.0,0.0,0.0,0.0,1.0,0.0,1286.17,13,7,1
33.0,283.0,290.0,33.0,14.0,15.7,77.0,1010.2,0,19.1,229,2.5,Melbourne,5.303,58,0.0,0.0,1.0,130.326,24.016,205.9079999999999,-12.508000000000266,-74.64999999999964,0,0.0,1.0,0.0,0.0,0.0,0.0,552.619,13,7,1
44.0,289.0,265.0,11.0,12.0,15.7,77.0,1010.2,0,19.1,229,2.5,Melbourne,5.303,58,4.0,0.0,0.0,112.582,26.069,139.00700000000052,-68.01299999999992,-40.36500000000069,0,1.0,0.0,0.0,0.0,0.0,0.0,1811.511,13,7,1
2.0,270.0,181.0,2.0,4.0,15.4,73.0,1009.4,0,18.9,282,4.3,Melbourne,5.303,58,0.0,0.0,1.0,124.644,13.826,15.090000000000003,7.674000000000007,29.682000000000016,0,0.0,0.0,0.0,0.0,1.0,0.0,945.343,16,2,0
3.0,270.0,148.0,3.0,4.0,15.4,73.0,1009.4,0,18.9,282,4.3,Melbourne,5.303,58,0.0,0.0,1.0,124.644,14.201,22.63499999999999,11.511000000000024,44.523000000000025,0,0.0,0.0,0.0,0.0,1.0,0.0,1107.792,16,2,0
4.0,270.0,169.0,4.0,4.0,15.4,73.0,1009.4,0,18.9,282,4.3,Melbourne,5.303,58,0.0,0.0,1.0,124.644,13.763,30.180000000000007,15.348000000000013,59.36400000000003,0,0.0,0.0,0.0,0.0,1.0,0.0,1264.21,16,2,0
34.0,285.0,121.0,34.0,4.0,15.7,77.0,1010.2,0,19.1,229,2.5,Melbourne,5.303,58,0.0,0.0,1.0,135.518,19.247,69.83500000000004,50.4369999999999,106.88700000000017,0,0.0,0.0,0.0,0.0,1.0,0.0,594.535,16,2,0
44.0,293.0,304.0,10.0,4.0,15.7,77.0,1010.2,0,19.1,229,2.5,Melbourne,5.303,58,3.0,0.0,0.0,106.238,19.44,38.3070000000007,20.897000000000844,95.07499999999982,0,1.0,0.0,0.0,0.0,0.0,0.0,1788.908,16,2,0
2.0,267.0,191.0,2.0,3.0,15.4,73.0,1009.4,0,18.9,282,4.3,Melbourne,5.303,58,0.0,0.0,1.0,120.807,13.046,7.415999999999997,-49.92400000000001,7.674000000000007,0,0.0,0.0,0.0,0.0,1.0,0.0,942.89,18,9,0
3.0,267.0,163.0,3.0,3.0,15.4,73.0,1009.4,0,18.9,282,4.3,Melbourne,5.303,58,0.0,0.0,1.0,120.807,13.957,11.123999999999967,-74.88600000000002,11.511000000000024,0,0.0,0.0,0.0,0.0,1.0,0.0,1105.24,18,9,0
4.0,267.0,160.0,4.0,3.0,15.4,73.0,1009.4,0,18.9,282,4.3,Melbourne,5.303,58,0.0,0.0,1.0,120.807,12.801,14.831999999999994,-99.84800000000001,15.348000000000013,0,0.0,0.0,0.0,0.0,1.0,0.0,1260.878,18,9,0
34.0,287.0,294.0,34.0,2.0,15.7,77.0,1010.2,0,19.1,229,2.5,Melbourne,5.303,58,0.0,0.0,1.0,127.025,19.617,19.39800000000014,-187.30099999999993,50.4369999999999,0,0.0,1.0,0.0,0.0,0.0,0.0,556.114,18,9,0
44.0,292.0,302.0,10.0,2.0,15.7,77.0,1010.2,0,19.1,229,2.5,Melbourne,5.303,58,3.0,0.0,0.0,83.242,19.751,17.409999999999854,-132.60600000000068,20.897000000000844,0,1.0,0.0,0.0,0.0,0.0,0.0,1868.932,18,9,0
2.0,203.0,142.0,2.0,17.0,15.4,73.0,1009.4,0,18.9,282,4.3,Melbourne,5.303,58,0.0,0.0,1.0,149.413,14.702,64.62800000000001,14.122000000000014,-10.700000000000045,0,0.0,0.0,0.0,0.0,1.0,0.0,971.759,19,8,0
3.0,203.0,122.0,3.0,17.0,15.4,73.0,1009.4,0,18.9,282,4.3,Melbourne,5.303,58,0.0,0.0,1.0,149.413,16.365,96.94200000000001,21.182999999999993,-16.050000000000068,0,0.0,0.0,0.0,0.0,1.0,0.0,1137.17,19,8,0
4.0,203.0,123.0,4.0,17.0,15.4,73.0,1009.4,0,18.9,282,4.3,Melbourne,5.303,58,0.0,0.0,1.0,149.413,22.298,129.25600000000003,28.244000000000028,-21.40000000000009,0,0.0,0.0,0.0,0.0,1.0,0.0,1302.83,19,8,0
39.0,221.0,207.0,39.0,16.0,15.7,77.0,1010.2,0,19.1,229,2.5,Melbourne,5.303,58,0.0,0.0,1.0,130.476,22.659,221.11699999999973,95.6969999999992,-25.527999999999338,0,0.0,0.0,0.0,0.0,1.0,0.0,1374.729,19,8,0
44.0,280.0,278.0,5.0,16.0,15.7,77.0,1010.2,0,19.1,229,2.5,Melbourne,5.303,58,4.0,0.0,0.0,122.961,19.488,207.02000000000044,63.771999999999935,-68.01299999999992,0,1.0,0.0,0.0,0.0,0.0,0.0,1879.321,19,8,0
13.0,259.0,315.0,13.0,6.0,27.3,18.0,1010.4,0,35.6,264,2.2,Shanghai,5.451,56,3.0,0.0,0.0,102.61,22.474,18.118000000000166,-21.42100000000005,,1,0.0,,0.0,,,,1189.583,0,0,0
10.0,261.0,328.0,10.0,16.0,27.3,18.0,1010.4,0,35.6,264,2.2,Shanghai,5.451,56,3.0,0.0,0.0,104.157,23.066,24.06899999999996,0.028999999999996362,-7.600999999999999,1,0.0,,0.0,,,,901.342,1,1,0
12.0,258.0,317.0,12.0,8.0,27.3,18.0,1010.4,0,35.6,264,2.2,Shanghai,5.451,56,3.0,0.0,0.0,104.27,22.787,20.9079999999999,0.97199999999998,4.372000000000071,1,0.0,,0.0,,,,1094.418,2,2,0
4.0,258.0,123.0,4.0,20.0,27.3,18.0,1010.4,0,35.6,264,2.2,Shanghai,5.451,56,3.0,0.0,0.0,140.966,0.0,54.186000000000035,42.71700000000004,-46.891999999999996,1,0.0,,0.0,,,,343.554,3,3,1
15.0,258.0,316.0,15.0,2.0,27.3,18.0,1010.4,0,35.6,264,2.2,Shanghai,5.451,56,3.0,0.0,0.0,102.863,22.282,5.220000000000027,-17.338999999999942,-5.220000000000027,1,0.0,,0.0,,,,1380.883,4,4,0
36.0,260.0,310.0,36.0,8.0,27.3,18.0,1010.4,0,35.6,264,2.2,Shanghai,5.451,56,2.0,0.0,0.0,102.687,22.895,40.47499999999991,-12.19900000000007,19.477000000000317,1,0.0,,0.0,,,,3469.984,5,3,0
11.0,258.0,317.0,11.0,11.0,27.3,18.0,1010.4,0,35.6,264,2.2,Shanghai,5.451,56,3.0,0.0,0.0,103.845,22.471,21.139000000000124,0.1230000000000473,-8.190000000000055,1,0.0,,0.0,,,,996.536,6,5,1
35.0,261.0,311.0,24.0,10.0,27.3,18.0,1010.4,0,35.6,264,2.2,Shanghai,5.451,56,2.0,0.0,0.0,102.522,22.492,41.740999999999985,7.157999999999902,-24.240999999999985,1,0.0,,0.0,,,,3374.455,6,5,1
46.0,271.0,314.0,35.0,17.0,26.8,21.0,1010.2,0,32.7,256,1.2,Shanghai,5.451,56,2.0,0.0,0.0,106.754,37.94,74.47699999999986,13.735999999999876,-57.39800000000014,1,0.0,,0.0,,,,867.423,6,5,1
20.0,265.0,317.0,20.0,6.0,27.3,18.0,1010.4,0,35.6,264,2.2,Shanghai,5.451,56,3.0,0.0,0.0,104.708,23.503,11.526000000000067,,16.00299999999993,1,0.0,,0.0,,,,1889.235,7,6,0
20.0,262.0,314.0,20.0,18.0,27.3,18.0,1010.4,0,35.6,264,2.2,Shanghai,5.451,56,3.0,0.0,0.0,105.305,22.981,39.74599999999987,32.006999999999834,-0.97199999999998,1,0.0,,0.0,,,,1917.455,8,7,1
18.0,259.0,316.0,18.0,10.0,27.3,18.0,1010.4,0,35.6,264,2.2,Shanghai,5.451,56,2.0,0.0,0.0,103.77,22.522,19.526000000000067,-7.454999999999927,-10.792999999999893,1,0.0,,0.0,,,,1702.616,9,0,0
30.0,262.0,314.0,12.0,17.0,27.3,18.0,1010.4,0,35.6,264,2.2,Shanghai,5.451,56,3.0,0.0,0.0,102.962,22.316,51.22700000000032,-16.70199999999977,-42.67300000000023,1,0.0,,0.0,,,,2900.688,9,0,0
11.0,257.0,330.0,11.0,13.0,27.3,18.0,1010.4,0,35.6,264,2.2,Shanghai,5.451,56,3.0,0.0,0.0,104.123,23.04,23.56800000000021,21.506000000000085,-23.56800000000021,1,0.0,,0.0,,,,998.965,10,8,0
15.0,257.0,314.0,15.0,1.0,27.3,18.0,1010.4,0,35.6,264,2.2,Shanghai,5.451,56,3.0,0.0,0.0,103.269,22.202,0.0,-5.220000000000027,33.27600000000007,1,0.0,,0.0,,,,1375.663,11,9,0
13.0,260.0,316.0,13.0,5.0,27.3,18.0,1010.4,0,35.6,264,2.2,Shanghai,5.451,56,3.0,0.0,0.0,103.379,22.355,12.700000000000045,-29.401000000000067,22.188000000000102,1,0.0,,0.0,,,,1184.165,12,4,0
37.0,261.0,315.0,24.0,6.0,27.3,18.0,1010.4,0,35.6,264,2.2,Shanghai,5.451,56,2.0,0.0,0.0,102.451,22.394,20.79300000000012,-41.672999999999774,55.2529999999997,1,0.0,,0.0,,,,3546.992,12,4,0
1.0,234.0,301.0,1.0,20.0,27.3,18.0,1010.4,0,35.6,264,2.2,Shanghai,5.451,56,3.0,0.0,0.0,123.657,23.363,25.313000000000002,15.969999999999999,-15.753,0,1.0,,0.0,,,,21.637,13,7,1
26.0,256.0,310.0,25.0,18.0,27.3,18.0,1010.4,0,35.6,264,2.2,Shanghai,5.451,56,2.0,0.0,0.0,103.974,22.854,62.24499999999989,34.70100000000002,-23.110999999999876,1,0.0,,0.0,,,,2524.25,13,7,1
17.0,265.0,316.0,17.0,10.0,27.3,18.0,1010.4,0,35.6,264,2.2,Shanghai,5.451,56,3.0,0.0,0.0,105.121,22.836,12.865999999999985,10.264000000000124,-6.942000000000007,1,0.0,,0.0,,,,1598.785,14,6,0
12.0,258.0,315.0,12.0,10.0,27.3,18.0,1010.4,0,35.6,264,2.2,Shanghai,5.451,56,3.0,0.0,0.0,103.647,22.875,23.113000000000056,-17.96900000000005,-15.836999999999989,1,0.0,,0.0,,,,1096.623,15,5,0
33.0,261.0,312.0,21.0,12.0,27.3,18.0,1010.4,0,35.6,264,2.2,Shanghai,5.451,56,2.0,0.0,0.0,102.744,22.259,45.125,-0.4279999999998836,-31.447000000000116,1,0.0,,0.0,,,,3184.395,15,5,0
14.0,261.0,317.0,14.0,4.0,27.3,18.0,1010.4,0,35.6,264,2.2,Shanghai,5.451,56,3.0,0.0,0.0,103.046,22.285,7.229000000000042,5.532000000000153,15.495999999999867,1,0.0,,0.0,,,,1279.623,16,2,0
11.0,264.0,328.0,11.0,16.0,27.3,18.0,1010.4,0,35.6,264,2.2,Shanghai,5.451,56,3.0,0.0,0.0,103.65,22.749,29.56600000000003,-22.961000000000013,11.788999999999987,1,0.0,,0.0,,,,1004.963,17,1,0
14.0,258.0,313.0,14.0,2.0,27.3,18.0,1010.4,0,35.6,264,2.2,Shanghai,5.451,56,3.0,0.0,0.0,102.626,23.855,1.696999999999889,-36.2800000000002,5.532000000000153,1,0.0,,0.0,,,,1274.091,18,9,0
26.0,264.0,326.0,26.0,9.0,27.3,18.0,1010.4,0,35.6,264,2.2,Shanghai,5.451,56,2.0,0.0,0.0,103.8,22.885,27.54399999999987,-3.52599999999984,34.70100000000002,1,0.0,,0.0,,,,2489.549,19,8,0
21.0,264.0,299.0,21.0,1.0,14.2,77.0,1009.5,0,20.9,223,1.1,Suzuka,5.807,53,2.0,0.0,0.0,95.22,24.578,0.0,-29.33199999999988,,1,,,,,,,1707.974,0,0,0
24.0,265.0,298.0,24.0,11.0,14.2,77.0,1009.5,0,20.9,223,1.1,Suzuka,5.807,53,2.0,0.0,0.0,96.901,26.02,26.18899999999985,-22.45400000000018,-18.69399999999996,1,,,,,,,2023.635,1,1,0
31.0,265.0,298.0,31.0,1.0,14.2,77.0,1009.5,0,20.9,223,1.1,Suzuka,5.807,53,2.0,0.0,0.0,95.456,24.344,0.0,-42.98199999999997,38.547000000000025,1,,,,,,,2651.688,2,2,0
24.0,265.0,302.0,24.0,10.0,14.2,77.0,1009.5,0,20.9,223,1.1,Suzuka,5.807,53,2.0,0.0,0.0,97.548,25.682,23.028999999999996,9.115000000000236,-23.028999999999996,1,,,,,,,2020.475,3,3,0
21.0,265.0,297.0,21.0,3.0,14.2,77.0,1009.5,0,20.9,223,1.1,Suzuka,5.807,53,2.0,0.0,0.0,95.423,23.234,7.52800000000002,-25.91899999999987,-6.199000000000069,1,,,,,,,1715.502,4,4,0
9.0,265.0,296.0,9.0,20.0,14.2,77.0,1009.5,0,20.9,223,1.1,Suzuka,5.807,53,3.0,0.0,0.0,97.946,23.639,28.803999999999974,7.256999999999948,-10.747999999999934,1,,,,,,,613.726,5,3,1
30.0,266.0,298.0,21.0,20.0,14.2,77.0,1009.5,0,20.9,223,1.1,Suzuka,5.807,53,1.0,0.0,0.0,95.972,23.708,61.55199999999968,24.51299999999992,-14.670000000000073,1,,,,,,,2617.784,5,3,1
23.0,271.0,302.0,23.0,13.0,14.2,77.0,1009.5,0,20.9,223,1.1,Suzuka,5.807,53,2.0,0.0,0.0,96.396,24.079,24.972000000000207,-27.031999999999698,-14.628999999999905,1,,,,,,,1929.363,6,0,0
24.0,266.0,304.0,24.0,7.0,14.2,77.0,1009.5,0,20.9,223,1.1,Suzuka,5.807,53,2.0,0.0,0.0,96.927,23.0,13.91399999999976,,9.115000000000236,1,,,,,,,2011.36,7,5,0
22.0,266.0,302.0,22.0,17.0,14.2,77.0,1009.5,0,20.9,223,1.1,Suzuka,5.807,53,2.0,0.0,0.0,96.739,23.625,28.927000000000135,25.30600000000004,-4.05600000000004,1,,,,,,,1840.166,8,6,0
33.0,268.0,300.0,33.0,10.0,14.2,77.0,1009.5,0,20.9,223,1.1,Suzuka,5.807,53,2.0,0.0,0.0,96.455,23.469,39.2180000000003,-11.791999999999916,-29.988000000000284,1,,,,,,,2876.381,9,7,0
32.0,267.0,301.0,32.0,13.0,14.2,77.0,1009.5,0,20.9,223,1.1,Suzuka,5.807,53,1.0,0.0,0.0,96.135,24.442,39.7800000000002,38.44800000000032,-36.345000000000255,1,,,,,,,2785.129,10,8,0
21.0,264.0,300.0,21.0,2.0,14.2,77.0,1009.5,0,20.9,223,1.1,Suzuka,5.807,53,2.0,0.0,0.0,95.034,23.219,1.3289999999999509,-6.199000000000069,35.73500000000013,1,,,,,,,1709.303,11,9,0
30.0,265.0,300.0,30.0,4.0,14.2,77.0,1009.5,0,20.9,223,1.1,Suzuka,5.807,53,1.0,0.0,0.0,96.186,23.016,7.536999999999807,-26.72400000000016,45.909999999999854,1,,,,,,,2563.769,12,4,0
31.0,268.0,301.0,31.0,14.0,14.2,77.0,1009.5,0,20.9,223,1.1,Suzuka,5.807,53,1.0,0.0,0.0,97.484,23.359,42.146000000000186,3.59900000000016,5.7719999999999345,1,,,,,,,2693.834,13,6,0
33.0,252.0,301.0,33.0,12.0,14.2,77.0,1009.5,0,20.9,223,1.1,Suzuka,5.807,53,2.0,0.0,0.0,96.256,23.219,41.401000000000295,28.478000000000065,37.40899999999965,1,,,,,,,2878.564,14,5,0
25.0,265.0,301.0,25.0,4.0,14.2,77.0,1009.5,0,20.9,223,1.1,Suzuka,5.807,53,2.0,0.0,0.0,96.218,23.25,10.615999999999985,-42.58199999999988,-6.186999999999898,1,,,,,,,2101.159,15,7,0
19.0,266.0,301.0,19.0,5.0,14.2,77.0,1009.5,0,20.9,223,1.1,Suzuka,5.807,53,2.0,0.0,0.0,95.756,23.219,11.063000000000102,7.082999999999856,22.144000000000005,1,,,,,,,1530.753,16,2,0
15.0,264.0,298.0,15.0,19.0,14.2,77.0,1009.5,0,20.9,223,1.1,Suzuka,5.807,53,3.0,0.0,0.0,97.254,23.157,36.24700000000007,1.7960000000000491,-13.353000000000065,1,,,,,,,1182.253,17,1,0
20.0,265.0,299.0,20.0,3.0,14.2,77.0,1009.5,0,20.9,223,1.1,Suzuka,5.807,53,2.0,0.0,0.0,95.359,22.917,6.275000000000091,-31.80099999999993,24.635999999999967,1,,,,,,,1619.029,18,9,0
23.0,269.0,300.0,23.0,9.0,14.2,77.0,1009.5,0,20.9,223,1.1,Suzuka,5.807,53,2.0,0.0,0.0,96.245,24.812,18.63799999999992,18.63799999999992,13.124000000000251,1,,,,,,,1923.029,19,8,0
10.0,280.0,295.0,10.0,7.0,27.1,45.0,1008.0,0,31.9,31,1.4,Sakhir,5.412,57,3.0,0.0,0.0,103.293,26.526,14.712999999999965,-1.2180000000000746,,1,,,,,0.0,0.0,718.133,0,0,0
26.0,280.0,299.0,16.0,11.0,27.1,45.0,1008.0,0,31.9,31,1.4,Sakhir,5.412,57,1.0,0.0,0.0,102.488,28.242,28.923999999999978,0.0840000000002874,,1,,,,,0.0,0.0,2323.47,0,0,0
10.0,276.0,302.0,10.0,6.0,27.1,45.0,1008.0,0,31.9,31,1.4,Sakhir,5.412,57,3.0,0.0,0.0,104.215,25.022,13.850999999999999,-24.172000000000025,26.23199999999997,1,,,,,0.0,0.0,717.271,1,1,0
28.0,277.0,287.0,18.0,6.0,27.1,45.0,1008.0,0,31.9,31,1.4,Sakhir,5.412,57,2.0,0.0,0.0,101.166,24.905,21.292999999999665,-12.421000000000276,24.20600000000013,1,,,,,0.0,0.0,2511.111,1,1,0
12.0,279.0,299.0,12.0,4.0,27.1,45.0,1008.0,0,31.9,31,1.4,Sakhir,5.412,57,3.0,0.0,0.0,101.886,24.859,13.532999999999902,-12.018000000000029,9.04300000000012,1,,,,,0.0,0.0,914.662,2,2,0
27.0,281.0,307.0,15.0,8.0,27.1,45.0,1008.0,0,31.9,31,1.4,Sakhir,5.412,57,2.0,0.0,0.0,101.768,24.417,27.634000000000015,-15.19399999999996,6.280999999999949,1,,,,,0.0,0.0,2419.759,2,2,0
32.0,288.0,329.0,32.0,12.0,27.1,45.0,1008.0,0,31.9,31,1.4,Sakhir,5.412,57,3.0,0.0,0.0,124.952,24.642,62.99499999999989,-3.0119999999997162,-3.731000000000222,0,,,,,0.0,0.0,2954.559,2,2,0
16.0,277.0,284.0,16.0,12.0,27.1,45.0,1008.0,0,31.9,31,1.4,Sakhir,5.412,57,2.0,0.0,0.0,103.567,24.958,28.039999999999964,5.40300000000002,-1.5170000000000528,1,,,,,0.0,0.0,1331.09,3,3,0
32.0,281.0,284.0,32.0,14.0,27.1,45.0,1008.0,0,31.9,31,1.4,Sakhir,5.412,57,2.0,0.0,0.0,126.361,24.783,66.0069999999996,7.2599999999997635,-3.0119999999997162,0,,,,,0.0,0.0,2957.571,3,3,0
17.0,279.0,296.0,17.0,1.0,27.1,45.0,1008.0,0,31.9,31,1.4,Sakhir,5.412,57,2.0,0.0,0.0,101.56,24.701,0.0,-44.368999999999915,16.47699999999986,1,,,,,0.0,0.0,1404.61,4,4,0
32.0,281.0,300.0,32.0,3.0,27.1,45.0,1008.0,0,31.9,31,1.4,Sakhir,5.412,57,2.0,0.0,0.0,111.116,24.237,10.923999999999978,-66.70899999999983,2.6579999999999018,0,,,,,0.0,0.0,2902.488,4,4,0
12.0,278.0,293.0,12.0,14.0,27.1,45.0,1008.0,0,31.9,31,1.4,Sakhir,5.412,57,3.0,0.0,0.0,102.834,24.603,31.713999999999942,12.076000000000022,9.434999999999945,1,,,,,0.0,0.0,932.843,5,3,0
32.0,281.0,303.0,20.0,17.0,27.1,45.0,1008.0,0,31.9,31,1.4,Sakhir,5.412,57,2.0,0.0,0.0,130.743,24.491,78.41899999999987,25.273999999999887,-24.019999999999982,0,,,,,0.0,0.0,2969.983,5,3,0
11.0,283.0,313.0,11.0,7.0,27.1,45.0,1008.0,0,31.9,31,1.4,Sakhir,5.412,57,3.0,0.0,0.0,102.023,26.466,19.27299999999991,-8.634999999999991,16.677000000000135,1,,,,,0.0,0.0,821.374,6,0,0
32.0,285.0,322.0,21.0,7.0,27.1,45.0,1008.0,0,31.9,31,1.4,Sakhir,5.412,57,2.0,0.0,0.0,123.721,24.795,54.39899999999989,-24.019999999999982,9.779999999999745,0,,,,,0.0,0.0,2945.963,6,0,0
16.0,284.0,322.0,16.0,6.0,27.1,45.0,1008.0,0,31.9,31,1.4,Sakhir,5.412,57,3.0,0.0,0.0,102.382,25.424,22.636999999999944,,5.40300000000002,1,,,,,0.0,0.0,1325.687,7,5,0
32.0,289.0,330.0,16.0,9.0,27.1,45.0,1008.0,0,31.9,31,1.4,Sakhir,5.412,57,1.0,0.0,0.0,127.594,26.091,58.746999999999844,,7.2599999999997635,0,,,,,0.0,0.0,2950.311,7,5,0
5.0,290.0,326.0,5.0,20.0,27.1,45.0,1008.0,0,31.9,31,1.4,Sakhir,5.412,57,3.0,0.0,0.0,101.958,24.103,21.47800000000001,12.25,-4.037000000000035,1,,,,,0.0,0.0,232.121,8,6,0
27.0,282.0,302.0,22.0,17.0,27.1,45.0,1008.0,0,31.9,31,1.4,Sakhir,5.412,57,2.0,0.0,0.0,102.461,24.187,48.54500000000007,28.2800000000002,0.005000000000109139,1,,,,,0.0,0.0,2440.67,8,6,0
14.0,282.0,298.0,14.0,14.0,27.1,45.0,1008.0,0,31.9,31,1.4,Sakhir,5.412,57,2.0,0.0,0.0,103.984,25.192,30.927999999999884,-10.410000000000082,-26.983999999999924,1,,,,,0.0,0.0,1132.117,9,7,0
32.0,289.0,328.0,18.0,16.0,27.1,45.0,1008.0,0,31.9,31,1.4,Sakhir,5.412,57,1.0,0.0,0.0,129.302,23.942,77.63299999999981,-14.440999999999804,-66.70899999999983,0,,,,,0.0,0.0,2969.197,9,7,0
8.0,284.0,314.0,8.0,13.0,27.1,45.0,1008.0,0,31.9,31,1.4,Sakhir,5.412,57,3.0,0.0,0.0,102.51,24.947,17.26400000000001,13.538000000000011,-17.26400000000001,1,,,,,0.0,0.0,523.335,10,8,0
27.0,280.0,304.0,19.0,7.0,27.1,45.0,1008.0,0,31.9,31,1.4,Sakhir,5.412,57,2.0,0.0,0.0,101.961,25.165,26.59400000000005,17.018999999999778,-26.59400000000005,1,,,,,0.0,0.0,2418.719,10,8,0
10.0,283.0,311.0,10.0,4.0,27.1,45.0,1008.0,0,31.9,31,1.4,Sakhir,5.412,57,3.0,0.0,0.0,101.534,29.615,7.014999999999986,1.0510000000000446,28.168999999999983,1,,,,,0.0,0.0,710.435,11,9,0
32.0,281.0,304.0,22.0,4.0,27.1,45.0,1008.0,0,31.9,31,1.4,Sakhir,5.412,57,2.0,0.0,0.0,111.704,24.059,13.58199999999988,2.6579999999999018,48.192999999999756,0,,,,,0.0,0.0,2905.146,11,9,0
17.0,279.0,298.0,17.0,2.0,27.1,45.0,1008.0,0,31.9,31,1.4,Sakhir,5.412,57,2.0,0.0,0.0,101.684,24.36,10.135999999999967,-21.769000000000005,26.998000000000047,1,,,,,0.0,0.0,1414.746,12,4,0
32.0,280.0,298.0,32.0,5.0,27.1,45.0,1008.0,0,31.9,31,1.4,Sakhir,5.412,57,2.0,0.0,0.0,115.663,24.423,26.565999999999804,-59.46300000000019,65.50799999999981,0,,,,,0.0,0.0,2918.13,12,4,0
13.0,284.0,312.0,13.0,15.0,27.1,45.0,1008.0,0,31.9,31,1.4,Sakhir,5.412,57,2.0,0.0,0.0,102.993,24.069,35.40599999999995,11.491999999999962,0.32799999999997453,1,,,,,0.0,0.0,1035.298,13,6,0
32.0,281.0,302.0,19.0,18.0,27.1,45.0,1008.0,0,31.9,31,1.4,Sakhir,5.412,57,1.0,0.0,0.0,132.657,25.306,85.91999999999962,26.65599999999995,-15.210999999999785,0,,,,,0.0,0.0,2977.484,13,6,0
14.0,277.0,300.0,14.0,5.0,27.1,45.0,1008.0,0,31.9,31,1.4,Sakhir,5.412,57,3.0,0.0,0.0,102.908,24.577,22.76299999999992,-0.29500000000007276,25.672000000000025,1,,,,,0.0,0.0,1123.952,14,5,1
32.0,280.0,303.0,18.0,6.0,27.1,45.0,1008.0,0,31.9,31,1.4,Sakhir,5.412,57,2.0,0.0,0.0,123.071,24.455,53.14499999999998,43.656000000000404,25.273999999999887,0,,,,,0.0,0.0,2944.709,14,5,1
44.0,284.0,309.0,12.0,11.0,26.8,46.0,1008.3,0,30.8,44,1.3,Sakhir,5.412,57,1.0,0.0,0.0,103.871,36.961,64.68000000000029,50.99499999999989,4.743000000000393,1,,,,,0.0,0.0,644.176,14,5,1
45.0,284.0,220.0,45.0,20.0,26.8,46.0,1008.3,0,30.8,44,1.3,Sakhir,5.412,57,3.0,0.0,0.0,132.35,0.0,100.99499999999989,86.59900000000016,-29.327000000000226,1,,,,,0.0,0.0,776.526,14,5,1
6.0,286.0,319.0,6.0,18.0,27.1,45.0,1008.0,0,31.9,31,1.4,Sakhir,5.412,57,3.0,0.0,0.0,102.366,25.285,20.341999999999985,14.822000000000003,-10.373000000000047,1,,,,,0.0,0.0,329.348,15,7,0
28.0,281.0,299.0,22.0,13.0,27.1,45.0,1008.0,0,31.9,31,1.4,Sakhir,5.412,57,2.0,0.0,0.0,102.076,24.422,45.498999999999796,24.20600000000013,-25.253000000000156,1,,,,,0.0,0.0,2535.317,15,7,0
13.0,281.0,302.0,13.0,3.0,27.1,45.0,1008.0,0,31.9,31,1.4,Sakhir,5.412,57,3.0,0.0,0.0,101.867,23.939,7.039999999999964,7.039999999999964,14.11200000000008,1,,,,,0.0,0.0,1006.932,16,2,0
32.0,281.0,297.0,19.0,2.0,27.1,45.0,1008.0,0,31.9,31,1.4,Sakhir,5.412,57,2.0,0.0,0.0,111.016,24.047,9.488999999999578,9.488999999999578,43.656000000000404,0,,,,,0.0,0.0,2901.053,16,2,0
9.0,283.0,313.0,9.0,12.0,27.1,45.0,1008.0,0,31.9,31,1.4,Sakhir,5.412,57,3.0,0.0,0.0,103.531,24.805,18.49000000000001,-7.4809999999999945,-10.305000000000064,1,,,,,0.0,0.0,623.361,17,1,0
28.0,277.0,296.0,19.0,9.0,27.1,45.0,1008.0,0,31.9,31,1.4,Sakhir,5.412,57,2.0,0.0,0.0,101.908,25.139,33.71399999999994,-21.63299999999981,-12.421000000000276,1,,,,,0.0,0.0,2523.532,17,1,0
14.0,277.0,295.0,14.0,1.0,27.1,45.0,1008.0,0,31.9,31,1.4,Sakhir,5.412,57,3.0,0.0,0.0,101.297,24.553,0.0,-29.81899999999996,23.057999999999993,1,,,,,0.0,0.0,1101.189,18,9,0
32.0,279.0,299.0,18.0,1.0,27.1,45.0,1008.0,0,31.9,31,1.4,Sakhir,5.412,57,2.0,0.0,0.0,108.702,24.968,0.0,-61.774999999999636,9.488999999999578,0,,,,,0.0,0.0,2891.564,18,9,0
14.0,280.0,302.0,14.0,7.0,27.1,45.0,1008.0,0,31.9,31,1.4,Sakhir,5.412,57,3.0,0.0,0.0,102.596,24.643,25.212999999999965,-5.704999999999927,27.970000000000027,1,,,,,0.0,0.0,1126.402,19,8,0
32.0,283.0,304.0,18.0,10.0,27.1,45.0,1008.0,0,31.9,31,1.4,Sakhir,5.412,57,1.0,0.0,0.0,126.958,25.032,59.26399999999967,-3.731000000000222,26.65599999999995,0,,,,,0.0,0.0,2950.828,19,8,0
21.0,294.0,314.0,21.0,1.0,28.6,69.0,1006.5,0,38.4,274,0.8,Jeddah,6.174,50,4.0,0.0,0.0,96.5,26.05,0.0,-103.80200000000013,,1,,0.0,,,0.0,0.0,1969.938,0,0,0
19.0,295.0,314.0,19.0,5.0,28.6,69.0,1006.5,0,38.4,274,0.8,Jeddah,6.174,50,4.0,0.0,0.0,98.932,20.469,37.412000000000035,-41.899999999999864,79.33699999999976,1,,0.0,,,0.0,0.0,1799.827,2,2,0
19.0,294.0,310.0,19.0,11.0,28.6,69.0,1006.5,0,38.4,274,0.8,Jeddah,6.174,50,4.0,0.0,0.0,98.587,21.987,79.3119999999999,12.417999999999893,-41.899999999999864,1,,0.0,,,0.0,0.0,1816.702,3,3,0
29.0,297.0,313.0,29.0,3.0,28.6,69.0,1006.5,0,38.4,274,0.8,Jeddah,6.174,50,4.0,0.0,0.0,96.062,20.153,4.625,-95.55899999999974,23.68399999999974,1,,0.0,,,0.0,0.0,2729.616,4,4,0
39.0,297.0,313.0,39.0,14.0,31.5,48.0,1007.3,0,36.6,176,1.0,Jeddah,6.174,50,3.0,0.0,0.0,99.544,20.466,130.82799999999997,51.71799999999985,-130.6869999999999,1,,0.0,,,0.0,0.0,133.349,5,3,1
1.0,307.0,266.0,1.0,20.0,28.7,71.0,1006.3,0,39.4,315,1.2,Jeddah,6.174,50,4.0,0.0,0.0,165.662,0.0,73.209,19.831000000000017,-42.44500000000001,0,,1.0,,,0.0,0.0,3580.768,6,0,1
22.0,301.0,318.0,22.0,8.0,28.6,69.0,1006.5,0,38.4,274,0.8,Jeddah,6.174,50,4.0,0.0,0.0,98.088,22.118,51.20499999999993,,23.63700000000017,1,,0.0,,,0.0,0.0,2097.008,7,5,0
33.0,302.0,310.0,33.0,15.0,28.6,69.0,1006.5,0,38.4,274,0.8,Jeddah,6.174,50,3.0,0.0,0.0,98.006,20.5,120.52199999999993,65.28800000000001,-13.208999999999833,1,,0.0,,,0.0,0.0,3162.822,8,6,1
20.0,297.0,311.0,20.0,11.0,28.6,69.0,1006.5,0,38.4,274,0.8,Jeddah,6.174,50,4.0,0.0,0.0,97.855,20.548,92.30600000000004,-18.61499999999978,-67.87300000000005,1,,0.0,,,0.0,0.0,1909.688,9,7,0
1.0,303.0,158.0,1.0,18.0,28.7,71.0,1006.3,0,39.4,315,1.2,Jeddah,6.174,50,4.0,0.0,0.0,149.408,21.563,56.954999999999984,13.383999999999986,-24.421999999999983,0,,1.0,,,0.0,0.0,3564.435,10,8,0
34.0,298.0,306.0,34.0,5.0,28.6,69.0,1006.5,0,38.4,274,0.8,Jeddah,6.174,50,3.0,0.0,0.0,96.105,20.394,32.628000000000156,11.464000000000397,96.04999999999973,1,,0.0,,,0.0,0.0,3198.523,11,9,0
23.0,298.0,313.0,23.0,6.0,28.6,69.0,1006.5,0,38.4,274,0.8,Jeddah,6.174,50,4.0,0.0,0.0,97.866,20.281,29.764999999999873,-31.296000000000276,61.68100000000004,1,,0.0,,,0.0,0.0,2183.022,12,4,0
1.0,283.0,157.0,1.0,19.0,28.7,71.0,1006.3,0,39.4,315,1.2,Jeddah,6.174,50,4.0,0.0,0.0,149.952,21.845,57.498999999999995,5.812000000000012,-1.5689999999999884,0,,1.0,,,0.0,0.0,3564.841,13,6,1
21.0,298.0,320.0,21.0,8.0,28.6,69.0,1006.5,0,38.4,274,0.8,Jeddah,6.174,50,4.0,0.0,0.0,97.788,23.996,56.63799999999992,20.179999999999836,47.164000000000215,1,,0.0,,,0.0,0.0,1997.718,14,5,0
34.0,299.0,307.0,34.0,9.0,28.6,69.0,1006.5,0,38.4,274,0.8,Jeddah,6.174,50,3.0,0.0,0.0,96.999,20.699,81.23300000000017,-70.10599999999977,-24.97300000000041,1,,0.0,,,0.0,0.0,3233.174,15,7,0
20.0,295.0,317.0,20.0,2.0,28.6,69.0,1006.5,0,38.4,274,0.8,Jeddah,6.174,50,4.0,0.0,0.0,96.707,20.235,22.541999999999916,-3.9470000000001164,32.80799999999999,1,,0.0,,,0.0,0.0,1884.901,16,2,0
1.0,301.0,153.0,1.0,17.0,28.7,71.0,1006.3,0,39.4,315,1.2,Jeddah,6.174,50,4.0,0.0,0.0,148.383,20.407,55.93000000000001,-1.5689999999999884,-55.93000000000001,0,,1.0,,,0.0,0.0,3563.247,17,1,1
32.0,300.0,313.0,31.0,17.0,28.6,69.0,1006.5,0,38.4,274,0.8,Jeddah,6.174,50,3.0,0.0,0.0,98.193,21.634,130.00199999999995,-2.4020000000000437,-54.85599999999977,1,,0.0,,,0.0,0.0,3076.488,17,1,1
19.0,296.0,309.0,19.0,2.0,28.6,69.0,1006.5,0,38.4,274,0.8,Jeddah,6.174,50,4.0,0.0,0.0,96.45,21.301,9.92100000000005,-105.66899999999987,9.951999999999998,1,,0.0,,,0.0,0.0,1784.75,18,9,0
18.0,296.0,308.0,18.0,13.0,28.6,69.0,1006.5,0,38.4,274,0.8,Jeddah,6.174,50,4.0,0.0,0.0,98.409,21.942,97.35899999999992,64.96499999999992,19.919000000000096,1,,0.0,,,0.0,0.0,1723.893,19,8,0
26.0,277.0,309.0,2.0,4.0,26.5,62.0,1012.4,0,40.1,89,1.2,Miami,5.412,57,4.0,0.0,0.0,96.935,22.44,22.39200000000028,-8.396999999999935,,1,0.0,,,,,,2288.752,0,0,0
32.0,279.0,311.0,9.0,13.0,26.5,62.0,1012.4,0,40.1,89,1.2,Miami,5.412,57,3.0,0.0,0.0,98.57,22.089,53.154999999999745,19.27300000000014,-1.1829999999999927,0,0.0,,,,,,2915.925,1,1,0
25.0,279.0,317.0,1.0,6.0,26.5,62.0,1012.4,0,40.1,89,1.2,Miami,5.412,57,4.0,0.0,0.0,97.258,24.43,23.827000000000226,-25.192000000000007,21.434999999999945,1,0.0,,,,,,2198.68,2,2,0
28.0,280.0,210.0,5.0,16.0,26.5,62.0,1012.4,0,40.1,89,1.2,Miami,5.412,57,3.0,0.0,0.0,108.651,23.489,69.221,22.08199999999988,-23.398999999999887,0,0.0,,,,,,2518.731,3,3,1
29.0,279.0,218.0,5.0,4.0,26.5,62.0,1012.4,0,40.1,89,1.2,Miami,5.412,57,4.0,0.0,0.0,131.178,22.158,41.32400000000007,-63.18199999999979,-29.83699999999999,0,0.0,,,,,,2609.952,4,4,0
20.0,278.0,315.0,20.0,17.0,26.5,62.0,1012.4,0,40.1,89,1.2,Miami,5.412,57,0.0,0.0,0.0,98.388,22.283,42.488000000000056,23.335000000000036,-18.51800000000003,1,0.0,,,,,,1759.39,5,3,1
27.0,278.0,308.0,3.0,6.0,26.5,62.0,1012.4,0,40.1,89,1.2,Miami,5.412,57,4.0,0.0,0.0,97.38,22.581,36.736999999999625,-27.732000000000426,-0.26599999999962165,1,0.0,,,,,,2394.529,6,0,0
26.0,284.0,321.0,2.0,5.0,26.5,62.0,1012.4,0,40.1,89,1.2,Miami,5.412,57,4.0,0.0,0.0,97.279,21.972,26.766000000000076,,23.951000000000022,1,0.0,,,,,,2293.126,7,5,0
36.0,281.0,318.0,13.0,13.0,26.5,62.0,1012.4,0,40.1,89,1.2,Miami,5.412,57,3.0,0.0,0.0,97.202,22.16,57.69599999999991,13.890000000000327,54.478999999999814,1,0.0,,,,,,3309.118,8,6,1
28.0,279.0,225.0,5.0,19.0,26.5,62.0,1012.4,0,40.1,89,1.2,Miami,5.412,57,3.0,0.0,0.0,118.141,22.376,104.97800000000007,51.37699999999995,-75.71399999999994,0,0.0,,,,,,2554.488,9,7,1
36.0,280.0,217.0,5.0,17.0,26.5,62.0,1012.4,0,40.1,89,1.2,Miami,5.412,57,4.0,0.0,0.0,107.47,0.0,112.17499999999973,54.478999999999814,-68.94599999999991,1,0.0,,,,,,3363.597,9,7,1
23.0,276.0,326.0,23.0,11.0,26.5,62.0,1012.4,0,40.1,89,1.2,Miami,5.412,57,0.0,0.0,0.0,98.825,23.074,38.202000000000226,29.445000000000164,-38.202000000000226,1,0.0,,,,,,2030.234,10,8,0
29.0,280.0,250.0,5.0,2.0,26.5,62.0,1012.4,0,40.1,89,1.2,Miami,5.412,57,4.0,0.0,0.0,121.886,22.004,11.48700000000008,-29.83699999999999,56.23700000000008,0,0.0,,,,,,2580.115,11,9,0
28.0,284.0,315.0,5.0,6.0,26.5,62.0,1012.4,0,40.1,89,1.2,Miami,5.412,57,3.0,0.0,0.0,99.786,23.15,45.21399999999994,-20.375,8.387000000000171,0,0.0,,,,,,2494.724,12,4,0
19.0,278.0,306.0,19.0,16.0,26.5,62.0,1012.4,0,40.1,89,1.2,Miami,5.412,57,0.0,0.0,0.0,98.41,22.199,36.57099999999991,0.13999999999987267,0.6230000000000473,1,0.0,,,,,,1661.762,13,6,1
25.0,281.0,323.0,1.0,9.0,26.5,62.0,1012.4,0,40.1,89,1.2,Miami,5.412,57,4.0,0.0,0.0,97.333,22.525,30.009000000000015,9.771999999999935,32.238000000000284,1,0.0,,,,,,2204.862,14,5,0
22.0,279.0,311.0,22.0,13.0,26.5,62.0,1012.4,0,40.1,89,1.2,Miami,5.412,57,0.0,0.0,0.0,98.581,22.199,37.53399999999965,-3.893000000000029,-7.186999999999898,1,0.0,,,,,,1938.101,15,7,0
29.0,279.0,230.0,5.0,3.0,26.5,62.0,1012.4,0,40.1,89,1.2,Miami,5.412,57,3.0,0.0,0.0,128.381,24.208,31.41800000000012,31.41800000000012,25.179000000000087,0,0.0,,,,,,2600.046,16,2,0
29.0,280.0,219.0,5.0,1.0,26.5,62.0,1012.4,0,40.1,89,1.2,Miami,5.412,57,4.0,0.0,0.0,119.118,22.095,0.0,-67.72400000000016,31.41800000000012,0,0.0,,,,,,2568.628,18,9,0
29.0,274.0,141.0,29.0,1.0,24.1,38.0,1009.9,0,44.8,286,4.1,Imola,4.909,63,5.0,0.0,0.0,92.728,30.051,0.0,-67.779,,0,0.0,0.0,,0.0,0.0,0.0,2093.909,0,0,0
46.0,277.0,237.0,17.0,1.0,24.1,38.0,1009.9,0,44.8,286,4.1,Imola,4.909,63,4.0,0.0,0.0,94.977,29.784,0.0,-96.59799999999996,,0,0.0,1.0,,0.0,0.0,0.0,3537.302,0,0,0
9.0,277.0,291.0,9.0,17.0,24.1,38.0,1009.9,0,44.8,286,4.1,Imola,4.909,63,5.0,0.0,0.0,86.399,31.522,19.874000000000024,0.9240000000000919,-8.215000000000032,1,0.0,0.0,,0.0,0.0,0.0,476.986,1,1,0
29.0,274.0,192.0,20.0,16.0,24.1,38.0,1009.9,0,44.8,286,4.1,Imola,4.909,63,4.0,0.0,0.0,114.26,31.877,81.73700000000008,-7.800000000000182,-34.30400000000009,0,0.0,0.0,,0.0,0.0,0.0,2175.646,1,1,0
29.0,275.0,194.0,29.0,6.0,24.1,38.0,1009.9,0,44.8,286,4.1,Imola,4.909,63,4.0,0.0,0.0,105.993,29.94,48.120000000000346,-21.406999999999698,12.659999999999854,0,0.0,0.0,,0.0,0.0,0.0,2142.029,2,2,1
12.0,271.0,291.0,12.0,9.0,24.1,38.0,1009.9,0,44.8,286,4.1,Imola,4.909,63,5.0,0.0,0.0,86.152,30.237,16.745000000000005,2.8519999999999754,-0.5879999999999654,1,0.0,0.0,,0.0,0.0,0.0,717.913,3,3,0
46.0,228.0,268.0,34.0,12.0,24.1,38.0,1009.7,0,39.4,291,4.1,Imola,4.909,63,4.0,0.0,0.0,115.706,30.995,104.98400000000038,56.488000000000284,40.287999999999556,0,0.0,0.0,,0.0,1.0,0.0,42.102,3,3,0
10.0,278.0,291.0,10.0,13.0,24.1,38.0,1009.9,0,44.8,286,4.1,Imola,4.909,63,5.0,0.0,0.0,86.751,29.587,16.274999999999977,-5.407000000000039,-7.874000000000024,1,0.0,0.0,,0.0,0.0,0.0,554.644,4,4,0
29.0,275.0,165.0,19.0,8.0,24.1,38.0,1009.9,0,44.8,286,4.1,Imola,4.909,63,4.0,0.0,0.0,106.742,31.974,53.84900000000016,-31.32699999999977,-7.186999999999898,0,0.0,0.0,,0.0,0.0,0.0,2147.758,4,4,0
14.0,272.0,297.0,14.0,7.0,24.1,38.0,1009.9,0,44.8,286,4.1,Imola,4.909,63,5.0,0.0,0.0,87.014,31.266,21.25999999999999,-18.82899999999995,5.389999999999873,1,0.0,0.0,,0.0,0.0,0.0,885.265,5,3,0
46.0,195.0,242.0,32.0,14.0,24.1,38.0,1009.7,0,39.4,291,4.1,Imola,4.909,63,4.0,0.0,0.0,115.462,34.519,108.44700000000012,22.713000000000193,-11.84900000000016,0,0.0,0.0,,0.0,1.0,0.0,45.565,5,3,0
29.0,273.0,211.0,29.0,12.0,24.1,38.0,1009.9,0,44.8,286,4.1,Imola,4.909,63,4.0,0.0,0.0,110.958,29.97,67.779,-7.147000000000389,-67.779,0,0.0,0.0,,0.0,0.0,0.0,2161.688,6,0,0
29.0,273.0,206.0,29.0,2.0,24.1,38.0,1009.9,0,44.8,286,4.1,Imola,4.909,63,5.0,0.0,0.0,103.058,30.566,35.789999999999964,,33.73700000000008,0,0.0,0.0,,0.0,0.0,0.0,2129.699,7,5,0
47.0,233.0,276.0,18.0,4.0,24.1,38.0,1009.7,0,39.4,291,4.1,Imola,4.909,63,4.0,0.0,0.0,116.404,29.825,29.896000000000186,,61.76299999999992,0,0.0,0.0,,0.0,1.0,0.0,102.018,7,5,0
29.0,274.0,214.0,29.0,9.0,24.1,38.0,1009.9,0,44.8,286,4.1,Imola,4.909,63,4.0,0.0,0.0,108.201,30.266,58.71300000000019,10.099999999999909,26.462999999999738,0,0.0,0.0,,0.0,0.0,0.0,2152.622,8,6,0
10.0,275.0,289.0,10.0,17.0,24.1,38.0,1009.9,0,44.8,286,4.1,Imola,4.909,63,5.0,0.0,0.0,86.2,29.652,21.682000000000016,2.5459999999999354,-5.407000000000039,1,0.0,0.0,,0.0,0.0,0.0,560.051,9,7,0
29.0,275.0,189.0,19.0,17.0,24.1,38.0,1009.9,0,44.8,286,4.1,Imola,4.909,63,4.0,0.0,0.0,115.803,30.237,85.17599999999993,26.462999999999738,-31.32699999999977,0,0.0,0.0,,0.0,0.0,0.0,2179.085,9,7,0
1.0,280.0,272.0,1.0,20.0,23.8,40.0,1010.2,0,45.1,292,3.4,Imola,4.909,63,5.0,0.0,0.0,96.497,30.472,13.504999999999995,10.691000000000003,-12.531000000000006,1,0.0,0.0,,0.0,0.0,0.0,3421.187,10,8,1
28.0,272.0,287.0,28.0,2.0,24.1,38.0,1009.9,0,44.8,286,4.1,Imola,4.909,63,5.0,0.0,0.0,86.185,29.507,14.37900000000036,-25.455999999999676,53.57899999999972,1,0.0,0.0,,0.0,0.0,0.0,2015.56,11,9,0
46.0,275.0,205.0,18.0,2.0,24.1,38.0,1009.9,0,44.8,286,4.1,Imola,4.909,63,4.0,0.0,0.0,102.996,31.796,26.49900000000025,-31.866999999999734,14.647999999999683,0,0.0,1.0,,0.0,0.0,0.0,3563.801,11,9,0
22.0,275.0,292.0,22.0,13.0,24.1,38.0,1009.9,0,44.8,286,4.1,Imola,4.909,63,5.0,0.0,0.0,87.193,30.258,43.319999999999936,-13.899999999999864,9.684999999999945,1,0.0,0.0,,0.0,0.0,0.0,1556.449,12,1,0
46.0,210.0,208.0,24.0,16.0,24.1,38.0,1009.7,0,39.4,291,4.1,Imola,4.909,63,4.0,0.0,0.0,117.151,31.169,115.13000000000011,-3.9720000000002074,-8.744000000000142,0,0.0,0.0,,0.0,1.0,0.0,52.248,12,1,0
29.0,276.0,188.0,29.0,7.0,24.1,38.0,1009.9,0,44.8,286,4.1,Imola,4.909,63,4.0,0.0,0.0,105.548,30.038,48.613000000000284,1.180000000000291,10.099999999999909,0,0.0,0.0,,0.0,0.0,0.0,2142.522,13,4,0
46.0,275.0,239.0,17.0,6.0,24.1,38.0,1009.9,0,44.8,286,4.1,Imola,4.909,63,5.0,0.0,0.0,111.555,29.968,59.67800000000034,-10.195999999999913,34.121999999999844,0,0.0,0.0,,1.0,0.0,0.0,3596.98,13,4,0
12.0,272.0,286.0,12.0,13.0,24.1,38.0,1009.9,0,44.8,286,4.1,Imola,4.909,63,5.0,0.0,0.0,87.591,30.775,23.73599999999999,0.5249999999999773,-1.3289999999999509,1,0.0,0.0,,0.0,0.0,0.0,724.904,14,6,0
29.0,274.0,190.0,17.0,18.0,24.1,38.0,1009.9,0,44.8,286,4.1,Imola,4.909,63,4.0,0.0,0.0,116.575,30.752,87.86300000000028,27.083000000000084,1.6739999999999782,0,0.0,0.0,,0.0,0.0,0.0,2181.772,14,6,0
46.0,244.0,182.0,34.0,17.0,24.1,38.0,1009.7,0,39.4,291,4.1,Imola,4.909,63,4.0,0.0,0.0,116.404,29.886,119.10200000000032,-26.169999999999618,-3.9720000000002074,0,0.0,0.0,,0.0,1.0,0.0,56.22,14,6,0
11.0,275.0,291.0,11.0,11.0,24.1,38.0,1009.9,0,44.8,286,4.1,Imola,4.909,63,5.0,0.0,0.0,88.303,30.148,17.155000000000086,1.240000000000009,-3.5830000000000837,1,0.0,0.0,,0.0,0.0,0.0,636.813,15,5,0
29.0,276.0,188.0,18.0,13.0,24.1,38.0,1009.9,0,44.8,286,4.1,Imola,4.909,63,4.0,0.0,0.0,110.594,30.517,68.32700000000023,7.166000000000167,6.59900000000016,0,0.0,0.0,,0.0,0.0,0.0,2162.236,15,5,0
29.0,275.0,201.0,29.0,5.0,24.1,38.0,1009.9,0,44.8,286,4.1,Imola,4.909,63,5.0,0.0,0.0,106.215,30.144,47.43299999999999,-34.30400000000009,1.180000000000291,0,0.0,0.0,,0.0,0.0,0.0,2141.342,16,7,0
46.0,276.0,173.0,17.0,7.0,24.1,38.0,1009.7,0,39.4,291,4.1,Imola,4.909,63,4.0,0.0,0.0,114.69,30.279,69.87400000000025,-36.511999999999716,-10.195999999999913,0,0.0,0.0,,1.0,0.0,0.0,6.992,16,7,0
11.0,274.0,298.0,11.0,10.0,24.1,38.0,1009.9,0,44.8,286,4.1,Imola,4.909,63,5.0,0.0,0.0,89.274,29.716,15.915000000000077,13.311000000000035,1.240000000000009,1,0.0,0.0,,0.0,0.0,0.0,635.573,17,2,0
29.0,281.0,227.0,18.0,11.0,24.1,38.0,1009.9,0,44.8,286,4.1,Imola,4.909,63,4.0,0.0,0.0,108.463,30.72,61.16100000000006,19.060999999999694,7.166000000000167,0,0.0,0.0,,0.0,0.0,0.0,2155.07,17,2,0
13.0,272.0,291.0,13.0,2.0,24.1,38.0,1009.9,0,44.8,286,4.1,Imola,4.909,63,5.0,0.0,0.0,86.205,30.935,7.544000000000096,-36.628999999999905,30.464999999999918,1,0.0,0.0,,0.0,0.0,0.0,790.147,18,9,0
30.0,188.0,191.0,17.0,2.0,24.1,38.0,1009.9,0,44.8,286,4.1,Imola,4.909,63,4.0,0.0,0.0,115.029,30.461,24.450000000000273,-3.1159999999999854,36.40899999999965,0,0.0,0.0,,0.0,0.0,0.0,2251.038,18,9,0
29.0,278.0,216.0,29.0,10.0,24.1,38.0,1009.9,0,44.8,286,4.1,Imola,4.909,63,4.0,0.0,0.0,108.72,31.376,60.7800000000002,12.659999999999854,27.083000000000084,0,0.0,0.0,,0.0,0.0,0.0,2154.689,19,8,0
31.0,221.0,282.0,2.0,16.0,24.1,38.0,1009.9,0,44.8,286,4.1,Imola,4.909,63,5.0,0.0,0.0,88.912,56.723,53.24299999999994,17.596000000000004,11.66800000000012,1,0.0,0.0,,0.0,0.0,0.0,2376.976,19,8,0
28.0,264.0,280.0,28.0,4.0,21.8,52.0,1016.9,0,43.2,346,1.6,Monaco,3.337,78,4.0,0.0,0.0,92.651,24.141,11.440999999999804,-61.23500000000013,,1,0.0,,0.0,,,,2014.146,0,0,0
77.0,260.0,281.0,49.0,4.0,22.5,56.0,1016.7,0,42.3,146,1.1,Monaco,3.337,78,5.0,0.0,0.0,93.332,23.59,16.02299999999923,14.16399999999976,,1,0.0,,0.0,,,,2126.493,0,0,0
1.0,226.0,279.0,1.0,18.0,21.5,55.0,1017.3,0,42.6,298,1.0,Monaco,3.337,78,5.0,0.0,0.0,112.223,24.349,28.882999999999996,15.646,-24.656000000000006,0,0.0,,0.0,,,,3462.707,1,1,1
8.0,264.0,287.0,8.0,16.0,21.8,52.0,1016.9,0,43.2,346,1.6,Monaco,3.337,78,5.0,0.0,0.0,79.262,0.0,25.0,1.3640000000000327,-14.520999999999958,0,1.0,,0.0,,,,501.151,1,1,1
69.0,259.0,276.0,69.0,18.0,22.5,56.0,1016.7,0,42.3,146,1.1,Monaco,3.337,78,4.0,0.0,0.0,94.121,24.374,220.2360000000008,51.267000000000735,-13.270000000000437,1,0.0,,0.0,,,,1720.073,2,2,1
71.0,260.0,282.0,2.0,18.0,22.5,56.0,1016.7,0,42.3,146,1.1,Monaco,3.337,78,5.0,0.0,0.0,91.512,24.731,239.3809999999994,70.52099999999973,-31.873999999999796,1,0.0,,0.0,,,,1891.088,2,2,1
16.0,257.0,277.0,16.0,6.0,21.8,52.0,1016.9,0,43.2,346,1.6,Monaco,3.337,78,4.0,0.0,0.0,94.168,25.468,31.413999999999987,-11.728000000000065,13.270999999999958,1,0.0,,0.0,,,,1114.886,3,3,1
22.0,258.0,280.0,22.0,3.0,21.8,52.0,1016.9,0,43.2,346,1.6,Monaco,3.337,78,5.0,0.0,0.0,92.412,23.531,11.72400000000016,-42.78899999999999,-1.1950000000001637,1,0.0,,0.0,,,,1554.998,4,4,0
49.0,261.0,284.0,27.0,3.0,21.8,52.0,1016.9,0,43.2,346,1.6,Monaco,3.337,78,4.0,0.0,0.0,91.977,23.578,20.695999999999913,-107.44200000000001,-20.695999999999913,1,0.0,,0.0,,,,3596.994,4,4,0
17.0,270.0,283.0,17.0,18.0,21.8,52.0,1016.9,0,43.2,346,1.6,Monaco,3.337,78,4.0,0.0,0.0,97.825,23.958,68.33799999999997,18.116999999999962,-15.876999999999953,1,0.0,,0.0,,,,1226.469,5,3,1
64.0,272.0,283.0,64.0,18.0,22.5,56.0,1016.7,0,42.3,146,1.1,Monaco,3.337,78,4.0,0.0,0.0,97.177,25.875,218.33899999999994,46.33299999999963,-19.065999999999804,1,0.0,,0.0,,,,1339.953,5,3,1
1.0,260.0,274.0,1.0,17.0,21.5,55.0,1017.3,0,42.6,298,1.0,Monaco,3.337,78,6.0,0.0,0.0,110.476,24.486,27.135999999999996,12.457999999999998,-23.456000000000003,0,0.0,,0.0,,,,3460.96,6,0,1
73.0,258.0,278.0,72.0,17.0,22.5,56.0,1016.7,0,42.3,146,1.1,Monaco,3.337,78,4.0,0.0,0.0,91.926,23.892,221.27400000000034,2.1580000000003565,-221.27400000000034,1,0.0,,0.0,,,,2025.274,6,0,1
32.0,256.0,276.0,32.0,9.0,21.8,52.0,1016.9,0,43.2,346,1.6,Monaco,3.337,78,5.0,0.0,0.0,92.994,23.882,77.91599999999971,,-33.1569999999997,1,0.0,,0.0,,,,2385.165,7,5,1
40.0,256.0,279.0,40.0,9.0,21.8,52.0,1016.9,0,43.2,346,1.6,Monaco,3.337,78,5.0,0.0,0.0,92.156,23.985,114.83599999999979,,6.6460000000001855,1,0.0,,0.0,,,,3019.34,7,5,1
12.0,266.0,278.0,12.0,19.0,21.8,52.0,1016.9,0,43.2,346,1.6,Monaco,3.337,78,5.0,0.0,0.0,96.743,23.975,44.2170000000001,31.45900000000006,-18.74700000000007,1,0.0,,0.0,,,,824.992,8,6,1
44.0,268.0,282.0,32.0,18.0,21.8,52.0,1016.9,0,43.2,346,1.6,Monaco,3.337,78,4.0,0.0,0.0,95.627,24.49,155.3829999999998,121.16300000000001,-29.46900000000005,1,0.0,,0.0,,,,3356.378,8,6,1
31.0,256.0,275.0,31.0,10.0,21.8,52.0,1016.9,0,43.2,346,1.6,Monaco,3.337,78,5.0,0.0,0.0,93.531,23.906,74.61100000000033,-8.848999999999705,-70.92300000000023,1,0.0,,0.0,,,,2307.149,9,7,1
40.0,256.0,277.0,9.0,8.0,21.8,52.0,1016.9,0,43.2,346,1.6,Monaco,3.337,78,6.0,0.0,0.0,92.467,24.047,112.88999999999987,-9.538000000000011,-108.98000000000002,1,0.0,,0.0,,,,3017.394,9,7,1
16.0,256.0,277.0,16.0,8.0,21.8,52.0,1016.9,0,43.2,346,1.6,Monaco,3.337,78,5.0,0.0,0.0,94.94,25.64,36.55199999999991,36.55199999999991,-30.639999999999873,1,0.0,,0.0,,,,1120.024,10,8,1
28.0,257.0,277.0,28.0,10.0,21.8,52.0,1016.9,0,43.2,346,1.6,Monaco,3.337,78,5.0,0.0,0.0,94.005,24.752,62.17899999999963,62.17899999999963,-51.0029999999997,1,0.0,,0.0,,,,2064.884,10,8,1
19.0,256.0,279.0,19.0,4.0,21.8,52.0,1016.9,0,43.2,346,1.6,Monaco,3.337,78,5.0,0.0,0.0,92.254,24.515,13.667999999999893,13.667999999999893,25.673999999999978,1,0.0,,0.0,,,,1325.665,11,9,0
50.0,268.0,275.0,31.0,2.0,22.5,56.0,1016.7,0,42.3,146,1.1,Monaco,3.337,78,4.0,0.0,0.0,90.893,23.469,2.61200000000008,-6.902999999999793,89.99099999999999,1,0.0,,0.0,,,,66.739,11,9,0
13.0,265.0,277.0,13.0,19.0,21.8,52.0,1016.9,0,43.2,346,1.6,Monaco,3.337,78,4.0,0.0,0.0,95.917,24.37,49.54500000000007,13.182999999999993,-40.514000000000124,1,0.0,,0.0,,,,906.308,12,1,1
26.0,256.0,279.0,13.0,19.0,21.8,52.0,1016.9,0,43.2,346,1.6,Monaco,3.337,78,5.0,0.0,0.0,95.572,24.641,89.84900000000016,1.143000000000029,-30.019999999999982,1,0.0,,0.0,,,,1935.021,12,1,1
18.0,256.0,276.0,18.0,5.0,21.8,52.0,1016.9,0,43.2,346,1.6,Monaco,3.337,78,4.0,0.0,0.0,91.862,23.516,31.842999999999847,-3.9270000000001346,27.006000000000085,1,0.0,,0.0,,,,1265.254,13,4,0
56.0,258.0,282.0,56.0,5.0,22.5,56.0,1016.7,0,42.3,146,1.1,Monaco,3.337,78,4.0,0.0,0.0,93.566,24.041,40.70300000000043,-62.853000000000065,133.9340000000002,1,0.0,,0.0,,,,560.692,13,4,0
1.0,228.0,222.0,1.0,20.0,21.5,55.0,1017.3,0,42.6,298,1.0,Monaco,3.337,78,5.0,0.0,0.0,145.564,37.316,62.22399999999999,5.632000000000005,-48.986999999999995,0,0.0,,0.0,,,,3496.048,14,6,1
26.0,256.0,278.0,25.0,18.0,21.8,52.0,1016.9,0,43.2,346,1.6,Monaco,3.337,78,4.0,0.0,0.0,96.175,24.525,88.70600000000013,10.541999999999916,1.143000000000029,1,0.0,,0.0,,,,1933.878,14,6,1
35.0,265.0,282.0,9.0,19.0,21.8,52.0,1016.9,0,43.2,346,1.6,Monaco,3.337,78,6.0,0.0,0.0,95.247,24.443,121.43899999999985,17.728999999999814,-15.843999999999596,1,0.0,,0.0,,,,2652.203,14,6,1
48.0,256.0,276.0,48.0,9.0,22.5,56.0,1016.7,0,42.3,146,1.1,Monaco,3.337,78,4.0,0.0,0.0,92.875,24.406,151.37000000000035,-2.786999999999807,6.141999999999825,1,0.0,,0.0,,,,50.532,15,5,1
53.0,256.0,274.0,5.0,9.0,22.5,56.0,1016.7,0,42.3,146,1.1,Monaco,3.337,78,5.0,0.0,0.0,91.446,24.006,152.1900000000005,-1.3580000000001746,10.076000000000022,1,0.0,,0.0,,,,445.357,15,5,1
14.0,255.0,277.0,14.0,8.0,21.8,52.0,1016.9,0,43.2,346,1.6,Monaco,3.337,78,5.0,0.0,0.0,94.072,24.094,26.980999999999995,-26.503999999999905,-13.383000000000038,1,0.0,,0.0,,,,959.866,16,7,1
19.0,254.0,276.0,5.0,8.0,21.8,52.0,1016.9,0,43.2,346,1.6,Monaco,3.337,78,6.0,0.0,0.0,93.324,23.75,50.50799999999981,-9.557999999999993,-19.208999999999833,1,0.0,,0.0,,,,1362.505,16,7,1
53.0,258.0,278.0,53.0,10.0,22.5,56.0,1016.7,0,42.3,146,1.1,Monaco,3.337,78,4.0,0.0,0.0,87.933,19.406,153.54800000000068,141.32200000000012,-1.3580000000001746,1,0.0,,0.0,,,,446.715,17,2,1
62.0,259.0,280.0,9.0,11.0,22.5,56.0,1016.7,0,42.3,146,1.1,Monaco,3.337,78,5.0,0.0,0.0,94.078,24.92,186.26199999999972,179.09599999999955,-21.997999999999593,1,0.0,,0.0,,,,1157.548,17,2,1
68.0,260.0,281.0,15.0,11.0,22.5,56.0,1016.7,0,42.3,146,1.1,Monaco,3.337,78,5.0,0.0,0.0,91.077,23.977,198.15700000000015,193.85300000000007,-26.90399999999954,1,0.0,,0.0,,,,1621.931,17,2,1
20.0,257.0,279.0,20.0,4.0,21.8,52.0,1016.9,0,43.2,346,1.6,Monaco,3.337,78,5.0,0.0,0.0,93.72,25.859,21.74000000000001,-19.394000000000005,38.46200000000022,1,0.0,,0.0,,,,1408.544,18,9,0
48.0,260.0,282.0,28.0,4.0,21.8,52.0,1016.9,0,43.2,346,1.6,Monaco,3.337,78,4.0,0.0,0.0,91.028,23.93,30.845000000000255,-70.58599999999979,123.3119999999999,1,0.0,,0.0,,,,3530.459,18,9,0
1.0,269.0,277.0,1.0,19.0,21.5,55.0,1017.3,0,42.6,298,1.0,Monaco,3.337,78,5.0,0.0,0.0,139.932,50.169,56.591999999999985,45.210999999999984,5.632000000000005,0,0.0,,0.0,,,,3490.416,19,8,1
17.0,264.0,283.0,16.0,19.0,21.8,52.0,1016.9,0,43.2,346,1.6,Monaco,3.337,78,4.0,0.0,0.0,97.866,24.433,70.21199999999999,19.003999999999905,-16.774999999999864,1,0.0,,0.0,,,,1228.343,19,8,1
13.0,281.0,309.0,13.0,3.0,29.5,51.0,1003.1,0,49.4,351,1.0,Barcelona,4.655,66,3.0,0.0,0.0,86.03,21.801,9.327999999999975,-40.74000000000001,,1,0.0,0.0,,0.0,0.0,0.0,995.64,0,0,0
29.0,281.0,309.0,29.0,2.0,29.5,51.0,1003.1,0,49.4,351,1.0,Barcelona,4.655,66,3.0,0.0,0.0,84.509,22.064,1.1890000000003056,-66.83099999999968,,1,0.0,0.0,,0.0,0.0,0.0,2297.775,0,0,0
47.0,283.0,315.0,18.0,3.0,28.4,61.0,1002.3,0,47.4,60,2.0,Barcelona,4.655,66,2.0,0.0,0.0,83.558,21.804,13.384000000000015,-98.625,,1,0.0,0.0,,0.0,0.0,0.0,148.561,0,0,0
55.0,286.0,310.0,55.0,3.0,28.4,61.0,1002.3,0,47.4,60,2.0,Barcelona,4.655,66,3.0,0.0,0.0,94.644,22.394,9.331000000000131,-149.53499999999985,,0,0.0,1.0,,0.0,0.0,0.0,809.199,0,0,0
10.0,276.0,309.0,10.0,10.0,29.5,51.0,1003.1,0,49.4,351,1.0,Barcelona,4.655,66,3.0,0.0,0.0,85.67,22.148,22.185999999999922,-8.953000000000088,-2.3909999999999627,1,0.0,0.0,,0.0,0.0,0.0,765.238,1,1,0
31.0,277.0,310.0,31.0,10.0,29.5,51.0,1003.1,0,49.4,351,1.0,Barcelona,4.655,66,3.0,0.0,0.0,86.267,22.123,56.15199999999959,-20.353000000000065,-13.81899999999996,1,0.0,0.0,,0.0,0.0,0.0,2512.264,1,1,0
55.0,261.0,243.0,24.0,9.0,28.4,61.0,1002.3,0,47.4,60,2.0,Barcelona,4.655,66,2.0,0.0,0.0,110.935,22.838,123.25,-60.90099999999984,-28.876999999999498,0,0.0,0.0,,0.0,1.0,0.0,923.118,1,1,0
21.0,277.0,307.0,21.0,4.0,29.5,51.0,1003.1,0,49.4,351,1.0,Barcelona,4.655,66,3.0,0.0,0.0,86.745,22.358,33.33100000000013,-30.521999999999935,24.82399999999984,1,0.0,0.0,,0.0,0.0,0.0,1666.683,2,2,1
49.0,282.0,312.0,28.0,7.0,28.4,61.0,1002.3,0,47.4,60,2.0,Barcelona,4.655,66,2.0,0.0,0.0,84.211,23.447,51.68100000000004,-46.74499999999989,44.30399999999963,1,0.0,0.0,,0.0,0.0,0.0,349.426,2,2,1
15.0,271.0,300.0,15.0,13.0,29.5,51.0,1003.1,0,49.4,351,1.0,Barcelona,4.655,66,3.0,0.0,0.0,87.958,23.155,44.692999999999984,-9.136999999999944,-24.008000000000038,1,0.0,0.0,,0.0,0.0,0.0,1192.589,3,3,0
42.0,278.0,306.0,27.0,12.0,29.5,51.0,1003.1,0,49.4,351,1.0,Barcelona,4.655,66,2.0,0.0,0.0,85.467,22.353,80.26499999999987,,-38.3420000000001,1,0.0,0.0,,0.0,0.0,0.0,3418.142,3,3,0
54.0,281.0,309.0,54.0,12.0,28.4,61.0,1002.3,0,47.4,60,2.0,Barcelona,4.655,66,3.0,0.0,0.0,97.388,21.956,108.72299999999996,,-53.04899999999998,0,0.0,1.0,,0.0,0.0,0.0,817.435,3,3,0
17.0,278.0,308.0,17.0,3.0,29.5,51.0,1003.1,0,49.4,351,1.0,Barcelona,4.655,66,3.0,0.0,0.0,85.153,24.588,17.625,-18.749000000000024,-13.163000000000011,1,0.0,0.0,,0.0,0.0,0.0,1326.837,4,4,0
40.0,282.0,312.0,23.0,4.0,29.5,51.0,1003.1,0,49.4,351,1.0,Barcelona,4.655,66,2.0,0.0,0.0,85.756,21.798,19.36200000000008,-49.46900000000005,-17.00799999999981,1,0.0,0.0,,0.0,0.0,0.0,3196.973,4,4,0
55.0,286.0,313.0,38.0,4.0,28.4,61.0,1002.3,0,47.4,60,2.0,Barcelona,4.655,66,2.0,0.0,0.0,101.931,22.342,32.405000000000655,-117.59699999999975,-26.934000000000196,0,0.0,1.0,,0.0,0.0,0.0,832.273,4,4,0
8.0,283.0,336.0,8.0,18.0,29.5,51.0,1003.1,0,49.4,351,1.0,Barcelona,4.655,66,2.0,0.0,0.0,87.017,21.855,31.966999999999985,5.20799999999997,-28.848999999999933,1,0.0,0.0,,0.0,0.0,0.0,613.362,5,0,0
24.0,279.0,313.0,16.0,15.0,29.5,51.0,1003.1,0,49.4,351,1.0,Barcelona,4.655,66,3.0,0.0,0.0,86.048,22.143,52.36499999999978,-2.629000000000133,-52.36499999999978,1,0.0,0.0,,0.0,0.0,0.0,1943.873,5,0,0
44.0,281.0,263.0,36.0,13.0,29.5,51.0,1003.1,0,49.4,351,1.0,Barcelona,4.655,66,3.0,0.0,0.0,87.462,21.81,93.88499999999976,-7.8770000000004075,-86.42399999999998,1,0.0,0.0,,0.0,0.0,0.0,3590.945,5,0,0
54.0,289.0,338.0,46.0,16.0,28.4,61.0,1002.3,0,47.4,60,2.0,Barcelona,4.655,66,3.0,0.0,0.0,100.175,22.258,116.35000000000036,3.46100000000024,-110.50700000000052,0,0.0,1.0,,0.0,0.0,0.0,825.062,5,0,0
6.0,276.0,332.0,6.0,18.0,29.5,51.0,1003.1,0,49.4,351,1.0,Barcelona,4.655,66,3.0,0.0,0.0,86.284,30.793,23.584000000000003,,-7.524999999999977,1,0.0,0.0,,0.0,0.0,0.0,443.22,6,5,1
26.0,281.0,316.0,26.0,17.0,29.5,51.0,1003.1,0,49.4,351,1.0,Barcelona,4.655,66,3.0,0.0,0.0,89.868,37.619,64.51499999999987,,-10.103000000000065,1,0.0,0.0,,0.0,0.0,0.0,2116.529,6,5,1
27.0,281.0,248.0,27.0,19.0,29.5,51.0,1003.1,0,49.4,351,1.0,Barcelona,4.655,66,3.0,0.0,0.0,122.219,0.0,106.0619999999999,,-50.927999999999884,1,0.0,0.0,,0.0,0.0,0.0,2238.748,6,5,1
9.0,282.0,334.0,9.0,11.0,29.5,51.0,1003.1,0,49.4,351,1.0,Barcelona,4.655,66,3.0,0.0,0.0,85.851,22.314,22.923999999999978,13.177000000000021,1.7749999999999773,1,0.0,0.0,,0.0,0.0,0.0,685.086,7,6,0
45.0,279.0,310.0,36.0,9.0,28.4,61.0,1002.3,0,47.4,60,2.0,Barcelona,4.655,66,2.0,0.0,0.0,85.589,21.919,71.56799999999976,41.24800000000005,26.25,1,0.0,0.0,,0.0,0.0,0.0,47.88,7,6,0
56.0,242.0,267.0,56.0,8.0,28.4,61.0,1002.3,0,47.4,60,2.0,Barcelona,4.655,66,3.0,0.0,0.0,93.749,22.041,57.574000000000524,28.744000000000597,69.79500000000007,0,0.0,0.0,,0.0,1.0,0.0,1006.236,7,6,0
18.0,276.0,306.0,18.0,9.0,29.5,51.0,1003.1,0,49.4,351,1.0,Barcelona,4.655,66,3.0,0.0,0.0,87.446,21.946,43.12699999999995,-6.981999999999971,-7.024000000000115,1,0.0,0.0,,0.0,0.0,0.0,1433.032,8,7,0
44.0,282.0,309.0,26.0,10.0,29.5,51.0,1003.1,0,49.4,351,1.0,Barcelona,4.655,66,2.0,0.0,0.0,84.71,21.971,77.63799999999992,12.221000000000004,-40.91600000000017,1,0.0,0.0,,0.0,0.0,0.0,3574.698,8,7,0
20.0,276.0,309.0,20.0,12.0,29.5,51.0,1003.1,0,49.4,351,1.0,Barcelona,4.655,66,3.0,0.0,0.0,88.077,22.673,58.221000000000004,52.84299999999985,-58.221000000000004,1,0.0,0.0,,0.0,0.0,0.0,1610.102,9,8,0
43.0,249.0,309.0,23.0,14.0,29.5,51.0,1003.1,0,49.4,351,1.0,Barcelona,4.655,66,2.0,0.0,0.0,85.554,22.48,92.44599999999991,89.51400000000012,-92.44599999999991,1,0.0,0.0,,0.0,0.0,0.0,3509.812,9,8,0
21.0,280.0,311.0,21.0,2.0,29.5,51.0,1003.1,0,49.4,351,1.0,Barcelona,4.655,66,3.0,0.0,0.0,85.617,22.511,9.524000000000115,-24.598999999999933,67.20699999999988,1,0.0,0.0,,0.0,0.0,0.0,1642.876,10,9,0
48.0,283.0,314.0,27.0,2.0,28.4,61.0,1002.3,0,47.4,60,2.0,Barcelona,4.655,66,2.0,0.0,0.0,83.999,21.873,10.074999999999818,-27.134000000000015,102.99800000000005,1,0.0,0.0,,0.0,0.0,0.0,224.63,10,9,0
55.0,286.0,314.0,55.0,2.0,28.4,61.0,1002.3,0,47.4,60,2.0,Barcelona,4.655,66,3.0,0.0,0.0,93.197,23.62,5.471000000000458,-26.934000000000196,147.6279999999997,0,0.0,1.0,,0.0,0.0,0.0,805.339,10,9,0
14.0,276.0,311.0,14.0,14.0,29.5,51.0,1003.1,0,49.4,351,1.0,Barcelona,4.655,66,3.0,0.0,0.0,86.715,22.536,43.636999999999944,8.573999999999842,-0.5480000000000018,1,0.0,0.0,,0.0,0.0,0.0,1110.729,11,1,0
39.0,278.0,311.0,25.0,18.0,29.5,51.0,1003.1,0,49.4,351,1.0,Barcelona,4.655,66,2.0,0.0,0.0,86.444,22.197,106.95100000000002,31.41399999999976,-20.777999999999793,1,0.0,0.0,,0.0,0.0,0.0,3204.269,11,1,0
54.0,282.0,311.0,54.0,18.0,28.4,61.0,1002.3,0,47.4,60,2.0,Barcelona,4.655,66,3.0,0.0,0.0,108.581,21.88,150.45700000000033,30.56999999999971,-46.985999999999876,0,0.0,0.0,,1.0,0.0,0.0,859.169,11,1,0
16.0,277.0,308.0,16.0,5.0,29.5,51.0,1003.1,0,49.4,351,1.0,Barcelona,4.655,66,3.0,0.0,0.0,85.739,22.001,21.345000000000027,-6.072000000000116,26.185999999999922,1,0.0,0.0,,0.0,0.0,0.0,1249.9,12,4,0
46.0,280.0,311.0,30.0,4.0,28.4,61.0,1002.3,0,47.4,60,2.0,Barcelona,4.655,66,2.0,0.0,0.0,85.116,24.391,36.20100000000002,-20.739000000000033,55.284000000000106,1,0.0,0.0,,0.0,0.0,0.0,91.748,12,4,0
55.0,283.0,312.0,55.0,6.0,28.4,61.0,1002.3,0,47.4,60,2.0,Barcelona,4.655,66,3.0,0.0,0.0,105.765,22.901,48.4940000000006,-45.878999999999905,64.125,0,0.0,1.0,,0.0,0.0,0.0,848.362,12,4,0
19.0,274.0,308.0,19.0,12.0,29.5,51.0,1003.1,0,49.4,351,1.0,Barcelona,4.655,66,3.0,0.0,0.0,87.666,22.085,52.99800000000005,-1.70900000000006,14.285000000000082,1,0.0,0.0,,0.0,0.0,0.0,1523.753,13,6,0
49.0,283.0,313.0,30.0,13.0,28.4,61.0,1002.3,0,47.4,60,2.0,Barcelona,4.655,66,2.0,0.0,0.0,84.483,22.966,97.86599999999999,1.8810000000003129,34.64499999999998,1,0.0,0.0,,0.0,0.0,0.0,395.611,13,6,0
9.0,276.0,313.0,9.0,16.0,29.5,51.0,1003.1,0,49.4,351,1.0,Barcelona,4.655,66,3.0,0.0,0.0,86.311,30.55,32.303,20.101999999999975,17.875,1,0.0,0.0,,0.0,0.0,0.0,694.465,14,5,0
34.0,274.0,313.0,34.0,16.0,29.5,51.0,1003.1,0,49.4,351,1.0,Barcelona,4.655,66,3.0,0.0,0.0,86.912,22.212,74.13500000000022,50.590000000000146,-1.9490000000000691,1,0.0,0.0,,0.0,0.0,0.0,2771.091,14,5,0
55.0,205.0,278.0,21.0,11.0,28.4,61.0,1002.3,0,47.4,60,2.0,Barcelona,4.655,66,2.0,0.0,0.0,129.946,21.838,151.6790000000001,115.09900000000016,7.186999999999898,0,0.0,0.0,,0.0,1.0,0.0,951.547,14,5,0
19.0,276.0,306.0,19.0,7.0,29.5,51.0,1003.1,0,49.4,351,1.0,Barcelona,4.655,66,3.0,0.0,0.0,86.307,21.886,36.65800000000013,-12.676999999999907,4.5629999999998745,1,0.0,0.0,,0.0,0.0,0.0,1507.413,15,7,0
48.0,282.0,311.0,29.0,8.0,28.4,61.0,1002.3,0,47.4,60,2.0,Barcelona,4.655,66,2.0,0.0,0.0,84.323,22.169,64.21799999999985,-33.28699999999981,-8.902000000000044,1,0.0,0.0,,0.0,0.0,0.0,278.773,15,7,0
55.0,231.0,204.0,55.0,7.0,28.4,61.0,1002.3,0,47.4,60,2.0,Barcelona,4.655,66,3.0,0.0,0.0,110.63,21.78,94.3730000000005,-28.876999999999498,-45.878999999999905,0,0.0,0.0,,0.0,1.0,0.0,894.241,15,7,0
20.0,279.0,311.0,20.0,4.0,29.5,51.0,1003.1,0,49.4,351,1.0,Barcelona,4.655,66,3.0,0.0,0.0,86.155,21.924,27.80899999999997,27.80899999999997,39.46199999999999,1,0.0,0.0,,0.0,0.0,0.0,1579.69,16,2,0
41.0,282.0,313.0,21.0,5.0,29.5,51.0,1003.1,0,49.4,351,1.0,Barcelona,4.655,66,2.0,0.0,0.0,84.584,21.771,30.784000000000106,30.784000000000106,67.41699999999992,1,0.0,0.0,,0.0,0.0,0.0,3288.52,16,2,0
55.0,284.0,313.0,55.0,5.0,28.4,61.0,1002.3,0,47.4,60,2.0,Barcelona,4.655,66,3.0,0.0,0.0,102.124,23.034,36.57999999999993,36.57999999999993,115.09900000000016,0,0.0,1.0,,0.0,0.0,0.0,836.448,16,2,0
22.0,283.0,313.0,22.0,1.0,29.5,51.0,1003.1,0,49.4,351,1.0,Barcelona,4.655,66,3.0,0.0,0.0,85.235,21.726,0.0,-72.04899999999998,37.46799999999985,1,0.0,0.0,,0.0,0.0,0.0,1718.587,17,9,0
49.0,286.0,315.0,27.0,1.0,28.4,61.0,1002.3,0,47.4,60,2.0,Barcelona,4.655,66,2.0,0.0,0.0,83.19,21.908,0.0,-109.17699999999968,39.4079999999999,1,0.0,0.0,,0.0,0.0,0.0,297.745,17,9,0
55.0,286.0,313.0,55.0,1.0,28.4,61.0,1002.3,0,47.4,60,2.0,Barcelona,4.655,66,3.0,0.0,0.0,91.156,22.771,0.0,-153.09900000000016,36.57999999999993,0,0.0,1.0,,0.0,0.0,0.0,799.868,17,9,0
8.0,274.0,309.0,8.0,16.0,29.5,51.0,1003.1,0,49.4,351,1.0,Barcelona,4.655,66,3.0,0.0,0.0,86.186,21.941,26.875,13.519999999999982,-5.467999999999961,1,0.0,0.0,,0.0,0.0,0.0,608.27,18,8,0
35.0,278.0,306.0,27.0,12.0,29.5,51.0,1003.1,0,49.4,351,1.0,Barcelona,4.655,66,2.0,0.0,0.0,87.065,22.09,68.37800000000016,29.99200000000019,2.66800000000012,1,0.0,0.0,,0.0,0.0,0.0,2845.484,18,8,0
54.0,280.0,309.0,46.0,13.0,28.4,61.0,1002.3,0,47.4,60,2.0,Barcelona,4.655,66,2.0,0.0,0.0,98.755,22.815,112.3730000000005,56.699000000000524,7.514000000000124,0,0.0,1.0,,0.0,0.0,0.0,821.085,18,8,0
12.0,278.0,308.0,12.0,9.0,23.6,29.0,1018.9,0,50.1,3,1.0,Montréal,4.361,70,5.0,0.0,0.0,93.11,23.678,18.664999999999964,-7.100999999999999,,1,0.0,0.0,0.0,0.0,0.0,,785.452,0,0,0
37.0,283.0,309.0,25.0,6.0,23.6,29.0,1018.9,0,50.1,3,1.0,Montréal,4.361,70,4.0,0.0,0.0,91.919,23.079,21.640000000000327,-32.49499999999989,,1,0.0,0.0,0.0,0.0,0.0,,2702.649,0,0,0
67.0,285.0,154.0,55.0,3.0,25.0,27.0,1018.8,0,50.0,64,1.0,Montréal,4.361,70,4.0,0.0,0.0,103.478,18.188,24.515000000000327,-152.67899999999918,,0,0.0,1.0,0.0,0.0,0.0,,1382.23,0,0,0
68.0,285.0,99.0,56.0,2.0,25.0,27.0,1018.8,0,50.0,64,1.0,Montréal,4.361,70,4.0,0.0,0.0,125.276,19.159,1.1530000000002474,-133.7519999999995,,0,0.0,0.0,0.0,0.0,1.0,,1507.506,0,0,0
69.0,285.0,165.0,57.0,2.0,25.0,27.0,1018.8,0,50.0,64,1.0,Montréal,4.361,70,4.0,0.0,0.0,123.745,18.188,1.081000000000131,-131.91100000000006,,0,0.0,0.0,0.0,0.0,1.0,,1631.251,0,0,0
53.0,278.0,304.0,53.0,17.0,25.0,27.0,1018.8,0,50.0,64,1.0,Montréal,4.361,70,4.0,0.0,0.0,93.243,23.985,90.38700000000063,21.155000000000655,-18.26300000000083,1,0.0,0.0,0.0,0.0,0.0,,397.297,1,1,1
66.0,252.0,207.0,13.0,16.0,25.0,27.0,1018.8,0,50.0,64,1.0,Montréal,4.361,70,5.0,0.0,0.0,116.515,18.204,148.45499999999993,4.355999999999767,6.243000000000393,0,0.0,0.0,0.0,1.0,0.0,,1424.539,1,1,1
67.0,252.0,238.0,14.0,16.0,25.0,27.0,1018.8,0,50.0,64,1.0,Montréal,4.361,70,5.0,0.0,0.0,115.427,18.215,182.2510000000002,2.8630000000002838,6.4669999999996435,0,0.0,0.0,0.0,0.0,1.0,,1539.966,1,1,1
68.0,252.0,195.0,15.0,15.0,25.0,27.0,1018.8,0,50.0,64,1.0,Montréal,4.361,70,5.0,0.0,0.0,106.73,18.125,140.34299999999985,3.7590000000000146,2.6350000000002183,0,0.0,0.0,0.0,0.0,1.0,,1646.696,1,1,1
14.0,277.0,304.0,14.0,9.0,23.6,29.0,1018.9,0,50.1,3,1.0,Montréal,4.361,70,5.0,0.0,0.0,93.11,23.235,14.207000000000107,3.69600000000014,8.176999999999907,1,0.0,0.0,0.0,0.0,0.0,,940.623,2,2,0
38.0,283.0,311.0,24.0,5.0,23.6,29.0,1018.9,0,50.1,3,1.0,Montréal,4.361,70,4.0,0.0,0.0,91.064,23.547,22.257000000000062,-25.91800000000012,45.009000000000015,1,0.0,0.0,0.0,0.0,0.0,,2778.836,2,2,0
67.0,285.0,182.0,53.0,4.0,25.0,27.0,1018.8,0,50.0,64,1.0,Montréal,4.361,70,4.0,0.0,0.0,104.172,18.25,27.625,-100.33799999999974,146.79299999999967,0,0.0,1.0,0.0,0.0,0.0,,1385.34,2,2,0
68.0,285.0,106.0,54.0,3.0,25.0,27.0,1018.8,0,50.0,64,1.0,Montréal,4.361,70,4.0,0.0,0.0,123.303,18.927,2.2899999999999636,-76.35699999999997,130.5550000000003,0,0.0,0.0,0.0,0.0,1.0,,1508.643,2,2,0
69.0,285.0,165.0,55.0,3.0,25.0,27.0,1018.8,0,50.0,64,1.0,Montréal,4.361,70,4.0,0.0,0.0,123.706,18.265,2.1790000000000873,-49.22099999999955,129.07399999999961,0,0.0,0.0,0.0,0.0,1.0,,1632.349,2,2,0
15.0,277.0,323.0,15.0,17.0,23.6,29.0,1018.9,0,50.1,3,1.0,Montréal,4.361,70,5.0,0.0,0.0,95.382,24.005,28.708000000000084,8.708000000000084,-11.930000000000064,1,0.0,0.0,0.0,0.0,0.0,,1032.309,3,3,0
50.0,281.0,307.0,35.0,12.0,25.0,27.0,1018.8,0,50.0,64,1.0,Montréal,4.361,70,4.0,0.0,0.0,92.749,23.519,58.60600000000022,,-52.54899999999998,1,0.0,0.0,0.0,0.0,0.0,,138.166,3,3,0
66.0,282.0,277.0,51.0,8.0,25.0,27.0,1018.8,0,50.0,64,1.0,Montréal,4.361,70,4.0,0.0,0.0,99.524,18.313,95.84600000000046,,-90.76200000000063,0,0.0,1.0,0.0,0.0,0.0,,1371.93,3,3,0
67.0,282.0,155.0,52.0,8.0,25.0,27.0,1018.8,0,50.0,64,1.0,Montréal,4.361,70,4.0,0.0,0.0,113.748,18.228,127.96299999999974,,-100.33799999999974,0,0.0,0.0,0.0,0.0,1.0,,1485.678,3,3,0
68.0,282.0,305.0,53.0,7.0,25.0,27.0,1018.8,0,50.0,64,1.0,Montréal,4.361,70,4.0,0.0,0.0,99.322,18.313,78.64699999999993,,-76.35699999999997,0,0.0,0.0,0.0,0.0,1.0,,1585.0,3,3,0
69.0,282.0,306.0,54.0,7.0,25.0,27.0,1018.8,0,50.0,64,1.0,Montréal,4.361,70,4.0,0.0,0.0,96.57,18.234,51.399999999999636,,-49.22099999999955,0,0.0,0.0,0.0,0.0,1.0,,1681.57,3,3,0
28.0,285.0,311.0,28.0,6.0,23.6,29.0,1018.9,0,50.1,3,1.0,Montréal,4.361,70,4.0,0.0,0.0,91.967,23.488,18.728999999999814,-26.672000000000025,-18.728999999999814,1,0.0,0.0,0.0,0.0,0.0,,2017.804,4,4,0
53.0,287.0,314.0,53.0,6.0,25.0,27.0,1018.8,0,50.0,64,1.0,Montréal,4.361,70,4.0,0.0,0.0,91.576,23.875,14.777000000000044,-79.60300000000007,-6.98700000000008,1,0.0,0.0,0.0,0.0,0.0,,321.687,4,4,0
67.0,272.0,224.0,14.0,6.0,25.0,27.0,1018.8,0,50.0,64,1.0,Montréal,4.361,70,5.0,0.0,0.0,112.504,18.297,54.702000000000226,-76.04699999999957,-54.702000000000226,0,0.0,0.0,0.0,1.0,0.0,,1412.417,4,4,0
68.0,272.0,212.0,15.0,5.0,25.0,27.0,1018.8,0,50.0,64,1.0,Montréal,4.361,70,5.0,0.0,0.0,114.938,18.25,21.002000000000407,-60.28899999999976,106.13799999999992,0,0.0,0.0,0.0,0.0,1.0,,1527.355,4,4,0
69.0,272.0,195.0,16.0,5.0,25.0,27.0,1018.8,0,50.0,64,1.0,Montréal,4.361,70,5.0,0.0,0.0,110.8,18.203,7.984999999999673,-46.34400000000005,121.02400000000034,0,0.0,0.0,0.0,0.0,1.0,,1638.155,4,4,0
24.0,289.0,308.0,24.0,19.0,23.6,29.0,1018.9,0,50.1,3,1.0,Montréal,4.361,70,4.0,0.0,0.0,93.814,23.656,55.78500000000008,24.906000000000176,-21.603000000000065,1,0.0,0.0,0.0,0.0,0.0,,1749.536,5,3,1
51.0,294.0,333.0,51.0,19.0,25.0,27.0,1018.8,0,50.0,64,1.0,Montréal,4.361,70,4.0,0.0,0.0,103.588,34.782,98.78800000000001,45.74299999999994,-39.79300000000012,1,0.0,0.0,0.0,0.0,0.0,,253.838,5,3,1
66.0,236.0,195.0,15.0,18.0,25.0,27.0,1018.8,0,50.0,64,1.0,Montréal,4.361,70,5.0,0.0,0.0,123.386,23.821,157.41300000000047,39.777000000000044,-15.829999999999927,0,0.0,0.0,0.0,1.0,0.0,,1433.497,5,3,1
67.0,236.0,209.0,1.0,18.0,25.0,27.0,1018.8,0,50.0,64,1.0,Montréal,4.361,70,6.0,0.0,0.0,115.934,18.31,191.71599999999944,38.23199999999997,-14.521999999999935,0,0.0,0.0,0.0,0.0,1.0,,1549.431,5,3,1
68.0,236.0,278.0,2.0,17.0,25.0,27.0,1018.8,0,50.0,64,1.0,Montréal,4.361,70,6.0,0.0,0.0,101.811,18.359,144.88900000000012,16.5029999999997,-9.984000000000378,0,0.0,0.0,0.0,0.0,1.0,,1651.242,5,3,1
56.0,283.0,308.0,56.0,15.0,25.0,27.0,1018.8,0,50.0,64,1.0,Montréal,4.361,70,4.0,0.0,0.0,94.42,25.063,84.46000000000004,-17.17699999999968,-82.71600000000035,1,0.0,0.0,0.0,0.0,0.0,,615.984,6,0,1
66.0,283.0,202.0,10.0,13.0,25.0,27.0,1018.8,0,50.0,64,1.0,Montréal,4.361,70,5.0,0.0,0.0,113.199,18.25,141.58300000000054,-15.829999999999927,-138.91499999999996,0,0.0,0.0,0.0,1.0,0.0,,1417.667,6,0,1
67.0,283.0,206.0,11.0,13.0,25.0,27.0,1018.8,0,50.0,64,1.0,Montréal,4.361,70,5.0,0.0,0.0,117.242,18.247,177.1939999999995,-14.521999999999935,-152.67899999999918,0,0.0,0.0,0.0,0.0,1.0,,1534.909,6,0,1
68.0,283.0,174.0,12.0,12.0,25.0,27.0,1018.8,0,50.0,64,1.0,Montréal,4.361,70,5.0,0.0,0.0,106.349,18.25,134.90499999999975,-9.984000000000378,-133.7519999999995,0,0.0,0.0,0.0,0.0,1.0,,1641.258,6,0,1
23.0,282.0,309.0,23.0,20.0,23.6,29.0,1018.9,0,50.1,3,1.0,Montréal,4.361,70,5.0,0.0,0.0,97.229,23.797,55.16599999999994,,-20.260999999999967,1,0.0,0.0,0.0,0.0,0.0,,1672.759,7,5,1
19.0,283.0,305.0,19.0,17.0,23.6,29.0,1018.9,0,50.1,3,1.0,Montréal,4.361,70,5.0,0.0,0.0,94.418,23.422,34.394000000000005,10.194999999999936,-4.285999999999831,1,0.0,0.0,0.0,0.0,0.0,,1346.956,8,6,0
66.0,285.0,223.0,47.0,9.0,25.0,27.0,1018.8,0,50.0,64,1.0,Montréal,4.361,70,4.0,0.0,0.0,101.808,18.36,100.01800000000003,47.5059999999994,-76.1889999999994,0,0.0,1.0,0.0,0.0,0.0,,1376.102,8,6,0
67.0,285.0,157.0,48.0,9.0,25.0,27.0,1018.8,0,50.0,64,1.0,Montréal,4.361,70,4.0,0.0,0.0,112.362,18.259,130.7489999999998,44.14400000000023,-76.04699999999957,0,0.0,0.0,0.0,0.0,1.0,,1488.464,8,6,0
68.0,285.0,299.0,49.0,8.0,25.0,27.0,1018.8,0,50.0,64,1.0,Montréal,4.361,70,4.0,0.0,0.0,99.18,18.406,81.29100000000017,32.70600000000013,-60.28899999999976,0,0.0,0.0,0.0,0.0,1.0,,1587.644,8,6,0
69.0,285.0,290.0,50.0,8.0,25.0,27.0,1018.8,0,50.0,64,1.0,Montréal,4.361,70,4.0,0.0,0.0,96.855,18.359,54.32899999999972,31.829999999999927,-46.34400000000005,0,0.0,0.0,0.0,0.0,1.0,,1684.499,8,6,0
38.0,288.0,314.0,38.0,20.0,23.6,29.0,1018.9,0,50.1,3,1.0,Montréal,4.361,70,4.0,0.0,0.0,93.99,23.283,81.86999999999989,20.199999999999818,-63.48000000000002,1,0.0,0.0,0.0,0.0,0.0,,2838.449,9,7,1
54.0,283.0,115.0,16.0,18.0,25.0,27.0,1018.8,0,50.0,64,1.0,Montréal,4.361,70,5.0,0.0,0.0,77.891,0.0,97.40199999999913,41.01499999999942,-78.89099999999962,1,0.0,0.0,0.0,0.0,0.0,,490.698,9,7,1
57.0,280.0,305.0,57.0,10.0,25.0,27.0,1018.8,0,50.0,64,1.0,Montréal,4.361,70,4.0,0.0,0.0,93.711,24.453,74.94599999999991,69.28499999999985,-71.1909999999998,1,0.0,0.0,0.0,0.0,0.0,,681.572,10,8,1
66.0,263.0,201.0,9.0,10.0,25.0,27.0,1018.8,0,50.0,64,1.0,Montréal,4.361,70,5.0,0.0,0.0,106.256,18.187,117.07999999999993,110.67599999999948,-110.7529999999997,0,0.0,0.0,0.0,1.0,0.0,,1393.164,10,8,1
67.0,263.0,203.0,10.0,10.0,25.0,27.0,1018.8,0,50.0,64,1.0,Montréal,4.361,70,5.0,0.0,0.0,117.088,18.229,152.53700000000026,152.53700000000026,-116.3090000000002,0,0.0,0.0,0.0,0.0,1.0,,1510.252,10,8,1
68.0,263.0,174.0,11.0,9.0,25.0,27.0,1018.8,0,50.0,64,1.0,Montréal,4.361,70,5.0,0.0,0.0,123.241,18.157,127.14000000000033,106.13799999999992,-121.10300000000007,0,0.0,0.0,0.0,0.0,1.0,,1633.493,10,8,1
29.0,281.0,300.0,29.0,5.0,23.6,29.0,1018.9,0,50.1,3,1.0,Montréal,4.361,70,4.0,0.0,0.0,92.211,23.263,14.736999999999625,-5.519999999999982,18.60400000000027,1,0.0,0.0,0.0,0.0,0.0,,2091.286,11,9,1
47.0,285.0,311.0,18.0,6.0,23.6,29.0,1018.9,0,50.1,3,1.0,Montréal,4.361,70,5.0,0.0,0.0,91.61,23.328,11.238000000000284,11.238000000000284,34.077999999999975,1,0.0,0.0,0.0,0.0,0.0,,3464.254,11,9,1
14.0,283.0,304.0,14.0,19.0,23.6,29.0,1018.9,0,50.1,3,1.0,Montréal,4.361,70,5.0,0.0,0.0,95.104,24.547,34.70399999999995,12.124000000000024,-6.427999999999884,1,0.0,0.0,0.0,0.0,0.0,,961.12,12,1,1
66.0,280.0,204.0,52.0,14.0,25.0,27.0,1018.8,0,50.0,64,1.0,Montréal,4.361,70,4.0,0.0,0.0,114.74,18.187,144.09900000000016,-0.9210000000002765,4.355999999999767,0,0.0,0.0,0.0,1.0,0.0,,1420.183,12,1,1
67.0,280.0,164.0,53.0,14.0,25.0,27.0,1018.8,0,50.0,64,1.0,Montréal,4.361,70,4.0,0.0,0.0,116.92,18.169,179.38799999999992,-1.5630000000001019,2.8630000000002838,0,0.0,0.0,0.0,0.0,1.0,,1537.103,12,1,1
68.0,280.0,176.0,54.0,13.0,25.0,27.0,1018.8,0,50.0,64,1.0,Montréal,4.361,70,4.0,0.0,0.0,105.834,18.187,136.58399999999983,-1.7590000000000146,3.7590000000000146,0,0.0,0.0,0.0,0.0,1.0,,1642.937,12,1,1
15.0,279.0,309.0,15.0,9.0,23.6,29.0,1018.9,0,50.1,3,1.0,Montréal,4.361,70,5.0,0.0,0.0,94.965,23.613,20.548999999999978,-20.57900000000018,-6.501999999999953,1,0.0,0.0,0.0,0.0,0.0,,1024.15,13,4,0
45.0,283.0,311.0,30.0,7.0,23.6,29.0,1018.9,0,50.1,3,1.0,Montréal,4.361,70,4.0,0.0,0.0,92.121,23.36,37.60100000000011,-28.98199999999997,18.47400000000016,1,0.0,0.0,0.0,0.0,0.0,,3334.74,13,4,0
67.0,143.0,265.0,52.0,7.0,25.0,27.0,1018.8,0,50.0,64,1.0,Montréal,4.361,70,4.0,0.0,0.0,115.724,18.332,86.60499999999956,-102.11300000000028,44.14400000000023,0,0.0,0.0,0.0,0.0,1.0,,1444.32,13,4,0
68.0,143.0,218.0,53.0,6.0,25.0,27.0,1018.8,0,50.0,64,1.0,Montréal,4.361,70,4.0,0.0,0.0,110.618,18.255,48.585000000000036,-94.39300000000003,32.70600000000013,0,0.0,0.0,0.0,0.0,1.0,,1554.938,13,4,0
69.0,143.0,288.0,54.0,6.0,25.0,27.0,1018.8,0,50.0,64,1.0,Montréal,4.361,70,4.0,0.0,0.0,97.731,18.172,22.498999999999796,-113.77400000000034,31.829999999999927,0,0.0,0.0,0.0,0.0,1.0,,1652.669,13,4,0
49.0,279.0,309.0,49.0,18.0,25.0,27.0,1018.8,0,50.0,64,1.0,Montréal,4.361,70,4.0,0.0,0.0,93.551,23.828,81.79500000000007,13.335999999999785,-15.596000000000004,1,0.0,0.0,0.0,0.0,0.0,,85.893,14,6,1
66.0,281.0,205.0,17.0,15.0,25.0,27.0,1018.8,0,50.0,64,1.0,Montréal,4.361,70,5.0,0.0,0.0,113.764,18.266,145.02000000000044,5.802999999999884,-0.9210000000002765,0,0.0,0.0,0.0,1.0,0.0,,1421.104,14,6,1
67.0,281.0,205.0,18.0,15.0,25.0,27.0,1018.8,0,50.0,64,1.0,Montréal,4.361,70,5.0,0.0,0.0,117.562,18.338,180.95100000000002,6.5330000000003565,-1.5630000000001019,0,0.0,0.0,0.0,0.0,1.0,,1538.666,14,6,1
68.0,281.0,208.0,19.0,14.0,25.0,27.0,1018.8,0,50.0,64,1.0,Montréal,4.361,70,5.0,0.0,0.0,106.03,18.312,138.34299999999985,5.4979999999995925,-1.7590000000000146,0,0.0,0.0,0.0,0.0,1.0,,1644.696,14,6,1
57.0,278.0,313.0,57.0,11.0,25.0,27.0,1018.8,0,50.0,64,1.0,Montréal,4.361,70,4.0,0.0,0.0,93.451,23.266,78.84000000000015,78.84000000000015,22.596999999999753,1,0.0,0.0,0.0,0.0,0.0,,685.466,15,5,1
66.0,286.0,203.0,9.0,11.0,25.0,27.0,1018.8,0,50.0,64,1.0,Montréal,4.361,70,5.0,0.0,0.0,105.951,18.266,117.63600000000042,117.63600000000042,39.777000000000044,0,0.0,0.0,0.0,1.0,0.0,,1393.72,15,5,1
67.0,286.0,171.0,10.0,11.0,25.0,27.0,1018.8,0,50.0,64,1.0,Montréal,4.361,70,5.0,0.0,0.0,117.479,18.252,153.48399999999947,131.61499999999978,38.23199999999997,0,0.0,0.0,0.0,0.0,1.0,,1511.199,15,5,1
68.0,286.0,174.0,11.0,10.0,25.0,27.0,1018.8,0,50.0,64,1.0,Montréal,4.361,70,5.0,0.0,0.0,123.54,18.141,128.38600000000042,128.38600000000042,16.5029999999997,0,0.0,0.0,0.0,0.0,1.0,,1634.739,15,5,1
13.0,281.0,329.0,13.0,20.0,23.6,29.0,1018.9,0,50.1,3,1.0,Montréal,4.361,70,5.0,0.0,0.0,96.665,24.063,39.389999999999986,10.286000000000058,-35.204000000000065,1,0.0,0.0,0.0,0.0,0.0,,886.903,16,7,1
66.0,264.0,242.0,53.0,17.0,25.0,27.0,1018.8,0,50.0,64,1.0,Montréal,4.361,70,4.0,0.0,0.0,121.476,23.681,154.69800000000032,6.243000000000393,-102.1859999999997,0,0.0,0.0,0.0,1.0,0.0,,1430.782,16,7,1
67.0,264.0,213.0,1.0,17.0,25.0,27.0,1018.8,0,50.0,64,1.0,Montréal,4.361,70,6.0,0.0,0.0,115.651,18.325,188.71799999999985,6.4669999999996435,-102.11300000000028,0,0.0,0.0,0.0,0.0,1.0,,1546.433,16,7,1
68.0,264.0,222.0,2.0,16.0,25.0,27.0,1018.8,0,50.0,64,1.0,Montréal,4.361,70,6.0,0.0,0.0,102.898,18.297,142.97800000000007,2.6350000000002183,-94.39300000000003,0,0.0,0.0,0.0,0.0,1.0,,1649.331,16,7,1
13.0,278.0,304.0,13.0,7.0,23.6,29.0,1018.9,0,50.1,3,1.0,Montréal,4.361,70,5.0,0.0,0.0,92.351,23.344,11.625,9.745000000000005,12.062999999999988,1,0.0,0.0,0.0,0.0,0.0,,859.138,17,2,0
42.0,284.0,313.0,29.0,4.0,23.6,29.0,1018.9,0,50.1,3,1.0,Montréal,4.361,70,4.0,0.0,0.0,92.34,24.312,8.56899999999996,8.56899999999996,41.1869999999999,1,0.0,0.0,0.0,0.0,0.0,,3075.863,17,2,0
67.0,285.0,191.0,54.0,2.0,25.0,27.0,1018.8,0,50.0,64,1.0,Montréal,4.361,70,4.0,0.0,0.0,103.5,18.234,21.868999999999687,-14.359000000000378,131.61499999999978,0,0.0,1.0,0.0,0.0,0.0,,1379.584,17,2,0
68.0,285.0,122.0,55.0,1.0,25.0,27.0,1018.8,0,50.0,64,1.0,Montréal,4.361,70,4.0,0.0,0.0,126.769,19.342,0.0,-6.037000000000262,128.38600000000042,0,0.0,0.0,0.0,0.0,1.0,,1506.353,17,2,0
69.0,285.0,191.0,56.0,1.0,25.0,27.0,1018.8,0,50.0,64,1.0,Montréal,4.361,70,4.0,0.0,0.0,123.817,18.188,0.0,-6.154999999999745,129.42199999999957,0,0.0,0.0,0.0,0.0,1.0,,1630.17,17,2,0
16.0,277.0,304.0,16.0,7.0,23.6,29.0,1018.9,0,50.1,3,1.0,Montréal,4.361,70,5.0,0.0,0.0,92.816,23.219,12.61999999999989,-6.630000000000109,-5.8409999999998945,1,0.0,0.0,0.0,0.0,0.0,,1096.417,18,9,0
45.0,283.0,312.0,29.0,5.0,23.6,29.0,1018.9,0,50.1,3,1.0,Montréal,4.361,70,4.0,0.0,0.0,91.172,23.047,12.702999999999975,-34.82900000000018,-4.911000000000058,1,0.0,0.0,0.0,0.0,0.0,,3309.842,18,9,0
67.0,289.0,252.0,51.0,5.0,25.0,27.0,1018.8,0,50.0,64,1.0,Montréal,4.361,70,4.0,0.0,0.0,111.532,26.454,36.228000000000065,-116.3090000000002,-14.359000000000378,0,0.0,1.0,0.0,0.0,0.0,,1393.943,18,9,0
68.0,289.0,177.0,1.0,4.0,25.0,27.0,1018.8,0,50.0,64,1.0,Montréal,4.361,70,6.0,0.0,0.0,118.447,18.343,6.037000000000262,-121.10300000000007,-6.037000000000262,0,0.0,0.0,0.0,0.0,1.0,,1512.39,18,9,0
69.0,289.0,163.0,2.0,4.0,25.0,27.0,1018.8,0,50.0,64,1.0,Montréal,4.361,70,6.0,0.0,0.0,123.935,18.188,6.154999999999745,-122.85400000000027,-6.154999999999745,0,0.0,0.0,0.0,0.0,1.0,,1636.325,18,9,0
18.0,282.0,309.0,18.0,20.0,23.6,29.0,1018.9,0,50.1,3,1.0,Montréal,4.361,70,5.0,0.0,0.0,95.065,23.626,42.625,29.47699999999986,-15.69900000000007,1,0.0,0.0,0.0,0.0,0.0,,1278.887,19,8,1
66.0,280.0,216.0,48.0,12.0,25.0,27.0,1018.8,0,50.0,64,1.0,Montréal,4.361,70,4.0,0.0,0.0,118.863,27.937,139.21700000000055,134.13300000000072,5.802999999999884,0,0.0,0.0,0.0,1.0,0.0,,1415.301,19,8,1
67.0,280.0,245.0,1.0,12.0,25.0,27.0,1018.8,0,50.0,64,1.0,Montréal,4.361,70,6.0,0.0,0.0,116.832,18.204,174.41799999999967,146.79299999999967,6.5330000000003565,0,0.0,0.0,0.0,0.0,1.0,,1532.133,19,8,1
68.0,280.0,187.0,2.0,11.0,25.0,27.0,1018.8,0,50.0,64,1.0,Montréal,4.361,70,6.0,0.0,0.0,107.065,18.172,132.84500000000025,130.5550000000003,5.4979999999995925,0,0.0,0.0,0.0,0.0,1.0,,1639.198,19,8,1
12.0,270.0,298.0,12.0,11.0,30.3,33.0,943.5,0,50.3,90,1.0,Spielberg,4.326,71,5.0,0.0,0.0,75.976,21.965,20.279999999999973,0.17099999999993543,2.3909999999999627,1,0.0,0.0,,,0.0,0.0,1605.169,1,1,1
38.0,271.0,296.0,26.0,12.0,30.3,33.0,943.5,0,50.3,90,1.0,Spielberg,4.326,71,3.0,0.0,0.0,75.313,22.172,61.172000000000025,-6.038000000000011,1.1589999999996508,1,0.0,0.0,,,0.0,0.0,3487.761,1,1,1
33.0,275.0,279.0,33.0,6.0,30.3,33.0,943.5,0,50.3,90,1.0,Spielberg,4.326,71,4.0,0.0,0.0,75.811,21.879,36.50599999999986,,9.967000000000098,1,0.0,0.0,,,0.0,0.0,3115.346,3,3,1
25.0,270.0,294.0,25.0,2.0,30.3,33.0,943.5,0,50.3,90,1.0,Spielberg,4.326,71,4.0,0.0,0.0,75.052,21.363,0.20800000000008367,-14.493999999999915,3.6200000000001182,1,0.0,0.0,,,0.0,0.0,2518.721,4,4,0
49.0,273.0,298.0,24.0,3.0,30.8,31.0,942.9,0,49.3,35,0.7,Spielberg,4.326,71,3.0,0.0,0.0,73.884,21.288,20.978999999999814,-39.759000000000015,-20.978999999999814,1,0.0,0.0,,,0.0,0.0,616.832,4,4,0
26.0,270.0,285.0,26.0,15.0,30.3,33.0,943.5,0,50.3,90,1.0,Spielberg,4.326,71,4.0,0.0,0.0,78.405,22.906,34.52299999999991,9.261999999999944,0.38000000000010914,1,0.0,0.0,,,0.0,0.0,2626.484,5,3,1
53.0,273.0,303.0,27.0,14.0,30.8,31.0,942.9,0,49.3,35,0.7,Spielberg,4.326,71,3.0,0.0,0.0,75.636,21.652,84.28600000000006,28.353999999999814,3.950000000000273,1,0.0,0.0,,,0.0,0.0,967.631,5,3,1
18.0,270.0,292.0,18.0,12.0,30.3,33.0,943.5,0,50.3,90,1.0,Spielberg,4.326,71,4.0,0.0,0.0,75.031,21.564,32.847999999999956,2.380000000000109,,1,0.0,0.0,,,0.0,0.0,2042.942,6,0,1
30.0,281.0,310.0,12.0,14.0,30.3,33.0,943.5,0,50.3,90,1.0,Spielberg,4.326,71,3.0,0.0,0.0,79.039,30.067,50.0590000000002,-7.402999999999793,,0,1.0,0.0,,,0.0,0.0,2920.205,6,0,1
60.0,273.0,298.0,60.0,15.0,30.8,31.0,942.9,0,49.3,35,0.7,Spielberg,4.326,71,4.0,0.0,0.0,74.033,32.9,95.77500000000055,-0.47400000000016007,,1,0.0,0.0,,,0.0,0.0,1473.082,6,0,1
13.0,272.0,293.0,13.0,7.0,30.3,33.0,943.5,0,50.3,90,1.0,Spielberg,4.326,71,4.0,0.0,0.0,74.03,21.28,18.563999999999965,,1.2699999999999818,1,0.0,0.0,,,0.0,0.0,1673.499,7,5,1
15.0,271.0,285.0,15.0,16.0,30.3,33.0,943.5,0,50.3,90,1.0,Spielberg,4.326,71,4.0,0.0,0.0,78.845,0.0,42.432000000000016,,-22.160000000000082,1,0.0,0.0,,,0.0,0.0,1839.959,7,5,1
12.0,279.0,313.0,12.0,16.0,30.3,33.0,943.5,0,50.3,90,1.0,Spielberg,4.326,71,5.0,0.0,0.0,75.086,21.188,25.351999999999975,15.633000000000038,-7.662000000000035,1,0.0,0.0,,,0.0,0.0,1610.241,8,6,1
42.0,271.0,291.0,30.0,8.0,30.8,31.0,942.9,0,49.3,35,0.7,Spielberg,4.326,71,4.0,0.0,0.0,74.479,21.064,54.16199999999981,32.17900000000009,4.429000000000087,1,0.0,0.0,,,0.0,0.0,160.9,8,6,1
32.0,271.0,291.0,32.0,6.0,30.3,33.0,943.5,0,50.3,90,1.0,Spielberg,4.326,71,4.0,0.0,0.0,75.289,21.377,32.09699999999975,-7.29300000000012,-13.375999999999749,1,0.0,0.0,,,0.0,0.0,3041.335,9,7,0
19.0,272.0,290.0,19.0,8.0,30.3,33.0,943.5,0,50.3,90,1.0,Spielberg,4.326,71,4.0,0.0,0.0,75.316,23.074,30.881000000000085,30.881000000000085,-30.216000000000122,1,0.0,0.0,,,0.0,0.0,2112.018,10,8,1
50.0,274.0,292.0,31.0,7.0,30.8,31.0,942.9,0,49.3,35,0.7,Spielberg,4.326,71,3.0,0.0,0.0,74.68,22.324,63.26299999999992,63.26299999999992,-59.1579999999999,1,0.0,0.0,,,0.0,0.0,729.337,10,8,1
20.0,272.0,297.0,20.0,2.0,30.3,33.0,943.5,0,50.3,90,1.0,Spielberg,4.326,71,4.0,0.0,0.0,73.982,21.961,2.3659999999999854,-3.6640000000002146,46.20900000000006,1,0.0,0.0,,,0.0,0.0,2155.119,11,9,0
52.0,275.0,299.0,32.0,2.0,30.8,31.0,942.9,0,49.3,35,0.7,Spielberg,4.326,71,3.0,0.0,0.0,73.952,21.358,0.011000000000422006,-32.817999999999756,76.32099999999991,1,0.0,0.0,,,0.0,0.0,810.318,11,9,0
13.0,269.0,290.0,13.0,14.0,30.3,33.0,943.5,0,50.3,90,1.0,Spielberg,4.326,71,5.0,0.0,0.0,76.45,22.969,26.513000000000034,8.708000000000084,13.074999999999818,1,0.0,0.0,,,0.0,0.0,1681.448,12,1,1
39.0,267.0,303.0,26.0,14.0,30.3,33.0,943.5,0,50.3,90,1.0,Spielberg,4.326,71,4.0,0.0,0.0,75.693,21.202,72.94799999999987,28.940999999999804,6.867000000000189,1,0.0,0.0,,,0.0,0.0,3569.492,12,1,1
26.0,269.0,295.0,26.0,2.0,30.3,33.0,943.5,0,50.3,90,1.0,Spielberg,4.326,71,4.0,0.0,0.0,74.514,21.32,1.066000000000031,-25.528999999999996,27.41899999999987,1,0.0,0.0,,,0.0,0.0,2593.027,13,4,0
50.0,273.0,295.0,24.0,3.0,30.8,31.0,942.9,0,49.3,35,0.7,Spielberg,4.326,71,3.0,0.0,0.0,73.95,21.272,30.139999999999873,-37.60699999999997,46.79600000000028,1,0.0,0.0,,,0.0,0.0,696.214,13,4,0
21.0,270.0,291.0,21.0,7.0,30.3,33.0,943.5,0,50.3,90,1.0,Spielberg,4.326,71,4.0,0.0,0.0,75.062,21.539,25.249000000000024,-16.37799999999993,18.867999999999938,1,0.0,0.0,,,0.0,0.0,2248.626,14,6,1
49.0,272.0,288.0,49.0,5.0,30.8,31.0,942.9,0,49.3,35,0.7,Spielberg,4.326,71,4.0,0.0,0.0,74.673,21.237,56.86499999999978,-23.384000000000015,34.48100000000022,1,0.0,0.0,,,0.0,0.0,652.718,14,6,1
2.0,204.0,225.0,2.0,15.0,30.3,33.0,943.5,0,50.3,90,1.0,Spielberg,4.326,71,5.0,0.0,0.0,102.317,21.224,16.11699999999999,8.825999999999993,-12.223000000000013,0,0.0,0.0,,,1.0,0.0,859.135,16,7,1
28.0,268.0,287.0,26.0,10.0,30.3,33.0,943.5,0,50.3,90,1.0,Spielberg,4.326,71,4.0,0.0,0.0,74.834,21.596,34.31899999999996,-0.33799999999973807,-15.046000000000276,1,0.0,0.0,,,0.0,0.0,2765.33,16,7,1
18.0,272.0,290.0,18.0,6.0,30.3,33.0,943.5,0,50.3,90,1.0,Spielberg,4.326,71,4.0,0.0,0.0,75.249,21.373,20.792999999999893,19.947999999999865,9.674999999999955,1,0.0,0.0,,,0.0,0.0,2030.887,17,2,0
45.0,273.0,295.0,45.0,5.0,30.8,31.0,942.9,0,49.3,35,0.7,Spielberg,4.326,71,4.0,0.0,0.0,74.223,21.841,47.92099999999982,44.215999999999894,29.21900000000005,1,0.0,0.0,,,0.0,0.0,363.982,17,2,0
24.0,271.0,291.0,24.0,1.0,30.3,33.0,943.5,0,50.3,90,1.0,Spielberg,4.326,71,4.0,0.0,0.0,74.728,22.677,0.0,-42.92500000000018,35.00400000000013,1,0.0,0.0,,,0.0,0.0,2440.292,18,9,0
53.0,275.0,299.0,29.0,1.0,30.8,31.0,942.9,0,49.3,35,0.7,Spielberg,4.326,71,3.0,0.0,0.0,73.038,21.077,0.0,-72.87700000000041,55.932000000000244,1,0.0,0.0,,,0.0,0.0,883.345,18,9,0
11.0,276.0,315.0,11.0,15.0,30.3,33.0,943.5,0,50.3,90,1.0,Spielberg,4.326,71,5.0,0.0,0.0,74.538,21.984,20.066999999999894,3.8239999999999554,-5.223999999999933,1,0.0,0.0,,,0.0,0.0,1534.772,19,8,1
39.0,271.0,300.0,28.0,10.0,30.3,33.0,943.5,0,50.3,90,1.0,Spielberg,4.326,71,3.0,0.0,0.0,74.083,21.781,59.26099999999997,-0.41800000000012005,-15.253999999999905,1,0.0,0.0,,,0.0,0.0,3555.805,19,8,1
11.0,210.0,310.0,11.0,3.0,18.4,80.0,988.6,0,24.5,66,1.5,Silverstone,5.891,52,0.0,0.0,1.0,110.497,28.14,9.027000000000044,-20.105000000000018,,1,0.0,0.0,0.0,,0.0,0.0,1029.919,0,0,0
41.0,235.0,312.0,41.0,3.0,17.9,80.0,988.7,0,23.3,72,1.5,Silverstone,5.891,52,0.0,0.0,1.0,99.465,29.647,63.15599999999995,-141.7579999999998,,1,0.0,0.0,0.0,,0.0,0.0,987.03,0,0,0
11.0,209.0,309.0,11.0,5.0,18.4,80.0,988.6,0,24.5,66,1.5,Silverstone,5.891,52,0.0,0.0,1.0,109.24,28.803,19.124000000000024,-39.3900000000001,38.22700000000009,1,0.0,0.0,0.0,,0.0,0.0,1040.016,1,1,0
41.0,229.0,306.0,41.0,7.0,17.9,80.0,988.7,0,23.3,72,1.5,Silverstone,5.891,52,0.0,0.0,1.0,102.126,28.463,142.89800000000014,-20.985999999999876,-22.445999999999913,1,0.0,0.0,0.0,,0.0,0.0,989.489,1,1,0
2.0,198.0,270.0,2.0,4.0,18.0,85.0,988.6,0,24.2,174,0.7,Silverstone,5.891,52,0.0,0.0,1.0,133.229,28.789,3.4240000000000066,-3.3019999999999925,28.619999999999976,0,0.0,0.0,0.0,,0.0,0.0,3594.332,2,2,1
9.0,179.0,296.0,7.0,4.0,18.4,80.0,988.6,0,24.5,66,1.5,Silverstone,5.891,52,2.0,0.0,0.0,99.336,28.722,10.398000000000138,-2.158999999999878,26.91899999999987,1,0.0,0.0,0.0,,0.0,0.0,840.784,2,2,1
20.0,68.0,175.0,20.0,10.0,18.4,80.0,988.6,0,24.5,66,1.5,Silverstone,5.891,52,0.0,0.0,1.0,133.8,29.788,89.20499999999993,-0.17200000000002547,7.403000000000247,0,0.0,0.0,0.0,,1.0,0.0,2351.485,2,2,1
23.0,207.0,276.0,23.0,15.0,18.4,80.0,988.6,0,24.5,66,1.5,Silverstone,5.891,52,0.0,0.0,1.0,116.7,0.0,130.36900000000014,22.202999999999975,-4.644999999999982,1,0.0,0.0,0.0,,0.0,0.0,2748.515,2,2,1
11.0,209.0,309.0,11.0,6.0,18.4,80.0,988.6,0,24.5,66,1.5,Silverstone,5.891,52,0.0,0.0,1.0,109.478,28.697,20.159000000000106,-6.9220000000000255,13.829999999999927,1,0.0,0.0,0.0,,0.0,0.0,1041.051,3,3,0
37.0,233.0,307.0,37.0,10.0,17.9,80.0,988.7,0,23.3,72,1.5,Silverstone,5.891,52,0.0,0.0,1.0,100.138,28.582,135.09599999999955,-19.957000000000335,20.392000000000735,1,0.0,0.0,0.0,,0.0,0.0,580.483,3,3,0
10.0,193.0,302.0,10.0,13.0,18.4,80.0,988.6,0,24.5,66,1.5,Silverstone,5.891,52,3.0,0.0,0.0,100.092,29.089,27.769999999999982,-8.625999999999976,-21.937000000000126,1,0.0,0.0,0.0,,0.0,0.0,942.725,4,4,0
42.0,241.0,304.0,32.0,8.0,17.9,80.0,988.7,0,23.3,72,1.5,Silverstone,5.891,52,0.0,0.0,1.0,102.92,28.798,165.14199999999983,76.38100000000031,-132.9459999999999,0,1.0,0.0,0.0,,0.0,0.0,1095.79,4,4,0
6.0,145.0,275.0,6.0,8.0,18.4,80.0,988.6,0,24.5,66,1.5,Silverstone,5.891,52,0.0,0.0,1.0,131.987,29.122,11.27699999999993,1.4099999999999682,1.136000000000081,0,0.0,0.0,0.0,,0.0,0.0,489.56,5,3,0
10.0,185.0,305.0,4.0,5.0,18.4,80.0,988.6,0,24.5,66,1.5,Silverstone,5.891,52,4.0,0.0,0.0,100.708,28.865,15.40099999999984,-2.576000000000249,8.423000000000002,1,0.0,0.0,0.0,,0.0,0.0,930.356,5,3,0
41.0,227.0,308.0,41.0,4.0,17.9,80.0,988.7,0,23.3,72,1.5,Silverstone,5.891,52,0.0,0.0,1.0,100.951,28.53,88.59299999999985,-74.77700000000004,116.32099999999991,1,0.0,0.0,0.0,,0.0,0.0,983.473,5,3,0
11.0,202.0,307.0,11.0,9.0,18.4,80.0,988.6,0,24.5,66,1.5,Silverstone,5.891,52,0.0,0.0,1.0,111.245,28.611,29.132000000000062,-6.596000000000004,-20.105000000000018,1,0.0,0.0,0.0,,0.0,0.0,1050.024,6,0,1
41.0,228.0,315.0,41.0,15.0,17.9,80.0,988.7,0,23.3,72,1.5,Silverstone,5.891,52,0.0,0.0,1.0,103.258,40.111,204.91399999999976,116.32099999999991,-141.7579999999998,1,0.0,0.0,0.0,,0.0,0.0,1023.896,6,0,1
12.0,204.0,308.0,12.0,3.0,18.4,80.0,988.6,0,24.5,66,1.5,Silverstone,5.891,52,0.0,0.0,1.0,109.68,29.254,10.610999999999876,,10.913999999999987,1,0.0,0.0,0.0,,0.0,0.0,1157.653,7,5,0
42.0,240.0,313.0,42.0,9.0,17.9,80.0,988.7,0,23.3,72,1.5,Silverstone,5.891,52,0.0,0.0,1.0,99.22,29.283,165.83500000000004,,18.940999999999804,0,1.0,0.0,0.0,,0.0,0.0,1099.736,7,5,0
9.0,206.0,316.0,9.0,9.0,18.4,80.0,988.6,0,24.5,66,1.5,Silverstone,5.891,52,0.0,0.0,1.0,105.879,29.735,16.614000000000033,5.622000000000071,15.95399999999995,1,0.0,0.0,0.0,,0.0,0.0,826.679,8,6,0
42.0,238.0,303.0,42.0,3.0,17.9,80.0,988.7,0,23.3,72,1.5,Silverstone,5.891,52,0.0,0.0,1.0,98.912,30.133,88.76099999999951,-62.59300000000076,76.38100000000031,1,0.0,0.0,0.0,,0.0,0.0,1068.415,8,6,0
18.0,190.0,200.0,18.0,10.0,18.4,80.0,988.6,0,24.5,66,1.5,Silverstone,5.891,52,0.0,0.0,1.0,123.452,29.567,71.51199999999972,43.57899999999972,-71.51199999999972,0,0.0,1.0,0.0,,0.0,0.0,2031.169,10,8,0
42.0,242.0,308.0,42.0,6.0,17.9,80.0,988.7,0,23.3,72,1.5,Silverstone,5.891,52,0.0,0.0,1.0,99.944,28.658,145.33899999999994,113.14300000000003,-145.33899999999994,0,1.0,0.0,0.0,,0.0,0.0,1102.421,10,8,0
11.0,213.0,311.0,11.0,2.0,18.4,80.0,988.6,0,24.5,66,1.5,Silverstone,5.891,52,0.0,0.0,1.0,107.735,30.633,7.6310000000000855,-42.77800000000002,25.864000000000033,1,0.0,0.0,0.0,,0.0,0.0,1028.523,11,9,0
44.0,245.0,244.0,44.0,2.0,17.9,80.0,988.7,0,23.3,72,1.5,Silverstone,5.891,52,0.0,0.0,1.0,98.903,28.211,2.990000000000691,-175.16399999999976,143.52199999999993,0,1.0,0.0,0.0,,0.0,0.0,1234.25,11,9,0
11.0,200.0,308.0,11.0,4.0,18.4,80.0,988.6,0,24.5,66,1.5,Silverstone,5.891,52,0.0,0.0,1.0,109.484,28.885,17.891000000000076,-39.460000000000036,18.35699999999997,1,0.0,0.0,0.0,,0.0,0.0,1038.783,13,4,0
41.0,232.0,308.0,41.0,6.0,17.9,80.0,988.7,0,23.3,72,1.5,Silverstone,5.891,52,0.0,0.0,1.0,99.553,29.198,120.45200000000023,-22.445999999999913,-31.733000000000175,1,0.0,0.0,0.0,,0.0,0.0,970.828,13,4,0
11.0,206.0,310.0,11.0,7.0,18.4,80.0,988.6,0,24.5,66,1.5,Silverstone,5.891,52,0.0,0.0,1.0,109.688,29.511,21.728000000000065,-18.748000000000047,14.0,1,0.0,0.0,0.0,,0.0,0.0,1042.62,15,5,0
41.0,232.0,311.0,41.0,10.0,17.9,80.0,988.7,0,23.3,72,1.5,Silverstone,5.891,52,0.0,0.0,1.0,100.264,28.588,163.3699999999999,-13.213999999999942,-74.77700000000004,1,0.0,0.0,0.0,,0.0,0.0,998.419,15,5,0
10.0,191.0,310.0,10.0,15.0,18.4,80.0,988.6,0,24.5,66,1.5,Silverstone,5.891,52,3.0,0.0,0.0,102.691,28.633,33.31099999999992,17.49000000000001,-18.96699999999987,1,0.0,0.0,0.0,,0.0,0.0,948.266,16,7,1
10.0,194.0,280.0,10.0,10.0,18.4,80.0,988.6,0,24.5,66,1.5,Silverstone,5.891,52,2.0,0.0,0.0,102.417,28.665,21.531999999999925,21.531999999999925,-3.5549999999998363,1,0.0,0.0,0.0,,0.0,0.0,936.487,17,2,0
38.0,235.0,322.0,28.0,7.0,17.9,80.0,988.7,0,23.3,72,1.5,Silverstone,5.891,52,0.0,0.0,1.0,101.178,28.225,130.76700000000073,130.76700000000073,24.838999999999942,1,0.0,0.0,0.0,,0.0,0.0,682.082,17,2,0
11.0,218.0,311.0,11.0,1.0,18.4,80.0,988.6,0,24.5,66,1.5,Silverstone,5.891,52,0.0,0.0,1.0,105.937,29.388,0.0,-33.49500000000012,40.47600000000011,1,0.0,0.0,0.0,,0.0,0.0,1020.892,18,9,0
43.0,247.0,310.0,43.0,1.0,17.9,80.0,988.7,0,23.3,72,1.5,Silverstone,5.891,52,0.0,0.0,1.0,97.478,40.332,0.0,-180.14699999999993,179.45899999999983,0,1.0,0.0,0.0,,0.0,0.0,1132.453,18,9,0
10.0,181.0,310.0,10.0,16.0,18.4,80.0,988.6,0,24.5,66,1.5,Silverstone,5.891,52,2.0,0.0,0.0,103.208,29.092,35.63499999999999,4.148000000000138,-19.814000000000078,1,0.0,0.0,0.0,,0.0,0.0,950.59,19,8,0
41.0,228.0,324.0,31.0,11.0,17.9,80.0,988.7,0,23.3,72,1.5,Silverstone,5.891,52,0.0,0.0,1.0,99.875,29.079,163.88400000000001,-20.346999999999753,-20.985999999999876,1,0.0,0.0,0.0,,0.0,0.0,999.67,19,8,0
12.0,206.0,307.0,12.0,4.0,16.0,89.0,964.7,0,25.9,282,1.6,Spa-Francorchamps,7.004,44,0.0,0.0,1.0,125.626,26.051,34.753000000000156,-25.791999999999916,,1,,,,,0.0,0.0,2529.204,0,0,0
11.0,201.0,275.0,11.0,13.0,16.0,89.0,964.7,0,25.9,282,1.6,Spa-Francorchamps,7.004,44,0.0,0.0,1.0,130.058,26.714,107.65999999999985,-7.289999999999964,-43.50999999999999,1,,,,,0.0,0.0,2429.637,1,1,0
12.0,202.0,289.0,12.0,19.0,16.0,89.0,964.7,0,25.9,282,1.6,Spa-Francorchamps,7.004,44,0.0,0.0,1.0,128.264,23.519,157.92000000000007,-18.529999999999973,-64.65699999999993,1,,,,,0.0,0.0,2556.312,2,2,0
30.0,221.0,315.0,18.0,18.0,17.9,81.0,965.2,0,25.8,24,1.5,Spa-Francorchamps,7.004,44,3.0,0.0,0.0,112.443,23.106,177.45999999999958,-23.851000000000113,-58.33899999999994,1,,,,,0.0,0.0,931.894,2,2,0
11.0,201.0,296.0,11.0,20.0,16.0,89.0,964.7,0,25.9,282,1.6,Spa-Francorchamps,7.004,44,0.0,0.0,1.0,129.812,23.308,163.72199999999998,125.01400000000012,-13.607999999999947,1,,,,,0.0,0.0,2433.602,3,3,0
29.0,220.0,310.0,18.0,20.0,17.9,81.0,965.2,0,25.8,24,1.5,Spa-Francorchamps,7.004,44,3.0,0.0,0.0,112.557,23.625,185.51999999999998,133.60300000000007,-14.297999999999774,1,,,,,0.0,0.0,825.695,3,3,0
12.0,205.0,306.0,12.0,3.0,16.0,89.0,964.7,0,25.9,282,1.6,Spa-Francorchamps,7.004,44,0.0,0.0,1.0,125.855,23.781,28.107999999999947,-49.59400000000005,-28.107999999999947,1,,,,,0.0,0.0,2528.788,4,4,0
12.0,203.0,280.0,12.0,16.0,16.0,89.0,964.7,0,25.9,282,1.6,Spa-Francorchamps,7.004,44,0.0,0.0,1.0,127.592,23.769,131.26300000000015,-5.4249999999999545,-70.71800000000007,1,,,,,0.0,0.0,2557.101,5,3,0
13.0,206.0,269.0,13.0,7.0,16.0,89.0,964.7,0,25.9,282,1.6,Spa-Francorchamps,7.004,44,0.0,0.0,1.0,127.153,23.203,64.7360000000001,-74.29500000000007,-15.945999999999913,1,,,,,0.0,0.0,2661.414,6,0,0
12.0,207.0,303.0,12.0,5.0,16.0,89.0,964.7,0,25.9,282,1.6,Spa-Francorchamps,7.004,44,0.0,0.0,1.0,126.684,23.938,44.93399999999997,,131.51600000000008,1,,,,,0.0,0.0,2535.05,7,5,0
11.0,203.0,297.0,11.0,15.0,16.0,89.0,964.7,0,25.9,282,1.6,Spa-Francorchamps,7.004,44,0.0,0.0,1.0,129.695,23.597,115.81499999999983,-22.826000000000022,-45.350999999999885,1,,,,,0.0,0.0,2430.192,8,6,0
32.0,219.0,312.0,21.0,14.0,17.9,81.0,965.2,0,25.8,24,1.5,Spa-Francorchamps,7.004,44,3.0,0.0,0.0,112.356,23.882,137.02599999999984,0.23999999999978172,-44.041999999999916,1,,,,,0.0,0.0,1140.503,8,6,0
12.0,204.0,300.0,12.0,9.0,16.0,89.0,964.7,0,25.9,282,1.6,Spa-Francorchamps,7.004,44,0.0,0.0,1.0,127.696,23.235,77.702,-49.333000000000084,-49.59400000000005,1,,,,,0.0,0.0,2541.569,9,7,0
13.0,208.0,289.0,13.0,11.0,16.0,89.0,964.7,0,25.9,282,1.6,Spa-Francorchamps,7.004,44,0.0,0.0,1.0,129.199,23.956,97.76700000000005,97.76700000000005,-83.43499999999995,1,,,,,0.0,0.0,2673.748,10,8,0
13.0,209.0,305.0,13.0,1.0,16.0,89.0,964.7,0,25.9,282,1.6,Spa-Francorchamps,7.004,44,0.0,0.0,1.0,122.962,24.357,0.0,-41.80899999999997,97.76700000000005,1,,,,,0.0,0.0,2637.987,11,9,0
12.0,205.0,293.0,12.0,13.0,16.0,89.0,964.7,0,25.9,282,1.6,Spa-Francorchamps,7.004,44,0.0,0.0,1.0,127.109,22.956,121.60100000000011,38.21600000000012,1.0960000000000036,1,,,,,0.0,0.0,2553.217,12,1,0
28.0,219.0,318.0,16.0,17.0,17.9,81.0,965.2,0,25.8,24,1.5,Spa-Francorchamps,7.004,44,3.0,0.0,0.0,112.935,23.41,151.346,57.18600000000015,-27.777000000000044,1,,,,,0.0,0.0,726.628,12,1,0
11.0,202.0,299.0,11.0,18.0,16.0,89.0,964.7,0,25.9,282,1.6,Spa-Francorchamps,7.004,44,0.0,0.0,1.0,130.597,23.234,138.64099999999985,74.49099999999999,-22.826000000000022,1,,,,,0.0,0.0,2426.547,13,4,0
12.0,203.0,301.0,12.0,10.0,16.0,89.0,964.7,0,25.9,282,1.6,Spa-Francorchamps,7.004,44,0.0,0.0,1.0,127.969,23.209,83.38499999999999,-9.878000000000156,38.21600000000012,1,,,,,0.0,0.0,2543.774,14,6,0
12.0,204.0,297.0,12.0,17.0,16.0,89.0,964.7,0,25.9,282,1.6,Spa-Francorchamps,7.004,44,0.0,0.0,1.0,127.24,27.534,136.6880000000001,84.33500000000004,-5.4249999999999545,1,,,,,0.0,0.0,2554.25,15,5,0
26.0,220.0,311.0,14.0,18.0,17.9,81.0,965.2,0,25.8,24,1.5,Spa-Francorchamps,7.004,44,3.0,0.0,0.0,113.275,23.631,161.96500000000015,106.87000000000035,-18.135999999999967,1,,,,,0.0,0.0,510.488,15,5,0
13.0,202.0,292.0,13.0,8.0,16.0,89.0,964.7,0,25.9,282,1.6,Spa-Francorchamps,7.004,44,0.0,0.0,1.0,125.678,23.593,70.64800000000014,-42.04299999999989,67.83699999999999,1,,,,,0.0,0.0,2663.135,16,7,1
20.0,214.0,309.0,7.0,10.0,16.0,89.0,964.7,0,25.9,282,1.6,Spa-Francorchamps,7.004,44,3.0,0.0,0.0,114.281,23.478,97.8119999999999,-11.315999999999804,28.51800000000003,1,,,,,0.0,0.0,3460.133,16,7,1
12.0,205.0,293.0,12.0,6.0,16.0,89.0,964.7,0,25.9,282,1.6,Spa-Francorchamps,7.004,44,0.0,0.0,1.0,126.737,23.733,52.353000000000065,45.38300000000004,84.33500000000004,1,,,,,0.0,0.0,2533.344,17,2,0
12.0,207.0,296.0,12.0,2.0,16.0,89.0,964.7,0,25.9,282,1.6,Spa-Francorchamps,7.004,44,0.0,0.0,1.0,126.019,23.825,6.970000000000027,-84.56000000000017,45.38300000000004,1,,,,,0.0,0.0,2518.614,18,9,0
12.0,204.0,300.0,1.0,12.0,16.0,89.0,964.7,0,25.9,282,1.6,Spa-Francorchamps,7.004,44,3.0,0.0,0.0,127.261,24.375,93.26300000000015,-64.65699999999993,-9.878000000000156,1,,,,,0.0,0.0,2544.819,19,8,0
17.0,244.0,285.0,17.0,8.0,21.8,57.0,987.3,0,32.3,284,2.9,Budapest,4.381,70,3.0,0.0,0.0,85.556,21.219,27.08100000000013,-11.301999999999907,,1,,,,,,,1281.516,0,0,0
48.0,244.0,285.0,31.0,5.0,22.2,55.0,987.1,0,31.3,293,1.7,Budapest,4.381,70,2.0,0.0,0.0,84.338,21.274,47.39300000000003,-38.58799999999974,,1,,,,,,,251.937,0,0,0
32.0,246.0,287.0,32.0,15.0,21.8,57.0,987.3,0,32.3,284,2.9,Budapest,4.381,70,2.0,0.0,0.0,86.192,21.588,54.29899999999998,-2.281000000000404,-5.821999999999662,1,,,,,,,2549.892,1,1,1
21.0,251.0,307.0,21.0,12.0,21.8,57.0,987.3,0,32.3,284,2.9,Budapest,4.381,70,3.0,0.0,0.0,86.348,22.188,35.23700000000008,20.93600000000015,-3.9839999999999236,1,,,,,,,1624.469,2,2,1
39.0,244.0,284.0,39.0,5.0,21.8,57.0,987.3,0,32.3,284,2.9,Budapest,4.381,70,3.0,0.0,0.0,86.44,22.307,36.05899999999974,-51.87400000000025,32.20100000000048,1,,,,,,,3101.588,3,3,0
19.0,245.0,285.0,19.0,1.0,21.8,57.0,987.3,0,32.3,284,2.9,Budapest,4.381,70,3.0,0.0,0.0,84.552,21.28,0.0,-27.088999999999942,4.781999999999925,1,,,,,,,1421.303,4,4,0
40.0,249.0,286.0,21.0,2.0,21.8,57.0,987.3,0,32.3,284,2.9,Budapest,4.381,70,2.0,0.0,0.0,84.018,21.148,0.7809999999999491,-46.04300000000012,10.579999999999927,1,,,,,,,3149.547,4,4,0
36.0,244.0,285.0,36.0,8.0,21.8,57.0,987.3,0,32.3,284,2.9,Budapest,4.381,70,3.0,0.0,0.0,86.688,21.512,44.06200000000035,-14.625999999999749,22.449999999999818,1,,,,,,,2865.01,5,3,0
20.0,244.0,286.0,20.0,16.0,21.8,57.0,987.3,0,32.3,284,2.9,Budapest,4.381,70,3.0,0.0,0.0,88.115,21.328,40.82199999999989,18.423000000000002,-3.946999999999889,1,,,,,,,1548.347,6,0,1
37.0,247.0,288.0,17.0,16.0,21.8,57.0,987.3,0,32.3,284,2.9,Budapest,4.381,70,4.0,0.0,0.0,85.309,21.545,70.55299999999988,8.368999999999687,-24.605999999999767,1,,,,,,,2972.769,6,0,1
14.0,251.0,305.0,14.0,17.0,21.8,57.0,987.3,0,32.3,284,2.9,Budapest,4.381,70,4.0,0.0,0.0,86.232,21.292,33.76599999999985,,-15.009000000000015,1,,,,,,,1041.426,7,5,1
38.0,245.0,286.0,24.0,15.0,21.8,57.0,987.3,0,32.3,284,2.9,Budapest,4.381,70,3.0,0.0,0.0,85.277,22.707,68.14899999999989,,-36.90099999999984,1,,,,,,,3052.049,7,5,1
5.0,250.0,307.0,5.0,20.0,21.8,57.0,987.3,0,32.3,284,2.9,Budapest,4.381,70,4.0,0.0,0.0,86.448,21.6,18.909999999999968,3.808999999999969,-7.1510000000000105,1,,,,,,,288.916,8,6,1
41.0,249.0,288.0,36.0,11.0,21.8,57.0,987.3,0,32.3,284,2.9,Budapest,4.381,70,3.0,0.0,0.0,86.922,28.943,65.85699999999997,7.713000000000193,1.1700000000000728,1,,,,,,,3295.654,8,6,1
40.0,245.0,285.0,40.0,7.0,21.8,57.0,987.3,0,32.3,284,2.9,Budapest,4.381,70,3.0,0.0,0.0,85.076,22.187,46.82400000000007,-13.141999999999825,-46.04300000000012,1,,,,,,,3195.59,9,7,0
14.0,251.0,306.0,14.0,16.0,21.8,57.0,987.3,0,32.3,284,2.9,Budapest,4.381,70,3.0,0.0,0.0,86.259,22.416,33.039999999999964,25.649000000000115,-30.026000000000067,1,,,,,,,1040.7,10,8,1
31.0,246.0,282.0,31.0,2.0,21.8,57.0,987.3,0,32.3,284,2.9,Budapest,4.381,70,3.0,0.0,0.0,85.567,20.884,0.5709999999999127,0.5709999999999127,52.728000000000065,1,,,,,,,2414.603,11,9,0
13.0,251.0,305.0,13.0,19.0,21.8,57.0,987.3,0,32.3,284,2.9,Budapest,4.381,70,3.0,0.0,0.0,85.901,30.205,33.50800000000004,14.173000000000002,-3.04300000000012,1,,,,,,,959.19,12,1,1
35.0,246.0,289.0,22.0,17.0,21.8,57.0,987.3,0,32.3,284,2.9,Budapest,4.381,70,2.0,0.0,0.0,85.606,26.234,65.13899999999967,31.95799999999963,8.855000000000018,1,,,,,,,2804.785,12,1,1
42.0,243.0,288.0,42.0,9.0,21.8,57.0,987.3,0,32.3,284,2.9,Budapest,4.381,70,2.0,0.0,0.0,85.996,21.13,63.164999999999964,-8.916999999999916,30.287000000000262,1,,,,,,,3373.937,13,4,1
40.0,245.0,284.0,40.0,5.0,21.8,57.0,987.3,0,32.3,284,2.9,Budapest,4.381,70,3.0,0.0,0.0,85.253,21.867,40.93600000000015,-31.942999999999756,53.13299999999981,1,,,,,,,3189.702,14,6,0
15.0,246.0,291.0,15.0,14.0,21.8,57.0,987.3,0,32.3,284,2.9,Budapest,4.381,70,4.0,0.0,0.0,86.131,21.734,32.173,25.596000000000004,-7.877999999999929,1,,,,,,,1121.913,15,5,1
51.0,248.0,288.0,36.0,14.0,22.2,55.0,987.1,0,31.3,293,1.7,Budapest,4.381,70,2.0,0.0,0.0,85.648,21.623,80.73099999999977,64.78999999999996,-22.533000000000357,1,,,,,,,527.053,15,5,1
33.0,243.0,285.0,33.0,11.0,21.8,57.0,987.3,0,32.3,284,2.9,Budapest,4.381,70,3.0,0.0,0.0,85.543,21.124,52.57199999999966,-20.422000000000025,-1.6089999999999236,1,,,,,,,2629.613,16,7,1
19.0,247.0,287.0,19.0,3.0,21.8,57.0,987.3,0,32.3,284,2.9,Budapest,4.381,70,3.0,0.0,0.0,84.726,21.601,6.457999999999856,-12.764000000000124,39.98000000000002,1,,,,,,,1427.761,17,2,0
43.0,251.0,293.0,24.0,3.0,21.8,57.0,987.3,0,32.3,284,2.9,Budapest,4.381,70,2.0,0.0,0.0,84.284,21.58,12.997000000000298,12.997000000000298,57.10699999999997,1,,,,,,,3404.793,17,2,0
18.0,245.0,284.0,18.0,2.0,21.8,57.0,987.3,0,32.3,284,2.9,Budapest,4.381,70,3.0,0.0,0.0,84.668,21.141,4.860000000000127,-47.30899999999997,1.4239999999999782,1,,,,,,,1341.611,18,9,0
45.0,249.0,288.0,27.0,1.0,21.8,57.0,987.3,0,32.3,284,2.9,Budapest,4.381,70,2.0,0.0,0.0,83.987,21.005,0.0,-73.20899999999983,24.68000000000029,1,,,,,,,3557.993,18,9,0
30.0,245.0,286.0,30.0,11.0,21.8,57.0,987.3,0,32.3,284,2.9,Budapest,4.381,70,3.0,0.0,0.0,86.031,21.714,49.28800000000001,-7.15099999999984,-20.063000000000102,1,,,,,,,2378.324,19,8,1
48.0,247.0,291.0,18.0,19.0,22.2,55.0,987.1,0,31.3,293,1.7,Budapest,4.381,70,2.0,0.0,0.0,89.72,0.0,87.72200000000021,22.908000000000357,-33.682000000000244,1,,,,,,,292.266,19,8,1
23.0,297.0,296.0,23.0,4.0,20.7,68.0,1006.2,0,28.8,208,3.0,Zandvoort,4.259,72,4.0,0.0,0.0,90.929,18.747,24.55100000000016,-49.914999999999964,,0,0.0,1.0,0.0,0.0,0.0,0.0,1505.503,0,0,0
53.0,297.0,299.0,30.0,3.0,19.6,73.0,1005.9,0,28.0,178,2.7,Zandvoort,4.259,72,3.0,0.0,0.0,87.371,18.268,17.19000000000051,-59.259000000000015,,0,0.0,1.0,0.0,0.0,0.0,0.0,311.557,0,0,0
23.0,298.0,299.0,23.0,12.0,20.7,68.0,1006.2,0,28.8,208,3.0,Zandvoort,4.259,72,3.0,0.0,0.0,101.559,19.177,61.71600000000012,-17.781999999999925,-33.69399999999996,0,0.0,1.0,0.0,0.0,0.0,0.0,1542.668,1,1,0
23.0,297.0,299.0,23.0,11.0,20.7,68.0,1006.2,0,28.8,208,3.0,Zandvoort,4.259,72,3.0,0.0,0.0,100.206,17.59,55.27800000000002,-14.798000000000002,14.345000000000027,0,0.0,1.0,0.0,0.0,0.0,0.0,1536.23,2,2,0
51.0,300.0,301.0,28.0,6.0,19.6,73.0,1005.9,0,28.0,178,2.7,Zandvoort,4.259,72,2.0,0.0,0.0,77.187,17.635,21.740999999999985,-32.865999999999985,30.35900000000038,1,0.0,0.0,0.0,0.0,0.0,0.0,159.148,2,2,0
53.0,297.0,303.0,2.0,7.0,19.6,73.0,1005.9,0,28.0,178,2.7,Zandvoort,4.259,72,4.0,0.0,0.0,105.159,21.362,59.00700000000052,-17.764999999999418,16.427999999999884,0,0.0,1.0,0.0,0.0,0.0,0.0,353.374,2,2,0
18.0,318.0,325.0,18.0,14.0,20.7,68.0,1006.2,0,28.8,208,3.0,Zandvoort,4.259,72,3.0,0.0,0.0,79.636,17.381,37.687000000000126,7.8900000000001,-3.4010000000000673,1,0.0,0.0,0.0,0.0,0.0,0.0,1132.376,3,3,0
40.0,324.0,306.0,22.0,16.0,20.7,68.0,1006.2,0,28.8,208,3.0,Zandvoort,4.259,72,2.0,0.0,0.0,79.102,17.902,31.445000000000164,15.068000000000211,-18.635999999999967,1,0.0,0.0,0.0,0.0,0.0,0.0,2951.483,3,3,0
22.0,300.0,305.0,22.0,6.0,20.7,68.0,1006.2,0,28.8,208,3.0,Zandvoort,4.259,72,3.0,0.0,0.0,79.33,17.149,24.103999999999814,-6.8680000000001655,-20.62799999999993,1,0.0,0.0,0.0,0.0,0.0,0.0,1420.876,4,4,1
52.0,298.0,301.0,30.0,5.0,19.6,73.0,1005.9,0,28.0,178,2.7,Zandvoort,4.259,72,2.0,0.0,0.0,77.659,0.0,20.990999999999985,-121.63600000000042,-19.64800000000014,1,0.0,0.0,0.0,0.0,0.0,0.0,232.555,4,4,1
8.0,322.0,310.0,8.0,20.0,20.7,68.0,1006.2,0,28.8,208,3.0,Zandvoort,4.259,72,3.0,0.0,0.0,79.763,17.677,24.434000000000083,10.578000000000088,-7.778999999999996,1,0.0,0.0,0.0,0.0,0.0,0.0,366.952,5,3,0
52.0,297.0,304.0,44.0,10.0,19.6,73.0,1005.9,0,28.0,178,2.7,Zandvoort,4.259,72,2.0,0.0,0.0,79.702,17.692,54.7470000000003,-116.14399999999932,0.8019999999996799,0,1.0,0.0,0.0,0.0,0.0,0.0,266.311,5,3,0
19.0,299.0,306.0,19.0,12.0,20.7,68.0,1006.2,0,28.8,208,3.0,Zandvoort,4.259,72,4.0,0.0,0.0,80.019,18.323,38.524999999999864,-8.822000000000116,-23.94100000000003,1,0.0,0.0,0.0,0.0,0.0,0.0,1208.701,6,0,0
53.0,321.0,303.0,34.0,10.0,19.6,73.0,1005.9,0,28.0,178,2.7,Zandvoort,4.259,72,2.0,0.0,0.0,103.703,18.403,76.44900000000052,-12.740999999999985,-59.259000000000015,0,0.0,0.0,0.0,1.0,0.0,0.0,370.816,6,0,0
23.0,303.0,311.0,23.0,9.0,20.7,68.0,1006.2,0,28.8,208,3.0,Zandvoort,4.259,72,3.0,0.0,0.0,101.701,19.763,51.81700000000001,,18.259000000000015,0,0.0,1.0,0.0,0.0,0.0,0.0,1532.769,7,5,0
53.0,302.0,309.0,30.0,6.0,19.6,73.0,1005.9,0,28.0,178,2.7,Zandvoort,4.259,72,2.0,0.0,0.0,94.627,17.926,43.998999999999796,,32.77300000000014,0,0.0,1.0,0.0,0.0,0.0,0.0,338.366,7,5,0
19.0,301.0,306.0,19.0,16.0,20.7,68.0,1006.2,0,28.8,208,3.0,Zandvoort,4.259,72,4.0,0.0,0.0,79.257,17.719,43.452,22.251999999999953,-16.903999999999996,1,0.0,0.0,0.0,0.0,0.0,0.0,1213.628,8,6,0
53.0,325.0,314.0,34.0,14.0,19.6,73.0,1005.9,0,28.0,178,2.7,Zandvoort,4.259,72,2.0,0.0,0.0,111.41,18.017,86.58500000000004,65.27099999999973,90.35500000000047,0,0.0,0.0,0.0,1.0,0.0,0.0,380.952,8,6,0
23.0,297.0,295.0,23.0,7.0,20.7,68.0,1006.2,0,28.8,208,3.0,Zandvoort,4.259,72,3.0,0.0,0.0,96.821,17.557,43.613000000000056,-43.63200000000006,9.086999999999989,0,0.0,1.0,0.0,0.0,0.0,0.0,1524.565,9,7,0
27.0,302.0,303.0,4.0,19.0,20.7,68.0,1006.2,0,28.8,208,3.0,Zandvoort,4.259,72,2.0,0.0,0.0,124.543,22.002,52.51899999999978,40.146999999999935,-48.629999999999654,1,0.0,0.0,0.0,0.0,0.0,0.0,1977.6,9,7,0
52.0,299.0,293.0,25.0,18.0,19.6,73.0,1005.9,0,28.0,178,2.7,Zandvoort,4.259,72,4.0,0.0,0.0,102.655,18.533,142.6270000000004,84.64900000000034,-121.63600000000042,0,0.0,1.0,0.0,0.0,0.0,0.0,354.191,9,7,0
52.0,298.0,297.0,52.0,13.0,19.6,73.0,1005.9,0,28.0,178,2.7,Zandvoort,4.259,72,2.0,0.0,0.0,79.681,18.121,56.875,55.53200000000015,-56.875,0,1.0,0.0,0.0,0.0,0.0,0.0,268.439,10,8,0
23.0,298.0,301.0,23.0,2.0,20.7,68.0,1006.2,0,28.8,208,3.0,Zandvoort,4.259,72,3.0,0.0,0.0,86.038,20.069,5.33400000000006,-47.365999999999985,59.672000000000025,0,0.0,1.0,0.0,0.0,0.0,0.0,1486.286,11,9,1
53.0,299.0,303.0,30.0,2.0,19.6,73.0,1005.9,0,28.0,178,2.7,Zandvoort,4.259,72,2.0,0.0,0.0,85.907,22.601,4.447000000000116,-172.4930000000004,88.21900000000005,0,0.0,1.0,0.0,0.0,0.0,0.0,298.814,11,9,1
19.0,302.0,296.0,19.0,14.0,20.7,68.0,1006.2,0,28.8,208,3.0,Zandvoort,4.259,72,4.0,0.0,0.0,79.497,18.004,42.47799999999984,-2.298999999999978,-3.191000000000031,1,0.0,0.0,0.0,0.0,0.0,0.0,1212.654,12,1,0
53.0,325.0,313.0,34.0,13.0,19.6,73.0,1005.9,0,28.0,178,2.7,Zandvoort,4.259,72,2.0,0.0,0.0,111.419,17.695,86.08299999999963,0.4219999999995707,-10.018999999999323,0,0.0,0.0,0.0,1.0,0.0,0.0,380.45,12,1,0
65.0,327.0,312.0,12.0,15.0,19.6,73.0,1005.9,0,28.0,178,2.7,Zandvoort,4.259,72,3.0,0.0,0.0,96.875,18.064,49.63299999999981,-20.076999999999316,-4.139000000000124,0,0.0,1.0,0.0,0.0,0.0,0.0,1426.422,12,1,0
22.0,300.0,302.0,22.0,17.0,20.7,68.0,1006.2,0,28.8,208,3.0,Zandvoort,4.259,72,3.0,0.0,0.0,79.761,17.785,53.00299999999993,1.6420000000000528,6.72199999999998,0,1.0,0.0,0.0,0.0,0.0,0.0,1449.775,14,6,0
60.0,322.0,317.0,38.0,16.0,19.6,73.0,1005.9,0,28.0,178,2.7,Zandvoort,4.259,72,2.0,0.0,0.0,81.06,17.554,21.365999999999985,8.902000000000044,-5.7609999999995125,1,0.0,0.0,0.0,0.0,0.0,0.0,1032.906,14,6,0
23.0,303.0,301.0,23.0,8.0,20.7,68.0,1006.2,0,28.8,208,3.0,Zandvoort,4.259,72,3.0,0.0,0.0,96.933,17.729,44.92600000000016,13.581000000000131,23.539999999999964,0,0.0,1.0,0.0,0.0,0.0,0.0,1525.878,15,5,0
27.0,312.0,300.0,4.0,18.0,20.7,68.0,1006.2,0,28.8,208,3.0,Zandvoort,4.259,72,2.0,0.0,0.0,123.374,29.625,51.5,48.21300000000019,-42.94599999999991,1,0.0,0.0,0.0,0.0,0.0,0.0,1976.581,15,5,0
51.0,301.0,306.0,24.0,19.0,19.6,73.0,1005.9,0,28.0,178,2.7,Zandvoort,4.259,72,4.0,0.0,0.0,80.226,30.299,114.98900000000049,86.70300000000043,-65.78700000000026,1,0.0,0.0,0.0,0.0,0.0,0.0,252.396,15,5,0
65.0,302.0,308.0,38.0,17.0,19.6,73.0,1005.9,0,28.0,178,2.7,Zandvoort,4.259,72,4.0,0.0,0.0,99.735,18.071,68.87199999999939,46.11399999999958,-26.72400000000016,0,0.0,1.0,0.0,0.0,0.0,0.0,1445.661,15,5,0
23.0,298.0,298.0,23.0,5.0,20.7,68.0,1006.2,0,28.8,208,3.0,Zandvoort,4.259,72,3.0,0.0,0.0,92.01,17.392,28.022000000000162,-33.69399999999996,-10.717000000000098,0,0.0,1.0,0.0,0.0,0.0,0.0,1508.974,16,7,0
53.0,300.0,301.0,30.0,4.0,19.6,73.0,1005.9,0,28.0,178,2.7,Zandvoort,4.259,72,2.0,0.0,0.0,88.722,18.549,21.314000000000306,-54.75,65.27099999999973,0,0.0,1.0,0.0,0.0,0.0,0.0,315.681,16,7,0
23.0,298.0,306.0,23.0,6.0,20.7,68.0,1006.2,0,28.8,208,3.0,Zandvoort,4.259,72,3.0,0.0,0.0,92.078,18.74,31.345000000000027,31.345000000000027,13.581000000000131,0,0.0,1.0,0.0,0.0,0.0,0.0,1512.297,17,2,0
53.0,296.0,303.0,30.0,5.0,19.6,73.0,1005.9,0,28.0,178,2.7,Zandvoort,4.259,72,2.0,0.0,0.0,93.54,17.343,40.44000000000051,40.44000000000051,152.76199999999972,0,0.0,1.0,0.0,0.0,0.0,0.0,334.807,17,2,0
23.0,297.0,301.0,23.0,1.0,20.7,68.0,1006.2,0,28.8,208,3.0,Zandvoort,4.259,72,3.0,0.0,0.0,84.18,17.507,0.0,-65.00600000000009,31.345000000000027,0,0.0,1.0,0.0,0.0,0.0,0.0,1480.952,18,9,0
53.0,296.0,301.0,30.0,1.0,19.6,73.0,1005.9,0,28.0,178,2.7,Zandvoort,4.259,72,2.0,0.0,0.0,82.803,18.76,0.0,-92.66600000000017,40.44000000000051,0,0.0,1.0,0.0,0.0,0.0,0.0,294.367,18,9,0
53.0,312.0,317.0,53.0,8.0,19.6,73.0,1005.9,0,28.0,178,2.7,Zandvoort,4.259,72,2.0,0.0,0.0,103.502,18.715,75.4350000000004,16.427999999999884,10.225999999999658,0,0.0,0.0,0.0,1.0,0.0,0.0,369.802,19,8,0
37.0,315.0,324.0,37.0,1.0,26.7,42.0,996.8,0,44.4,321,1.3,Monza,5.793,53,4.0,0.0,0.0,87.432,24.37,0.0,-72.0619999999999,,1,0.0,,0.0,,,,2933.294,0,0,0
49.0,315.0,317.0,49.0,14.0,27.0,41.0,996.3,0,40.6,195,2.5,Monza,5.793,53,3.0,0.0,0.0,87.335,24.962,62.903999999999996,-17.673999999999978,-3.1520000000000437,1,0.0,,0.0,,,,393.382,1,1,1
28.0,311.0,324.0,28.0,7.0,26.7,42.0,996.8,0,44.4,321,1.3,Monza,5.793,53,4.0,0.0,0.0,87.75,24.992,40.072000000000116,1.18100000000004,23.945000000000164,1,0.0,,0.0,,,,2223.276,2,2,0
20.0,311.0,336.0,20.0,10.0,26.7,42.0,996.8,0,44.4,321,1.3,Monza,5.793,53,4.0,0.0,0.0,88.466,25.205,32.62200000000007,-0.22800000000006548,-3.1130000000000564,1,0.0,,0.0,,,,1552.622,3,3,1
24.0,310.0,322.0,4.0,19.0,26.7,42.0,996.8,0,44.4,321,1.3,Monza,5.793,53,3.0,0.0,0.0,107.419,0.0,81.81500000000005,45.01499999999987,-49.38799999999992,1,0.0,,0.0,,,,1933.066,3,3,1
33.0,314.0,325.0,33.0,4.0,26.7,42.0,996.8,0,44.4,321,1.3,Monza,5.793,53,4.0,0.0,0.0,87.019,24.251,23.21900000000005,-51.271000000000186,-17.454999999999927,1,0.0,,0.0,,,,2620.936,4,4,0
49.0,315.0,328.0,49.0,10.0,27.0,41.0,996.3,0,40.6,195,2.5,Monza,5.793,53,3.0,0.0,0.0,88.053,38.527,52.97600000000011,-7.635000000000218,21.210000000000036,1,0.0,,0.0,,,,383.454,5,3,1
19.0,315.0,330.0,19.0,14.0,26.7,42.0,996.8,0,44.4,321,1.3,Monza,5.793,53,4.0,0.0,0.0,88.943,24.323,34.42100000000005,1.5139999999998963,-34.42100000000005,1,0.0,,0.0,,,,1471.564,6,0,0
41.0,314.0,324.0,41.0,5.0,26.7,42.0,996.8,0,44.4,321,1.3,Monza,5.793,53,3.0,0.0,0.0,86.328,24.836,37.20600000000013,,19.65099999999984,1,0.0,,0.0,,,,3302.576,7,5,0
9.0,313.0,332.0,9.0,18.0,26.7,42.0,996.8,0,44.4,321,1.3,Monza,5.793,53,5.0,0.0,0.0,88.824,24.11,22.52800000000002,11.097999999999956,-13.719999999999914,1,0.0,,0.0,,,,629.598,9,7,0
51.0,313.0,315.0,51.0,9.0,27.0,41.0,996.3,0,40.6,195,2.5,Monza,5.793,53,3.0,0.0,0.0,87.687,30.667,53.51299999999992,34.362999999999374,-32.8159999999998,1,0.0,,0.0,,,,547.037,10,8,1
46.0,314.0,327.0,46.0,1.0,27.0,41.0,996.3,0,40.6,195,2.5,Monza,5.793,53,4.0,0.0,0.0,87.287,27.454,0.0,-25.85900000000038,44.064000000000306,1,0.0,,0.0,,,,83.058,11,9,0
33.0,311.0,318.0,33.0,12.0,26.7,42.0,996.8,0,44.4,321,1.3,Monza,5.793,53,4.0,0.0,0.0,88.479,25.075,63.389000000000124,-0.05600000000004002,-5.927000000000135,1,0.0,,0.0,,,,2661.106,12,1,1
38.0,315.0,324.0,38.0,4.0,26.7,42.0,996.8,0,44.4,321,1.3,Monza,5.793,53,4.0,0.0,0.0,87.181,24.0,27.972999999999956,-38.23799999999983,45.378000000000156,1,0.0,,0.0,,,,3044.582,13,4,0
20.0,313.0,322.0,20.0,9.0,26.7,42.0,996.8,0,44.4,321,1.3,Monza,5.793,53,4.0,0.0,0.0,88.759,26.08,32.27200000000016,-23.298999999999978,7.795999999999822,1,0.0,,0.0,,,,1552.272,14,6,0
30.0,312.0,323.0,30.0,10.0,26.7,42.0,996.8,0,44.4,321,1.3,Monza,5.793,53,4.0,0.0,0.0,87.825,24.735,46.62699999999995,-2.157000000000153,-2.4659999999998945,1,0.0,,0.0,,,,2395.57,15,5,0
32.0,315.0,346.0,32.0,10.0,26.7,42.0,996.8,0,44.4,321,1.3,Monza,5.793,53,3.0,0.0,0.0,88.342,24.227,51.034000000000106,-4.933999999999742,-23.56800000000021,1,0.0,,0.0,,,,2565.808,16,7,0
27.0,311.0,328.0,27.0,6.0,26.7,42.0,996.8,0,44.4,321,1.3,Monza,5.793,53,4.0,0.0,0.0,87.978,25.063,28.369000000000142,15.67599999999993,11.793999999999869,1,0.0,,0.0,,,,2128.542,17,2,0
45.0,316.0,330.0,45.0,2.0,27.0,41.0,996.3,0,40.6,195,2.5,Monza,5.793,53,4.0,0.0,0.0,86.609,23.453,7.550999999999931,-40.802999999999884,28.75799999999981,1,0.0,,0.0,,,,3.322,18,9,0
18.0,314.0,346.0,18.0,16.0,26.7,42.0,996.8,0,44.4,321,1.3,Monza,5.793,53,4.0,0.0,0.0,89.433,25.171,33.46900000000005,5.951000000000022,-8.492999999999938,1,0.0,,0.0,,,,1387.774,19,8,0
40.0,323.0,323.0,40.0,1.0,20.5,61.0,1021.6,0,24.9,245,0.9,Baku,6.003,51,3.0,0.0,0.0,108.754,20.28,0.0,-75.18700000000081,,1,0.0,0.0,0.0,,0.0,0.0,669.951,0,0,0
35.0,326.0,322.0,35.0,17.0,20.5,61.0,1021.6,0,24.9,245,0.9,Baku,6.003,51,3.0,0.0,0.0,110.71,21.667,168.52700000000004,-3.4859999999998763,-68.03099999999995,1,0.0,0.0,0.0,,0.0,0.0,221.957,1,1,1
18.0,342.0,325.0,18.0,4.0,20.6,60.0,1020.9,0,26.5,226,2.0,Baku,6.003,51,4.0,0.0,0.0,109.655,20.658,26.843000000000075,-63.62099999999987,89.21899999999982,0,1.0,0.0,0.0,,0.0,0.0,1968.87,2,2,0
21.0,328.0,321.0,21.0,12.0,20.6,60.0,1020.9,0,26.5,226,2.0,Baku,6.003,51,4.0,0.0,0.0,110.767,25.681,98.45899999999983,-62.56800000000021,-52.36399999999958,1,0.0,0.0,0.0,,0.0,0.0,2305.353,3,3,0
19.0,333.0,323.0,19.0,9.0,20.6,60.0,1020.9,0,26.5,226,2.0,Baku,6.003,51,4.0,0.0,0.0,109.688,20.587,73.08099999999968,54.077999999999975,-11.67599999999993,0,0.0,0.0,1.0,,0.0,0.0,2079.107,4,4,0
37.0,321.0,319.0,37.0,13.0,20.5,61.0,1021.6,0,24.9,245,0.9,Baku,6.003,51,4.0,0.0,0.0,110.968,21.786,145.6880000000001,109.68700000000035,-89.14700000000039,1,0.0,0.0,0.0,,0.0,0.0,426.505,5,3,0
38.0,323.0,318.0,38.0,6.0,20.5,61.0,1021.6,0,24.9,245,0.9,Baku,6.003,51,3.0,0.0,0.0,108.763,20.264,60.52900000000045,-105.87099999999919,-60.52900000000045,1,0.0,0.0,0.0,,0.0,0.0,482.849,6,0,0
1.0,339.0,192.0,1.0,20.0,20.4,60.0,1019.8,0,27.3,69,1.0,Baku,6.003,51,4.0,0.0,0.0,156.417,20.75,51.790000000000006,,-10.677999999999997,0,0.0,1.0,0.0,,0.0,0.0,3580.854,7,5,0
15.0,348.0,326.0,15.0,19.0,20.6,60.0,1020.9,0,26.5,226,2.0,Baku,6.003,51,4.0,0.0,0.0,110.919,20.61,140.577,,-53.59400000000005,1,0.0,0.0,0.0,,0.0,0.0,1672.466,7,5,0
36.0,325.0,324.0,36.0,16.0,20.5,61.0,1021.6,0,24.9,245,0.9,Baku,6.003,51,3.0,0.0,0.0,111.613,20.015,168.2840000000001,72.57600000000048,-116.8430000000003,1,0.0,0.0,0.0,,0.0,0.0,322.559,8,6,0
20.0,320.0,318.0,20.0,3.0,20.6,60.0,1020.9,0,26.5,226,2.0,Baku,6.003,51,4.0,0.0,0.0,109.664,20.138,23.175000000000182,-107.57499999999982,67.50499999999965,1,0.0,0.0,0.0,,0.0,0.0,2181.168,9,7,0
1.0,320.0,251.0,1.0,19.0,20.4,60.0,1019.8,0,27.3,69,1.0,Baku,6.003,51,3.0,0.0,0.0,152.985,20.738,48.35800000000002,12.229000000000013,-48.35800000000002,0,0.0,1.0,0.0,,0.0,0.0,3577.507,10,8,0
2.0,320.0,213.0,1.0,18.0,20.6,60.0,1020.9,0,26.5,226,2.0,Baku,6.003,51,4.0,0.0,0.0,152.985,20.837,48.608000000000004,24.458000000000027,-37.488,0,0.0,0.0,0.0,,1.0,0.0,144.097,10,8,0
37.0,322.0,321.0,37.0,7.0,20.5,61.0,1021.6,0,24.9,245,0.9,Baku,6.003,51,4.0,0.0,0.0,108.087,21.934,73.54599999999982,-25.3420000000001,93.0329999999999,1,0.0,0.0,0.0,,0.0,0.0,379.156,11,9,0
16.0,325.0,319.0,16.0,14.0,20.6,60.0,1020.9,0,26.5,226,2.0,Baku,6.003,51,4.0,0.0,0.0,110.98,21.145,111.14699999999993,22.15300000000002,13.190999999999804,1,0.0,0.0,0.0,,0.0,0.0,1777.975,12,1,1
36.0,321.0,320.0,36.0,8.0,20.5,61.0,1021.6,0,24.9,245,0.9,Baku,6.003,51,3.0,0.0,0.0,108.55,20.056,95.70799999999963,-4.8530000000000655,72.57600000000048,1,0.0,0.0,0.0,,0.0,0.0,281.724,13,4,0
26.0,318.0,320.0,26.0,11.0,20.6,60.0,1020.9,0,26.5,226,2.0,Baku,6.003,51,3.0,0.0,0.0,110.598,20.793,105.57999999999993,-25.244000000000142,50.5920000000001,1,0.0,0.0,0.0,,0.0,0.0,2837.223,14,6,0
27.0,322.0,316.0,27.0,2.0,20.6,60.0,1020.9,0,26.5,226,2.0,Baku,6.003,51,4.0,0.0,0.0,109.291,20.498,15.418999999999869,-18.01299999999992,105.82099999999991,1,0.0,0.0,0.0,,0.0,0.0,2917.233,15,5,0
29.0,323.0,318.0,29.0,8.0,20.6,60.0,1020.9,0,26.5,226,2.0,Baku,6.003,51,4.0,0.0,0.0,109.3,20.357,81.5039999999999,-69.85699999999997,5.293999999999869,1,0.0,0.0,0.0,,0.0,0.0,3151.181,16,7,0
39.0,325.0,319.0,39.0,3.0,20.5,61.0,1021.6,0,24.9,245,0.9,Baku,6.003,51,3.0,0.0,0.0,108.001,19.911,38.29399999999987,-130.0600000000004,-2.3549999999995634,1,0.0,0.0,0.0,,0.0,0.0,578.431,17,2,0
28.0,341.0,324.0,28.0,14.0,20.6,60.0,1020.9,0,26.5,226,2.0,Baku,6.003,51,3.0,0.0,0.0,110.592,21.235,138.64000000000033,91.125,-12.063000000000102,1,0.0,0.0,0.0,,0.0,0.0,3066.099,19,8,0
19.0,247.0,280.0,19.0,4.0,29.1,80.0,1010.7,0,34.5,233,0.8,Marina Bay,4.94,62,3.0,0.0,0.0,103.287,24.07,15.309999999999945,-50.653999999999996,,1,0.0,,,,,,1525.445,0,0,0
24.0,249.0,283.0,24.0,17.0,29.1,80.0,1010.7,0,34.5,233,0.8,Marina Bay,4.94,62,2.0,0.0,0.0,104.096,25.588,67.05799999999999,-0.8200000000001637,-0.8240000000000691,1,0.0,,,,,,2063.144,1,1,1
51.0,224.0,284.0,27.0,19.0,29.3,71.0,1011.1,0,34.3,350,1.5,Marina Bay,4.94,62,1.0,0.0,0.0,107.482,25.139,126.03700000000026,13.689000000000306,-27.228000000000065,1,0.0,,,,,,1146.843,1,1,1
25.0,248.0,286.0,25.0,5.0,29.1,80.0,1010.7,0,34.5,233,0.8,Marina Bay,4.94,62,2.0,0.0,0.0,102.347,23.719,20.98799999999983,-10.651000000000295,37.03500000000031,1,0.0,,,,,,2120.252,2,2,0
27.0,250.0,280.0,27.0,7.0,29.1,80.0,1010.7,0,34.5,233,0.8,Marina Bay,4.94,62,3.0,0.0,0.0,105.503,30.664,28.69499999999971,-19.00500000000011,-4.8279999999999745,1,0.0,,,,,,2334.893,3,3,0
21.0,249.0,285.0,21.0,6.0,29.1,80.0,1010.7,0,34.5,233,0.8,Marina Bay,4.94,62,2.0,0.0,0.0,103.372,23.712,26.760999999999967,-19.451000000000022,-16.804000000000087,1,0.0,,,,,,1731.264,4,4,0
38.0,246.0,278.0,38.0,13.0,29.1,80.0,1010.7,0,34.5,233,0.8,Marina Bay,4.94,62,3.0,0.0,0.0,105.618,23.868,75.50199999999995,5.503000000000156,4.905999999999949,1,0.0,,,,,,3439.077,5,3,1
13.0,245.0,295.0,13.0,20.0,29.1,80.0,1010.7,0,34.5,233,0.8,Marina Bay,4.94,62,3.0,0.0,0.0,105.142,24.499,45.66100000000006,10.223999999999933,-38.59500000000003,1,0.0,,,,,,973.991,6,0,1
42.0,250.0,285.0,42.0,13.0,29.3,71.0,1011.1,0,34.3,350,1.5,Marina Bay,4.94,62,2.0,0.0,0.0,108.02,25.735,90.04399999999987,,-9.583999999999833,1,0.0,,,,,,238.907,7,5,1
25.0,249.0,282.0,25.0,11.0,29.1,80.0,1010.7,0,34.5,233,0.8,Marina Bay,4.94,62,2.0,0.0,0.0,103.809,24.032,48.534000000000106,4.472999999999956,-2.0790000000001783,1,0.0,,,,,,2147.798,8,6,1
44.0,254.0,301.0,19.0,20.0,29.3,71.0,1011.1,0,34.3,350,1.5,Marina Bay,4.94,62,1.0,0.0,0.0,122.923,31.912,119.08399999999983,91.26399999999921,-42.90799999999945,0,1.0,,,,,,462.902,8,6,1
48.0,245.0,293.0,48.0,13.0,29.3,71.0,1011.1,0,34.3,350,1.5,Marina Bay,4.94,62,2.0,0.0,0.0,106.869,24.183,94.81900000000041,-47.524999999999636,-72.58800000000065,1,0.0,,,,,,826.008,9,7,1
30.0,250.0,285.0,30.0,12.0,29.1,80.0,1010.7,0,34.5,233,0.8,Marina Bay,4.94,62,2.0,0.0,0.0,104.299,25.159,51.39499999999998,43.291999999999916,-33.672999999999774,1,0.0,,,,,,2647.098,10,8,1
26.0,250.0,279.0,26.0,2.0,29.1,80.0,1010.7,0,34.5,233,0.8,Marina Bay,4.94,62,2.0,0.0,0.0,102.705,23.207,1.406999999999698,-26.327999999999975,42.432000000000244,1,0.0,,,,,,2204.775,11,9,0
14.0,247.0,285.0,14.0,15.0,29.1,80.0,1010.7,0,34.5,233,0.8,Marina Bay,4.94,62,3.0,0.0,0.0,104.453,23.956,41.48199999999997,-28.437999999999874,3.994999999999891,1,0.0,,,,,,1066.634,12,1,1
24.0,249.0,287.0,24.0,6.0,29.1,80.0,1010.7,0,34.5,233,0.8,Marina Bay,4.94,62,2.0,0.0,0.0,103.559,24.718,32.58100000000013,-33.65299999999979,15.321999999999662,1,0.0,,,,,,2028.667,13,4,0
46.0,253.0,289.0,22.0,7.0,29.3,71.0,1011.1,0,34.3,350,1.5,Marina Bay,4.94,62,1.0,0.0,0.0,101.821,23.384,31.13799999999992,-55.09199999999964,113.20199999999932,1,0.0,,,,,,569.383,13,4,0
13.0,245.0,280.0,13.0,17.0,29.1,80.0,1010.7,0,34.5,233,0.8,Marina Bay,4.94,62,2.0,0.0,0.0,104.393,32.903,42.778999999999996,14.217999999999847,-8.927999999999884,1,0.0,,,,,,971.109,14,6,1
50.0,250.0,281.0,50.0,12.0,29.3,71.0,1011.1,0,34.3,350,1.5,Marina Bay,4.94,62,2.0,0.0,0.0,103.958,24.03,99.53399999999965,99.53399999999965,15.95300000000043,1,0.0,,,,,,1023.023,15,5,1
20.0,242.0,268.0,20.0,11.0,29.1,80.0,1010.7,0,34.5,233,0.8,Marina Bay,4.94,62,3.0,0.0,0.0,104.812,23.822,44.39200000000005,-11.377999999999929,-20.861000000000104,1,0.0,,,,,,1651.786,16,7,1
25.0,252.0,285.0,25.0,1.0,29.1,80.0,1010.7,0,34.5,233,0.8,Marina Bay,4.94,62,2.0,0.0,0.0,103.178,23.994,0.0,-7.264000000000124,50.952000000000226,1,0.0,,,,,,2099.264,17,2,0
27.0,251.0,279.0,27.0,1.0,29.1,80.0,1010.7,0,34.5,233,0.8,Marina Bay,4.94,62,2.0,0.0,0.0,102.83,26.679,0.0,-39.573999999999614,1.8399999999996908,1,0.0,,,,,,2306.198,18,9,0
23.0,249.0,285.0,23.0,10.0,29.1,80.0,1010.7,0,34.5,233,0.8,Marina Bay,4.94,62,2.0,0.0,0.0,103.418,24.098,47.33199999999988,25.284999999999854,24.7170000000001,1,0.0,,,,,,1946.219,19,8,0
