tree
version=v4
num_class=1
num_tree_per_iteration=1
label_index=0
max_feature_idx=57
objective=regression
feature_names=LapNumber Compound TyreLife AirTemp Humidity Pressure Rainfall TrackTemp WindDirection WindSpeed Circuit_CircuitLength Circuit_Number_of_Laps Circuit_NumberOfTurns Circuit_AverageAngleAbs Circuit_AverageAngle GapToLeader GapToAhead GapToBehind status_1 status_12 status_124 status_21 status_24 status_4 status_41 TimeSinceLastWeatherMeasurement driver_embed_0 driver_embed_1 driver_embed_2 driver_embed_3 driver_embed_4 driver_embed_5 driver_embed_6 driver_embed_7 driver_embed_8 driver_embed_9 driver_embed_10 driver_embed_11 driver_embed_12 driver_embed_13 driver_embed_14 driver_embed_15 team_embed_0 team_embed_1 team_embed_2 team_embed_3 team_embed_4 team_embed_5 team_embed_6 team_embed_7 team_embed_8 team_embed_9 team_embed_10 team_embed_11 team_embed_12 team_embed_13 team_embed_14 team_embed_15
feature_infos=[0:1] [1:7] [0:1] [-1.5041228072405848:1.2348182145954227] [-1.7440671699524368:0.96707322863849698] [-1.4252221661893143:1.2202035765074564] none [-1.4213519696122774:1.0645833647544689] [-2.319716275216603:0.76110271949365471] [-0.79371401054056867:2.3498576904560888] [-1.1155053636747101:1.3166981247975296] [-1.2863424094698721:1.2000857038531876] [-0.98265915906454715:1.4129089973570317] [-0.78771390840993871:2.0517591524310199] [-1.8355120703834065:0.92493321482917235] [-3.1573060947951004:1.800136407883173] [-1.4599472187887186:3.9609766906611759] [-1.5091821877736824:3.5308233695214817] none none none none none none none [-1.0000000000000001e-09:1.0000000000000001e-09] [-2.5607931518003539:1.9241571208465491] [-1.2787014895517703:3.2769753200580602] [-1.987333550661853:1.6119161273911378] [-2.4028530092991343:1.745513667059404] [-2.6511810293612692:1.5446116525697051] [-1.8794233948517041:2.1813736263915557] [-1.39867964751653:2.0647175749053535] none none none none none none none none none [-1.292300468909481:2.0412341275228583] [-1.201093354151245:1.5940226197281153] [-1.2379636605389024:1.6366131994194917] [-0.92005543515060706:2.5290533268900854] [-1.9593490554653934:1.3949512614272883] [-1.141260406290451:2.2926094439213878] [-1.1129925775959775:1.9916709283296439] none none none none none none none none none
tree_sizes=1491 1468 1448 1470 1427 1480 1474 1481 1500 1491 1494 1477 1479 1499 1498 1485 1495 1459 1441 1499 1507 1523 1465 1508 1462 1489 1478 1484 1535 1492 1489 1509 1569 1536 1525 1523 1486 1530 1553 1570 1523 1546 1561 1543 1548 1430 1482 1508 1521 1513 1539 1504 1518 1485 1475 1565 1486 1472 1514 1563 1397 1452 1508 1508 1450 1521 1382 1507 1437 1510 1477 1487 1477 1565 1546 1489 1544 1538 1204 1519 1523 1178 1188 1486 1352 1505 1540 1534 1565 1535 1079 1543 1169 1198 1176 1304 1246 1515 1354 1175 1546 1573 1304 1349 1575 1253 1476 1523 1268 1175 1541 1575 1323 1576 1448 1431 1397 1442 1584 1396 1573 1524 1192 1538 1374 1478 1351 1113 1542 1563 1363 1484 1531 1317 1118 1409 1571 1561 1143 1550 1525 1363 1549 1504 1462 1509 1540 1148 1489 1561 1557 1148 1588 1522 1135 1589 1134 1446 1546 1458 1547 1541 1557 1525 1539 1549 1526 1586 1202 1251 1497 1568 1195 1553 1194 1543 1557 1034 1520 1544 1040 1033 1520 1401 1459 1521 1377 1540 1589 1142 1338 1535 1573 1077 1518 1539 1403 1504 1298 1579 1238 1562 1441 1487 1522 1370 1557 1596 1530 1589 1450 1581 1543 1589 1393 1594 1588 1207 1464 1525 1509 1394 1317 1595 1469 1494 1400 1535 1573 1437 1321 1523 1423 1464 1615 1325 1625 1554 1564 1231 1445 1547 1246 1256 1586 1408 1525 1478 1307 1400 1122 1464

Tree=0
num_leaves=15
num_cat=0
split_feature=4 5 2 0 5 0 0 2 32 17 42 2 9 0
split_gain=437.025 119.748 75.9345 34.4437 27.3109 20.7179 16.8622 14.7385 11.8785 12.9122 10.2409 7.04354 5.94401 3.92802
threshold=-0.41147273674672352 -1.1538964489896593 0.026785714285714253 0.10377358490566037 0.84713071535794071 0.31132075471698112 0.76415094339622647 0.044642857142857102 -0.94910404652907376 0.33683693210198323 -0.78323426968875298 0.044642857142857102 -0.38954050612671259 0.3867924528301887
decision_type=2 2 2 2 2 2 2 2 2 2 2 2 2 2
left_child=5 2 -2 -3 7 11 -6 -5 9 -7 -4 -1 -10 -12
right_child=1 3 10 4 6 8 -8 -9 12 -11 13 -13 -14 -15
leaf_value=0.053542334870734273 0.064484327343335576 0.011935894416797098 -0.016317675410803964 0.0075527590656839661 -0.059238974194494927 0.01941168310929603 -0.031726931542690053 -0.029027780491703674 0.0075228033319103878 0.058903109522346661 -0.0017305585236705393 0.027440866269368237 0.015718955994957949 -0.01115255918738443
leaf_weight=12.999999999999998 12.999999999999998 17 115 9.9999999999999982 46 32 37 403 152 9.9999999999999982 120 41 178 59
leaf_count=13 13 17 115 10 46 32 37 403 152 10 120 41 178 59
internal_value=-0.00819483 -0.0210005 -0.0061899 -0.0298683 -0.0313109 0.0164518 -0.0470537 -0.0281312 0.0139029 0.0290227 -0.0093284 0.0338825 0.0119588 -0.0048528
internal_weight=1246 820 307 513 496 426 83 413 372 42 294 54 330 179
internal_count=1246 820 307 513 496 426 83 413 372 42 294 54 330 179
is_linear=0
shrinkage=1


Tree=1
num_leaves=15
num_cat=0
split_feature=4 3 3 26 25 5 3 15 42 9 30 42 15 25
split_gain=411.257 113.847 24.032 14.9035 11.8647 16.5847 11.6157 11.2119 9.35017 7.62894 7.42509 6.90326 4.96317 4.69591
threshold=-0.41147273674672352 0.67278118410306298 -1.2903904153632082 0.46633453875448488 1.0000000180025095e-35 0.3723107102584865 1.0052537936900929 0.9625784703696697 0.23509951672523557 -0.38954050612671259 1.0652858543650729 -0.78323426968875298 -0.38039685439488885 1.0000000180025095e-35
decision_type=2 2 2 2 2 2 2 2 2 2 2 2 2 2
left_child=3 2 4 9 5 -2 11 -4 -5 -1 -8 -3 -10 -13
right_child=1 6 7 8 -6 -7 10 -9 12 -11 -12 13 -14 -15
leaf_value=0.014395748533095802 -0.027123675734497782 -0.003540357446190572 -0.050113435574779604 0.051905089139314214 -0.027134628597311042 -0.0095726362687746404 -0.013817157950619439 -0.027557615634546877 0.049495140467539868 0.02432228706981408 0.012345631651177601 0.0080787730646784406 0.026873451853666654 -0.0037043006493761316
leaf_weight=126 73 123 37 19 123 147 76 46 9.9999999999999982 164 10.999999999999998 146 107 38
leaf_count=126 73 123 37 19 123 147 76 46 10 164 11 146 107 38
internal_value=0 -0.0124215 -0.0231701 0.0239099 -0.0196361 -0.0154197 -0.000789374 -0.0376969 0.0321487 0.0200262 -0.0104644 0.00194515 0.0288732 0.00562833
internal_weight=1246 820 426 426 343 220 394 83 136 290 87 307 117 184
internal_count=1246 820 426 426 343 220 394 83 136 290 87 307 117 184
is_linear=0
shrinkage=0.03


Tree=2
num_leaves=15
num_cat=0
split_feature=4 3 2 3 2 2 3 30 2 2 42 2 2 29
split_gain=387.019 107.134 93.7123 22.6145 17.4213 16.2589 15.4766 12.8253 12.7352 11.8568 11.4623 7.78843 7.74711 5.69854
threshold=-0.41147273674672352 0.67278118410306298 0.026785714285714253 -1.2903904153632082 0.026785714285714253 0.15178571428571427 -1.3853825895309309 0.84990388806752104 0.7767857142857143 0.93749999999999989 -0.78323426968875298 0.4375 0.8125 -0.12065546326903442
decision_type=2 2 2 2 2 2 2 2 2 2 2 2 2 2
left_child=4 3 -3 5 -1 6 -2 11 -5 -10 -4 -6 -9 -7
right_child=1 2 10 8 7 13 -8 12 9 -11 -12 -13 -14 -15
leaf_value=0.05888237244826703 -0.014964223259534589 0.075170077117199585 -0.010075869092219311 -0.046922335100781393 0.023777000498264395 -0.025682591088045926 0.019815832846389526 0.028171011350740158 -0.0044271505480272724 -0.039121095809246852 0.00058265903813263531 0.014137184987295418 0.054186889810010422 -0.017107581539470125
leaf_weight=11.999999999999998 35 13.999999999999998 149 47 155 159 17 94 17 19 231 153 11.999999999999998 132
leaf_count=12 35 14 149 47 155 159 17 94 17 19 231 153 12 132
internal_value=0 -0.0120499 -0.000765698 -0.0224768 0.0231947 -0.0190481 -0.00352003 0.022139 -0.0365699 -0.0228786 -0.00359026 0.0190043 0.0311928 -0.0218104
internal_weight=1246 820 394 426 426 343 52 414 83 36 380 308 106 291
internal_count=1246 820 394 426 426 343 52 414 83 36 380 308 106 291
is_linear=0
shrinkage=0.03


Tree=3
num_leaves=15
num_cat=0
split_feature=4 2 3 0 0 0 0 0 32 2 2 42 9 42
split_gain=364.203 101.284 78.3189 34.2315 19.4885 18.4658 17.6359 14.0676 10.0519 6.25005 6.24273 5.06038 4.95861 4.64194
threshold=-0.41147273674672352 0.026785714285714253 0.67278118410306298 0.10377358490566037 0.3867924528301887 0.31132075471698112 0.34905660377358488 0.3867924528301887 -0.94910404652907376 0.8125 0.044642857142857102 -0.78323426968875298 -0.38954050612671259 -0.78323426968875298
decision_type=2 2 2 2 2 2 2 2 2 2 2 2 2 2
left_child=5 4 3 -3 -2 10 -5 11 9 -7 -1 -4 -10 -9
right_child=1 2 7 6 -6 8 -8 13 12 -11 -12 -13 -14 -15
leaf_value=0.057470560901947597 0.084369216192476781 0.019224833921905146 -0.004073031334921655 -0.014943040883108907 0.024393679700275461 0.026331840375333128 -0.028422195289156658 -0.014912681537805537 0.014248486752575907 0.052574718747257193 0.032887827497329152 0.0060108762905402933 0.0217414645682487 -0.0052951537922081727
leaf_weight=12.999999999999998 10.000000000000002 17 71 131 9.9999999999999982 30 272 78 152 11.999999999999998 41 120 178 111
leaf_count=13 10 17 71 131 10 30 272 78 152 12 41 120 178 111
internal_value=0 -0.011689 -0.0133616 -0.0222899 0.0548013 0.0225009 -0.0240529 -0.00348239 0.0200943 0.0340081 0.0389566 0.00224654 0.0183046 -0.00928594
internal_weight=1246 820 800 420 20 426 403 380 372 42 54 191 330 189
internal_count=1246 820 800 420 20 426 403 380 372 42 54 191 330 189
is_linear=0
shrinkage=0.03


Tree=4
num_leaves=15
num_cat=0
split_feature=4 2 7 0 0 0 7 30 44 2 2 2 0 0
split_gain=342.725 95.3616 73.7775 29.3243 18.3374 17.3798 16.9267 9.54372 8.3313 7.85856 5.87182 4.48407 3.36469 1.87172
threshold=-0.41147273674672352 0.026785714285714253 0.94984788778369611 0.10377358490566037 0.3867924528301887 0.31132075471698112 -1.2619971404862038 0.84990388806752104 -0.46985179497820789 0.8125 0.044642857142857102 0.4375 0.34905660377358488 0.330188679245283
decision_type=2 2 2 2 2 2 2 2 2 2 2 2 2 2
left_child=5 4 3 -3 -2 10 -5 11 12 -9 -1 -7 -4 -10
right_child=1 2 8 6 -6 7 -8 9 13 -11 -12 -13 -14 -15
leaf_value=0.055759605706193059 0.081863200469772371 0.018651461538515594 -0.0019378781705754976 -0.025603686561707254 0.023669116078036845 0.020898213458954613 -0.014019904898278241 0.02450423034466059 0.0071980280500911972 0.051010513857376469 0.0319035930529128 0.013234782274581303 -0.01086321759119217 0
leaf_weight=12.999999999999998 10.000000000000002 17 92 305 9.9999999999999982 132 184 75 84 11.999999999999998 41 153 66 52
leaf_count=13 10 17 92 305 10 132 184 75 84 12 41 153 66 52
internal_value=0 -0.0113381 -0.0129611 -0.0199048 0.0531779 0.0218284 -0.0212549 0.0194931 -0.000997636 0.0282491 0.0377946 0.0168008 -0.00568967 0.00443154
internal_weight=1246 820 800 506 20 426 489 372 294 87 54 285 158 136
internal_count=1246 820 800 506 20 426 489 372 294 87 54 285 158 136
is_linear=0
shrinkage=0.03


Tree=5
num_leaves=15
num_cat=0
split_feature=4 3 2 0 2 0 0 17 30 17 26 2 2 2
split_gain=322.513 89.9087 79.3996 33.8824 24.7061 16.3575 12.3963 9.59362 8.98076 12.6035 5.97001 5.52272 4.21605 4.15441
threshold=-0.41147273674672352 0.67278118410306298 0.026785714285714253 0.34905660377358488 0.13392857142857142 0.31132075471698112 0.3867924528301887 1.5528890950373129 0.84990388806752104 0.97253584945608906 -0.67162309233973272 0.044642857142857102 0.4375 0.5446428571428571
decision_type=2 2 2 2 2 2 2 2 2 2 2 2 2 2
left_child=5 3 -3 4 -2 11 -4 -5 12 -10 -6 -1 -7 -8
right_child=1 2 6 7 10 8 13 -9 9 -11 -12 -13 -14 -15
leaf_value=0.054099588048367099 0.027353532373510448 0.069236488849558714 0.0021168881611234409 -0.024877064721211505 -0.021453229335806276 0.020271741496532998 -0.010285090293711996 -0.043919668034873766 0.02316809568887555 0.05918181952863636 -0.0082005446620031612 0.030948814092761404 0.012837998173172221 0.0037527499995437131
leaf_weight=12.999999999999998 14.999999999999998 13.999999999999998 191 250 49 132 168 27 77 9.9999999999999982 85 41 153 21
leaf_count=13 15 14 191 250 49 132 168 27 77 10 85 41 153 21
internal_value=7.7417e-07 -0.0109976 -0.000659652 -0.0205495 -0.00897506 0.021176 -0.0032602 -0.0267592 0.0189099 0.0274052 -0.0130814 0.0366673 0.0162974 -0.00870831
internal_weight=1246 820 394 426 149 426 380 277 372 87 134 54 285 189
internal_count=1246 820 394 426 149 426 380 277 372 87 134 54 285 189
is_linear=0
shrinkage=0.03


Tree=6
num_leaves=15
num_cat=0
split_feature=2 3 3 0 3 0 0 30 17 0 2 0 45 44
split_gain=286.567 258.23 118.007 28.9941 12.3523 14.7544 11.5776 10.3218 14.7871 7.42127 5.78266 5.43042 4.96786 3.91445
threshold=1.0000000180025095e-35 1.0000000180025095e-35 0.67278118410306298 0.14150943396226412 -1.2903904153632082 0.76415094339622647 0.330188679245283 0.84990388806752104 1.2523939746011357 0.084905660377358458 0.4375 0.34905660377358488 -0.46225432150474405 -0.46985179497820789
decision_type=2 2 2 2 2 2 2 2 2 2 2 2 2 2
left_child=-1 3 7 9 11 -6 13 10 -9 -2 -3 -5 -8 -4
right_child=1 2 6 4 5 -7 12 8 -10 -11 -12 -13 -14 -15
leaf_value=0.14528964231822117 0.028028962559039052 0.020670440378984304 -0.0020639103063931083 -0.01457002615084391 -0.044357117243806095 -0.018649960527362206 -0.013636211932179064 0.023892394240435318 0.062377217807392075 -0.0027188316998737194 0.012453109890495985 -0.022926571213480493 -0.0042629564432975116 0.0069189127295536997
leaf_weight=11.999999999999998 9.9999999999999982 163 90 115 46 37 88 97 9.9999999999999982 23 153 194 124 84
leaf_count=12 10 163 90 115 46 37 88 97 10 23 153 194 124 84
internal_value=1.50748e-06 -0.00142057 0.00852357 -0.0203541 -0.022629 -0.0329696 -0.00346403 0.0194679 0.027572 0.00656458 0.0167065 -0.019832 -0.00817248 0.00225688
internal_weight=1246 1234 809 425 392 83 386 423 107 33 316 309 212 174
internal_count=1246 1234 809 425 392 83 386 423 107 33 316 309 212 174
is_linear=0
shrinkage=0.03


Tree=7
num_leaves=15
num_cat=0
split_feature=4 5 2 0 7 0 0 31 2 42 15 2 2 0
split_gain=285.759 79.7552 51.8071 24.0472 19.236 14.709 10.8702 8.32265 7.99212 7.32185 6.92561 4.85518 4.13756 2.73201
threshold=-0.41147273674672352 -1.1538964489896593 0.026785714285714253 0.10377358490566037 -1.2619971404862038 0.31132075471698112 0.34905660377358488 1.6307979308819287 0.044642857142857102 1.0000000180025095e-35 0.59644770443306072 0.044642857142857102 0.4375 0.34905660377358488
decision_type=2 2 2 2 2 2 2 2 2 2 2 2 2 2
left_child=5 2 -2 -3 6 11 -5 12 -6 13 -9 -1 -7 -4
right_child=1 3 9 4 8 7 -8 10 -10 -11 -12 -13 -14 -15
leaf_value=0.050995310581367428 0.060111086136512171 0.017327416128756705 -0.0018700841750118411 -0.01533681025678839 0.014573947934821101 0.019657298299632992 -0.027485802413139169 0.023066104530603034 -0.012741553237070836 0.0042329326331236343 0.05299148091585329 0.029251659542974762 0.012891038508403211 -0.0099189757693237696
leaf_weight=12.999999999999998 12.999999999999998 17 92 101 9.9999999999999982 168 204 26 181 136 9.9999999999999982 41 168 66
leaf_count=13 13 17 92 101 10 168 204 26 181 136 10 41 168 66
internal_value=1.74255e-06 -0.0103508 0.00173454 -0.017588 -0.018794 0.019934 -0.0234789 0.0177845 -0.0112888 -0.000856093 0.0315856 0.0346263 0.0162879 -0.0052554
internal_weight=1246 820 307 513 496 426 305 372 191 294 36 54 336 158
internal_count=1246 820 307 513 496 426 305 372 191 294 36 54 336 158
is_linear=0
shrinkage=0.03


Tree=8
num_leaves=15
num_cat=0
split_feature=4 2 5 0 5 0 0 31 17 44 2 9 0 0
split_gain=268.912 75.2804 58.4779 23.4582 16.6565 15.1251 13.8435 7.83619 12.4701 6.89062 4.5659 4.2017 2.56979 2.37157
threshold=-0.41147273674672352 0.026785714285714253 -1.1538964489896593 0.10377358490566037 0.84713071535794071 0.3867924528301887 0.31132075471698112 1.6307979308819287 0.06939746996566741 -0.46985179497820789 0.044642857142857102 -0.38954050612671259 0.34905660377358488 0.66981132075471705
decision_type=2 2 2 2 2 2 2 2 2 2 2 2 2 2
left_child=6 5 9 -4 -5 -2 10 11 -9 12 -1 13 -3 -8
right_child=1 2 3 4 -6 -7 7 8 -10 -11 -12 -13 -14 -15
leaf_value=0.049477129296492069 0.073331915163757755 -0.0018140425411407937 0.016810633349314069 -0.016345899203458303 -0.031160321375657725 0.020460183797496381 0.023521539724820496 0.019391832690814442 0.05913103645980948 0.0041060379201178152 0.0283762448199474 0.01888251025931852 -0.0096218564614946652 0.010743153886278558
leaf_weight=12.999999999999998 10.000000000000002 92 17 406 83 9.9999999999999982 14.999999999999998 26 9.9999999999999982 136 41 184 66 137
leaf_count=13 10 92 17 406 83 10 15 26 10 136 41 184 66 137
internal_value=2.50344e-06 -0.0100402 -0.0114827 -0.0176646 -0.0188724 0.0472786 0.0193384 0.0172526 0.0306468 -0.000830487 0.0335936 0.0157999 -0.00509853 0.0120385
internal_weight=1246 820 800 506 489 20 426 372 36 294 54 336 158 152
internal_count=1246 820 800 506 489 20 426 372 36 294 54 336 158 152
is_linear=0
shrinkage=0.03


Tree=9
num_leaves=15
num_cat=0
split_feature=3 3 0 0 0 0 0 0 17 32 17 30 29 17
split_gain=240.013 84.59 27.8568 13.9269 13.0282 12.9611 11.166 9.09147 8.39527 7.41121 11.4402 6.01663 5.57077 4.21509
threshold=1.0000000180025095e-35 0.67278118410306298 0.34905660377358488 0.084905660377358458 0.31132075471698112 0.36792452830188682 0.27358490566037741 0.330188679245283 1.5528890950373129 -0.94910404652907376 0.33683693210198323 1.1994543339219834 -1.2118272150421117 -0.057313222963383044
decision_type=2 2 2 2 2 2 2 2 2 2 2 2 2 2
left_child=2 4 3 -1 -2 6 -3 -8 -4 10 -6 -7 -5 -14
right_child=1 5 8 12 9 11 7 -9 -10 -11 -12 -13 13 -15
leaf_value=0.026182416742390927 0.032591778604027961 0.0019667470582268817 -0.022129260464752019 -0.024927250031215036 0.019683754201804363 -0.0074419678613697297 0.03949849509723246 0.005630675762990452 -0.03993973708240748 0.015198182007244267 0.056740418088318097 0.011106634190011965 -0.00091239525164551485 -0.012453118572649299
leaf_weight=9.9999999999999982 54 164 250 20 32 184 14.000000000000002 14.999999999999998 27 330 9.9999999999999982 17 49 70
leaf_count=10 54 164 250 20 32 184 14 15 27 330 10 17 49 70
internal_value=3.5003e-06 0.00949593 -0.0182592 -0.00776229 0.018761 -0.000516234 0.0050269 0.0221633 -0.0238899 0.016737 0.0286918 -0.00585352 -0.010243 -0.007731
internal_weight=1246 820 426 149 426 394 193 29 277 372 42 201 139 119
internal_count=1246 820 426 149 426 394 193 29 277 372 42 201 139 119
is_linear=0
shrinkage=0.03


Tree=10
num_leaves=15
num_cat=0
split_feature=4 3 0 0 0 0 16 17 30 17 30 29 44 16
split_gain=238.134 67.3297 26.2074 13.1126 12.2555 12.1979 14.7461 7.89837 7.05116 10.9859 5.66348 5.24121 4.73133 3.99797
threshold=-0.41147273674672352 0.67278118410306298 0.34905660377358488 0.084905660377358458 0.31132075471698112 0.36792452830188682 1.0477779519815056 1.5528890950373129 0.84990388806752104 0.97253584945608906 1.1994543339219834 -1.2118272150421117 1.0000000180025095e-35 0.934982326341533
decision_type=2 2 2 2 2 2 2 2 2 2 2 2 2 2
left_child=4 2 3 -2 -1 6 12 13 -6 -10 -7 -5 -3 -4
right_child=1 5 7 11 8 10 -8 -9 9 -11 -12 -13 -14 -15
leaf_value=0.031615831899334451 0.025404721215219781 -0.00068951247673542152 -0.019094290146324428 -0.024183152851773727 0.01391926732936744 -0.0072188300066331618 0.040190763241141153 -0.038745965953242728 0.019812515648190612 0.053419612728723205 0.010775383925555567 -0.0075001634394876665 0.0093299674320791292 -0.027859821199549117
leaf_weight=54 9.9999999999999982 117 183 20 285 184 9.9999999999999982 27 77 9.9999999999999982 17 119 66 67
leaf_count=54 10 117 183 20 285 184 10 27 77 10 17 119 66 67
internal_value=3.78253e-06 -0.00944662 -0.0177126 -0.00753027 0.0181997 -0.000499447 0.00487776 -0.0231742 0.0162361 0.0237667 -0.00567741 -0.00993782 0.00291081 -0.0214656
internal_weight=1246 820 426 149 426 394 193 277 372 87 201 139 183 250
internal_count=1246 820 426 149 426 394 193 277 372 87 201 139 183 250
is_linear=0
shrinkage=0.03


Tree=11
num_leaves=15
num_cat=0
split_feature=2 3 3 0 3 0 42 30 17 0 0 2 29 0
split_gain=253.663 190.126 87.5498 22.8075 9.33292 13.7406 9.06187 8.09837 12.9161 5.43419 5.14374 4.49336 4.22434 3.39364
threshold=1.0000000180025095e-35 1.0000000180025095e-35 0.67278118410306298 0.14150943396226412 -1.2903904153632082 0.76415094339622647 -0.78323426968875298 0.84990388806752104 1.2523939746011357 0.084905660377358458 0.330188679245283 0.4375 -0.12065546326903442 0.31132075471698112
decision_type=2 2 2 2 2 2 2 2 2 2 2 2 2 2
left_child=-1 3 7 9 12 -6 13 11 -9 -2 -8 -3 -5 -4
right_child=1 2 6 4 5 -7 10 8 -10 -11 -12 -13 -14 -15
leaf_value=0.13669675141326651 0.024650126235319834 0.017673339731785729 -0.003526553064348683 -0.02056883982994925 -0.039571339670334355 -0.014794613500489696 0.0053909150926029232 0.020368636005570543 0.0563190488059922 -0.001639176456547983 -0.0035404551265274375 0.010424895621862419 -0.013428368857702662 -0.012647906776758653
leaf_weight=11.999999999999998 9.9999999999999982 163 65 161 46 37 108 97 9.9999999999999982 23 125 153 148 88
leaf_count=12 10 163 65 161 46 37 108 97 10 23 125 153 148 88
internal_value=3.85966e-06 -0.00133394 0.00719834 -0.0175803 -0.0195983 -0.0285935 -0.00312616 0.0166254 0.0238059 0.00628705 0.000587074 0.0141777 -0.017164 -0.00879725
internal_weight=1246 1234 809 425 392 83 386 423 107 33 233 316 309 153
internal_count=1246 1234 809 425 392 83 386 423 107 33 233 316 309 153
is_linear=0
shrinkage=0.03


Tree=12
num_leaves=15
num_cat=0
split_feature=2 7 5 5 2 2 42 25 5 26 17 29 2 17
split_gain=238.792 178.913 82.3919 12.9828 10.3327 11.0813 8.52793 7.04539 8.38399 6.2709 6.36447 3.92045 3.65431 3.4375
threshold=1.0000000180025095e-35 1.0000000180025095e-35 -0.64516072924027745 0.84713071535794071 0.7767857142857143 0.93749999999999989 -0.78323426968875298 1.0000000180025095e-35 0.3723107102584865 0.46633453875448488 1.3024667050842083 -0.014120408900985709 0.4375 0.85008118728571114
decision_type=2 2 2 2 2 2 2 2 2 2 2 2 2 2
left_child=-1 3 6 7 11 -6 -3 8 -2 12 -11 -5 -4 -8
right_child=1 2 9 4 5 -7 13 -9 -10 10 -12 -13 -14 -15
leaf_value=0.13262973872098055 -0.019497370375001804 -0.0085342388644700125 0.01692927072331521 -0.043432414593037302 0.0020045819113913331 -0.031127742297986413 0.0022903546266271652 -0.020223133212127927 -0.0069873330359456164 0.019226062920419104 0.040855617967057736 -0.024290611107156881 0.010080860954815618 -0.0071741008301621691
leaf_weight=11.999999999999998 73 153 148 31 17 19 191 123 146 120 13.999999999999998 15.999999999999998 141 42
leaf_count=12 73 153 148 31 17 19 191 123 146 120 14 16 141 42
internal_value=3.98888e-06 -0.00129394 0.00698284 -0.017054 -0.0277387 -0.0154366 -0.00303272 -0.0144448 -0.011178 0.016128 0.021537 -0.0370452 0.013603 0.0005691
internal_weight=1246 1234 809 425 83 36 386 342 219 423 134 47 289 233
internal_count=1246 1234 809 425 83 36 386 342 219 423 134 47 289 233
is_linear=0
shrinkage=0.03


Tree=13
num_leaves=15
num_cat=0
split_feature=2 3 3 0 29 0 0 30 17 0 2 42 42 15
split_gain=224.794 168.373 77.5352 20.9111 8.61061 8.14865 7.92505 7.32565 11.8534 5.1179 4.02373 4.01491 3.44186 1.68349
threshold=1.0000000180025095e-35 1.0000000180025095e-35 0.67278118410306298 0.14150943396226412 -1.2118272150421117 0.330188679245283 0.36792452830188682 0.84990388806752104 1.2523939746011357 0.084905660377358458 0.4375 -0.78323426968875298 -0.78323426968875298 -0.77362370160576666
decision_type=2 2 2 2 2 2 2 2 2 2 2 2 2 2
left_child=-1 3 7 9 13 12 -6 10 -9 -2 -3 -7 -4 -5
right_child=1 2 5 4 6 11 -8 8 -10 -11 -12 -13 -14 -15
leaf_value=0.12868373015695367 0.024125488276528839 0.016625582633196287 -0.0035116493002104376 -0.027016120419323997 -0.010093246114870924 -0.011851891865087706 -0.019938895030314083 0.019182018312317705 0.053625411279130689 -0.001381501387139516 0.0097631907059399226 -0.0034099261852302892 0.005163316658890145 -0.041317223220878885
leaf_weight=11.999999999999998 9.9999999999999982 163 66 32 109 87 239 97 9.9999999999999982 23 153 125 108 11.999999999999998
leaf_count=12 10 163 66 32 109 87 239 97 10 23 153 125 108 12
internal_value=3.87584e-06 -0.00125536 0.00677385 -0.0165443 -0.0184767 -0.00294185 -0.0168675 0.0156454 0.0224761 0.00630679 0.0133166 -0.00689242 0.00185545 -0.0310693
internal_weight=1246 1234 809 425 392 386 348 423 107 33 316 212 174 44
internal_count=1246 1234 809 425 392 386 348 423 107 33 316 212 174 44
is_linear=0
shrinkage=0.03


Tree=14
num_leaves=15
num_cat=0
split_feature=2 3 3 3 2 2 44 25 5 47 17 29 5 3
split_gain=211.616 158.445 72.9678 11.7463 9.72188 10.3759 7.23558 6.38237 7.48137 5.67615 11.1568 3.62197 3.33658 2.47238
threshold=1.0000000180025095e-35 1.0000000180025095e-35 0.67278118410306298 -1.2903904153632082 0.7767857142857143 0.93749999999999989 1.0000000180025095e-35 1.0000000180025095e-35 0.3723107102584865 -0.64239759631339677 1.2373669621623349 -0.014120408900985709 0.84713071535794071 1.0052537936900929
decision_type=2 2 2 2 2 2 2 2 2 2 2 2 2 2
left_child=-1 3 9 7 11 -6 13 8 -2 10 -3 -5 -11 -4
right_child=1 2 6 4 5 -7 -8 -9 -10 12 -12 -13 -14 -15
leaf_value=0.12485512461544067 -0.018315901573232683 0.017999748926814815 -0.0040481650951696719 -0.041379520291300827 0.0025893868087676526 -0.029469449769764039 0.0031706483157623918 -0.019067051605049866 -0.0064961382970252137 0.017345167589411608 0.05139516731890121 -0.022971967629023957 0.010782133844180973 -0.011028421342422481
leaf_weight=11.999999999999998 73 98 204 31 17 19 122 123 146 111 9.9999999999999982 15.999999999999998 204 60
leaf_count=12 73 98 204 31 17 19 122 123 146 111 10 16 204 60
internal_value=3.94892e-06 -0.00121775 0.00657106 -0.0160491 -0.0262135 -0.0142822 -0.00285393 -0.0135666 -0.0104563 0.0151774 0.0211644 -0.0352389 0.0131091 -0.00564952
internal_weight=1246 1234 809 425 83 36 386 342 219 423 108 47 315 264
internal_count=1246 1234 809 425 83 36 386 342 219 423 108 47 315 264
is_linear=0
shrinkage=0.03


Tree=15
num_leaves=15
num_cat=0
split_feature=2 4 7 29 30 2 42 4 2 3 28 1 2 2
split_gain=199.211 181.015 37.1349 9.33138 6.56649 6.22999 5.92878 5.63946 3.71365 2.86253 1.87749 1.64193 1.45464 1.37521
threshold=1.0000000180025095e-35 -0.41147273674672352 0.94984788778369611 -0.81520984738207891 0.84990388806752104 0.8125 -0.78323426968875298 0.87517016427948235 0.4375 -1.2903904153632082 0.75282348691290402 2.5000000000000004 0.062499999999999951 0.4017857142857143
decision_type=2 2 2 2 2 2 2 2 2 2 2 2 2 2
left_child=-1 4 3 9 8 -6 12 -5 13 -3 -8 -10 -4 -2
right_child=1 2 6 7 5 -7 10 -9 11 -11 -12 -13 -14 -15
leaf_value=0.12114042680125592 0.014889626638041682 -0.018833053693197859 -0.015846933820320451 -0.008763170933505527 0.018525550634797064 0.041727989256874584 0.00013726219817116229 -0.015852487374810636 0.0078808324175763875 -0.029916347124316123 0.0066508270020344097 0.017480033096218608 -0.0050837168064316015 0.026340121900713123
leaf_weight=11.999999999999998 152 66 12.999999999999998 202 95 11.999999999999998 121 209 134 34 60 19 106 10.999999999999998
leaf_count=12 152 66 13 202 95 12 121 209 134 34 60 19 106 11
internal_value=3.86747e-06 -0.00118141 -0.0094815 -0.0143999 0.0147234 0.0211922 -0.00109177 -0.0123785 0.0125175 -0.0226575 0.0023155 0.00910312 -0.00629704 0.0156964
internal_weight=1246 1234 811 511 423 107 300 411 316 100 181 153 119 163
internal_count=1246 1234 811 511 423 107 300 411 316 100 181 153 119 163
is_linear=0
shrinkage=0.03


Tree=16
num_leaves=15
num_cat=0
split_feature=3 3 0 0 0 16 0 17 31 17 29 44 17 16
split_gain=157.048 55.5869 19.6983 10.8012 9.33779 10.0708 9.32793 6.2031 5.58094 10.7155 4.45683 3.52083 3.50412 3.34932
threshold=1.0000000180025095e-35 0.67278118410306298 0.34905660377358488 0.084905660377358458 0.36792452830188682 1.0477779519815056 0.42452830188679253 1.5528890950373129 1.6307979308819287 -0.18398715074248817 -1.2118272150421117 1.0000000180025095e-35 0.018827498178030404 0.934982326341533
decision_type=2 2 2 2 2 2 2 2 2 2 2 2 2 2
left_child=2 6 3 -1 5 11 -2 13 -8 -10 -5 -3 -12 -4
right_child=1 4 7 10 -6 -7 8 -9 9 -11 12 -13 -14 -15
leaf_value=0.023951867913255598 0.024471374144045158 -0.00045894857261403056 -0.015819083917407894 -0.021254647925718503 -0.0049628933430068125 0.033461524202940192 0.011771136521513766 -0.033306656028951664 0.013289680411289265 0.05073575667815633 -7.3687663607004662e-05 0.0081804418419001695 -0.010485911936965544 -0.02383418218500568
leaf_weight=9.9999999999999982 80 117 183 20 201 9.9999999999999982 313 27 23 9.9999999999999982 53 66 66 67
leaf_count=10 80 117 183 20 201 10 313 27 23 10 53 66 66 67
internal_value=4.28226e-06 0.00768325 -0.0147681 -0.00593787 -0.000431596 0.00427212 0.0151939 -0.0195033 0.0130337 0.0248466 -0.00812545 0.00264328 -0.00587768 -0.0179878
internal_weight=1246 820 426 149 394 193 426 277 346 33 139 183 119 250
internal_count=1246 820 426 149 394 193 426 277 346 33 139 183 119 250
is_linear=0
shrinkage=0.03


Tree=17
num_leaves=15
num_cat=0
split_feature=4 5 0 7 0 16 27 0 16 0 4 44 27 0
split_gain=156.158 44.572 15.8404 12.2077 8.86004 6.46068 6.08813 4.38095 9.48136 4.03431 3.88727 3.31356 3.04153 2.32054
threshold=-0.41147273674672352 -1.1538964489896593 0.10377358490566037 -1.2619971404862038 0.31132075471698112 0.934982326341533 2.1458033557640985 0.36792452830188682 1.0477779519815056 0.34905660377358488 -1.0547941872598263 1.0000000180025095e-35 1.0000000180025095e-35 0.65094339622641517
decision_type=2 2 2 2 2 2 2 2 2 2 2 2 2 2
left_child=4 7 -3 5 12 -4 10 8 11 -5 13 -2 -1 -6
right_child=1 2 3 9 6 -7 -8 -9 -10 -11 -12 -13 -14 -15
leaf_value=0.02081269976649423 -0.00044519186759348496 0.015265795221846352 -0.014578019446405768 0.001762826703249258 0.013985756627673285 -0.023893803111586173 0.030174515396768211 -0.0032622489027350843 0.032467617159801544 -0.0099768236941360708 0.016529715971992473 0.0079353997962173829 0.036487634046136995 0.0075849002706995109
leaf_weight=36 117 17 201 31 81 104 18 114 9.9999999999999982 160 123 66 18 150
leaf_count=36 117 17 201 31 81 104 18 114 10 160 123 66 18 150
internal_value=4.14333e-06 -0.00764822 -0.0130587 -0.0140384 0.0147394 -0.0177712 0.0130683 0.00138423 0.00414459 -0.00805581 0.0121817 0.00256362 0.0261509 0.00984742
internal_weight=1246 820 513 496 426 305 372 307 193 191 354 183 54 231
internal_count=1246 820 513 496 426 305 372 307 193 191 354 183 54 231
is_linear=0
shrinkage=0.03


Tree=18
num_leaves=15
num_cat=0
split_feature=4 5 5 25 15 8 26 42 16 15 17 16 9 15
split_gain=146.955 41.9408 12.8634 8.19344 8.10724 7.51414 6.91961 7.02282 3.73507 3.51378 3.9795 4.18466 3.234 2.97534
threshold=-0.41147273674672352 -1.1538964489896593 0.84713071535794071 1.0000000180025095e-35 0.9625784703696697 -1.1179783694785588 0.46633453875448488 0.23509951672523557 0.74383216280990283 -0.41141279927912017 0.5563565224733219 0.88608824925348806 -0.38954050612671259 -0.10372638006691624
decision_type=2 2 2 2 2 2 2 2 2 2 2 2 2 2
left_child=6 9 3 5 -4 -3 12 -8 -6 -2 11 -11 -1 -9
right_child=1 2 4 -5 8 -7 7 13 -10 10 -12 -13 -14 -15
leaf_value=0.0079698068851966584 -0.0042321159043955114 -0.016336238129031316 -0.034020959295914817 -0.017125586906068215 -0.0057782940283350277 -0.0052743105320375303 0.03695868243604742 0.028150444370913876 -0.023135040600270152 0.0037117307951278901 -0.0038159106533210423 0.018322633606618018 0.014449624724999425 0.014894209905137344
leaf_weight=126 76 73 37 123 22 234 19 19 24 156 55 20 164 98
leaf_count=126 76 73 37 123 22 234 19 19 24 156 55 20 164 98
internal_value=4.62289e-06 -0.00741876 -0.0126671 -0.0105628 -0.023507 -0.0079189 0.0142992 0.019917 -0.0149296 0.00134277 0.00319095 0.00539856 0.0116483 0.0170948
internal_weight=1246 820 513 430 83 307 426 136 46 307 231 176 290 117
internal_count=1246 820 513 430 83 307 426 136 46 307 231 176 290 117
is_linear=0
shrinkage=0.03


Tree=19
num_leaves=15
num_cat=0
split_feature=4 5 0 7 0 17 15 46 0 16 0 44 16 32
split_gain=138.302 39.4712 14.6707 10.9418 8.08922 6.77371 6.46769 9.60781 4.0816 8.73689 3.72627 3.03106 3.01337 4.48215
threshold=-0.41147273674672352 -1.1538964489896593 0.10377358490566037 -1.2619971404862038 0.44339622641509441 1.5528890950373129 0.66638825192949214 0.85525158803592038 0.36792452830188682 1.0477779519815056 0.34905660377358488 1.0000000180025095e-35 -0.25947839424975999 1.0000000180025095e-35
decision_type=2 2 2 2 2 2 2 2 2 2 2 2 2 2
left_child=4 8 -3 5 12 -4 -6 -8 9 11 -5 -2 -1 -14
right_child=1 2 3 10 6 -7 7 -9 -10 -11 -12 -13 13 -15
leaf_value=0.018683544616738889 -0.00042794694898556202 0.01496780304205522 -0.015148856109932298 0.0018678324456683018 0.010230767141719761 -0.029484560355063402 0.045596057334222083 0.013439381907588427 -0.0031821903940020858 0.031156269465342612 -0.0094129805771202349 0.0075865144275393719 0.01894760604485992 0.046981583090111759
leaf_weight=63 117 17 271 31 300 34 11.999999999999998 29 114 9.9999999999999982 160 66 12.000000000000002 9.9999999999999982
leaf_count=63 117 17 271 31 300 34 12 29 114 10 160 66 12 10
internal_value=4.3753e-06 -0.00719706 -0.0122886 -0.0132316 0.0138718 -0.0167659 0.0117826 0.0230121 0.00130233 0.00396703 -0.00756635 0.00244869 0.022194 0.031981
internal_weight=1246 820 513 496 426 305 341 41 307 193 191 183 85 22
internal_count=1246 820 513 496 426 305 341 41 307 193 191 183 85 22
is_linear=0
shrinkage=0.03


Tree=20
num_leaves=15
num_cat=0
split_feature=2 4 7 0 7 30 17 42 0 4 0 0 0 17
split_gain=182.008 134.114 26.5834 14.5592 8.84763 5.22559 10.3874 5.02776 3.99993 2.95037 2.31513 1.86891 1.48273 1.13913
threshold=1.0000000180025095e-35 -0.41147273674672352 0.94984788778369611 0.14150943396226412 -1.2619971404862038 0.84990388806752104 1.2523939746011357 -0.78323426968875298 0.084905660377358458 -1.0547941872598263 0.028301886792452755 0.65094339622641517 0.31132075471698112 0.47214319363109175
decision_type=2 2 2 2 2 2 2 2 2 2 2 2 2 2
left_child=-1 5 3 8 -5 9 -7 12 -3 11 -9 -2 -4 -11
right_child=1 2 7 4 -6 6 -8 10 -10 13 -12 -13 -14 -15
leaf_value=0.11579305372947503 0.012292564011975897 0.022499061173731738 -0.0028407340584867872 -0.017078857703642761 -0.0086799963816522278 0.01525410804981951 0.047465354629082253 0.014660222247119778 -2.0383518648805548e-05 0.016463665875141725 0.0010369222591871243 0.0061696635779540281 -0.0096593310012931394 0.0095210978566609827
leaf_weight=11.999999999999998 72 9.9999999999999982 65 289 189 97 9.9999999999999982 11.999999999999998 23 81 169 130 54 33
leaf_count=12 72 10 65 289 189 97 10 12 23 81 169 130 54 33
internal_value=4.8984e-06 -0.00112794 -0.00827257 -0.0124342 -0.0137668 0.0125618 0.018334 -0.00117217 0.00676041 0.0105926 0.00196429 0.00837193 -0.00596559 0.0144904
internal_weight=1246 1234 811 511 478 423 107 300 33 316 181 202 119 114
internal_count=1246 1234 811 511 478 423 107 300 33 316 181 202 119 114
is_linear=0
shrinkage=0.03


Tree=21
num_leaves=15
num_cat=0
split_feature=3 3 0 0 0 0 16 15 15 17 30 29 44 44
split_gain=116.55 40.8661 16.177 8.52331 7.22776 7.05604 7.6596 5.9607 9.39745 5.07334 4.2166 4.03109 2.79429 2.76773
threshold=1.0000000180025095e-35 0.67278118410306298 0.34905660377358488 0.084905660377358458 0.44339622641509441 0.36792452830188682 1.0477779519815056 0.66638825192949214 0.72118493276842088 1.5528890950373129 1.1994543339219834 -1.2118272150421117 -0.93778201192897626 1.0000000180025095e-35
decision_type=2 2 2 2 2 2 2 2 2 2 2 2 2 2
left_child=2 4 3 -1 -2 6 13 -6 -9 -4 -7 -5 -11 -3
right_child=1 5 9 11 7 10 -8 8 -10 12 -12 -13 -14 -15
leaf_value=0.021830772775234562 0.020929487783890807 -0.00041850725956536338 -0.015638958616826428 -0.019139126045490378 0.0095949940781923041 -0.0056078555512796965 0.029212010331673199 0.047145805364788171 0.013489567812088984 -0.017109918256063714 0.0099167988187911209 -0.0045262850664077462 -0.037670840987507594 0.0072390215538030728
leaf_weight=9.9999999999999982 85 117 250 20 300 184 9.9999999999999982 9.9999999999999982 31 11.000000000000002 17 119 15.999999999999998 66
leaf_count=10 85 117 250 20 300 184 10 10 31 11 17 119 16 66
internal_value=5.57696e-06 0.00662109 -0.01272 -0.00471688 0.0130609 -0.00033569 0.00375212 0.0110852 0.0218661 -0.0170109 -0.00427563 -0.00666267 -0.0294989 0.00232929
internal_weight=1246 820 426 149 426 394 193 341 41 277 201 139 27 183
internal_count=1246 820 426 149 426 394 193 341 41 277 201 139 27 183
is_linear=0
shrinkage=0.03


Tree=22
num_leaves=15
num_cat=0
split_feature=2 4 5 0 7 2 42 42 2 0 0 0 25 48
split_gain=170.193 118.863 23.4331 13.1554 7.98011 4.95379 8.12229 4.60144 4.27526 3.47205 2.16305 1.31781 1.27888 1.14062
threshold=1.0000000180025095e-35 -0.41147273674672352 -1.1538964489896593 0.14150943396226412 -1.2619971404862038 0.8125 0.095488990949265648 -0.78323426968875298 0.4375 0.084905660377358458 0.028301886792452755 0.31132075471698112 1.0000000180025095e-35 1.679251959179896
decision_type=2 2 2 2 2 2 2 2 2 2 2 2 2 2
left_child=-1 5 7 9 -5 8 -7 11 12 -4 -9 -3 -2 -10
right_child=1 2 3 4 -6 6 -8 10 13 -11 -12 -13 -14 -15
leaf_value=0.11197254949364779 0.014740501598692548 -0.0027840708528778387 0.021182333918491211 -0.016136193368742571 -0.0081579482680928343 0.044138933581274895 0.010732813567707413 0.014122588098788066 0.008227596701244724 0 0.00095408825072697268 -0.0092194278910067498 0.0089124616831056207 0.0010050539224103277
leaf_weight=11.999999999999998 183 65 9.9999999999999982 289 189 11.000000000000002 17 11.999999999999998 142 23 169 54 46 24
leaf_count=12 183 65 10 289 189 11 17 12 142 23 169 54 46 24
internal_value=5.55224e-06 -0.00108982 -0.0078161 -0.0117234 -0.0129903 0.0117979 0.0240738 -0.00114893 0.0109142 0.00651963 0.00185102 -0.00573479 0.0135873 0.00720267
internal_weight=1246 1234 811 511 478 423 28 300 395 33 181 119 229 166
internal_count=1246 1234 811 511 478 423 28 300 395 33 181 119 229 166
is_linear=0
shrinkage=0.03


Tree=23
num_leaves=15
num_cat=0
split_feature=2 3 3 0 29 42 0 30 17 0 0 2 0 29
split_gain=160.214 91.0427 42.8897 13.9093 6.40226 5.65614 5.35493 4.79673 9.61658 3.26808 2.82153 2.53736 2.09835 0.82507
threshold=1.0000000180025095e-35 1.0000000180025095e-35 0.67278118410306298 0.14150943396226412 -1.2118272150421117 -0.78323426968875298 0.3867924528301887 0.84990388806752104 1.2523939746011357 0.084905660377358458 0.330188679245283 0.4375 0.31132075471698112 -0.75742812297906958
decision_type=2 2 2 2 2 2 2 2 2 2 2 2 2 2
left_child=-1 3 7 9 -5 12 -6 11 -9 -2 -7 -3 -4 -11
right_child=1 2 5 4 6 10 -8 8 -10 13 -12 -13 -14 -15
leaf_value=0.10864113653986907 0.020553155845344655 0.012188025110131126 -0.002700677047237381 -0.024729275461159592 -0.0072351060223499125 0.0041139874322360147 -0.015166840836056053 0.014011097879414701 0.045000085600531925 -0.0053380143411519108 -0.0024990523079012651 0.0067328818987042512 -0.009888715951002618 0.0059863282055468148
leaf_weight=11.999999999999998 9.9999999999999982 163 65 44 118 108 230 97 9.9999999999999982 11.999999999999998 125 153 88 11.000000000000002
leaf_count=12 10 163 65 44 118 108 230 97 10 12 125 153 88 11
internal_value=6.27235e-06 -0.00105643 0.00484703 -0.0122994 -0.0138764 -0.00237741 -0.0124888 0.0114456 0.0169746 0.00632765 0.000553799 0.00955923 -0.00685833 0
internal_weight=1246 1234 809 425 392 386 348 423 107 33 233 316 153 23
internal_count=1246 1234 809 425 392 386 348 423 107 33 233 316 153 23
is_linear=0
shrinkage=0.03


Tree=24
num_leaves=15
num_cat=0
split_feature=2 4 5 0 29 2 42 42 2 0 0 30 32 0
split_gain=150.821 105.266 20.8209 11.6682 7.32665 4.67948 7.66452 4.11336 3.79134 3.0768 1.63378 1.515 1.45296 1.24472
threshold=1.0000000180025095e-35 -0.41147273674672352 -1.1538964489896593 0.14150943396226412 -0.81520984738207891 0.8125 0.095488990949265648 1.0000000180025095e-35 0.4375 0.084905660377358458 0.31132075471698112 -0.012098909793675968 1.4319815438859713 0.047169811320754658
decision_type=2 2 2 2 2 2 2 2 2 2 2 2 2 2
left_child=-1 5 7 9 -5 8 -7 10 11 -4 -3 -2 -10 -9
right_child=1 2 3 4 -6 6 -8 13 12 -11 -12 -13 -14 -15
leaf_value=0.10540883793318567 0.0089465208825643336 -0.0014776977416070837 0.019942665997118053 -0.019980384010106291 -0.010420926134304072 0.042523103050283471 0.010071450108498857 0.010911555027478185 0.0082279534128653475 0 -0.0075562666077042782 0.014417135299714359 0.0013094616547701594 0.0017115037668844189
leaf_weight=11.999999999999998 70 88 9.9999999999999982 90 388 11.000000000000002 17 14.999999999999998 130 23 75 159 36 122
leaf_count=12 70 88 10 90 388 11 17 15 130 23 75 159 36 122
internal_value=6.44449e-06 -0.00102457 -0.00735457 -0.0110377 -0.0122309 0.0111035 0.023033 -0.00106938 0.0102446 0.00613974 -0.0042959 0.0127626 0.00674731 0.00274791
internal_weight=1246 1234 811 511 478 423 28 300 395 33 163 229 166 137
internal_count=1246 1234 811 511 478 423 28 300 395 33 163 229 166 137
is_linear=0
shrinkage=0.03


Tree=25
num_leaves=15
num_cat=0
split_feature=4 3 0 0 0 0 16 15 42 16 30 29 29 4
split_gain=96.3626 27.5664 13.6629 6.56183 6.01937 5.50823 5.80157 4.88542 8.69549 4.72343 3.59431 3.44532 3.3788 2.28241
threshold=-0.41147273674672352 0.67278118410306298 0.34905660377358488 0.084905660377358458 0.31132075471698112 0.36792452830188682 1.0477779519815056 0.66638825192949214 0.3125677785593397 1.6379750025462598 1.1994543339219834 -1.2118272150421117 -1.2118272150421117 -1.0547941872598263
decision_type=2 2 2 2 2 2 2 2 2 2 2 2 2 2
left_child=4 2 3 -2 -1 6 -3 13 -9 12 -7 -5 -4 -6
right_child=1 5 9 11 7 10 -8 8 -10 -11 -12 -13 -14 -15
leaf_value=0.020994555277607952 0.019350309165397494 0.0020941910027881859 -0.024753062636031151 -0.017177660431879668 0.0071397871702801857 -0.0049889584808392347 0.025496953221240844 0.041495844805536183 0.010928101937824225 -0.02727566814950471 0.0093425584394942231 -0.0036701411040739088 -0.012738613823024257 0.012469989857204081
leaf_weight=54 9.9999999999999982 183 24 20 218 184 9.9999999999999982 11.999999999999998 29 27 17 119 226 113
leaf_count=54 10 183 24 20 218 184 10 12 29 27 17 119 226 113
internal_value=7.09879e-06 -0.00600367 -0.0112928 -0.0039366 0.0115829 -0.00027593 0.00333488 0.0102033 0.0200269 -0.0152361 -0.00375788 -0.00564619 -0.0139134 0.00897174
internal_weight=1246 820 426 149 426 394 193 372 41 277 201 139 250 331
internal_count=1246 820 426 149 426 394 193 372 41 277 201 139 250 331
is_linear=0
shrinkage=0.03


Tree=26
num_leaves=15
num_cat=0
split_feature=4 5 0 7 0 27 29 0 0 0 0 0 4 26
split_gain=90.6861 25.9584 9.96686 9.34061 5.73685 5.60222 4.95141 3.06465 2.69995 4.71662 4.59424 2.66711 2.21355 1.92562
threshold=-0.41147273674672352 -1.1538964489896593 0.14150943396226412 -1.2619971404862038 0.44339622641509441 2.1458033557640985 -1.2118272150421117 0.34905660377358488 0.36792452830188682 0.27358490566037741 0.330188679245283 0.084905660377358458 -1.0547941872598263 0.99332985007303731
decision_type=2 2 2 2 2 2 2 2 2 2 2 2 2 2
left_child=4 8 11 6 13 12 -4 -5 9 -2 -11 -3 -6 -1
right_child=1 2 3 7 5 -7 -8 -9 -10 10 -12 -13 -14 -15
leaf_value=0.015245954457749712 0.001239886933399647 0.018775547934640754 -0.024492183060378137 0.0026823315376541621 0.0067129351334979616 0.025810808458298608 -0.012874470261930645 -0.0075496553139892553 -0.0025774051671746999 0.026696138691969525 0.0025787018540481856 0.00014558391742311514 0.0120164524135578 0.025663356256837414
leaf_weight=61 164 9.9999999999999982 39 31 212 18 250 160 114 14.000000000000002 14.999999999999998 23 111 24
leaf_count=61 164 10 39 31 212 18 250 160 114 14 15 23 111 24
internal_value=7.17162e-06 -0.0058238 -0.0099529 -0.0110515 0.0112369 0.00947528 -0.0144606 -0.00587273 0.0010672 0.00323573 0.0143764 0.00592133 0.00854795 0.0182493
internal_weight=1246 820 513 480 426 341 289 191 307 193 29 33 323 85
internal_count=1246 820 513 480 426 341 289 191 307 193 29 33 323 85
is_linear=0
shrinkage=0.03


Tree=27
num_leaves=15
num_cat=0
split_feature=3 3 3 15 26 42 25 5 42 25 16 17 29 15
split_gain=81.6272 28.2769 7.48358 6.80929 5.00266 5.76069 4.81254 4.93892 4.11619 3.54018 5.08471 2.895 2.47711 2.17507
threshold=1.0000000180025095e-35 0.67278118410306298 -1.2903904153632082 0.9625784703696697 0.46633453875448488 0.23509951672523557 1.0000000180025095e-35 0.3723107102584865 -0.78323426968875298 -1.0000000180025095e-35 1.1420360204853484 0.80517108870065524 -1.2118272150421117 -0.10372638006691624
decision_type=2 2 2 2 2 2 2 2 2 2 2 2 2 2
left_child=2 4 6 -4 -2 -6 7 -1 -3 -5 -11 -10 -9 -7
right_child=1 8 3 9 5 13 -8 12 11 10 -12 -13 -14 -15
leaf_value=-0.012364052085972885 0.0086463683843997913 -0.0040141063966307577 -0.02837745013423364 -0.020826972918048577 0.03109423129112308 0.022573084550378208 -0.013436412069194508 -0.012054113813958286 0.0038376853760941493 0.0068875855394864649 -0.019442133388003789 -0.0046601000868202172 -0.0011168058441543721 0.011240060424847978
leaf_weight=73 290 157 37 19 19 19 123 22 193 16.000000000000004 10.999999999999998 44 125 98
leaf_count=73 290 157 37 19 19 19 123 22 193 16 11 44 125 98
internal_value=7.60665e-06 0.00554437 -0.0106418 -0.0187547 0.0109012 0.0156774 -0.00866495 -0.00597874 -0.000241232 -0.0109048 -0.0037608 0.00224608 -0.00278116 0.0131238
internal_weight=1246 820 426 83 426 136 343 220 394 46 27 237 147 117
internal_count=1246 820 426 83 426 136 343 220 394 46 27 237 147 117
is_linear=0
shrinkage=0.03


Tree=28
num_leaves=15
num_cat=0
split_feature=2 4 0 7 2 26 2 42 15 2 0 2 17 17
split_gain=139.471 82.7906 17.0933 12.3322 7.70746 4.41117 4.25541 7.19826 3.67601 3.18554 1.52635 1.14806 1.01275 0.968362
threshold=1.0000000180025095e-35 -0.41147273674672352 0.29245283018867929 -1.2619971404862038 0.16964285714285712 -0.67162309233973272 0.8125 0.095488990949265648 0.53793613419571396 0.4375 0.028301886792452755 0.4017857142857143 1.5231758769011998 1.2831841451964829
decision_type=2 2 2 2 2 2 2 2 2 2 2 2 2 2
left_child=-1 6 5 4 -4 13 9 -8 -5 11 -7 -2 -11 -3
right_child=1 2 3 8 -6 10 7 -9 -10 12 -12 -13 -14 -15
leaf_value=0.10136585901591404 0.010677949930365863 -0.0050379069793670701 -0.040839687208137895 -0.0084448316555648419 -0.013813135216436434 0.0110611933923715 0.04001902392587145 0.0085889755986761629 -0.0017147294965547484 0.0063452333289190825 0.0010939718633393421 0.019850864343820735 -0.0032877540204784656 -0.01449601317178612
leaf_weight=11.999999999999998 215 66 9.9999999999999982 187 217 14.999999999999998 11.000000000000002 17 122 156 182 13.999999999999998 9.9999999999999982 11.999999999999998
leaf_count=12 215 66 10 187 217 15 11 17 122 156 182 14 10 12
internal_value=7.0125e-06 -0.000984352 -0.0065983 -0.00971779 -0.0150344 -0.000505893 0.00977096 0.0211417 -0.00579876 0.00895219 0.00187334 0.0112603 0.00574524 -0.00654811
internal_weight=1246 1234 811 536 227 275 423 28 309 395 197 229 166 78
internal_count=1246 1234 811 536 227 275 423 28 309 395 197 229 166 78
is_linear=0
shrinkage=0.03


Tree=29
num_leaves=15
num_cat=0
split_feature=2 4 5 5 2 45 27 2 46 9 45 2 28 2
split_gain=131.294 77.9157 15.224 7.28639 8.34172 4.44706 4.14966 6.24668 3.48912 2.72565 1.52235 1.0055 0.848486 0.814893
threshold=1.0000000180025095e-35 -0.41147273674672352 -1.1538964489896593 0.84713071535794071 0.7767857142857143 1.0000000180025095e-35 2.1458033557640985 0.7232142857142857 -0.54817865782992092 -0.38954050612671259 1.0000000180025095e-35 0.062499999999999951 0.75282348691290402 0.4375
decision_type=2 2 2 2 2 2 2 2 2 2 2 2 2 2
left_child=-1 6 8 5 -5 -4 9 -8 11 13 -11 -3 -10 -2
right_child=1 2 3 4 -6 -7 7 -9 12 10 -12 -13 -14 -15
leaf_value=0.098350015711193242 0.010212746759090709 -0.010955327157127229 -0.010374117895125446 -0.026047889077739347 -0.0067066495817082409 -0.004043370076102738 0.0056680333171740599 0.039588024014293559 0.00036219383017359314 0.0087961308809945682 0.013753775473490402 -0.0031590797936905707 0.0051652149963324363 0.0045896897126486485
leaf_weight=11.999999999999998 30 17 264 47 36 164 10.000000000000002 9.9999999999999982 77 147 98 146 60 128
leaf_count=12 30 17 264 47 36 164 10 10 77 147 98 146 60 128
internal_value=7.07026e-06 -0.000954724 -0.00640095 -0.00955055 -0.0177132 -0.00795684 0.00947905 0.0228899 -0.00102474 0.00880054 0.0107962 -0.0039968 0.00248982 0.00568212
internal_weight=1246 1234 811 511 83 428 423 20 300 403 245 163 137 158
internal_count=1246 1234 811 511 83 428 423 20 300 403 245 163 137 158
is_linear=0
shrinkage=0.03


Tree=30
num_leaves=15
num_cat=0
split_feature=3 3 0 0 0 15 15 0 16 16 30 29 29 16
split_gain=68.2402 23.5883 10.9287 5.72687 4.96429 4.9303 8.38566 4.29141 4.59267 4.00838 3.06665 2.8352 2.74291 2.35754
threshold=1.0000000180025095e-35 0.67278118410306298 0.34905660377358488 0.084905660377358458 0.44339622641509441 0.66638825192949214 0.72118493276842088 0.36792452830188682 1.0477779519815056 1.6379750025462598 1.1994543339219834 -1.2118272150421117 -1.2118272150421117 -0.25947839424975999
decision_type=2 2 2 2 2 2 2 2 2 2 2 2 2 2
left_child=2 4 3 -1 13 -6 -7 8 -3 12 -9 -5 -4 -2
right_child=1 7 9 11 5 6 -8 10 -10 -11 -12 -13 -14 -15
leaf_value=0.018607503556378999 0.013391464334778285 0.0018667308062379586 -0.021808899517375895 -0.015207097642679711 0.0069690936411002345 0.041972868687445576 0.01021754083717751 -0.0044261491458103186 0.022693933470400586 -0.02434627166753325 0.0088101861534411446 -0.0029532661072919218 -0.010977061784561364 0.02510992562204464
leaf_weight=9.9999999999999982 63 183 24 20 300 9.9999999999999982 31 184 9.9999999999999982 27 17 119 226 22
leaf_count=10 63 183 24 20 300 10 31 184 10 27 17 119 226 22
internal_value=7.30402e-06 0.00506994 -0.00972953 -0.00314863 0.00996256 0.00832341 0.018119 -0.000213633 0.00297259 -0.0132562 -0.00328792 -0.00474764 -0.0120372 0.0164857
internal_weight=1246 820 426 149 426 341 41 394 193 277 201 139 250 85
internal_count=1246 820 426 149 426 341 41 394 193 277 201 139 250 85
is_linear=0
shrinkage=0.03


Tree=31
num_leaves=15
num_cat=0
split_feature=2 3 3 0 16 44 2 16 0 2 2 0 30 15
split_gain=122.747 55.8461 26.6405 10.1432 5.10967 3.99695 3.86608 7.18354 3.26105 2.8696 2.74524 2.29084 1.7955 1.34309
threshold=1.0000000180025095e-35 1.0000000180025095e-35 0.67278118410306298 0.17924528301886791 0.934982326341533 1.0000000180025095e-35 0.8125 -0.90840616697515875 0.084905660377358458 0.9017857142857143 0.4375 0.31132075471698112 0.24970772509392317 -0.037730536716451241
decision_type=2 2 2 2 2 2 2 2 2 2 2 2 2 2
left_child=-1 3 6 8 9 11 10 -8 -2 -5 -3 -4 -6 -10
right_child=1 2 5 4 12 -7 7 -9 13 -11 -12 -13 -14 -15
leaf_value=0.095095557181303164 0.018054805397987369 0.010263837890691173 -0.00075815246364606403 -0.0099490296670037819 -0.019866805687735353 0.0024821367548922813 0.040075435390566821 0.008115247104378694 -0.0089047040085073643 0.003827217589033411 0.0051419768856041026 -0.0064527906409731208 -0.011159135233228507 0.0026996008466160272
leaf_weight=11.999999999999998 9.9999999999999982 229 111 255 71 122 10.000000000000002 18 12.999999999999998 13.999999999999998 166 153 34 28
leaf_count=12 10 229 111 255 71 122 10 18 13 14 166 153 34 28
internal_value=7.39768e-06 -0.000922484 0.00370052 -0.00972837 -0.011441 -0.00199193 0.00890138 0.0197384 0.00277027 -0.00921975 0.0081208 -0.00407101 -0.017089 -0.000919534
internal_weight=1246 1234 809 425 374 386 423 28 51 269 395 264 105 41
internal_count=1246 1234 809 425 374 386 423 28 51 269 395 264 105 41
is_linear=0
shrinkage=0.03


Tree=32
num_leaves=15
num_cat=0
split_feature=2 4 0 9 2 29 27 0 15 9 43 0 0 17
split_gain=115.551 65.0049 14.0476 9.63153 7.02776 4.36103 3.91535 5.83471 2.98968 2.39033 1.77277 1.76006 1.37819 1.08122
threshold=1.0000000180025095e-35 -0.41147273674672352 0.31132075471698112 -0.16499967034123703 0.16964285714285712 -0.62182163852076178 2.1458033557640985 0.70754716981132082 0.54628410832214824 -0.38954050612671259 1.0000000180025095e-35 0.66981132075471705 0.028301886792452755 1.3825079333635208
decision_type=2 2 2 2 2 2 2 2 2 2 2 2 2 2
left_child=-1 6 5 8 -5 13 9 -8 -4 11 -11 -2 -7 -3
right_child=1 2 3 4 -6 12 7 -9 -10 10 -12 -13 -14 -15
leaf_value=0.092266268533123419 0.014874516404573096 -0.0048169863365317422 -0.0077214762048616091 -0.038168954684002561 -0.012354558989974701 0.010658850997489019 0.0050105077692187642 0.037791683883360114 -0.001578295249460912 0.012445129056802106 0.0072346707024126579 0.0039944475670140112 0.0011862899144868115 -0.015451999418806324
leaf_weight=11.999999999999998 14.999999999999998 79 181 9.9999999999999982 212 14.999999999999998 10.000000000000002 9.9999999999999982 120 122 123 143 184 9.9999999999999982
leaf_count=12 15 79 181 10 212 15 10 10 120 122 123 143 184 10
internal_value=7.62993e-06 -0.00089451 -0.00586927 -0.00879912 -0.0135475 -0.00053712 0.00863543 0.0216568 -0.00528367 0.00797655 0.00984553 0.0050551 0.00192036 -0.0060616
internal_weight=1246 1234 811 523 222 288 423 20 301 403 245 158 199 89
internal_count=1246 1234 811 523 222 288 423 20 301 403 245 158 199 89
is_linear=0
shrinkage=0.03


Tree=33
num_leaves=15
num_cat=0
split_feature=2 3 3 3 2 2 42 27 17 25 2 29 5 17
split_gain=108.776 49.5086 23.5772 5.17451 7.58532 9.49672 3.98312 3.68786 5.50755 3.33489 3.11327 2.49542 2.21292 1.33991
threshold=1.0000000180025095e-35 1.0000000180025095e-35 0.67278118410306298 -1.2903904153632082 0.7767857142857143 0.9196428571428571 -0.78323426968875298 2.1458033557640985 -1.1636477820665361 1.0000000180025095e-35 0.18749999999999997 -0.014120408900985709 0.84713071535794071 0.85008118728571114
decision_type=2 2 2 2 2 2 2 2 2 2 2 2 2 2
left_child=-1 3 7 9 11 -6 -4 12 -9 10 -2 -5 -3 -8
right_child=1 2 6 4 5 -7 13 8 -10 -11 -12 -13 -14 -15
leaf_value=0.089521155436176891 0.00079556311358682755 0.010668160452271326 -0.0056304887852526271 -0.028919332456742063 0.01488399451641181 -0.017036092201030098 0.0016668953127746749 0.0048358237949928419 0.036695016707376675 -0.011480656975091933 -0.007355179555462635 -0.013736810496319894 0.0060041374773998112 -0.0042366737478098555
leaf_weight=11.999999999999998 56 149 153 31 12.999999999999998 23 191 10.000000000000002 9.9999999999999982 123 163 15.999999999999998 254 42
leaf_count=12 56 149 153 31 13 23 191 10 10 123 163 16 254 42
internal_value=7.79918e-06 -0.000867424 0.00348521 -0.00915873 -0.0159098 -0.00541699 -0.00186959 0.00837801 0.021018 -0.00750736 -0.00525787 -0.0238546 0.00773821 0.000588502
internal_weight=1246 1234 809 425 83 36 386 423 20 342 219 47 403 233
internal_count=1246 1234 809 425 83 36 386 423 20 342 219 47 403 233
is_linear=0
shrinkage=0.03


Tree=34
num_leaves=15
num_cat=0
split_feature=2 3 3 16 42 15 15 43 2 2 15 16 2 17
split_gain=102.399 46.5925 22.1894 5.18194 3.7477 3.63171 7.76026 2.71109 3.1381 2.41088 2.11133 2.68291 1.97833 1.26098
threshold=1.0000000180025095e-35 1.0000000180025095e-35 0.67278118410306298 0.934982326341533 -0.78323426968875298 0.66638825192949214 0.72118493276842088 -0.87968028425755074 0.9017857142857143 0.4375 -1.2165573523470272 1.6379750025462598 0.18749999999999997 0.85008118728571114
decision_type=2 2 2 2 2 2 2 2 2 2 2 2 2 2
left_child=-1 3 5 7 -4 9 -7 12 -9 -3 -5 -12 -2 -6
right_child=1 2 4 10 13 6 -8 8 -10 -11 11 -13 -14 -15
leaf_value=0.086857715677623903 0.0099554784611068873 0.0093586852044010051 -0.0054616844249800438 -0.02709018820040935 0.0016169145948719964 0.039604758586328816 0.0090634884117500574 -0.0090843718031887576 0.0078697346232020019 0.0045139512812913604 -0.0094075114750700913 -0.019789501459170609 -0.0038112809291099988 -0.0041098754572728539
leaf_weight=11.999999999999998 10.999999999999998 211 153 10.999999999999998 191 9.9999999999999982 31 230 9.9999999999999982 171 69 35 59 42
leaf_count=12 11 211 153 11 191 10 31 230 10 171 69 35 59 42
internal_value=7.74978e-06 -0.000841359 0.00338107 -0.00888483 -0.00181356 0.00812772 0.0166638 -0.00684479 -0.00836247 0.00719957 -0.0143473 -0.0129459 -0.00159402 0.000570427
internal_weight=1246 1234 809 425 386 423 41 310 240 382 115 104 70 233
internal_count=1246 1234 809 425 386 423 41 310 240 382 115 104 70 233
is_linear=0
shrinkage=0.03


Tree=35
num_leaves=15
num_cat=0
split_feature=2 4 0 7 2 26 15 42 31 2 0 30 48 0
split_gain=96.3958 54.1913 12.5062 8.15657 6.47342 3.52901 3.41958 7.55154 2.5599 2.26705 1.32806 1.25201 0.88237 0.816128
threshold=1.0000000180025095e-35 -0.41147273674672352 0.31132075471698112 -1.2619971404862038 0.16964285714285712 -0.67162309233973272 0.66638825192949214 0.3125677785593397 0.94510119239629076 0.4375 0.028301886792452755 -0.012098909793675968 1.679251959179896 0.084905660377358458
decision_type=2 2 2 2 2 2 2 2 2 2 2 2 2 2
left_child=-1 6 5 4 -4 13 9 -8 -5 11 -7 -2 -11 -3
right_child=1 2 3 8 -6 10 7 -9 -10 12 -12 -13 -14 -15
leaf_value=0.084273520343559838 0.0056563863851764821 0.001041852583866993 -0.036120891405804323 -0.0056492505616966265 -0.011348045439455431 0.010329025579702776 0.036154422580210628 0.007701154085471458 0.0051230233433210591 0.0052518446097624657 0.0010477828402312174 0.010714438228519274 -0.00084505578170673476 -0.0069617837287410216
leaf_weight=11.999999999999998 69 12.999999999999998 9.9999999999999982 280 212 14.999999999999998 11.999999999999998 29 21 147 192 142 24 68
leaf_count=12 69 13 10 280 212 15 12 29 21 147 192 142 24 68
internal_value=7.73421e-06 -0.000816038 -0.00535841 -0.00812273 -0.0124932 -0.000326976 0.00788497 0.0161696 -0.00488628 0.00698393 0.00173949 0.00907806 0.00437861 -0.00564056
internal_weight=1246 1234 811 523 222 288 423 41 301 382 207 211 171 81
internal_count=1246 1234 811 523 222 288 423 41 301 382 207 211 171 81
is_linear=0
shrinkage=0.03


Tree=36
num_leaves=15
num_cat=0
split_feature=4 5 5 15 25 26 42 30 25 15 15 17 15 15
split_gain=49.766 14.7518 5.81597 5.34628 3.99395 3.65622 4.91998 3.59906 2.97157 1.87101 1.80023 1.71457 1.41934 1.14828
threshold=-0.41147273674672352 -1.1538964489896593 0.84713071535794071 0.9625784703696697 1.0000000180025095e-35 0.46633453875448488 0.23509951672523557 1.0652858543650729 -1.0000000180025095e-35 -0.41141279927912017 -0.10372638006691624 0.5563565224733219 -0.084527675550059425 -1.2759992074739104
decision_type=2 2 2 2 2 2 2 2 2 2 2 2 2 2
left_child=5 9 4 -4 7 -1 -7 -3 -5 13 -8 12 -11 -2
right_child=1 2 3 8 -6 6 10 -9 -10 11 -12 -13 -14 -15
leaf_value=0.0063989616863886047 0.0044428839835714785 -0.0054374376959243536 -0.023236242863688503 -0.016832714307838708 -0.010588313153892706 0.02663946044109566 0.018626038541344446 0.0040668556232848312 -0.0012321876632771366 0.014143503119011183 0.0083430456543278613 -0.0023544850575690328 0.0029601253234927427 -0.0049568386980588883
leaf_weight=290 13.999999999999998 266 37 19 123 19 19 41 27 10.999999999999998 98 55 165 62
leaf_count=290 14 266 37 19 123 19 19 41 27 11 98 55 165 62
internal_value=8.04713e-06 -0.00431086 -0.00742377 -0.0147167 -0.00600599 0.00832753 0.0124102 -0.00415745 -0.0077635 0.000881805 0.010053 0.0022327 0.00368376 -0.00318233
internal_weight=1246 820 513 83 430 426 136 307 46 307 117 231 176 76
internal_count=1246 820 513 83 430 426 136 307 46 307 117 231 176 76
is_linear=0
shrinkage=0.03


Tree=37
num_leaves=15
num_cat=0
split_feature=2 4 0 7 2 29 2 42 42 2 0 2 17 43
split_gain=90.2148 48.0342 11.2294 7.25551 6.01366 3.42958 3.31638 6.82456 2.4349 2.12527 1.15397 1.09514 0.947164 0.940589
threshold=1.0000000180025095e-35 -0.41147273674672352 0.31132075471698112 -1.2619971404862038 0.16964285714285712 -0.62182163852076178 0.8125 0.095488990949265648 -0.78323426968875298 0.4375 0.028301886792452755 0.4017857142857143 1.3825079333635208 1.0000000180025095e-35
decision_type=2 2 2 2 2 2 2 2 2 2 2 2 2 2
left_child=-1 6 5 4 -4 12 9 -8 -5 11 -7 -2 -3 -11
right_child=1 2 3 8 -6 10 7 -9 -10 13 -12 -13 -14 -15
leaf_value=0.081527331998525562 0.0080019698355785623 -0.0040325963502401288 -0.034581770095789784 -0.0078421593718766731 -0.010703432021670498 0.0098820647266724248 0.035783363560567022 0.0052470115746224384 -0.0023312544368216978 0.0063000279698879691 0.0012073114702404952 0.016885558764668223 -0.013979769192709782 0.0017173925475285467
leaf_weight=11.999999999999998 215 79 9.9999999999999982 125 212 14.999999999999998 11.000000000000002 17 176 84 184 13.999999999999998 9.9999999999999982 82
leaf_count=12 215 79 10 125 212 15 11 17 176 84 184 14 10 82
internal_value=7.85623e-06 -0.000788989 -0.00506565 -0.00768507 -0.0118076 -0.000297427 0.00740265 0.0174348 -0.00463164 0.00667968 0.00188089 0.0085653 -0.00519836 0.00405677
internal_weight=1246 1234 811 523 222 288 423 28 301 395 199 229 89 166
internal_count=1246 1234 811 523 222 288 423 28 301 395 199 229 89 166
is_linear=0
shrinkage=0.03


Tree=38
num_leaves=15
num_cat=0
split_feature=2 4 0 7 2 27 0 26 2 4 0 0 17 0
split_gain=84.9255 45.2116 10.5772 7.15207 5.67361 3.36882 5.33554 2.81238 2.39306 1.86236 1.5698 1.10052 0.915842 0.697633
threshold=1.0000000180025095e-35 -0.41147273674672352 0.29245283018867929 -1.2619971404862038 0.16964285714285712 2.1458033557640985 0.70754716981132082 -0.67162309233973272 0.29464285714285715 -1.0547941872598263 0.65094339622641517 0.028301886792452755 0.47214319363109175 0.084905660377358458
decision_type=2 2 2 2 2 2 2 2 2 2 2 2 2 2
left_child=-1 5 7 4 -4 9 -7 13 -5 10 -2 -9 -11 -3
right_child=1 2 3 8 -6 6 -8 11 -10 12 -12 -13 -14 -15
leaf_value=0.079101724230553491 0.0078291181939511793 0.001197858698495472 -0.033554588222120069 -0.0066933622649381777 -0.010369853852655635 0.0033516541979100433 0.034670485580837962 0.0095875661109654335 -0.0013331656530134847 0.010585043111881959 0.0029804224023244267 0.001113054895889274 0.0048324783608062654 -0.0062229630867961351
leaf_weight=11.999999999999998 104 12.999999999999998 9.9999999999999982 175 217 10.000000000000002 9.9999999999999982 14.999999999999998 134 114 150 182 35 65
leaf_count=12 104 13 10 175 217 10 10 15 134 114 150 182 35 65
internal_value=7.98911e-06 -0.000765072 -0.00491425 -0.00736799 -0.0114187 0.00718215 0.0192549 -0.000119823 -0.00437976 0.00657094 0.00497982 0.00177808 0.00925804 -0.0049478
internal_weight=1246 1234 811 536 227 423 20 275 309 403 254 197 149 78
internal_count=1246 1234 811 536 227 423 20 275 309 403 254 197 149 78
is_linear=0
shrinkage=0.03


Tree=39
num_leaves=15
num_cat=0
split_feature=2 4 0 7 2 15 16 29 2 0 15 17 0 17
split_gain=79.9461 42.5528 9.95635 6.72915 5.34082 3.14015 7.27624 2.89652 2.29454 1.99106 1.65293 1.52162 0.976529 0.669207
threshold=1.0000000180025095e-35 -0.41147273674672352 0.29245283018867929 -1.2619971404862038 0.16964285714285712 0.66638825192949214 -0.99417291399189145 -0.62182163852076178 0.63392857142857151 0.65094339622641517 -0.12055043225243935 1.5231758769011998 0.028301886792452755 1.2831841451964829
decision_type=2 2 2 2 2 2 2 2 2 2 2 2 2 2
left_child=-1 5 7 4 -4 9 -7 13 -5 11 -11 -2 -9 -3
right_child=1 2 3 8 -6 6 -8 12 -10 10 -12 -13 -14 -15
leaf_value=0.076748285766475452 0.0078325555863681239 -0.0035517979522993572 -0.032557917106712214 -0.0047292352773635575 -0.010058901562226335 0.037104621128280564 0.0075492144208341543 0.0093018436957372757 0.0097255938241977511 0.00084849021624547837 0.0062693796283663852 0.020105963728510506 0.0012944998709402823 -0.011349546796034192
leaf_weight=11.999999999999998 155 74 9.9999999999999982 299 217 9.9999999999999982 31 14.999999999999998 9.9999999999999982 84 133 9.9999999999999982 174 11.999999999999998
leaf_count=12 155 74 10 299 217 10 31 15 10 84 133 10 174 12
internal_value=8.27206e-06 -0.000741712 -0.0047671 -0.00714775 -0.0110772 0.00696821 0.0149036 -0.000115185 -0.00424874 0.00610498 0.00418615 0.0086063 0.00195045 -0.00468662
internal_weight=1246 1234 811 536 227 423 41 275 309 382 217 165 189 86
internal_count=1246 1234 811 536 227 423 41 275 309 382 217 165 189 86
is_linear=0
shrinkage=0.03


Tree=40
num_leaves=15
num_cat=0
split_feature=4 5 0 29 0 46 0 16 16 32 44 15 15 0
split_gain=39.1867 11.8659 7.10559 4.77653 3.51108 3.99897 8.39155 2.86484 1.7166 2.30194 1.60762 1.34791 2.00727 0.956932
threshold=-0.41147273674672352 -1.1538964489896593 0.10377358490566037 -1.2118272150421117 0.44339622641509441 -1.3169164585862192 0.80188679245283023 1.4065554713232074 -0.25947839424975999 -0.36632086006385306 1.0000000180025095e-35 -0.90863504654113314 -0.69798654643801339 0.50000000000000011
decision_type=2 2 2 2 2 2 2 2 2 2 2 2 2 2
left_child=4 10 -3 -4 8 6 -6 -5 -1 -10 13 -7 -13 -2
right_child=1 2 3 7 5 11 -8 -9 9 -11 -12 12 -14 -15
leaf_value=0.010231063489906258 0.00044072495963867552 0.01234089959870305 -0.01619854511105116 -0.0053510719199369571 0.0040288343528906492 0.0015085874376916442 0.038815130083867819 -0.012603683480161084 0.0099811303346870883 0.03003951277281787 0.0040290143534799623 0.018737518539702569 0.0055257772906379503 -0.0044030535157034345
leaf_weight=63 163 17 49 390 17.000000000000004 76 9.9999999999999982 57 11.000000000000002 10.999999999999998 97 10.999999999999998 227 47
leaf_count=63 163 17 49 390 17 76 10 57 11 11 97 11 227 47
internal_value=8.58852e-06 -0.00382359 -0.00661556 -0.00727368 0.00739129 0.00601179 0.017119 -0.00628522 0.0128767 0.0202366 0.000832679 0.00504201 0.00615662 -0.00063066
internal_weight=1246 820 513 496 426 341 27 447 85 22 307 314 238 210
internal_count=1246 820 513 496 426 341 27 447 85 22 307 314 238 210
is_linear=0
shrinkage=0.03


Tree=41
num_leaves=15
num_cat=0
split_feature=2 3 3 0 16 42 47 17 2 0 0 0 1 0
split_gain=74.95 30.8526 14.4179 7.44558 3.51851 2.93528 2.91989 7.93678 2.51719 1.9598 1.66139 1.49513 1.21256 0.8847
threshold=1.0000000180025095e-35 1.0000000180025095e-35 0.67278118410306298 0.14150943396226412 0.934982326341533 -0.78323426968875298 -0.64239759631339677 1.2373669621623349 0.9017857142857143 0.084905660377358458 0.65094339622641517 0.028301886792452755 2.5000000000000004 0.31132075471698112
decision_type=2 2 2 2 2 2 2 2 2 2 2 2 2 2
left_child=-1 3 6 9 8 13 7 -3 -5 -2 -8 -7 -6 -4
right_child=1 2 5 4 12 11 10 -9 -10 -11 -12 -13 -14 -15
leaf_value=0.074312541465128737 0.017399520224863942 0.0081669472082765825 -0.0019722512659663982 -0.0072791095438736221 -0.0026635129491586495 0.010910912423648618 0.0078224595095756338 0.036245559684120784 0.0056223843040618489 0.0013702943166355032 0.003302558313947651 6.5190122624558461e-05 -0.014039903569677102 -0.0066710049469287163
leaf_weight=11.999999999999998 9.9999999999999982 98 65 269 9.9999999999999982 11.999999999999998 122 9.9999999999999982 13.999999999999998 23 193 221 99 88
leaf_count=12 10 98 65 269 10 12 122 10 14 23 193 221 99 88
internal_value=8.99807e-06 -0.000717097 0.00271837 -0.00726276 -0.00841823 -0.00146769 0.0065448 0.0108257 -0.00662852 0.00635616 0.00506457 0.000641079 -0.0130271 -0.00469699
internal_weight=1246 1234 809 425 392 386 423 108 283 33 315 233 109 153
internal_count=1246 1234 809 425 392 386 423 108 283 33 315 233 109 153
is_linear=0
shrinkage=0.03


Tree=42
num_leaves=15
num_cat=0
split_feature=2 4 0 7 2 29 27 0 2 4 0 17 0 43
split_gain=70.5552 35.5278 8.74443 5.05051 4.99725 3.49939 3.15024 4.97877 2.23389 1.62879 1.24136 1.02904 0.870845 0.841833
threshold=1.0000000180025095e-35 -0.41147273674672352 0.330188679245283 -1.2619971404862038 0.16964285714285712 -0.62182163852076178 2.1458033557640985 0.70754716981132082 0.63392857142857151 -1.0547941872598263 0.65094339622641517 1.4351162656466416 0.028301886792452755 1.0000000180025095e-35
decision_type=2 2 2 2 2 2 2 2 2 2 2 2 2 2
left_child=-1 6 5 4 -4 11 9 -8 -5 10 -2 -3 -7 -11
right_child=1 2 3 8 -6 12 7 -9 -10 13 -12 -13 -14 -15
leaf_value=0.07210158933292736 0.006805017337589511 -0.0039844854208601994 -0.031058603787545744 -0.0047118883271650763 -0.0092672633433439344 0.0087203556300443127 0.002656334399586856 0.032903901200630879 0.0095658595800989909 0.010596721981942413 0.002489795868089863 -0.013877632634059804 0.0011954061871247365 0.005925050770439773
leaf_weight=11.999999999999998 104 84 9.9999999999999982 279 204 14.999999999999998 10.000000000000002 9.9999999999999982 9.9999999999999982 74 150 10.999999999999998 198 75
leaf_count=12 104 84 10 279 204 15 10 10 10 74 150 11 198 75
internal_value=9.33623e-06 -0.000695078 -0.0043734 -0.006811 -0.0103136 -0.000381855 0.00634949 0.0180178 -0.00420433 0.00575864 0.00427045 -0.00517494 0.00174325 0.00827088
internal_weight=1246 1234 811 503 214 308 423 20 289 403 254 95 213 149
internal_count=1246 1234 811 503 214 308 423 20 289 403 254 95 213 149
is_linear=0
shrinkage=0.03


Tree=43
num_leaves=15
num_cat=0
split_feature=4 5 0 29 0 46 15 0 16 32 44 15 15 15
split_gain=32.7538 10.0271 6.23719 4.33789 3.02173 3.69776 7.8215 2.63706 1.52602 2.0163 1.47815 1.21851 2.16227 0.828578
threshold=-0.41147273674672352 -1.1538964489896593 0.10377358490566037 -1.2118272150421117 0.44339622641509441 -1.3169164585862192 0.46503809274461777 0.36792452830188682 -0.25947839424975999 -0.36632086006385306 1.0000000180025095e-35 -0.87225609376165947 -0.69798654643801339 -0.77362370160576666
decision_type=2 2 2 2 2 2 2 2 2 2 2 2 2 2
left_child=4 10 -3 13 8 6 -6 -5 -1 -10 -2 -7 -13 -4
right_child=1 2 3 7 5 11 -8 -9 9 -11 -12 12 -14 -15
leaf_value=0.0093521966005302055 -0.00061684030399607691 0.01169689005142764 -0.012703613719207578 -0.0019382862675035746 0.0035175735777930196 0.0012152131779729987 0.037101502241474564 -0.0071500539324338089 0.0091715541683338748 0.027971881571653725 0.0038510559348718131 0.019309261552620641 0.0049896577317907398 -0.022409006273450931
leaf_weight=63 210 17 37 122 17.000000000000004 77 9.9999999999999982 325 11.000000000000002 10.999999999999998 97 9.9999999999999982 227 11.999999999999998
leaf_count=63 210 17 37 122 17 77 10 325 11 11 97 10 227 12
internal_value=9.56187e-06 -0.00349377 -0.00606038 -0.00667728 0.00675935 0.00547858 0.0161578 -0.00573506 0.0118498 0.0187915 0.000785866 0.0045459 0.0056144 -0.0151823
internal_weight=1246 820 513 496 426 341 27 447 85 22 307 314 237 49
internal_count=1246 820 513 496 426 341 27 447 85 22 307 314 237 49
is_linear=0
shrinkage=0.03


Tree=44
num_leaves=15
num_cat=0
split_feature=2 4 0 9 2 29 15 15 2 0 15 4 17 0
split_gain=66.1527 31.5227 7.80416 4.54852 4.69806 3.21338 2.9173 6.91435 2.12389 1.59649 1.37713 1.37595 0.936158 0.816248
threshold=1.0000000180025095e-35 -0.41147273674672352 0.330188679245283 -0.16499967034123703 0.16964285714285712 -0.62182163852076178 0.66638825192949214 0.72118493276842088 0.63392857142857151 0.65094339622641517 -0.12055043225243935 -1.6751398716831756 1.4351162656466416 0.028301886792452755
decision_type=2 2 2 2 2 2 2 2 2 2 2 2 2 2
left_child=-1 6 5 8 -5 12 9 -8 -4 11 -11 -2 -3 -7
right_child=1 2 3 4 -6 13 7 -9 -10 10 -12 -13 -14 -15
leaf_value=0.069816687737614652 0.0050972447563874552 -0.0038212049120481214 -0.0044606430539898025 -0.029878370270022367 -0.0087495601043243842 0.0084256004952283636 0.035238093074392712 0.0064405353844069974 0.0094614258688865329 0.00036552442760427127 0.0053120513702585312 0.010811295341914906 -0.013265523862194371 0.0011393339892421276
leaf_weight=11.999999999999998 100 84 279 9.9999999999999982 204 14.999999999999998 9.9999999999999982 31 9.9999999999999982 84 133 65 10.999999999999998 198
leaf_count=12 100 84 279 10 204 15 10 31 10 84 133 65 11 198
internal_value=9.76457e-06 -0.000672242 -0.00413715 -0.00644 -0.00976439 -0.000365732 0.0059632 0.013606 -0.00396543 0.0051317 0.00341214 0.00737159 -0.0049591 0.00167024
internal_weight=1246 1234 811 503 214 308 423 41 289 382 217 165 95 213
internal_count=1246 1234 811 503 214 308 423 41 289 382 217 165 95 213
is_linear=0
shrinkage=0.03


Tree=45
num_leaves=14
num_cat=0
split_feature=2 4 29 8 27 16 15 7 25 31 4 43 30
split_gain=62.2739 29.6706 6.57134 4.10298 2.9445 4.76178 2.12416 2.46709 1.6988 1.45104 1.38728 0.803571 0.643055
threshold=1.0000000180025095e-35 -0.41147273674672352 -0.62182163852076178 0.6190791488155224 2.1458033557640985 1.4937550014043495 1.05379039704527 -1.3767326174569765 1.0000000180025095e-35 0.94510119239629076 -1.0547941872598263 1.0000000180025095e-35 -0.012098909793675968
decision_type=2 2 2 2 2 2 2 2 2 2 2 2 2
left_child=-1 4 6 9 10 -6 7 -3 -5 -4 12 -12 -2
right_child=1 2 3 8 5 -7 -8 -9 -10 -11 11 -13 -14
leaf_value=0.067739498181776575 0.0019306857701534691 -0.011600498291881209 -0.0060188643142779245 0.0013958978023157836 0.031616410831413637 0.0020451939234159664 0.0053350043370582086 -0.005515435601229645 -0.0033886726537677805 0.0018189850343125204 0.009801936000887199 0.0052465415752918207 0.005078152842502761
leaf_weight=11.999999999999998 101 122 208 230 10.000000000000002 9.9999999999999982 9.9999999999999982 124 94 23 74 75 153
leaf_count=12 101 122 208 230 10 10 10 124 94 23 74 75 153
internal_value=9.98188e-06 -0.000651657 -0.0040133 -0.00217111 0.00578582 0.0170638 -0.00799298 -0.00854891 0 -0.00522504 0.00521458 0.00753413 0.00383966
internal_weight=1246 1234 811 555 423 20 256 246 324 231 403 149 254
internal_count=1246 1234 811 555 423 20 256 246 324 231 403 149 254
is_linear=0
shrinkage=0.03


Tree=46
num_leaves=15
num_cat=0
split_feature=2 4 29 4 2 16 5 2 16 44 25 2 32 2
split_gain=58.6222 27.9261 6.18278 3.43138 2.74068 6.60764 2.06306 6.70435 1.71794 1.65334 1.53135 1.37624 1.08353 1.07316
threshold=1.0000000180025095e-35 -0.41147273674672352 -0.62182163852076178 0.87517016427948235 0.8125 -0.90840616697515875 0.84713071535794071 0.7767857142857143 -0.7972854004459714 0.29592301622480793 1.0000000180025095e-35 0.4375 1.8649061966887066 0.4017857142857143
decision_type=2 2 2 2 2 2 2 2 2 2 2 2 2 2
left_child=-1 4 6 9 11 -6 10 -8 -5 -4 -3 13 -13 -2
right_child=1 2 3 8 5 -7 7 -9 -10 -11 -12 12 -14 -15
leaf_value=0.065724107903882487 0.0059216200341723818 -0.0046542730901231186 -0.0016256229083535651 -0.0011742576303428963 0.034184639905348854 0.0036196128862333679 -0.022798400315525689 0.00011707909288206648 -0.0079776458183577446 0.003085929263453191 -0.010260253939073134 0.0036716157905977605 -0.0042345027154997768 0.014653052250121501
leaf_weight=11.999999999999998 215 143 312 50 10.000000000000002 18 28 19 108 85 66 149 17 13.999999999999998
leaf_count=12 215 143 312 50 10 18 28 19 108 85 66 149 17 14
internal_value=1.02975e-05 -0.000631578 -0.00389297 -0.00210585 0.0056137 0.0147253 -0.00775333 -0.0134904 -0.00584575 -0.000608774 -0.00644299 0.00495666 0.00284183 0.00647468
internal_weight=1246 1234 811 555 423 28 256 47 158 397 209 395 166 229
internal_count=1246 1234 811 555 423 28 256 47 158 397 209 395 166 229
is_linear=0
shrinkage=0.03


Tree=47
num_leaves=15
num_cat=0
split_feature=2 4 0 7 0 27 0 15 15 0 4 0 43 1
split_gain=55.1854 26.2847 6.95892 3.99937 4.69558 2.77105 4.86644 2.21864 1.95262 1.53314 1.27513 1.06262 0.737454 0.260141
threshold=1.0000000180025095e-35 -0.41147273674672352 0.330188679245283 -1.3767326174569765 0.76415094339622647 2.1458033557640985 0.70754716981132082 0.20034097290297023 -1.194009147331861 0.084905660377358458 -1.0547941872598263 0.65094339622641517 1.0000000180025095e-35 5.5000000000000009
decision_type=2 2 2 2 2 2 2 2 2 2 2 2 2 2
left_child=-1 5 8 4 -4 10 -7 -5 13 -10 11 -2 -12 -3
right_child=1 2 3 7 -6 6 -8 -9 9 -11 12 -13 -14 -15
leaf_value=0.063768679701592307 0.0059166352880477193 -0.0039160756427424111 -0.013516852450087364 -0.0064804315133058944 -0.00098155774899088134 0.0012248871394313205 0.031088948389100337 -0.0017436871685213337 0.0051812330845187379 -0.00045523781289528108 0.0092893952134664847 0.001925742382093393 0.0049221762538219143 -0.009388277875619697
leaf_weight=11.999999999999998 104 19 104 192 37 10.000000000000002 9.9999999999999982 170 54 217 74 150 75 18
leaf_count=12 104 19 104 192 37 10 10 170 54 217 74 150 75 18
internal_value=1.0177e-05 -0.000612527 -0.00377668 -0.00595113 -0.0102517 0.00544634 0.0163866 -0.00426537 -0.000215035 0.000658327 0.00489203 0.0035733 0.00711603 -0.00667722
internal_weight=1246 1234 811 503 141 423 20 362 308 271 403 254 149 37
internal_count=1246 1234 811 503 141 423 20 362 308 271 403 254 149 37
is_linear=0
shrinkage=0.03


Tree=48
num_leaves=15
num_cat=0
split_feature=2 3 3 16 15 15 42 2 5 15 16 2 30 2
split_gain=51.95 20.6338 9.27601 3.41009 2.6207 6.43177 2.29475 1.87779 2.62797 1.63098 1.90584 1.37693 0.928785 0.688882
threshold=1.0000000180025095e-35 1.0000000180025095e-35 0.67278118410306298 0.934982326341533 0.66638825192949214 0.72118493276842088 -0.78323426968875298 0.9017857142857143 0.84713071535794071 -1.2165573523470272 1.6379750025462598 0.4375 1.0652858543650729 0.062499999999999951
decision_type=2 2 2 2 2 2 2 2 2 2 2 2 2 2
left_child=-1 3 4 7 11 -6 13 8 -2 -5 -11 -3 -8 -4
right_child=1 2 6 9 5 -7 12 -9 -10 10 -12 -13 -14 -15
leaf_value=0.06187142957340587 -0.004026536176302286 0.0061270789146230433 -0.010688205110477923 -0.021541436121270467 0.033384988412980252 0.0056160157572753564 -0.00036545278781453664 0.0063203106646208046 -0.01533567988494439 -0.0061656213853799359 -0.014906414395723586 0.00246379292214617 0.0039759026703703676 -0.0033477413557007176
leaf_weight=11.999999999999998 276 211 12.999999999999998 10.999999999999998 9.9999999999999982 31 174 13.999999999999998 20 69 35 171 59 140
leaf_count=12 276 211 13 11 10 31 174 14 20 69 35 171 59 140
internal_value=1.00807e-05 -0.000594022 0.00221498 -0.00594737 0.0052844 0.0125267 -0.00114137 -0.0042917 -0.00480572 -0.0103768 -0.00914755 0.00449616 0.000722224 -0.00399761
internal_weight=1246 1234 809 425 423 41 386 310 296 115 104 382 233 153
internal_count=1246 1234 809 425 423 41 386 310 296 115 104 382 233 153
is_linear=0
shrinkage=0.03


Tree=49
num_leaves=15
num_cat=0
split_feature=4 0 3 29 0 46 0 17 30 15 0 17 15 15
split_gain=22.9397 7.85952 4.82773 3.01525 2.41111 3.24641 7.3109 2.26411 1.45194 1.41928 1.41724 1.21458 0.968768 2.11519
threshold=-0.41147273674672352 0.36792452830188682 0.67278118410306298 -0.62182163852076178 0.44339622641509441 -1.3169164585862192 0.80188679245283023 0.86320049825729794 1.1994543339219834 0.94441652546602062 0.76415094339622647 1.4351162656466416 -0.87225609376165947 -0.69798654643801339
decision_type=2 2 2 2 2 2 2 2 2 2 2 2 2 2
left_child=4 3 7 11 -1 6 -6 9 -4 -3 -9 -2 -7 -14
right_child=1 2 8 -5 5 12 -8 10 -10 -11 -12 -13 13 -15
leaf_value=0.010206523554795777 -0.0023753459608196171 -0.007747812984583431 -0.0027325956594431927 0.002309179696065239 0.0023016410007288572 0.00066950424172071172 0.034754229963821645 -0.015459133990240188 0.0063663833065513969 -0.0014565150603098823 -0.006449559849215694 -0.011638471531552196 0.018114567072969854 0.0039750275609902845
leaf_weight=85 94 147 184 244 17.000000000000004 77 9.9999999999999982 51 17 43 25 14.999999999999998 9.9999999999999982 227
leaf_count=85 94 147 184 244 17 77 10 51 17 43 25 15 10 227
internal_value=9.7383e-06 -0.00292174 -0.00547534 0.000448626 0.0056589 0.00451387 0.0145157 -0.00812974 -0.00194533 -0.00634129 -0.0125472 -0.00368709 0.00363994 0.00459167
internal_weight=1246 820 467 353 426 341 27 266 201 190 76 109 314 237
internal_count=1246 820 467 353 426 341 27 266 201 190 76 109 314 237
is_linear=0
shrinkage=0.03


Tree=50
num_leaves=15
num_cat=0
split_feature=2 4 0 29 27 16 29 3 17 4 0 17 43 0
split_gain=48.7597 21.9401 6.04371 3.56811 2.61477 4.59413 2.32457 1.93684 1.84757 1.0966 0.919254 0.78547 0.72728 0.716595
threshold=1.0000000180025095e-35 -0.41147273674672352 0.330188679245283 -0.78686068884685045 2.1458033557640985 1.4937550014043495 -0.62182163852076178 0.67278118410306298 -0.61153901676011435 -1.0547941872598263 0.65094339622641517 1.4351162656466416 1.0000000180025095e-35 0.028301886792452755
decision_type=2 2 2 2 2 2 2 2 2 2 2 2 2 2
left_child=-1 4 6 8 9 -6 11 -5 -4 10 -2 -3 -11 -8
right_child=1 2 3 7 5 -7 13 -9 -10 12 -12 -13 -14 -15
leaf_value=0.059941353640280477 0.0053765003825672047 -0.0030121799112313098 -0.0036567469574974778 -0.0062886791678296201 0.029865430877129031 0.00085033338664486867 0.0079155862718721885 -0.0021502279357269918 -0.013604153968084792 0.0086366731487214563 0.0016633773088808247 -0.011656806984463254 0.0043120293926445152 0.0010849020642274027
leaf_weight=11.999999999999998 104 84 24 215 10.000000000000002 9.9999999999999982 14.999999999999998 199 65 74 150 10.999999999999998 75 198
leaf_count=12 104 84 24 215 10 10 15 199 65 74 150 11 75 198
internal_value=9.52041e-06 -0.000575664 -0.00346669 -0.00549307 0.0049596 0.0155835 -0.000146934 -0.00430767 -0.0109625 0.00442118 0.00319704 -0.00405589 0.00648431 0.0015835
internal_weight=1246 1234 811 503 423 20 308 414 89 403 254 95 149 213
internal_count=1246 1234 811 503 423 20 308 414 89 403 254 95 149 213
is_linear=0
shrinkage=0.03


Tree=51
num_leaves=15
num_cat=0
split_feature=2 4 29 4 15 16 29 16 5 2 15 16 30 2
split_gain=45.9008 20.653 4.89341 3.07262 2.45647 6.31789 1.61418 1.22734 1.16966 1.09596 1.0529 1.05192 0.833546 0.587554
threshold=1.0000000180025095e-35 -0.41147273674672352 -0.78686068884685045 0.87517016427948235 0.66638825192949214 -0.99417291399189145 0.81143597850700877 0.88608824925348806 -0.30600358274068951 0.13392857142857142 -1.2165573523470272 -1.0982662672918768 1.0652858543650729 0.2767857142857143
decision_type=2 2 2 2 2 2 2 2 2 2 2 2 2 2
left_child=-1 4 7 6 8 -6 -4 13 9 -2 -9 -5 -10 -3
right_child=1 2 3 11 5 -7 -8 10 12 -11 -12 -13 -14 -15
leaf_value=0.058157973998834274 0.0028228647194853324 -0.007631759269619817 -0.0018286971792621422 -0.00057144082092017016 0.032487799084127536 0.0049760854536749066 0.0024305469761435466 -0.020234207591494999 0.0027203429565749305 0.011744683341723737 -0.0095658614512252223 -0.0063241294026458918 0.0070933237481138603 -0.0023523190357502659
leaf_weight=11.999999999999998 22 63 353 36 9.9999999999999982 31 103 10.999999999999998 281 32 49 166 47 30
leaf_count=12 22 63 353 36 10 31 103 11 281 32 49 166 47 30
internal_value=9.57011e-06 -0.000558128 -0.00336314 -0.00223247 0.00481223 0.011822 -0.000859732 -0.00820152 0.00404913 0.00817726 -0.0116021 -0.00531453 0.00335807 -0.00596529
internal_weight=1246 1234 811 658 423 41 456 153 382 54 60 202 328 93
internal_count=1246 1234 811 658 423 41 456 153 382 54 60 202 328 93
is_linear=0
shrinkage=0.03


Tree=52
num_leaves=15
num_cat=0
split_feature=2 4 0 29 27 0 7 15 0 0 30 15 46 15
split_gain=43.2098 19.4434 5.58024 3.89234 2.47235 4.74857 2.03935 1.51567 1.1839 1.09217 1.02933 1.9785 0.540178 0.142678
threshold=1.0000000180025095e-35 -0.41147273674672352 0.29245283018867929 -0.81520984738207891 2.1458033557640985 0.70754716981132082 -1.2619971404862038 -1.194009147331861 0.084905660377358458 0.74528301886792458 -0.012098909793675968 -0.71110004973017638 1.071975837585516 -1.8565580387099485
decision_type=2 2 2 2 2 2 2 2 2 2 2 2 2 2
left_child=-1 4 7 9 10 -6 -5 13 -9 -4 12 -12 -2 -3
right_child=1 2 3 6 5 -7 -8 8 -10 -11 11 -13 -14 -15
leaf_value=0.056427654806247424 0.001397375723195214 -0.003127014755906648 -0.013214049906827844 -0.0065163629224640517 4.2449991901100833e-05 0.02951033341375613 -0.0023562240088346093 0.0049577701610535405 -6.6372003020485494e-05 -0.0049682813907545318 0.013549063709985727 0.0044308584417333445 0.007005053637600735 -0.0075574102498473916
leaf_weight=11.999999999999998 129 14.999999999999998 60 174 10.000000000000002 9.9999999999999982 281 54 187 21 24 232 18 19
leaf_count=12 129 15 60 174 10 10 281 54 187 21 24 232 18 19
internal_value=9.46096e-06 -0.000541273 -0.00326297 -0.00504538 0.00466937 0.0149992 -0.00395481 0.000200773 0.00104852 -0.011122 0.00414569 0.00530236 0.00210872 -0.0057057
internal_weight=1246 1234 811 536 423 20 455 275 241 81 403 256 147 34
internal_count=1246 1234 811 536 423 20 455 275 241 81 403 256 147 34
is_linear=0
shrinkage=0.03


Tree=53
num_leaves=15
num_cat=0
split_feature=2 4 0 29 27 16 2 29 8 5 2 0 17 27
split_gain=40.6765 18.3046 5.26891 3.02162 2.32891 4.52307 2.09513 1.99679 1.01468 0.978568 0.979412 0.731415 0.679618 0.66425
threshold=1.0000000180025095e-35 -0.41147273674672352 0.330188679245283 -0.81520984738207891 2.1458033557640985 1.4937550014043495 0.56250000000000011 -0.62182163852076178 0.14930887657246883 -0.30600358274068951 0.13392857142857142 0.14150943396226412 0.018827498178030404 -0.46705814062159662
decision_type=2 2 2 2 2 2 2 2 2 2 2 2 2 2
left_child=-1 4 7 8 9 -6 -5 11 -4 10 -2 -3 -9 -11
right_child=1 2 3 6 5 -7 -8 12 -10 13 -12 -13 -14 -15
leaf_value=0.054748814815332079 0.0024853358441032465 -7.2352716895885471e-05 -0.0059575414012387855 -0.0047691238707952442 0.028719719980271653 0 0.0021642840129869993 0.0028422246438475074 -0.013368017486041517 0.0012931759172316432 0.011182207519832616 -0.0056532284347858711 -0.00063807027978415203 0.0042535678483748163
leaf_weight=11.999999999999998 20 34 29 384 10.000000000000002 9.9999999999999982 43 134 47 98 32 61 79 253
leaf_count=12 20 34 29 384 10 10 43 134 47 98 32 61 79 253
internal_value=9.36858e-06 -0.000524906 -0.00316576 -0.00505772 0.00453075 0.0145581 -0.00406354 -6.55908e-05 -0.0105913 0.00402218 0.00790603 -0.00368958 0.00153764 0.00343617
internal_weight=1246 1234 811 503 423 20 427 308 76 403 52 95 213 351
internal_count=1246 1234 811 503 423 20 427 308 76 403 52 95 213 351
is_linear=0
shrinkage=0.03


Tree=54
num_leaves=15
num_cat=0
split_feature=2 4 0 29 2 42 7 15 0 0 2 17 43 15
split_gain=38.2915 17.2312 4.96188 3.46123 2.30497 6.22864 1.92402 1.38693 1.09237 1.02349 0.969438 1.1058 0.884437 0.13339
threshold=1.0000000180025095e-35 -0.41147273674672352 0.29245283018867929 -0.81520984738207891 0.8125 0.095488990949265648 -1.2619971404862038 -1.194009147331861 0.084905660377358458 0.74528301886792458 0.4375 1.72480867308204 0.2593530581336207 -1.8565580387099485
decision_type=2 2 2 2 2 2 2 2 2 2 2 2 2 2
left_child=-1 4 7 9 10 -6 -5 13 -9 -4 11 -2 -12 -3
right_child=1 2 3 6 5 -7 -8 8 -10 -11 12 -13 -14 -15
leaf_value=0.053119924501939246 0.0044137361781302169 -0.002954054557724504 -0.012507452066498071 -0.0062108108344702349 0.030237661378601292 0.0011425048294232078 -0.0021701784761295291 0.0047609190875406134 -6.4510735718297961e-05 -0.0045261617347386205 0.0035834774799322665 0.012076816050889193 -0.0010102943777988221 -0.0072466357629648679
leaf_weight=11.999999999999998 210 14.999999999999998 60 174 11.000000000000002 17 281 54 187 21 110 19 56 19
leaf_count=12 210 15 60 174 11 17 281 54 187 21 110 19 56 19
internal_value=9.40699e-06 -0.000508896 -0.00307121 -0.00475199 0.0043962 0.0127464 -0.003723 0.000194398 0.00100579 -0.0104834 0.00379361 0.00506763 0.00201603 -0.00545504
internal_weight=1246 1234 811 536 423 28 455 275 241 81 395 229 166 34
internal_count=1246 1234 811 536 423 28 455 275 241 81 395 229 166 34
is_linear=0
shrinkage=0.03


Tree=55
num_leaves=15
num_cat=0
split_feature=2 4 0 0 2 15 27 29 0 17 15 0 17 0
split_gain=36.0468 16.2203 4.68924 2.94049 7.37456 2.29809 6.23426 1.82052 1.13498 1.34095 1.01214 0.730134 0.646544 0.121145
threshold=1.0000000180025095e-35 -0.41147273674672352 0.330188679245283 0.9528301886792454 0.63392857142857151 0.66638825192949214 -0.11594346385341955 -0.75742812297906958 0.65094339622641517 1.5231758769011998 -0.12055043225243935 0.084905660377358458 1.4351162656466416 0.85849056603773599
decision_type=2 2 2 2 2 2 2 2 2 2 2 2 2 2
left_child=-1 5 7 4 -4 8 13 12 9 -2 -10 -9 -3 -7
right_child=1 2 3 -5 -6 6 -8 11 10 -11 -12 -13 -14 -15
leaf_value=0.051539497789272588 0.0046925254513750956 -0.0027418996474032628 -0.0053741538329034159 -0.018866251668402258 0.0092630194446066353 0.0023607036747419117 0.031562453195600228 0.0045872620889791825 -0.00046893313586353087 0.016137994911411019 0.0037073338675254271 0.0004218500190609821 -0.0106730909605284 0.0065899994400621361
leaf_weight=11.999999999999998 155 73 457 12.999999999999998 33 18.000000000000004 9.9999999999999982 49 84 9.9999999999999982 133 175 10.999999999999998 12.999999999999998
leaf_count=12 155 73 457 13 33 18 10 49 84 10 133 175 11 13
internal_value=9.15528e-06 -0.000493655 -0.00297975 -0.00476459 -0.00438057 0.00426531 0.0110423 -5.45397e-05 0.00352738 0.00541372 0.00207742 0.00134806 -0.00382764 0.00424623
internal_weight=1246 1234 811 503 490 423 41 308 382 165 217 224 84 31
internal_count=1246 1234 811 503 490 423 41 308 382 165 217 224 84 31
is_linear=0
shrinkage=0.03


Tree=56
num_leaves=15
num_cat=0
split_feature=3 0 3 17 30 17 44 25 3 0 0 16 0 0
split_gain=15.3009 5.34757 4.75676 2.86628 2.01897 6.76859 1.66682 1.6271 1.59762 4.46816 1.35302 1.26667 1.04548 1.01026
threshold=1.0000000180025095e-35 0.10377358490566037 0.67278118410306298 -0.66019733689967686 0.84990388806752104 1.2523939746011357 1.0000000180025095e-35 1.0000000180025095e-35 -1.2903904153632082 0.76415094339622647 0.44339622641509441 -0.25947839424975999 0.50000000000000011 0.44339622641509441
decision_type=2 2 2 2 2 2 2 2 2 2 2 2 2 2
left_child=1 -1 4 7 10 13 12 -3 -5 -10 11 -2 -4 -6
right_child=2 3 6 8 5 -7 -8 -9 9 -11 -12 -13 -14 -15
leaf_value=0.011787028327388198 0.0048174422150984606 0.00088342995486940905 0.00020502612523501596 -0.0055376038812998841 0.011612596567102234 0.031623434412597427 0.0029096106255427612 -0.0076714281737804407 -0.017093967001469288 -0.001959627035681841 0.0024304163296661498 0.015104830376557167 -0.00359457460340179 0.0040532764918823159
leaf_weight=17 44 84 163 226 21 9.9999999999999982 124 26 42 31 259 14.999999999999998 107 77
leaf_count=17 44 84 163 226 21 10 124 26 42 31 259 15 107 77
internal_value=9.39276e-06 -0.00459991 0.00240791 -0.00529108 0.00460498 0.00816772 2.42159e-05 -0.00111651 -0.00681596 -0.0107196 0.00338338 0.00750477 -0.00129041 0.0057139
internal_weight=1246 426 820 409 426 108 394 110 299 73 318 59 270 98
internal_count=1246 426 820 409 426 108 394 110 299 73 318 59 270 98
is_linear=0
shrinkage=0.03


Tree=57
num_leaves=14
num_cat=0
split_feature=2 4 29 2 2 27 2 17 42 8 2 30 25
split_gain=33.7783 14.3832 3.81895 2.8297 4.42056 2.17851 4.64336 0.872689 0.976544 0.871231 0.92501 0.860019 0.618702
threshold=1.0000000180025095e-35 -0.41147273674672352 0.39585898252724294 0.95535714285714279 0.7767857142857143 2.1458033557640985 0.7232142857142857 0.59328476053949997 1.5981220957051816 -1.9100328982604513 0.062499999999999951 -0.012098909793675968 1.0000000180025095e-35
decision_type=2 2 2 2 2 2 2 2 2 2 2 2 2
left_child=-1 5 3 4 -3 9 -7 12 -9 10 -2 -11 -4
right_child=1 2 7 -5 -6 6 -8 8 -10 11 -12 -13 -14
leaf_value=0.049892151808935747 -0.00028824754008972966 -0.0042320982127568999 0.0026825421680887209 -0.018504581813477288 0.011210475969210005 -0.00049506765449106082 0.028052164452648399 -0.0050622599767962302 0.0052743972157414006 0.00094260749388371673 0.0092463315161026641 0.0040741888801460718 -0.0013224816433848089
leaf_weight=11.999999999999998 10.999999999999998 561 124 11.999999999999998 17 10.000000000000002 9.9999999999999982 40 9.9999999999999982 126 41 225 47
leaf_count=12 11 561 124 12 17 10 10 40 10 126 41 225 47
internal_value=9.51921e-06 -0.000477136 -0.00281833 -0.00407869 -0.00377085 0.00400405 0.0136978 0.000533195 -0.00292865 0.00351225 0.00717514 0.00295916 0.00156408
internal_weight=1246 1234 811 590 578 423 20 221 50 403 52 351 171
internal_count=1246 1234 811 590 578 423 20 221 50 403 52 351 171
is_linear=0
shrinkage=0.03


Tree=58
num_leaves=15
num_cat=0
split_feature=2 4 0 7 0 47 15 31 29 0 2 15 0 17
split_gain=31.7978 13.5355 4.15077 2.66297 3.69296 2.20326 8.76595 1.67114 1.62449 1.15049 1.33478 0.741686 0.651852 0.589129
threshold=1.0000000180025095e-35 -0.41147273674672352 0.330188679245283 -1.3767326174569765 0.76415094339622647 -0.78969614749288197 0.59644770443306072 0.94510119239629076 -0.75742812297906958 0.65094339622641517 0.41964285714285715 -0.12055043225243935 0.084905660377358458 1.4351162656466416
decision_type=2 2 2 2 2 2 2 2 2 2 2 2 2 2
left_child=-1 5 8 4 -4 6 -2 -5 13 10 -7 -11 -10 -3
right_child=1 2 3 7 -6 9 -8 -9 12 11 -12 -13 -14 -15
leaf_value=0.048407756750248672 0.0039593407003751472 -0.0025081908684886395 -0.010816870839227666 -0.003534312888752457 0.00013778996736694859 0.0040586052958702231 0.034772489917750407 0.0053150716220000888 0.0044053397958532976 -0.00058276243174811839 0.013605811712609618 0.0029856742247918277 0.00046673391689027821 -0.010080852766294737
leaf_weight=11.999999999999998 49 73 104 342 37 131 9.9999999999999982 20 49 84 14.999999999999998 134 175 10.999999999999998
leaf_count=12 49 73 104 342 37 131 10 20 49 84 15 134 175 11
internal_value=9.50202e-06 -0.000462599 -0.00273382 -0.004413 -0.00792292 0.00388444 0.00928267 -0.00303578 0 0.0029989 0.00506866 0.00159729 0.00134327 -0.00354633
internal_weight=1246 1234 811 503 141 423 59 362 308 364 146 218 224 84
internal_count=1246 1234 811 503 141 423 59 362 308 364 146 218 224 84
is_linear=0
shrinkage=0.03


Tree=59
num_leaves=15
num_cat=0
split_feature=2 4 0 7 2 15 27 2 15 16 32 1 9 0
split_gain=29.9331 12.7396 3.94368 4.66292 4.00883 2.08966 5.83977 1.7585 1.13818 0.975274 1.05273 0.752923 0.325945 0.0999401
threshold=1.0000000180025095e-35 -0.41147273674672352 0.17924528301886791 -1.2619971404862038 0.16964285714285712 0.66638825192949214 -0.11594346385341955 0.026785714285714253 -0.60863884499512599 0.58912469725798633 1.8649061966887066 5.5000000000000009 -0.38954050612671259 0.85849056603773599
decision_type=2 2 2 2 2 2 2 2 2 2 2 2 2 2
left_child=-1 5 8 4 -4 9 13 -5 -3 10 -2 -10 -11 -7
right_child=1 2 3 7 -6 6 -8 -9 11 12 -12 -13 -14 -15
leaf_value=0.04696752666441862 0.0034082106822716659 -0.0028705439842709401 -0.025329560894187135 -0.013322261483282657 -0.005950067000821067 0.0019261205007028836 0.03008555463257034 -0.0011683906327306429 0.0013421065960740426 -0.0029431616934982446 0.012207474705500116 0.0064919806099341957 0.0013426022055991894 0.0057792152589514045
leaf_weight=11.999999999999998 298 38 9.9999999999999982 10.999999999999998 262 18.000000000000004 9.9999999999999982 371 80 24 12.999999999999998 39 47 12.999999999999998
leaf_count=12 298 38 10 11 262 18 10 371 80 24 13 39 47 13
internal_value=9.72396e-06 -0.000448254 -0.00265175 -0.00367804 -0.00668262 0.00376896 0.0102296 -0.00152962 0.00160389 0.0030652 0.00378947 0.0030591 -6.60145e-05 0.00365178
internal_weight=1246 1234 811 654 272 423 41 382 157 382 311 119 71 31
internal_count=1246 1234 811 654 272 423 41 382 157 382 311 119 71 31
is_linear=0
shrinkage=0.03


Tree=60
num_leaves=13
num_cat=0
split_feature=2 3 0 3 0 2 27 0 42 0 5 2
split_gain=28.1781 10.7046 4.9166 4.21449 2.40686 4.81312 2.03768 4.3401 1.57162 0.88623 0.800515 0.524709
threshold=1.0000000180025095e-35 1.0000000180025095e-35 0.084905660377358458 0.67278118410306298 0.9528301886792454 0.7767857142857143 2.1458033557640985 0.70754716981132082 -0.78323426968875298 0.028301886792452755 -0.30600358274068951 0.062499999999999951
decision_type=2 2 2 2 2 2 2 2 2 2 2 2
left_child=-1 2 -2 6 5 -4 10 -8 11 -10 -3 -5
right_child=1 3 4 8 -6 -7 7 -9 9 -11 -12 -13
leaf_value=0.045570145421776891 0.016328100148994145 0.0066912545214430378 -0.0051894216118007009 -0.008872749141580958 -0.01753549485716201 0.008875855719549703 -0.00068173556902104647 0.026910578995057853 0.0087872663286633883 0.00042168798696109452 0.0026510875386100263 -0.0024686892214916723
leaf_weight=11.999999999999998 9.9999999999999982 52 379 12.999999999999998 12.999999999999998 23 10.000000000000002 9.9999999999999982 11.999999999999998 221 351 140
leaf_count=12 10 52 379 13 13 23 10 10 12 221 351 140
internal_value=9.71623e-06 -0.000434561 -0.00429094 0.00158792 -0.00479883 -0.00437522 0.00365711 0.0130304 -0.000672197 0.000868988 0.00318137 -0.00303786
internal_weight=1246 1234 425 809 415 402 423 20 386 233 403 153
internal_count=1246 1234 425 809 415 402 423 20 386 233 403 153
is_linear=0
shrinkage=0.03


Tree=61
num_leaves=14
num_cat=0
split_feature=2 3 0 3 16 47 2 2 44 0 0 2 32
split_gain=26.5258 10.072 4.6676 3.96619 2.24442 2.08712 6.54498 1.7786 1.49209 1.09812 1.0756 1.01608 0.590425
threshold=1.0000000180025095e-35 1.0000000180025095e-35 0.10377358490566037 0.67278118410306298 0.934982326341533 -0.78969614749288197 0.4732142857142857 0.9017857142857143 1.0000000180025095e-35 0.93396226415094341 0.65094339622641517 0.044642857142857102 -0.48287749735689717
decision_type=2 2 2 2 2 2 2 2 2 2 2 2 2
left_child=-1 2 -2 5 7 6 -3 -4 11 -6 -7 -5 -10
right_child=1 3 4 8 9 10 -8 -9 12 -11 -12 -13 -14
leaf_value=0.044214338862206319 0.011144614954266632 0.0041876640730933896 -0.0039541097774941115 -0.010854853099665126 -0.0073113872150147178 0.0046862567129718931 0.030840677565175785 0.0068964938803556114 0.0057442205484826547 -0.016825707038395279 0.0013311888749282944 -0.0015212578387665686 0.00084639097601463492
leaf_weight=11.999999999999998 17 49 283 10.999999999999998 98 146 9.9999999999999982 13.999999999999998 30 12.999999999999998 218 253 92
leaf_count=12 17 49 283 11 98 146 10 14 30 13 218 253 92
internal_value=9.76537e-06 -0.000421218 -0.00416198 0.00154052 -0.00480968 0.00354786 0.00880043 -0.00343039 -0.000651815 -0.00846682 0.00268606 -0.00192548 0.00207906
internal_weight=1246 1234 425 809 408 423 59 297 386 111 364 264 122
internal_count=1246 1234 425 809 408 423 59 297 386 111 364 264 122
is_linear=0
shrinkage=0.03


Tree=62
num_leaves=15
num_cat=0
split_feature=2 4 0 7 0 15 42 45 15 16 30 17 16 9
split_gain=24.9704 10.6222 3.67391 2.50414 4.56963 1.99703 5.57212 1.70051 1.53408 0.962334 1.19605 0.822205 0.583471 0.271609
threshold=1.0000000180025095e-35 -0.41147273674672352 0.3867924528301887 -1.3767326174569765 0.76415094339622647 0.66638825192949214 0.3125677785593397 1.0000000180025095e-35 0.20034097290297023 0.58912469725798633 -0.012098909793675968 1.3024667050842083 0.88608824925348806 -0.38954050612671259
decision_type=2 2 2 2 2 2 2 2 2 2 2 2 2 2
left_child=-1 5 7 4 -4 9 -7 11 -5 10 -2 -3 -9 -11
right_child=1 2 3 8 -6 6 -8 12 -10 13 -12 -13 -14 -15
leaf_value=0.042898870952858409 0.001360499496863559 -0.0014072124196004765 -0.012260516260964397 -0.0048224142486127516 0.00048763587528643897 0.026884081482941146 0.0024974740864997054 0.0027106728196503631 -0.00070200573649243227 -0.0029783820865977228 0.0051420278131737466 -0.0081629140831488926 -0.0030781620420646245 0.00091921093540352715
leaf_weight=11.999999999999998 138 185 77 177 37 11.999999999999998 29 146 154 24 173 18 17 47
leaf_count=12 138 185 77 177 37 12 29 146 154 24 173 18 17 47
internal_value=9.85623e-06 -0.000408228 -0.00242048 -0.00425168 -0.00809986 0.00344235 0.00975606 -0.00018528 -0.00291522 0.00275448 0.00347467 -0.00202474 0.00208702 -0.000358427
internal_weight=1246 1234 811 445 114 423 41 366 331 382 311 203 163 71
internal_count=1246 1234 811 445 114 423 41 366 331 382 311 203 163 71
is_linear=0
shrinkage=0.03


Tree=63
num_leaves=15
num_cat=0
split_feature=2 4 0 7 0 2 42 45 2 25 27 0 17 4
split_gain=23.5064 9.99915 3.4563 2.35456 4.30149 1.93643 5.97291 1.60007 1.47141 0.836319 0.819822 0.891556 0.569757 0.156203
threshold=1.0000000180025095e-35 -0.41147273674672352 0.3867924528301887 -1.3767326174569765 0.76415094339622647 0.8125 0.095488990949265648 1.0000000180025095e-35 0.63392857142857151 1.0000000180025095e-35 0.74111703363472581 0.44339622641509441 1.0000000180025095e-35 -1.6751398716831756
decision_type=2 2 2 2 2 2 2 2 2 2 2 2 2 2
left_child=-1 5 7 4 -4 10 -7 9 -5 -3 11 -2 -9 -12
right_child=1 2 3 8 -6 6 -8 12 -10 -11 13 -13 -14 -15
leaf_value=0.041622540980331163 0.006448488946730742 -0.0012205310088009348 -0.011893178012207557 -0.0031887488919983887 0.00047304646039225982 0.028105271694728644 -1.2934832280223948e-05 0.0034865969997791364 0.0083691982578228009 -0.0071167008086029746 0.00072941093052404486 0.0025305853962665666 -8.2582816697865643e-05 -0.0027235655593020572
leaf_weight=11.999999999999998 66 178 77 321 37 11.000000000000002 17 97 9.9999999999999982 25 22 284 66 23
leaf_count=12 66 178 77 321 37 11 17 97 10 25 22 284 66 23
internal_value=9.67967e-06 -0.000395892 -0.0023483 -0.00412445 -0.00785639 0.00333996 0.0109874 -0.000180049 -0.00282808 -0.00196458 0.00278762 0.00327959 0.00202385 -0.000971051
internal_weight=1246 1234 811 445 114 423 28 366 331 203 395 350 163 45
internal_count=1246 1234 811 445 114 423 28 366 331 203 395 350 163 45
is_linear=0
shrinkage=0.03


Tree=64
num_leaves=14
num_cat=0
split_feature=2 4 0 0 2 29 46 15 0 17 15 0 0
split_gain=22.1283 9.41037 3.25081 2.39468 6.07837 2.02171 1.93726 6.95596 0.936623 1.13717 0.810356 0.608103 0.551238
threshold=1.0000000180025095e-35 -0.41147273674672352 0.3867924528301887 0.9528301886792454 0.75892857142857151 -0.75742812297906958 -1.3169164585862192 0.46503809274461777 0.65094339622641517 1.5231758769011998 -0.12055043225243935 0.29245283018867929 0.028301886792452755
decision_type=2 2 2 2 2 2 2 2 2 2 2 2 2
left_child=-1 6 5 4 -4 11 7 -2 9 -8 -10 -3 -7
right_child=1 2 3 -5 -6 12 8 -9 10 -11 -12 -13 -14
leaf_value=0.040384184585129913 0 -0.0024296954962726618 -0.0045139159586021892 -0.016704105441351886 0.010393782990460079 0.0067882813064887226 0.0037836664622550777 0.030863079247756466 -0.00087261891802030921 0.014335464255349472 0.0027711290982221103 -0.0080081253829586054 0.00084277915318676394
leaf_weight=11.999999999999998 19.000000000000004 77 406 12.999999999999998 26 14.999999999999998 147 9.9999999999999982 84 9.9999999999999982 153 24 250
leaf_count=12 19 77 406 13 26 15 147 10 84 10 153 24 250
internal_value=9.54706e-06 -0.000383885 -0.00227801 -0.00400056 -0.00360755 -0.000174934 0.00324022 0.0107457 0.00267759 0.00448355 0.0014672 -0.00379155 0.00119307
internal_weight=1246 1234 811 445 432 366 423 29 394 157 237 101 265
internal_count=1246 1234 811 445 432 366 423 29 394 157 237 101 265
is_linear=0
shrinkage=0.03


Tree=65
num_leaves=15
num_cat=0
split_feature=3 0 30 17 0 17 3 0 0 0 16 26 15 48
split_gain=9.34095 4.21904 3.35822 5.64076 2.19105 2.16247 1.64727 1.35225 0.949016 0.887119 0.876568 0.830487 0.975307 0.776495
threshold=1.0000000180025095e-35 0.084905660377358458 0.84990388806752104 1.2523939746011357 0.9528301886792454 -0.66019733689967686 0.67278118410306298 0.17924528301886791 0.44339622641509441 0.59433962264150952 -0.25947839424975999 0.59493882486167593 0.53091934089461013 -0.42957608258090357
decision_type=2 2 2 2 2 2 2 2 2 2 2 2 2 2
left_child=1 -1 6 11 5 -3 8 -7 10 -8 -2 -4 -13 -11
right_child=2 4 3 -5 -6 7 9 -9 -10 13 -12 12 -14 -15
leaf_value=0.015509728479503406 0.0036528790078829134 0 -0.0015728703713658902 0.026390940980683709 -0.016206807714837197 0.00065291253056410932 0.00036801796838772699 -0.0057092430870621137 0.0016509678876724789 -0.011018311369537128 0.012230347978160871 0.0087828281212337708 0.0032431548633480491 -0.0020689883835662559
leaf_weight=9.9999999999999982 44 108 19 10.999999999999998 12.999999999999998 33 244 262 259 9.9999999999999982 14.999999999999998 43 95 80
leaf_count=10 44 108 19 11 13 33 244 262 259 10 15 43 95 80
internal_value=9.61567e-06 -0.00359126 0.00188418 0.00566842 -0.00406125 -0.00365809 0.000903785 -0.0049874 0.0024506 -0.000560245 0.00590136 0.00418155 0.00499612 -0.00310778
internal_weight=1246 426 820 168 416 403 652 295 318 334 59 157 138 90
internal_count=1246 426 820 168 416 403 652 295 318 334 59 157 138 90
is_linear=0
shrinkage=0.03


Tree=66
num_leaves=13
num_cat=0
split_feature=2 4 29 0 27 16 2 16 16 2 0 0
split_gain=20.7278 8.33707 3.07504 2.51923 1.9736 4.27627 1.52746 1.02869 0.872837 0.746274 1.10732 0.707182
threshold=1.0000000180025095e-35 -0.41147273674672352 -0.81520984738207891 0.3867924528301887 2.1458033557640985 1.4937550014043495 0.56250000000000011 1.6902301808760041 0.90547605908364492 0.044642857142857102 0.44339622641509441 0.76415094339622647
decision_type=2 2 2 2 2 2 2 2 2 2 2 2
left_child=-1 4 7 8 9 -6 -5 11 -4 -2 -11 -3
right_child=1 2 3 6 5 -7 -8 -9 -10 10 -12 -13
leaf_value=0.039085822223631807 -0.0041260446433691268 -0.0063867084258327298 0.0013807167453617193 -0.0036572223282715127 0.026041302284142826 -0.0013537682127668569 0.002305514630850776 -0.015744904344624812 -0.0031320342121226611 0.0062577303387118394 0.0020568140386213406 0.00058829171226379721
leaf_weight=11.999999999999998 13.999999999999998 107 257 335 10.000000000000002 9.9999999999999982 43 9.9999999999999982 45 70 319 13.999999999999998
leaf_count=12 14 107 257 335 10 10 43 10 45 70 319 14
internal_value=9.56303e-06 -0.000371138 -0.00215409 -0.00133722 0.00303986 0.0122559 -0.00297056 -0.00636724 0.000697542 0.00257211 0.00282189 -0.00555509
internal_weight=1246 1234 811 680 423 20 378 131 302 403 389 121
internal_count=1246 1234 811 680 423 20 378 131 302 403 389 121
is_linear=0
shrinkage=0.03


Tree=67
num_leaves=15
num_cat=0
split_feature=2 4 29 15 16 29 17 16 30 25 5 5 4 9
split_gain=19.5126 7.84534 2.89362 1.88379 5.40586 1.60693 1.174 0.865759 1.00258 0.801786 0.785812 0.666203 0.321661 0.235149
threshold=1.0000000180025095e-35 -0.41147273674672352 -0.81520984738207891 0.66638825192949214 -0.99417291399189145 0.39585898252724294 1.5928504659842073 0.58912469725798633 -0.012098909793675968 1.0000000180025095e-35 -1.1538964489896593 0.84713071535794071 0.87517016427948235 -0.38954050612671259
decision_type=2 2 2 2 2 2 2 2 2 2 2 2 2 2
left_child=-1 3 6 7 -5 10 9 8 -2 -3 -4 -7 -8 -9
right_child=1 2 5 4 -6 11 12 13 -10 -11 -12 -13 -14 -15
leaf_value=0.037922938165585854 0.0010285282137757878 -0.0032178757276363351 -0.00061435970196161099 0.028172963080134721 0.0027500365842193647 0.0013117536672802626 -0.0080052702249707383 -0.0031008601258895297 0.0044910581160798359 -0.0092330857941688594 -0.0032337747057763007 -0.0045266367986564228 -0.016091512781529385 0.00050701900994832249
leaf_weight=11.999999999999998 138 80 163 9.9999999999999982 31 202 11 24 173 28 296 19 12 47
leaf_count=12 138 80 163 10 31 202 11 24 173 28 296 19 12 47
internal_value=9.38041e-06 -0.000359921 -0.00208956 0.00294887 0.0090772 -0.00129698 -0.00617672 0.00228106 0.0029651 -0.00481223 -0.00231044 0.000794422 -0.0124054 -0.000672998
internal_weight=1246 1234 811 423 41 680 131 382 311 108 459 221 23 71
internal_count=1246 1234 811 423 41 680 131 382 311 108 459 221 23 71
is_linear=0
shrinkage=0.03


Tree=68
num_leaves=14
num_cat=0
split_feature=2 4 5 2 2 29 2 44 29 25 2 5 43
split_gain=18.3688 7.38657 2.76995 3.57095 7.39066 2.28569 1.79705 5.57023 1.43492 1.07811 0.684669 1.23275 0.56026
threshold=1.0000000180025095e-35 -0.41147273674672352 0.84713071535794071 0.7767857142857143 0.9196428571428571 0.39585898252724294 0.8125 -0.46985179497820789 -0.014120408900985709 1.0000000180025095e-35 0.044642857142857102 -0.30600358274068951 -1.0230764642823957
decision_type=2 2 2 2 2 2 2 2 2 2 2 2 2
left_child=-1 6 5 8 -5 9 10 -8 -4 -3 -2 -12 -7
right_child=1 2 3 4 -6 12 7 -9 -10 -11 11 -13 -14
leaf_value=0.03679465238713036 -0.0040842381753820045 -0.0016548230208134464 -0.016467420268336672 0.017888335298377141 -0.010318989366679996 0.0038897408828029128 0.026759127603868969 -0.00039283354770751632 -0.005049215644042683 -0.0047730337303841007 0.0072561483798825287 0.0019358317459846446 0.00029521415286001314
leaf_weight=11.999999999999998 13.999999999999998 389 31 12.999999999999998 23 54 11.000000000000002 17 15.999999999999998 137 45 336 148
leaf_count=12 14 389 31 13 23 54 11 17 16 137 45 336 148
internal_value=9.02237e-06 -0.00034922 -0.00202759 -0.00722576 -2.85724e-05 -0.00142991 0.00286128 0.0102245 -0.012663 -0.00247344 0.00232928 0.00257383 0.00127242
internal_weight=1246 1234 811 83 36 728 423 28 47 526 395 381 202
internal_count=1246 1234 811 83 36 728 423 28 47 526 395 381 202
is_linear=0
shrinkage=0.03


Tree=69
num_leaves=15
num_cat=0
split_feature=3 0 30 17 0 17 3 0 0 48 26 15 47 0
split_gain=7.51722 3.92239 2.90351 5.20919 1.95195 1.9062 1.22675 1.22036 0.866567 1.28948 0.832749 0.865024 0.753405 0.739062
threshold=1.0000000180025095e-35 0.084905660377358458 0.84990388806752104 1.2523939746011357 0.9528301886792454 -0.66019733689967686 0.67278118410306298 0.17924528301886791 0.65094339622641517 0.41004989700904443 0.59493882486167593 0.53091934089461013 0.27765057002188898 0.59433962264150952
decision_type=2 2 2 2 2 2 2 2 2 2 2 2 2 2
left_child=1 -1 6 10 5 12 8 -7 9 -2 -4 -12 -3 -8
right_child=2 4 3 -5 -6 7 13 -9 -10 -11 11 -13 -14 -15
leaf_value=0.015197127552905886 0.0017604393325001996 0.001348270523692262 -0.0019905215830125244 0.025122002637064138 -0.015138823252370339 0.00081445611335950535 0.00036276398773928158 -0.0052282654178735302 0.00089913524931467136 0.0083942888653671232 0.0081641322422746701 0.0029441854104470195 -0.0049671378277100931 -0.0028094931251134779
leaf_weight=9.9999999999999982 75 87 19 10.999999999999998 12.999999999999998 33 244 262 201 42 43 95 21 90
leaf_count=10 75 87 19 11 13 33 244 262 201 42 43 95 21 90
internal_value=8.80483e-06 -0.00322124 0.0016907 0.00520941 -0.00367474 -0.00329383 0.000778776 -0.00454209 0.00211388 0.00417258 0.00378006 0.00459715 8.90634e-05 -0.000483642
internal_weight=1246 426 820 168 416 403 652 295 318 117 157 138 108 334
internal_count=1246 426 820 168 416 403 652 295 318 117 157 138 108 334
is_linear=0
shrinkage=0.03


Tree=70
num_leaves=14
num_cat=0
split_feature=2 4 0 7 2 27 0 2 2 5 4 0 0
split_gain=17.2315 6.53782 2.54891 3.09889 3.58014 1.89663 4.19359 1.50253 0.658795 1.15846 0.503953 1.62016 0.518288
threshold=1.0000000180025095e-35 -0.41147273674672352 0.17924528301886791 -1.2619971404862038 0.16964285714285712 2.1458033557640985 0.70754716981132082 0.026785714285714253 0.044642857142857102 -0.30600358274068951 0.69136403556145309 0.084905660377358458 0.028301886792452755
decision_type=2 2 2 2 2 2 2 2 2 2 2 2 2
left_child=-1 5 10 4 -4 8 -7 -5 -2 -10 12 -12 -3
right_child=1 2 3 7 -6 6 -8 -9 9 -11 11 -13 -14
leaf_value=0.035637578304148904 -0.0040700077725217693 0.0049344019298583203 -0.02279746343298714 -0.011882064737178184 -0.004500147562554139 -0.0017628715998760538 0.025369025759864602 -0.00065580443608805701 0.0071227775443250228 0.0018689178219607283 0.014745728218614466 0.0012201998296812394 -0.0006283594534542648
leaf_weight=11.999999999999998 13.999999999999998 18 9.9999999999999982 10.999999999999998 262 10.000000000000002 9.9999999999999982 371 43 346 9.9999999999999982 41 88
leaf_count=12 14 18 10 11 262 10 10 371 43 346 10 41 88
internal_value=8.91356e-06 -0.000337985 -0.00191711 -0.0027427 -0.005192 0.00268225 0.0117125 -0.00098995 0.00222386 0.00245907 0.00150246 0.00395464 0.000291746
internal_weight=1246 1234 811 654 272 423 20 382 403 389 157 51 106
internal_count=1246 1234 811 654 272 423 20 382 403 389 157 51 106
is_linear=0
shrinkage=0.03


Tree=71
num_leaves=15
num_cat=0
split_feature=3 30 17 16 29 3 17 15 27 15 16 47 43 42
split_gain=6.66726 2.66993 4.88413 2.11006 1.62849 1.09218 1.03575 1.1328 0.852409 0.791374 0.754768 0.983343 0.70541 0.564972
threshold=1.0000000180025095e-35 0.84990388806752104 1.2523939746011357 1.6379750025462598 -1.2118272150421117 0.67278118410306298 -0.66019733689967686 0.74832061673803396 2.1458033557640985 0.53091934089461013 0.43975530046699279 -0.37100576667240043 -1.0230764642823957 -0.78323426968875298
decision_type=2 2 2 2 2 2 2 2 2 2 2 2 2 2
left_child=3 5 8 4 -1 10 7 -6 9 -3 11 -2 -8 -7
right_child=1 2 -4 -5 6 13 12 -9 -10 -11 -12 -13 -14 -15
leaf_value=-0.0077042408103280887 0.0053000400174580426 0.0078234798641845116 0.024248679127242115 -0.010106870990612695 -0.00073543179511270803 -0.0017875038147717242 0.0022802398185249903 0.0070297232298489436 -0.0022620492633334626 0.0028265466540023593 -0.001287125628772272 0.0013541481629535217 -0.0032729736810122052 0.00067697106050337939
leaf_weight=46 85 43 10.999999999999998 35 83 157 22 21 19 95 52 181 219 177
leaf_count=46 85 43 11 35 83 157 22 21 19 95 52 181 219 177
internal_value=8.68129e-06 0.00159278 0.00496699 -0.00303314 -0.00238984 0.000718119 -0.00167054 0.00080896 0.00358238 0.00440982 0.00197803 0.00262785 -0.00275286 -0.000472689
internal_weight=1246 820 168 426 391 652 345 104 157 138 318 266 241 334
internal_count=1246 820 168 426 391 652 345 104 157 138 318 266 241 334
is_linear=0
shrinkage=0.03


Tree=72
num_leaves=14
num_cat=0
split_feature=2 4 29 0 27 16 2 17 16 2 2 0 0
split_gain=16.1948 5.78553 2.46546 2.0943 1.83256 4.07473 1.51085 0.946101 0.859978 0.696462 0.620136 0.88121 0.368035
threshold=1.0000000180025095e-35 -0.41147273674672352 -0.81520984738207891 0.42452830188679253 2.1458033557640985 1.4937550014043495 0.56250000000000011 1.5928504659842073 0.934982326341533 0.5446428571428571 0.044642857142857102 0.44339622641509441 0.48113207547169817
decision_type=2 2 2 2 2 2 2 2 2 2 2 2 2
left_child=-1 4 7 8 10 -6 -5 9 -4 -3 -2 -12 -9
right_child=1 2 3 6 5 -7 -8 12 -10 -11 11 -13 -14
leaf_value=0.034548898777685876 -0.004044350572723023 -0.005136999308921265 0.0011903394364150047 -0.0035494140081641025 0.024851863402320009 -0.0018912478053186199 0.0024323179084146415 -0.0069821798579751924 -0.0029835795768806553 0.0029745310404808213 0.0053556730780490117 0.0016077511544299661 -0.015399104622570246
leaf_weight=11.999999999999998 13.999999999999998 98 293 292 10.000000000000002 9.9999999999999982 43 12.000000000000002 52 9.9999999999999982 70 319 10.999999999999998
leaf_count=12 14 98 293 292 10 10 43 12 52 10 70 319 11
internal_value=8.47956e-06 -0.000327749 -0.00181336 -0.00108147 0.00251322 0.0113882 -0.00277216 -0.0055859 0.000551852 -0.00435612 0.00206262 0.0022911 -0.0111868
internal_weight=1246 1234 811 680 423 20 335 131 345 108 403 389 23
internal_count=1246 1234 811 680 423 20 335 131 345 108 403 389 23
is_linear=0
shrinkage=0.03


Tree=73
num_leaves=15
num_cat=0
split_feature=7 0 31 17 17 0 0 5 0 17 44 15 0 5
split_gain=6.00325 3.45369 2.50333 7.3826 1.84987 1.80942 1.84403 2.54284 1.9683 0.818485 0.623154 0.691833 0.56725 0.858711
threshold=1.0000000180025095e-35 0.084905660377358458 1.6307979308819287 0.5563565224733219 -0.7002865717126332 0.9528301886792454 0.89622641509433976 0.84713071535794071 0.91509433962264153 -0.45598170063224636 1.0000000180025095e-35 -0.38039685439488885 0.42452830188679253 -0.64516072924027745
decision_type=2 2 2 2 2 2 2 2 2 2 2 2 2 2
left_child=1 -1 4 9 10 6 7 -3 -8 -4 -2 -12 13 -6
right_child=2 5 3 -5 12 -7 8 -9 -10 -11 11 -13 -14 -15
leaf_value=0.014403496937881602 0.0016041001208743518 -0.00248313084283593 -0.0017523029738698494 0.029646075500829799 0.0004618578875337792 -0.014338795377780465 0.013619300388239903 -0.0096580780262838957 -0.0025023542472858299 0.0078218382689332153 0.010202513033040485 0.0037390610921065226 -0.00069097763240339968 0.0058448660210053491
leaf_weight=9.9999999999999982 119 324 22.999999999999996 10.999999999999998 168 12.999999999999998 12.000000000000002 52 14.999999999999998 12.000000000000002 18 114 323 32
leaf_count=10 119 324 23 11 168 13 12 52 15 12 18 114 323 32
internal_value=8.23234e-06 -0.00287802 0.0015115 0.00831318 0.00110237 -0.00330401 -0.00293714 -0.00348569 0.00457594 0.00145772 0.0032192 0.00465021 8.02975e-05 0.00134062
internal_weight=1246 426 820 46 774 416 403 376 27 35 251 132 523 200
internal_count=1246 426 820 46 774 416 403 376 27 35 251 132 523 200
is_linear=0
shrinkage=0.03


Tree=74
num_leaves=15
num_cat=0
split_feature=3 0 31 17 17 17 25 16 29 17 15 3 44 15
split_gain=5.65076 3.28643 2.35636 6.94983 1.74132 1.69603 1.19484 1.07282 0.903469 0.770753 0.710327 0.601585 0.586091 0.650387
threshold=1.0000000180025095e-35 0.10377358490566037 1.6307979308819287 0.5563565224733219 -0.7002865717126332 -0.66019733689967686 1.0000000180025095e-35 2.2861894976578743 -1.2118272150421117 -0.45598170063224636 0.81115186721304544 1.0052537936900929 1.0000000180025095e-35 -0.38039685439488885
decision_type=2 2 2 2 2 2 2 2 2 2 2 2 2 2
left_child=1 -1 4 9 12 6 10 8 -7 -4 -3 -6 -2 -14
right_child=2 5 3 -5 11 7 -8 -9 -10 -11 -12 -13 13 -15
leaf_value=0.010052106630122452 0.0015560175430763313 0.00030785175785023758 -0.0016999614516926276 0.028764703565503699 0.00048687564273034963 -0.0084340643327768961 -0.0057544120101408027 -0.013784172389958356 -0.0034496612436997909 0.0075891223426692717 0.0077431844777249275 -0.0024803953880310568 0.009898128783875736 0.0036269875803079188
leaf_weight=17 119 70 22.999999999999996 10.999999999999998 452 39 26 10.999999999999998 249 12.000000000000002 13.999999999999998 71 18 114
leaf_count=17 119 70 23 11 452 39 26 11 249 12 14 71 18 114
internal_value=8.26441e-06 -0.0027919 0.0014668 0.00806611 0.00106973 -0.00333541 -0.000121988 -0.00450714 -0.00413774 0.00141195 0.00159048 7.79208e-05 0.00312352 0.0045117
internal_weight=1246 426 820 46 774 409 110 299 288 35 84 523 251 132
internal_count=1246 426 820 46 774 409 110 299 288 35 84 523 251 132
is_linear=0
shrinkage=0.03


Tree=75
num_leaves=14
num_cat=0
split_feature=2 4 29 0 27 0 2 17 17 2 2 8 0
split_gain=15.1285 4.95946 2.17333 1.87002 1.77932 4.06012 1.31786 0.816187 0.716053 0.688662 0.585474 0.987629 0.331509
threshold=1.0000000180025095e-35 -0.41147273674672352 -0.81520984738207891 0.42452830188679253 2.1458033557640985 0.70754716981132082 0.56250000000000011 1.5928504659842073 -0.0089893235512614484 0.5446428571428571 0.044642857142857102 -1.9100328982604513 0.48113207547169817
decision_type=2 2 2 2 2 2 2 2 2 2 2 2 2
left_child=-1 4 7 8 10 -6 -5 9 -4 -3 -2 -12 -9
right_child=1 2 3 6 5 -7 -8 12 -10 -11 11 -13 -14
leaf_value=0.033392223257663819 -0.0040664836003425275 -0.0048663658280686025 0.0018143306005373673 -0.0033286779366184286 -0.002199516272780918 0.024499464445991794 0.0022553511849429516 -0.0064380467559926741 -0.00091867615459783518 0.0032070864294425094 0.0063971591194585961 0.0015464101147968309 -0.014445722791794185
leaf_weight=11.999999999999998 13.999999999999998 98 185 292 10.000000000000002 9.9999999999999982 43 12.000000000000002 160 9.9999999999999982 43 346 10.999999999999998
leaf_count=12 14 98 185 292 10 10 43 12 160 10 43 346 11
internal_value=8.24381e-06 -0.000316646 -0.00169226 -0.00100478 0.00231345 0.0110562 -0.00260251 -0.00523453 0.000538257 -0.0040888 0.00186949 0.00209183 -0.0104436
internal_weight=1246 1234 811 680 423 20 335 131 345 108 403 389 23
internal_count=1246 1234 811 680 423 20 335 131 345 108 403 389 23
is_linear=0
shrinkage=0.03


Tree=76
num_leaves=15
num_cat=0
split_feature=3 0 30 42 15 0 0 5 0 3 16 47 16 48
split_gain=5.08569 3.09412 2.11664 2.24016 4.18632 1.66507 1.70045 2.32419 1.82581 0.803715 0.689591 0.89783 0.630455 0.624935
threshold=1.0000000180025095e-35 0.084905660377358458 0.84990388806752104 0.23509951672523557 0.66638825192949214 0.9528301886792454 0.89622641509433976 0.84713071535794071 0.91509433962264153 0.67278118410306298 0.43975530046699279 -0.37100576667240043 1.432647430486732 -0.42957608258090357
decision_type=2 2 2 2 2 2 2 2 2 2 2 2 2 2
left_child=1 -1 9 4 -4 6 7 -3 -8 10 11 -2 -5 -11
right_child=2 5 3 12 -6 -7 8 -9 -10 13 -12 -13 -14 -15
leaf_value=0.013707085821298089 0.004867481669721869 -0.0022679369546377047 0.0015167960951363801 0.0036953082877590475 0.025476653699816998 -0.013637088037856663 0.013224028507170596 -0.0091277594122818467 -0.002295724976536454 -0.0037809417276046826 -0.0014285049996126062 0.0010984372610501661 -0.00184599654298823 8.1228127827884171e-05
leaf_weight=9.9999999999999982 85 324 15.000000000000002 120 11.999999999999998 12.999999999999998 12.000000000000002 52 14.999999999999998 43 52 181 21 291
leaf_count=10 85 324 15 120 12 13 12 52 15 43 52 181 21 291
internal_value=8.013e-06 -0.00264833 0.00139183 0.00439635 0.012331 -0.0030519 -0.0026997 -0.00322679 0.00451459 0.0006125 0.00169357 0.00231548 0.00284802 -0.000408001
internal_weight=1246 426 820 168 27 416 403 376 27 652 318 266 141 334
internal_count=1246 426 820 168 27 416 403 376 27 652 318 266 141 334
is_linear=0
shrinkage=0.03


Tree=77
num_leaves=15
num_cat=0
split_feature=2 4 0 7 2 15 15 2 27 16 15 1 3 2
split_gain=14.2379 4.44565 1.99743 2.32071 3.20073 1.72169 5.08095 1.39661 0.792053 0.774378 0.700948 0.734649 0.130952 0.0778405
threshold=1.0000000180025095e-35 -0.41147273674672352 0.17924528301886791 -1.2619971404862038 0.16964285714285712 0.66638825192949214 0.72118493276842088 0.026785714285714253 0.74111703363472581 0.58912469725798633 -0.60863884499512599 5.5000000000000009 0.5540409663934095 0.7946428571428571
decision_type=2 2 2 2 2 2 2 2 2 2 2 2 2 2
left_child=-1 5 10 4 -4 8 -7 -5 9 -2 -3 -12 -10 -8
right_child=1 2 3 7 -6 6 13 -9 12 -11 11 -13 -14 -15
leaf_value=0.032394385938802048 0.0027458339922757052 -0.0020838275201450003 -0.021102449767070243 -0.01132130981196423 -0.0038063159928679673 0.026538976498275517 0.0030149748487703827 -0.00050057969473734525 -0.0034700724693421999 -0.00098184133487786091 0.00086752556451885838 0.0059440129162157736 -0.00017161628357830087 0
leaf_weight=11.999999999999998 274 38 9.9999999999999982 10.999999999999998 262 9.9999999999999982 20.000000000000004 371 26 60 80 39 22 10.999999999999998
leaf_count=12 274 38 10 11 262 10 20 371 26 60 80 39 22 11
internal_value=7.84312e-06 -0.000307267 -0.00160978 -0.00234093 -0.00446075 0.00218269 0.0080349 -0.000822904 0.00154479 0.00206712 0.00141633 0.00256003 -0.00202415 0.00190324
internal_weight=1246 1234 811 654 272 423 41 382 382 334 157 119 48 31
internal_count=1246 1234 811 654 272 423 41 382 382 334 157 119 48 31
is_linear=0
shrinkage=0.03


Tree=78
num_leaves=11
num_cat=0
split_feature=2 4 2 2 5 2 27 2 2 5
split_gain=13.4034 4.18348 1.96631 4.09603 4.3579 3.16072 1.72788 3.81355 0.539682 0.91629
threshold=1.0000000180025095e-35 -0.41147273674672352 0.95535714285714279 0.7767857142857143 0.84713071535794071 0.9196428571428571 2.1458033557640985 0.7232142857142857 0.044642857142857102 -0.30600358274068951
decision_type=2 2 2 2 2 2 2 2 2 2
left_child=-1 6 3 4 -3 -5 8 -8 -2 -10
right_child=1 2 -4 5 -6 -7 7 -9 9 -11
leaf_value=0.031430586221789528 -0.0040204528592368387 -0.0011800665477489365 -0.013117780465888613 0.019228438935150072 -0.010609748490528457 -0.0022516954789804939 -0.0021083201759374962 0.023759370938330741 0.0060393347810703199 0.001367987456089179
leaf_weight=11.999999999999998 13.999999999999998 726 12.999999999999998 15.000000000000002 47 9.9999999999999982 10.000000000000002 9.9999999999999982 43 346
leaf_count=12 14 726 13 15 47 10 10 10 43 346
internal_value=7.42478e-06 -0.00029824 -0.00156183 -0.0013682 -0.00175859 0.0105421 0.0021171 0.0107301 0.00167965 0.00189349
internal_weight=1246 1234 811 798 773 25 423 20 403 389
internal_count=1246 1234 811 798 773 25 423 20 403 389
is_linear=0
shrinkage=0.03


Tree=79
num_leaves=15
num_cat=0
split_feature=2 4 29 46 0 0 2 0 0 42 27 5 15 3
split_gain=12.6177 3.93724 1.91875 1.70149 6.19412 1.6286 1.17503 0.669893 0.666035 0.610649 0.605621 0.664946 0.273293 0.0718668
threshold=1.0000000180025095e-35 -0.41147273674672352 -0.81520984738207891 -1.3169164585862192 0.80188679245283023 0.42452830188679253 0.56250000000000011 0.29245283018867929 0.74528301886792458 1.0000000180025095e-35 0.74111703363472581 -0.30600358274068951 -1.1176080402938826 0.5540409663934095
decision_type=2 2 2 2 2 2 2 2 2 2 2 2 2 2
left_child=-1 3 7 4 -2 9 -7 12 -9 -4 11 -5 -3 -12
right_child=1 2 5 10 -6 6 -8 8 -10 -11 13 -13 -14 -15
leaf_value=0.030495460870837376 -0.00085855567018399044 -0.0038399638938547364 -0.0010184032189269198 0.0052931024420674244 0.028068993719442204 -0.0030465004996725635 0.002225524313454008 -0.0081670910922017007 -0.0017513853355677204 0.0015695421647182724 -0.0026928377254587695 0.0014222829448561623 0.00056730375235983677 -6.3729439553346736e-05
leaf_weight=11.999999999999998 19.000000000000004 30 132 47 9.9999999999999982 292 43 60 21 213 27 302 20 18
leaf_count=12 19 30 132 47 10 292 43 60 21 213 27 302 20 18
internal_value=7.17443e-06 -0.000289324 -0.00151523 0.00205376 0.00907555 -0.000869026 -0.00236038 -0.00484345 -0.00654496 0.00057067 0.00152714 0.00195353 -0.00201956 -0.00171019
internal_weight=1246 1234 811 423 29 680 335 131 81 345 394 349 50 45
internal_count=1246 1234 811 423 29 680 335 131 81 345 394 349 50 45
is_linear=0
shrinkage=0.03


Tree=80
num_leaves=15
num_cat=0
split_feature=7 0 30 17 29 16 0 0 25 3 27 42 9 0
split_gain=4.1876 3.26391 2.06756 3.93822 1.15196 1.09453 0.886559 0.831668 0.813724 0.812205 0.727702 0.570442 0.444615 0.428015
threshold=-1.2619971404862038 0.14150943396226412 0.84990388806752104 1.3024667050842083 -1.2118272150421117 1.6379750025462598 0.89622641509433976 0.084905660377358458 1.0000000180025095e-35 1.0052537936900929 2.1458033557640985 -1.0426319619645517 -0.38954050612671259 0.51886792452830199
decision_type=2 2 2 2 2 2 2 2 2 2 2 2 2 2
left_child=1 7 8 10 -3 6 -6 -1 9 11 12 -2 -4 -7
right_child=2 4 3 -5 5 13 -8 -9 -10 -11 -12 -13 -14 -15
leaf_value=0.013209998221090525 -0.00021849435022356311 -0.0087983672439937693 0.0019214851178956155 0.019165734078021759 -0.0032341768294811566 -0.0054255427160988662 0.0022513430926985913 0.0026249308859953627 -0.0016133129263842987 -0.0020391106827866226 -0.0026768764058378203 0.001935823503640918 0.0053550734376525523 -0.013666671271863823
leaf_weight=9.9999999999999982 157 39 88 13.999999999999998 193 16.000000000000004 30 23 153 76 20 356 60 10.999999999999998
leaf_count=10 157 39 88 14 193 16 30 23 153 76 20 356 60 11
internal_value=6.93079e-06 -0.00293625 0.00103604 0.003902 -0.00396341 -0.00319394 -0.00248209 0.00595338 0.00032859 0.000838304 0.00260153 0.00127075 0.00333641 -0.00893178
internal_weight=1246 322 924 182 289 250 223 33 742 589 168 513 148 27
internal_count=1246 322 924 182 289 250 223 33 742 589 168 513 148 27
is_linear=0
shrinkage=0.03


Tree=81
num_leaves=11
num_cat=0
split_feature=2 4 0 2 25 0 27 16 2 0
split_gain=11.848 3.53756 1.84295 3.81295 2.96888 2.22623 1.69658 4.00504 0.503745 0.646895
threshold=1.0000000180025095e-35 -0.41147273674672352 0.9528301886792454 0.7767857142857143 1.0000000180025095e-35 0.3867924528301887 2.1458033557640985 1.4937550014043495 0.044642857142857102 0.44339622641509441
decision_type=2 2 2 2 2 2 2 2 2 2
left_child=-1 6 3 5 -5 -3 8 -8 -2 -10
right_child=1 2 -4 4 -6 -7 7 -9 9 -11
leaf_value=0.02955040307084391 -0.0040020143367508615 5.7789757797702869e-05 -0.012629720594819266 0.018655230032792004 -0.0021549685542831326 -0.0031585766917712949 0.023830423641322856 -0.0026924222936429601 0.0043386280378286922 0.001127173002016095
leaf_weight=11.999999999999998 13.999999999999998 366 12.999999999999998 15 10 407 10.000000000000002 9.9999999999999982 70 319
leaf_count=12 14 366 13 15 10 407 10 10 70 319
internal_value=6.59957e-06 -0.000280639 -0.00144276 -0.00125519 0.0102362 -0.001632 0.00194017 0.0104723 0.0015068 0.00171375
internal_weight=1246 1234 811 798 25 773 423 20 403 389
internal_count=1246 1234 811 798 25 773 423 20 403 389
is_linear=0
shrinkage=0.03


Tree=82
num_leaves=11
num_cat=0
split_feature=2 7 0 2 17 2 0 2 7 15
split_gain=11.1533 3.26025 2.68967 2.21891 8.45338 1.91044 1.2993 3.18871 1.10641 0.120018
threshold=1.0000000180025095e-35 1.0000000180025095e-35 0.10377358490566037 0.7767857142857143 -0.057313222963383044 0.026785714285714253 0.9528301886792454 0.7767857142857143 0.28693179861923046 0.43225106211046416
decision_type=2 2 2 2 2 2 2 2 2 2
left_child=-1 2 -2 5 9 -3 7 -4 -7 -5
right_child=1 3 6 4 -6 8 -8 -9 -10 -11
leaf_value=0.028671217368653985 0.0092152766713447729 -0.010068429479042426 -0.0032526102679497158 -0.0028421286030395599 0.031459860952552599 0.0031607684767946359 -0.012253721019125167 0.0082045759879923481 0.00015833995222562001 0.0010805001357848142
leaf_weight=11.999999999999998 17 14.999999999999998 372 11.000000000000002 9.9999999999999982 135 12.999999999999998 23 620 18
leaf_count=12 17 15 372 11 10 135 13 23 620 18
internal_value=6.52901e-06 -0.00027209 -0.00240111 0.000842822 0.0078198 0.000484578 -0.00289462 -0.00257598 0.000699519 -0.000308954
internal_weight=1246 1234 425 809 39 770 408 395 755 29
internal_count=1246 1234 425 809 39 770 408 395 755 29
is_linear=0
shrinkage=0.03


Tree=83
num_leaves=14
num_cat=0
split_feature=2 4 29 27 16 0 2 16 16 0 16 32 30
split_gain=10.4993 3.17031 1.71905 1.58534 3.74101 1.38144 0.982961 0.684027 0.617806 0.567711 0.466502 0.872354 0.236701
threshold=1.0000000180025095e-35 -0.41147273674672352 -0.81520984738207891 2.1458033557640985 1.4937550014043495 0.42452830188679253 0.56250000000000011 0.934982326341533 1.6902301808760041 0.76415094339622647 0.51829042399347713 1.8649061966887066 1.1994543339219834
decision_type=2 2 2 2 2 2 2 2 2 2 2 2 2
left_child=-1 3 8 10 -5 7 -7 -4 9 -3 11 -2 -12
right_child=1 2 5 4 -6 6 -8 -9 -10 -11 12 -13 -14
leaf_value=0.027818189558904034 0.0015892582565818095 -0.0046283103880036813 0.0011434691006883962 0.022998157133265289 -0.0026281263575990599 -0.0027538877019317688 0.0020654797506045436 -0.0025766098437481782 -0.011799820081727339 0.0016371746913609194 -0.0015849788014204971 0.0098573509979346576 0.0026961163114360034
leaf_weight=11.999999999999998 318 107 293 10.000000000000002 9.9999999999999982 292 43 52 9.9999999999999982 13.999999999999998 59 11.999999999999998 13.999999999999998
leaf_count=12 318 107 293 10 10 292 43 52 10 14 59 12 14
internal_value=6.60648e-06 -0.000263648 -0.00136391 0.00183857 0.0100864 -0.000752064 -0.0021259 0.000573484 -0.00451401 -0.00387785 0.0014194 0.0019019 -0.000720342
internal_weight=1246 1234 811 423 20 680 335 345 131 121 403 330 73
internal_count=1246 1234 811 423 20 680 335 345 131 121 403 330 73
is_linear=0
shrinkage=0.03


Tree=84
num_leaves=13
num_cat=0
split_feature=2 4 0 2 5 27 15 16 27 16 15 0
split_gain=9.88363 2.98397 1.63267 3.33514 3.70478 2.77635 1.52932 4.7165 0.766296 0.674328 0.125507 0.061263
threshold=1.0000000180025095e-35 -0.41147273674672352 0.9528301886792454 0.7767857142857143 0.84713071535794071 -0.32297747431552459 0.66638825192949214 -0.99417291399189145 0.74111703363472581 0.58912469725798633 -0.30523880969322131 0.85849056603773599
decision_type=2 2 2 2 2 2 2 2 2 2 2 2
left_child=-1 6 3 4 -3 -5 8 -8 9 -2 -10 -9
right_child=1 2 -4 5 -6 -7 7 11 10 -11 -12 -13
leaf_value=0.026990541135969243 0.0023314686220303883 -0.00096522485608453799 -0.011853187668300768 0 -0.0096596011699764586 0.019942154720548756 0.025120102528224487 0 -0.00094870129770589697 -0.0011486180250326824 -0.0042709804446246294 0.002761271358375123
leaf_weight=11.999999999999998 274 726 12.999999999999998 13.000000000000002 47 11.999999999999998 9.9999999999999982 16.000000000000004 29 60 19 14.999999999999998
leaf_count=12 274 726 13 13 47 12 10 16 29 60 19 15
internal_value=6.58602e-06 -0.000255554 -0.00132305 -0.00114629 -0.00149892 0.00960023 0.00178386 0.00729704 0.00118252 0.00169717 -0.00233229 0.00138892
internal_weight=1246 1234 811 798 773 25 423 41 382 334 48 31
internal_count=1246 1234 811 798 773 25 423 41 382 334 48 31
is_linear=0
shrinkage=0.03


Tree=85
num_leaves=14
num_cat=0
split_feature=2 3 0 2 17 2 17 2 7 42 0 15 0
split_gain=9.30421 2.80858 2.54772 1.99907 6.1871 1.79556 1.16874 2.22958 0.903375 0.809139 0.741508 0.272697 0.0804682
threshold=1.0000000180025095e-35 1.0000000180025095e-35 0.14150943396226412 0.7946428571428571 -0.33653266087972117 0.026785714285714253 -0.53264060189819162 0.16964285714285712 0.28693179861923046 -1.0426319619645517 0.084905660377358458 0.38247002433428628 0.89622641509433976
decision_type=2 2 2 2 2 2 2 2 2 2 2 2 2
left_child=-1 2 10 5 12 -3 9 -8 -7 -4 -2 -12 -5
right_child=1 3 6 4 -6 8 7 -9 -10 -11 11 -13 -14
leaf_value=0.026187516795702217 0.012599371385456313 -0.0097565669201265109 -0.0060484282929859851 -0.0022356445980373733 0.027591108889272898 0.0028880261419151447 -0.013915681223048587 -0.0032219948970051418 0.00019179439403468429 0.0006843109213437896 -6.2654219880586341e-05 0.0062914783234643461 0.001225488183868898
leaf_weight=11.999999999999998 9.9999999999999982 14.999999999999998 19 12.000000000000002 9.9999999999999982 137 19 255 624 99 13.000000000000002 9.9999999999999982 10.999999999999998
leaf_count=12 10 15 19 12 10 137 19 255 624 99 13 10 11
internal_value=6.38834e-06 -0.00024788 -0.00222407 0.000786732 0.00801274 0.000474582 -0.00290342 -0.00397928 0.000681444 -0.000378576 0.00573948 0.00258542 -0.000452311
internal_weight=1246 1234 425 809 33 776 392 274 761 118 33 23 23
internal_count=1246 1234 425 809 33 776 392 274 761 118 33 23 23
is_linear=0
shrinkage=0.03


Tree=86
num_leaves=15
num_cat=0
split_feature=2 4 29 27 0 0 2 17 0 2 30 15 30 15
split_gain=8.75864 2.66962 1.59782 1.51978 3.86427 1.24268 0.89251 0.58081 0.534287 0.575955 0.450151 1.18843 0.325476 0.226593
threshold=1.0000000180025095e-35 -0.41147273674672352 -0.81520984738207891 2.1458033557640985 0.70754716981132082 0.42452830188679253 0.56250000000000011 -0.36204131111060128 0.31132075471698112 0.7767857142857143 -0.012098909793675968 -0.71110004973017638 -0.77472204624855956 -1.1176080402938826
decision_type=2 2 2 2 2 2 2 2 2 2 2 2 2 2
left_child=-1 3 8 10 -5 7 -7 -4 13 -10 12 -12 -2 -3
right_child=1 2 5 4 -6 6 -8 -9 9 -11 11 -13 -14 -15
leaf_value=0.025408383770422503 0.0027360091691514634 -0.003478294044077099 0.0020118597344639644 -0.0031653951141651297 0.022890888750921972 -0.0025621613563898945 0.0020294653329125272 -0.00046389562498126512 -0.0068503189347509175 0.00028335879380638531 0.0084034383427583573 0.0013630853188408717 -0.00076035421087949776 0.00046948389256134702
leaf_weight=11.999999999999998 30 30 149 10.000000000000002 9.9999999999999982 292 43 196 69 10.999999999999998 24 232 117 21
leaf_count=12 30 30 149 10 10 292 43 196 69 11 24 232 117 21
internal_value=6.37106e-06 -0.000240258 -0.00125008 0.00168858 0.00976256 -0.000660107 -0.00196341 0.000596924 -0.00428682 -0.00583286 0.00127812 0.00203786 -2.50415e-05 -0.00179629
internal_weight=1246 1234 811 423 20 680 335 345 131 80 403 256 147 51
internal_count=1246 1234 811 423 20 680 335 345 131 80 403 256 147 51
is_linear=0
shrinkage=0.03


Tree=87
num_leaves=14
num_cat=0
split_feature=2 7 0 2 2 45 2 0 8 0 15 3 26
split_gain=8.245 2.52741 2.71287 2.77648 1.89437 5.1425 1.60075 1.10314 0.962299 0.695786 0.254723 0.204302 0.157062
threshold=1.0000000180025095e-35 -1.2619971404862038 0.14150943396226412 0.16964285714285712 0.7767857142857143 -0.46225432150474405 0.026785714285714253 0.9528301886792454 -1.1179783694785588 0.084905660377358458 0.38247002433428628 0.5540409663934095 0.46633453875448488
decision_type=2 2 2 2 2 2 2 2 2 2 2 2 2
left_child=-1 2 9 -4 6 12 11 -5 -8 -2 -11 -3 -6
right_child=1 4 3 7 5 -7 8 -9 -10 10 -12 -13 -14
leaf_value=0.02465243190280662 0.012231985388120804 -0.0044592116736244429 -0.01896432348702214 -0.0024490432222211036 0.0010919580654106065 0.02153218207365655 0.0028019274262019293 -0.01144728273323929 3.7509574916184181e-05 -2.8076625592608468e-05 0.0061036742696225048 -0.011326751552595949 -0.0035411397455460277
leaf_weight=11.999999999999998 9.9999999999999982 10.000000000000002 9.9999999999999982 266 13.000000000000002 13.999999999999998 135 12.999999999999998 718 13.000000000000002 9.9999999999999982 9.9999999999999982 11.999999999999998
leaf_count=12 10 10 10 266 13 14 135 13 718 13 10 10 12
internal_value=6.44068e-06 -0.000232776 -0.00251899 -0.00345621 0.000571317 0.0070348 0.000278362 -0.00288302 0.000478814 0.00558376 0.00252291 -0.0080815 -0.00101765
internal_weight=1246 1234 322 289 912 39 873 279 853 33 23 20 25
internal_count=1246 1234 322 289 912 39 873 279 853 33 23 20 25
is_linear=0
shrinkage=0.03


Tree=88
num_leaves=15
num_cat=0
split_feature=7 0 30 17 15 3 16 0 0 0 15 26 17 15
split_gain=2.90287 2.55521 1.61231 3.72898 1.25936 1.19972 1.26438 1.10736 2.25643 1.30839 0.818901 0.779181 0.703279 0.639725
threshold=-1.2619971404862038 0.16037735849056609 0.84990388806752104 1.3024667050842083 0.9625784703696697 -1.2903904153632082 0.99715570210847493 0.78301886792452835 0.93396226415094341 0.50000000000000011 0.44910043700442925 0.59493882486167593 -0.7002865717126332 -0.15871806868098029
decision_type=2 2 2 2 2 2 2 2 2 2 2 2 2 2
left_child=1 10 12 11 5 -3 -7 9 -9 -6 -1 -4 -2 -13
right_child=2 4 3 -5 7 6 -8 8 -10 -11 -12 13 -14 -15
leaf_value=0.00097625989986368372 0.0015400950485483017 -0.0036623054953963227 -0.0033479568014727593 0.018242075566915757 -0.00072154488374683295 -0.017385523661629845 -0.0054663981596216622 0.013469376693557916 -0.0040262497981427281 -0.012072642373072135 0.0098124889927621202 0.0090422281274136068 -0.0004133363269699903 0.002219740180236181
leaf_weight=25 249 151 20 13.999999999999998 56 12.999999999999998 24 13.000000000000002 12.999999999999998 10.999999999999998 15.999999999999998 13.999999999999998 493 134
leaf_count=25 249 151 20 14 56 13 24 13 13 11 16 14 493 134
internal_value=6.21434e-06 -0.00244384 0.000863438 0.00339419 -0.00347081 -0.00488498 -0.00977063 -0.000577659 0.00462471 -0.00264508 0.00451302 0.0021289 0.000238272 0.00289104
internal_weight=1246 322 924 182 281 188 37 93 26 67 41 168 742 148
internal_count=1246 322 924 182 281 188 37 93 26 67 41 168 742 148
is_linear=0
shrinkage=0.03


Tree=89
num_leaves=15
num_cat=0
split_feature=2 4 27 0 29 48 0 1 30 15 43 15 2 30
split_gain=7.74097 2.30136 1.47418 3.62968 1.43458 1.22182 0.792417 0.596798 0.393544 1.11863 0.376494 0.57904 0.450429 0.306397
threshold=1.0000000180025095e-35 -0.41147273674672352 2.1458033557640985 0.70754716981132082 0.39585898252724294 -0.42957608258090357 0.17924528301886791 2.5000000000000004 -0.012098909793675968 -0.71110004973017638 -1.0230764642823957 1.3793778673329669 0.13392857142857142 -0.77472204624855956
decision_type=2 2 2 2 2 2 2 2 2 2 2 2 2 2
left_child=-1 2 8 -4 5 7 -7 -3 13 -10 12 -12 -6 -2
right_child=1 4 3 -5 10 6 -8 -9 9 -11 11 -13 -14 -15
leaf_value=0.023886767298229469 0.0026203764230631711 0.00020499704286491418 -0.0030058879947455789 0.022239302907249719 -0.0026261788237803051 0.0015761722242710076 -0.0017357849699501482 -0.005128220945568928 0.0080456807400984872 0.001216280868445282 0.00090949405587674003 -0.0040399292223452336 0.004194707615023165 -0.00077070820950572944
leaf_weight=11.999999999999998 30 21 10.000000000000002 9.9999999999999982 9.9999999999999982 78 367 124 24 232 138 25 48 117
leaf_count=12 30 21 10 10 10 78 367 124 24 232 138 25 48 117
internal_value=5.90323e-06 -0.000225811 0.00156483 0.0095153 -0.00116355 -0.00193729 -0.0011483 -0.00433554 0.00116056 0.00187114 0.000888466 0.000129975 0.00296456 -5.69449e-05
internal_weight=1246 1234 423 20 811 590 445 145 403 256 221 163 58 147
internal_count=1246 1234 423 20 811 590 445 145 403 256 221 163 58 147
is_linear=0
shrinkage=0.03


Tree=90
num_leaves=10
num_cat=0
split_feature=2 3 0 2 31 17 0 2 17
split_gain=7.287 2.16637 2.16593 1.67789 1.53235 6.28831 1.0816 2.61668 1.04799
threshold=1.0000000180025095e-35 1.0000000180025095e-35 0.084905660377358458 0.026785714285714253 1.6307979308819287 0.5563565224733219 0.9528301886792454 0.7767857142857143 -0.7002865717126332
decision_type=2 2 2 2 2 2 2 2 2
left_child=-1 2 -2 -3 8 -6 7 -4 -5
right_child=1 3 6 4 5 -7 -8 -9 -10
leaf_value=0.023176086611491589 0.011725315839642345 -0.0091999437960962587 -0.002610830312916717 0.0021790873014206069 0 0.025871031539061586 -0.010831499212627648 0.0077634113406544773 -0.00021923623332746703
leaf_weight=11.999999999999998 9.9999999999999982 14.999999999999998 379 241 35 10.999999999999998 12.999999999999998 23 507
leaf_count=12 10 15 379 241 35 11 13 23 507
internal_value=5.98513e-06 -0.000218761 -0.00195459 0.000689563 0.000881305 0.00619612 -0.0022942 -0.00200804 0.000549663
internal_weight=1246 1234 425 809 794 46 415 402 748
internal_count=1246 1234 425 809 794 46 415 402 748
is_linear=0
shrinkage=0.03


Tree=91
num_leaves=15
num_cat=0
split_feature=7 0 27 16 15 3 16 16 0 17 31 0 0 28
split_gain=2.47893 2.32542 1.54386 4.0419 1.0482 1.21765 1.18179 1.04479 1.66311 0.95315 0.617586 0.632439 0.59068 0.537328
threshold=-1.2619971404862038 0.14150943396226412 2.1458033557640985 1.432647430486732 0.9625784703696697 -1.2903904153632082 0.99715570210847493 0.934982326341533 0.78301886792452835 -0.7002865717126332 0.94510119239629076 0.44339622641509441 0.084905660377358458 -1.9047576266652664
decision_type=2 2 2 2 2 2 2 2 2 2 2 2 2 2
left_child=1 12 9 -4 5 13 -7 8 -6 -2 11 -11 -1 -3
right_child=2 4 3 -5 7 6 -8 -9 -10 10 -12 -13 -14 -15
leaf_value=0.011377039242646481 0.0019390018267791405 -0.010012653083494394 0.022576925231162268 -0.0034865954415117563 -0.00085508101071345296 -0.016673547769434579 -0.0051461910994344724 -0.0049796430621044619 0.010820943387819731 0.00092340187885750426 0.0036379509042657287 -0.0011630770028636407 0.002406995288253604 -0.0027151106411902239
leaf_weight=9.9999999999999982 315 9.9999999999999982 10.000000000000002 10.999999999999998 48 12.999999999999998 24 31 13.999999999999998 211 37 340 23 149
leaf_count=10 315 10 10 11 48 13 24 31 14 211 37 340 23 149
internal_value=5.884e-06 -0.00225802 0.000798226 0.0088306 -0.00312632 -0.00437225 -0.00931123 -0.000466391 0.00174631 0.000607148 -0.000101453 -0.000358614 0.00524198 -0.00319894
internal_weight=1246 322 924 21 289 196 37 93 62 903 588 551 33 159
internal_count=1246 322 924 21 289 196 37 93 62 903 588 551 33 159
is_linear=0
shrinkage=0.03


Tree=92
num_leaves=11
num_cat=0
split_feature=2 16 2 27 45 15 4 32 5 13
split_gain=6.8465 2.20148 4.41311 8.18789 1.56155 1.06619 0.911971 0.831383 0.738148 0.540836
threshold=1.0000000180025095e-35 0.934982326341533 0.8125 -0.23719563246263289 1.0000000180025095e-35 -1.2602180172371134 0.69136403556145309 -0.99905689108323548 0.84713071535794071 1.6206446223781887
decision_type=2 2 2 2 2 2 2 2 2 2
left_child=-1 2 4 -4 6 -3 -2 -7 -9 -6
right_child=1 5 3 -5 9 7 -8 8 -10 -11
leaf_value=0.022464524416391515 -5.744989157771345e-05 -0.011802893417912561 -0.0022257072678674621 0.03076279543340206 0.0010758038538207469 0.004099354094155786 -0.0026693768070780929 -0.0015459544758820631 -0.0052159691405582603 0.0043314509560799918
leaf_weight=11.999999999999998 358 10.999999999999998 15.000000000000002 11.999999999999998 347 17 183 164 73 54
leaf_count=12 358 11 15 12 347 17 183 164 73 54
internal_value=5.58388e-06 -0.000212189 0.000447868 0.0123846 0.000101271 -0.00263633 -0.000946841 -0.00222306 -0.00269076 0.00152267
internal_weight=1246 1234 969 27 942 265 541 254 237 401
internal_count=1246 1234 969 27 942 265 541 254 237 401
is_linear=0
shrinkage=0.03


Tree=93
num_leaves=11
num_cat=0
split_feature=2 16 2 27 43 2 15 16 13 28
split_gain=6.44515 2.07212 4.15216 7.71026 1.27894 1.0042 1.00336 0.773158 0.428345 0.327454
threshold=1.0000000180025095e-35 0.934982326341533 0.8125 -0.23719563246263289 -0.87968028425755074 0.026785714285714253 -1.2602180172371134 2.2861894976578743 1.6206446223781887 0.85926309536721746
decision_type=2 2 2 2 2 2 2 2 2 2
left_child=-1 2 4 -4 8 -6 -3 9 -2 -8
right_child=1 6 3 -5 5 -7 7 -9 -10 -11
leaf_value=0.021796158236905561 0.0013515949179635292 -0.011451996907189087 -0.0021593782097403423 0.029847536652295059 -0.0082521041527094437 -0.00041232090308572153 -0.0011835661831774633 -0.0096151642692236857 0.0048387521618287865 -0.0039567777869768412
leaf_weight=11.999999999999998 228 10.999999999999998 15.000000000000002 11.999999999999998 14.999999999999998 661 192 11.999999999999998 38 50
leaf_count=12 228 11 15 12 15 661 192 12 38 50
internal_value=5.3663e-06 -0.000205856 0.000434436 0.0120129 9.81458e-05 -0.000591913 -0.00255775 -0.0021564 0.00186267 -0.00177033
internal_weight=1246 1234 969 27 942 676 265 254 266 242
internal_count=1246 1234 969 27 942 676 265 254 266 242
is_linear=0
shrinkage=0.03


Tree=94
num_leaves=11
num_cat=0
split_feature=2 16 2 47 45 15 3 32 5 0
split_gain=6.06744 1.9525 3.9018 7.48442 1.3903 0.949275 0.874445 0.775284 0.73701 0.504935
threshold=1.0000000180025095e-35 0.91829684400290745 0.8125 -0.37100576667240043 1.0000000180025095e-35 -1.2602180172371134 1.0000000180025095e-35 -0.99905689108323548 0.84713071535794071 0.51886792452830199
decision_type=2 2 2 2 2 2 2 2 2 2
left_child=-1 2 4 -4 6 -3 -2 -7 -9 -6
right_child=1 5 3 -5 9 7 -8 8 -10 -11
leaf_value=0.021147677423047625 -0.0025731228833335519 -0.01111153197449607 0.030592620457346367 -0.0012921047515831656 0.0023964224846099373 0.0040367182488798298 -1.3271634380247601e-05 -0.0013905254010679528 -0.0050240347198086234 0.00022323275370535829
leaf_weight=11.999999999999998 183 10.999999999999998 11.000000000000002 15.999999999999998 223 17 356 168 74 175
leaf_count=12 183 11 11 16 223 17 356 168 74 175
internal_value=4.96651e-06 -0.000199901 0.000429043 0.0116522 0.000101233 -0.0024559 -0.000888267 -0.00207256 -0.00251561 0.00144871
internal_weight=1246 1234 964 27 937 270 539 259 242 398
internal_count=1246 1234 964 27 937 270 539 259 242 398
is_linear=0
shrinkage=0.03


Tree=95
num_leaves=12
num_cat=0
split_feature=2 16 2 27 45 15 2 2 2 13 30
split_gain=5.71177 1.83779 3.67552 7.05548 1.32772 0.888237 0.728599 0.884264 0.676586 0.491441 0.148104
threshold=1.0000000180025095e-35 0.934982326341533 0.8125 -0.23719563246263289 1.0000000180025095e-35 -1.2602180172371134 0.9196428571428571 0.7767857142857143 0.026785714285714253 1.6206446223781887 -0.012098909793675968
decision_type=2 2 2 2 2 2 2 2 2 2 2
left_child=-1 2 4 -4 8 -3 7 -7 -2 -6 -8
right_child=1 5 3 -5 9 6 10 -9 -10 -11 -12
leaf_value=0.020518490447978346 -0.0076322507517028399 -0.010781189219371693 -0.0022465608647364546 0.0283655294985318 0.00097685317520145552 -0.0020908942997557491 -0.010029859487470739 0.0046077540255497883 -0.00070038103129741358 0.0040806194275312896 -0.0041542623817256768
leaf_weight=11.999999999999998 12.999999999999998 10.999999999999998 15.000000000000002 11.999999999999998 347 214 11.000000000000002 19 528 54 9.9999999999999982
leaf_count=12 13 11 15 12 347 214 11 19 528 54 10
internal_value=4.7621e-06 -0.000193939 0.000408909 0.0113026 9.23188e-05 -0.00240895 -0.00203047 -0.00153004 -0.000873875 0.00140321 -0.00740708
internal_weight=1246 1234 969 27 942 265 254 233 541 401 21
internal_count=1246 1234 969 27 942 265 254 233 541 401 21
is_linear=0
shrinkage=0.03


Tree=96
num_leaves=12
num_cat=0
split_feature=2 4 46 16 2 2 25 5 27 16 2
split_gain=5.377 1.87035 1.36694 3.81827 1.23027 2.40801 2.60699 2.55423 0.560685 0.50705 0.187142
threshold=1.0000000180025095e-35 -0.41147273674672352 -1.3169164585862192 -1.0381397208692111 0.95535714285714279 0.7767857142857143 1.0000000180025095e-35 0.84713071535794071 0.68289542842071616 0.23305710801039173 0.7232142857142857
decision_type=2 2 2 2 2 2 2 2 2 2 2
left_child=-1 2 3 -2 5 7 -7 -3 9 -4 -10
right_child=1 4 8 -5 -6 6 -8 -9 10 -11 -12
leaf_value=0.019908022834988666 0.021562404682910114 -0.00073626235126487039 0.0022023693188693281 -0.00065381976467099312 -0.010175023008820439 0.01615565576646107 -0.0033534158581849365 -0.0079567842740731615 -0.00046805697412345411 -0.00048125969115356769 -0.0040805861267945547
leaf_weight=11.999999999999998 11.000000000000002 726 238 18 12.999999999999998 15 10 47 54 84 18
leaf_count=12 11 726 238 18 13 15 10 47 54 84 18
internal_value=4.45293e-06 -0.000188265 0.00142576 0.00771507 -0.00103388 -0.000879945 0.00825024 -0.00118014 0.000953387 0.00149305 -0.00141721
internal_weight=1246 1234 423 29 811 798 25 773 394 322 72
internal_count=1246 1234 423 29 811 798 25 773 394 322 72
is_linear=0
shrinkage=0.03


Tree=97
num_leaves=15
num_cat=0
split_feature=7 31 17 16 17 43 47 17 28 46 16 9 8 26
split_gain=2.02331 1.25645 6.27584 1.05243 1.00578 0.961831 0.73787 0.812442 0.636313 0.429183 0.363319 0.341954 0.329221 0.271734
threshold=-1.2619971404862038 0.94510119239629076 0.79962210389977983 1.6379750025462598 -0.7002865717126332 -1.1739532608798187 -0.37100576667240043 -0.66019733689967686 1.1785819207301571 1.0000000180025095e-35 1.1680776116861271 -0.38954050612671259 -1.9100328982604513 0.24406159352029227
decision_type=2 2 2 2 2 2 2 2 2 2 2 2 2 2
left_child=3 4 8 5 9 -1 7 -7 -3 13 -8 -11 -6 -2
right_child=1 2 -4 -5 12 6 10 -9 -10 11 -12 -13 -14 -15
leaf_value=0.0051965086236184467 0.00096234746441308124 0.00258934631775328 0.024216740418933642 -0.0072197216846675511 0.0035755322890057739 0.003732803557644185 -0.0049860509605852039 -0.0017002390957110967 -0.003649990257264962 0.0016020215952118814 0.00085435738067815797 0.0045468161708797561 -0.00052259948913557428 -0.0039039772346213058
leaf_weight=18 124 53 11.999999999999998 32 18 29 74 159 20 87 9.9999999999999982 66 533 10.999999999999998
leaf_count=18 124 53 12 32 18 29 74 159 20 87 10 66 533 11
internal_value=4.03508e-06 0.000720101 0.00419685 -0.00204103 0.000363834 -0.00145696 -0.00191004 -0.000844675 0.000836245 0.00180206 -0.0042549 0.00289406 -0.000382654 0.00054103
internal_weight=1246 924 85 322 839 290 272 188 73 288 84 153 551 135
internal_count=1246 924 85 322 839 290 272 188 73 288 84 153 551 135
is_linear=0
shrinkage=0.03


Tree=98
num_leaves=13
num_cat=0
split_feature=2 3 0 27 0 2 17 2 17 25 0 27
split_gain=5.05299 1.61517 1.92993 1.56023 3.53282 1.40977 0.8394 1.93499 0.716484 0.660082 0.546991 0.129559
threshold=1.0000000180025095e-35 1.0000000180025095e-35 0.14150943396226412 2.1458033557640985 0.70754716981132082 0.026785714285714253 -0.53264060189819162 0.16964285714285712 -0.7002865717126332 1.0000000180025095e-35 0.084905660377358458 -0.17638811562598605
decision_type=2 2 2 2 2 2 2 2 2 2 2 2
left_child=-1 2 10 5 -5 -3 9 -8 -7 -4 -2 -12
right_child=1 3 6 4 -6 8 7 -9 -10 -11 11 -13
leaf_value=0.019298765393328077 0.011162619127495454 -0.0086794076091455709 0.0011525228395518952 -0.0034892072816296361 0.021422525752372672 0.0019088664676451478 -0.012436195416034671 -0.0024795618899350856 -4.8029520068675147e-05 -0.0039895922775717574 0.0046541773250772921 0
leaf_weight=11.999999999999998 9.9999999999999982 14.999999999999998 88 10.000000000000002 9.9999999999999982 245 19 255 529 30 12 11
leaf_count=12 10 15 88 10 10 245 19 255 529 30 12 11
internal_value=4.11938e-06 -0.000182629 -0.00168172 0.000601308 0.00886202 0.000387013 -0.00227395 -0.00318522 0.000567692 -0.000131664 0.00524825 0.00250972
internal_weight=1246 1234 425 809 20 789 392 274 774 118 33 23
internal_count=1246 1234 425 809 20 789 392 274 774 118 33 23
is_linear=0
shrinkage=0.03


Tree=99
num_leaves=11
num_cat=0
split_feature=2 16 2 31 45 15 4 32 5 0
split_gain=4.75674 1.62305 3.40065 6.90818 1.16145 0.786958 0.697262 0.674825 0.579281 0.489791
threshold=1.0000000180025095e-35 0.934982326341533 0.8125 0.49606850172210809 1.0000000180025095e-35 -1.2602180172371134 0.69136403556145309 -0.99905689108323548 0.84713071535794071 0.51886792452830199
decision_type=2 2 2 2 2 2 2 2 2 2
left_child=-1 2 4 -4 6 -3 -2 -7 -9 -6
right_child=1 5 3 -5 9 7 -8 8 -10 -11
leaf_value=0.018724587440244425 -4.0088152446816848e-05 -0.010142660487342525 -0.0035719470013963403 0.026555654597357592 0.0022386165106038402 0.0037901797978893699 -0.0023249611133152079 -0.0013073328177323753 -0.0045622723945145782 0.00010728256628187009
leaf_weight=11.999999999999998 358 10.999999999999998 14.000000000000002 12.999999999999998 225 17 183 164 73 176
leaf_count=12 358 11 14 13 225 17 183 164 73 176
internal_value=4.03205e-06 -0.000177087 0.000389293 0.0108677 8.46503e-05 -0.0022588 -0.000818806 -0.00190171 -0.00232406 0.00131091
internal_weight=1246 1234 969 27 942 265 541 254 237 401
internal_count=1246 1234 969 27 942 265 541 254 237 401
is_linear=0
shrinkage=0.03


Tree=100
num_leaves=15
num_cat=0
split_feature=4 46 0 0 0 0 0 29 0 9 0 17 43 17
split_gain=1.74467 1.18865 5.42189 1.18191 0.893768 0.829106 1.03682 0.744169 0.736319 1.33341 1.2405 0.497508 0.480806 0.409431
threshold=-0.41147273674672352 -1.3169164585862192 0.80188679245283023 0.3867924528301887 0.9528301886792454 0.65094339622641517 0.63207547169811329 -1.2118272150421117 0.89622641509433976 0.59843917132938007 0.91509433962264153 1.0310167916730271 0.2593530581336207 0.018827498178030404
decision_type=2 2 2 2 2 2 2 2 2 2 2 2 2 2
left_child=1 2 -1 7 8 6 11 -2 9 -5 -10 -3 -7 -9
right_child=3 5 -4 4 -6 12 -8 13 10 -11 -12 -13 -14 -15
leaf_value=-0.0018504464401466112 -0.0033514191332633479 0.0028091202578688513 0.025217586443897815 -0.001043926308607385 -0.0096098016576400703 0.00090900702610843755 0.012163410321763247 0.0018590376524655059 0.01034474616146777 -0.0053232063240849078 -0.0024420679286615734 -0.0023008784186216895 -0.002005246109972512 -0.00024952213908115389
leaf_weight=19.000000000000004 41 131 9.9999999999999982 325 12.999999999999998 163 9.9999999999999982 185 12.000000000000002 83 14.999999999999998 19 74 146
leaf_count=19 41 131 10 325 13 163 10 185 12 83 15 19 74 146
internal_value=3.83758e-06 0.00156349 0.00743485 -0.000802855 -0.00184185 0.00112528 0.00279313 0.000440498 -0.00160065 -0.00192291 0.00314746 0.00214077 0 0.000920123
internal_weight=1246 426 29 820 448 397 160 372 435 408 27 150 237 331
internal_count=1246 426 29 820 448 397 160 372 435 408 27 150 237 331
is_linear=0
shrinkage=0.03


Tree=101
num_leaves=15
num_cat=0
split_feature=4 27 16 5 15 27 16 42 46 29 32 15 16 32
split_gain=1.64243 1.16147 3.34667 0.924131 1.20104 1.18211 1.11665 0.870911 0.658436 0.428942 0.427349 0.425879 0.403874 0.933916
threshold=-0.41147273674672352 2.1458033557640985 1.4937550014043495 0.84713071535794071 0.9625784703696697 -0.23719563246263289 0.9817811576322556 -0.78323426968875298 -0.58951810478134881 1.0935733046935745 0.5661322382805003 1.4114972243362172 0.3399502355795021 1.8649061966887066
decision_type=2 2 2 2 2 2 2 2 2 2 2 2 2 2
left_child=1 12 -3 7 6 11 -5 10 -8 -9 -2 -6 13 -1
right_child=3 2 -4 4 5 -7 8 9 -10 -11 -12 -13 -14 -15
leaf_value=0.0013379638652491125 -0.0040228073421351221 0.020806967598284671 -0.0034346269343813675 -0.015382241273976185 -0.0092458043572963122 0.0057140994075228239 0.00084396019901249045 -1.4195417336656655e-05 -0.0086747551093745295 0.0025584469522331077 -0.0011256764393377961 -0.0013686997741850881 -0.0006951516263649757 0.010661319767558339
leaf_weight=314 60 10.000000000000002 9.9999999999999982 11.999999999999998 10.000000000000002 17 11.999999999999998 391 13.000000000000002 68 218 19 82 9.9999999999999982
leaf_count=314 60 10 10 12 10 17 12 391 13 68 218 19 82 10
internal_value=3.49406e-06 0.00151683 0.00858013 -0.000779135 -0.00378299 -0.000473182 -0.00780465 -0.000436308 -0.00400109 0.000360877 -0.00176297 -0.00421047 0.00115947 0.00163818
internal_weight=1246 426 20 820 83 46 37 737 25 459 278 29 406 324
internal_count=1246 426 20 820 83 46 37 737 25 459 278 29 406 324
is_linear=0
shrinkage=0.03


Tree=102
num_leaves=12
num_cat=0
split_feature=2 16 2 47 45 15 2 2 2 0 32
split_gain=4.47623 1.39496 3.15388 6.66312 1.06314 0.703581 0.611096 0.72061 0.603618 0.479294 0.13957
threshold=1.0000000180025095e-35 0.90547605908364492 0.8125 -0.37100576667240043 1.0000000180025095e-35 -1.2602180172371134 0.9196428571428571 0.7767857142857143 0.026785714285714253 0.51886792452830199 1.0656606838221181
decision_type=2 2 2 2 2 2 2 2 2 2 2
left_child=-1 2 4 -4 8 -3 7 -7 -2 -6 -8
right_child=1 5 3 -5 9 6 10 -9 -10 -11 -12
leaf_value=0.018163363365225556 -0.0071785162500184003 -0.0095187873091246641 0.028331131250471674 -0.001749095403305862 0.0021906769492247729 -0.001776197807264291 -0.0094546573838716948 0.0042584596732289995 -0.00063012577748495266 6.6746456646238117e-05 -0.0037947499082499258
leaf_weight=11.999999999999998 12.999999999999998 10.999999999999998 11.000000000000002 15.999999999999998 219 224 10.000000000000002 19 525 175 10.999999999999998
leaf_count=12 13 11 11 16 219 224 10 19 525 175 11
internal_value=3.0954e-06 -0.00017253 0.00036499 0.0104544 6.83907e-05 -0.00205737 -0.00173163 -0.00129045 -0.000795238 0.00125518 -0.00666416
internal_weight=1246 1234 959 27 932 275 264 243 538 394 21
internal_count=1246 1234 959 27 932 275 264 243 538 394 21
is_linear=0
shrinkage=0.03


Tree=103
num_leaves=13
num_cat=0
split_feature=2 4 17 44 17 0 2 5 27 46 4 15
split_gain=4.21389 1.40777 1.32271 3.71779 7.54962 1.06826 3.362 1.98892 0.585007 0.482747 0.173715 0.0429135
threshold=1.0000000180025095e-35 -0.41147273674672352 1.3024667050842083 -0.93778201192897626 1.7899220476613231 0.93396226415094341 0.7767857142857143 0.84713071535794071 0.74111703363472581 1.0000000180025095e-35 -1.6751398716831756 1.0000000180025095e-35
decision_type=2 2 2 2 2 2 2 2 2 2 2 2
left_child=-1 2 8 4 -4 6 7 -3 9 -2 -10 -5
right_child=1 5 3 11 -6 -7 -8 -9 10 -11 -12 -13
leaf_value=0.017622965701109123 0 -0.00064649800282000542 0.033945693412039533 -0.001295073249238766 0.00018844626498538134 -0.0079283457150907104 0.011693148324607397 -0.0070193445933448848 -0.00025991673055909451 0.0023112978608002131 -0.0042463022662860995 -0.0044950442764871189
leaf_weight=11.999999999999998 180 726 10.000000000000002 12.000000000000002 14.999999999999998 19 19 47 19 152 25 9.9999999999999982
leaf_count=12 180 726 10 12 15 19 19 47 19 152 25 10
internal_value=2.8314e-06 -0.000167498 0.00123237 0.00597934 0.0138923 -0.0009014 -0.000728057 -0.00103872 0.000629591 0.00106696 -0.00259743 -0.00289911
internal_weight=1246 1234 423 47 25 811 792 773 376 332 44 22
internal_count=1246 1234 423 47 25 811 792 773 376 332 44 22
is_linear=0
shrinkage=0.03


Tree=104
num_leaves=15
num_cat=0
split_feature=2 16 17 48 29 16 2 17 17 43 43 48 16 31
split_gain=3.96687 1.30295 3.23848 13.2257 1.23629 0.674259 0.943859 0.569898 0.442019 0.361633 0.345006 0.267416 0.241681 0.150428
threshold=1.0000000180025095e-35 -0.83212296957771992 1.3024667050842083 1.0000000180025095e-35 0.39585898252724294 1.6073977505768813 0.75892857142857151 1.1773230158547603 -0.39566253956623892 1.0000000180025095e-35 -1.0230764642823957 -1.1032294848100477 2.2861894976578743 0.6576882908531293
decision_type=2 2 2 2 2 2 2 2 2 2 2 2 2 2
left_child=-1 2 8 13 5 6 -3 10 9 -2 -6 -10 -7 -4
right_child=1 4 3 -5 7 12 -8 -9 11 -11 -12 -13 -14 -15
leaf_value=0.017098646406853987 0.0024905208668243193 -0.0013825947461201357 -0.0046113399538973499 0.038997642591406617 0.0030234300415879988 -0.0035243234127811792 0.0050527762564481779 -0.0041987723658293563 0.0030727260863824078 -0.00039934032207808743 0.00058730082980816296 -0.0016064950919016862 -0.0088197057251189204 8.6567072142468811e-05
leaf_weight=11.999999999999998 106 571 12.000000000000002 9.9999999999999982 74 43 21 18 11.999999999999998 59 194 93 10.999999999999998 9.9999999999999982
leaf_count=12 106 571 12 10 74 43 21 18 12 59 194 93 11 10
internal_value=2.69288e-06 -0.000162497 0.00154655 0.0105593 -0.000719611 -0.00144836 -0.00114843 0.000915881 0.000463749 0.00143939 0.00127203 -0.00104077 -0.00467277 -0.00234945
internal_weight=1246 1234 302 32 932 646 592 286 270 165 268 105 54 22
internal_count=1246 1234 302 32 932 646 592 286 270 165 268 105 54 22
is_linear=0
shrinkage=0.03


Tree=105
num_leaves=12
num_cat=0
split_feature=2 4 17 16 2 2 5 43 9 1 16
split_gain=3.73425 1.29917 1.2279 7.34958 1.011 3.09566 1.84729 0.575471 0.51596 0.367912 0.363441
threshold=1.0000000180025095e-35 -0.41147273674672352 1.3024667050842083 -0.85048648691009487 0.93749999999999989 0.7767857142857143 0.84713071535794071 1.0000000180025095e-35 -0.38954050612671259 1.5000000000000002 0.63831739324029424
decision_type=2 2 2 2 2 2 2 2 2 2 2
left_child=-1 2 7 -4 5 6 -3 8 -2 -5 -9
right_child=1 4 3 9 -6 -7 -8 10 -10 -11 -12
leaf_value=0.016589926011044503 6.1982367842797096e-06 -0.00061395352989613032 0.023907284267405245 0.0016324244154260514 -0.0076987297253692955 0.011224726211494175 -0.0067560002328472058 -0.00016965100318398445 0.0029991264291655269 -0.0046471323375712045 -0.0045061169742648278
leaf_weight=11.999999999999998 98 726 13.999999999999998 13.999999999999998 19 19 47 143 115 19 20
leaf_count=12 98 726 14 14 19 19 47 143 115 19 20
internal_value=2.72251e-06 -0.00015748 0.00118721 0.00576114 -0.000862597 -0.000693861 -0.000992109 0.000606109 0.00163683 -0.00189556 -0.000722563
internal_weight=1246 1234 423 47 811 792 773 376 213 33 163
internal_count=1246 1234 423 47 811 792 773 376 213 33 163
is_linear=0
shrinkage=0.03


Tree=106
num_leaves=14
num_cat=0
split_feature=2 25 2 17 17 4 15 30 0 15 27 3 15
split_gain=3.51532 1.22838 3.17845 8.40915 0.998018 1.16655 0.795967 0.785932 0.719768 0.440254 0.422714 0.427683 0.258144
threshold=1.0000000180025095e-35 1.0000000180025095e-35 0.7767857142857143 0.73166528256030972 -0.55735118960831287 0.87517016427948235 0.93591096036310983 -0.012098909793675968 0.91509433962264153 0.46503809274461777 -0.46705814062159662 0.51446089382352511 0.54628410832214824
decision_type=2 2 2 2 2 2 2 2 2 2 2 2 2
left_child=-1 2 4 6 9 -6 -4 8 12 -2 -9 -12 -3
right_child=1 7 3 -5 5 -7 -8 10 -10 -11 11 -13 -14
leaf_value=0.016096341579783062 0.00043925028222559779 -0.0037686445529553202 -0.0018399729485560564 0.02947736768313676 -0.00018395607828801931 -0.0037247945006242465 0.0073295425737569149 0.004420876696388772 -0.011537400325852456 0.0027667962038131653 -0.0026029813420995768 0.0006879861402029002 -5.4761918092315835e-05
leaf_weight=11.999999999999998 215 86 28 11.999999999999998 478 102 11.999999999999998 13.999999999999998 9.9999999999999982 114 73 67 23
leaf_count=12 215 86 28 12 478 102 12 14 10 114 73 67 23
internal_value=2.64556e-06 -0.000152718 0.000349166 0.00755586 -6.05838e-05 -0.000812362 0.000847487 -0.00192989 -0.00376384 0.00125547 -0.000491757 -0.00100724 -0.00301325
internal_weight=1246 1234 961 52 909 580 40 273 119 329 154 140 109
internal_count=1246 1234 961 52 909 580 40 273 119 329 154 140 109
is_linear=0
shrinkage=0.03


Tree=107
num_leaves=15
num_cat=0
split_feature=7 0 31 17 17 15 3 0 17 43 15 28 0 1
split_gain=1.36019 1.96156 1.06152 5.65966 0.770196 0.683938 0.663574 0.898675 0.626246 1.00745 0.623697 0.568908 0.500983 0.587412
threshold=-1.2619971404862038 0.16037735849056609 0.94510119239629076 0.79962210389977983 -0.7002865717126332 0.9625784703696697 -1.3853825895309309 0.53773584905660388 0.94205150910142921 0.2593530581336207 0.44910043700442925 1.1785819207301571 0.44339622641509441 3.5000000000000004
decision_type=2 2 2 2 2 2 2 2 2 2 2 2 2 2
left_child=1 10 4 11 -2 6 -3 -8 9 -7 -1 -4 -6 -14
right_child=2 5 3 -5 12 8 7 -9 -10 -11 -12 -13 13 -15
leaf_value=0.0013089956240951123 0.0015215329337614665 -0.0013222160836154271 0.0022540942553199278 0.022795233237287722 0.00074922942354078916 -0.00037022537510548743 -0.0038493986961759827 -0.011276368515267556 -0.0040170643202638709 0.0099244926443397257 0.0090616576679004648 -0.0036506918844169197 -0.00084627567383635657 -0.0073660404874964528
leaf_weight=25 288 73 53 11.999999999999998 211 53 97 18 30 9.9999999999999982 15.999999999999998 20 327 12.999999999999998
leaf_count=25 288 73 53 12 211 53 97 18 30 10 16 20 327 13
internal_value=2.58427e-06 -0.00167376 0.000590131 0.00378538 0.000262429 -0.00257513 -0.00361793 -0.00504673 -0.000433246 0.00122945 0.0044221 0.000592524 -0.0003904 -0.00110647
internal_weight=1246 322 924 85 839 281 188 115 93 63 41 73 551 340
internal_count=1246 322 924 85 839 281 188 115 93 63 41 73 551 340
is_linear=0
shrinkage=0.03


Tree=108
num_leaves=12
num_cat=0
split_feature=2 16 2 31 2 29 7 0 26 17 29
split_gain=3.31534 1.127 2.57455 6.41687 0.91134 0.85377 0.427953 0.529636 0.358449 0.21956 0.204749
threshold=1.0000000180025095e-35 0.934982326341533 0.8125 0.49606850172210809 0.026785714285714253 -0.75742812297906958 -1.3767326174569765 0.17924528301886791 0.46633453875448488 1.9742627713068008 0.39585898252724294
decision_type=2 2 2 2 2 2 2 2 2 2 2
left_child=-1 2 4 -4 -2 -6 7 -3 -9 10 -8
right_child=1 6 3 -5 5 -7 9 8 -10 -11 -12
leaf_value=0.015631688334478821 -0.006604441599714574 0.0029605018770746372 -0.0044708377376515805 0.024570327576903896 -0.0016078443181237942 0.00065516114077136551 -0.0020376600409287605 -0.0051663190612121473 -0.0006170316080918864 0.0033111472870453744 0.0001989567450516643
leaf_weight=11.999999999999998 18 9.9999999999999982 14.000000000000002 12.999999999999998 188 736 96 71 22 9.9999999999999982 56
leaf_count=12 18 10 14 13 188 736 96 71 22 10 56
internal_value=2.39823e-06 -0.000148412 0.000323105 0.00944031 5.76247e-05 0.000191352 -0.00188335 -0.00340505 -0.00412419 -0.000895836 -0.00119433
internal_weight=1246 1234 969 27 942 924 265 103 93 162 152
internal_count=1246 1234 969 27 942 924 265 103 93 162 152
is_linear=0
shrinkage=0.03


Tree=109
num_leaves=11
num_cat=0
split_feature=2 4 27 2 2 2 29 2 17 17
split_gain=3.12097 1.1347 1.25712 3.3612 0.875462 2.72331 0.943108 0.365959 0.592493 0.222211
threshold=1.0000000180025095e-35 -0.41147273674672352 2.1458033557640985 0.7232142857142857 0.93749999999999989 0.7767857142857143 -0.78686068884685045 0.7232142857142857 1.72480867308204 0.37362830741019137
decision_type=2 2 2 2 2 2 2 2 2 2
left_child=-1 2 7 -4 5 6 -3 8 -2 -9
right_child=1 4 3 -5 -6 -7 -8 9 -10 -11
leaf_value=0.01516661347367239 0.00073243385949256208 -0.0031563477179811319 -0.0035925516697790203 0.020704673013769756 -0.0071655619990919272 0.010532379341921257 -0.0004271959718119856 -0.00041536677827756118 0.0056336938275248433 -0.0052510134861727571
leaf_weight=11.999999999999998 332 140 10.000000000000002 9.9999999999999982 19 19 633 35 24 11.999999999999998
leaf_count=12 332 140 10 10 19 19 633 35 24 12
internal_value=2.31863e-06 -0.000143932 0.00111257 0.00844937 -0.000803052 -0.000645744 -0.000925704 0.000739014 0.00107277 -0.00172222
internal_weight=1246 1234 423 20 811 792 773 403 356 47
internal_count=1246 1234 423 20 811 792 773 403 356 47
is_linear=0
shrinkage=0.03


Tree=110
num_leaves=15
num_cat=0
split_feature=2 45 2 25 45 17 25 17 27 17 25 17 1 7
split_gain=2.93802 1.10389 2.59127 5.48744 0.96668 0.633241 0.547207 0.542317 0.482189 0.480995 1.13643 0.432103 0.214 0.19704
threshold=1.0000000180025095e-35 -0.46225432150474405 0.8125 1.0000000180025095e-35 -0.68080187916530488 1.0310167916730271 1.0000000180025095e-35 1.8642587150236862 2.1458033557640985 1.72480867308204 -1.0000000180025095e-35 -0.39164649291928605 3.5000000000000004 -1.2619971404862038
decision_type=2 2 2 2 2 2 2 2 2 2 2 2 2 2
left_child=-1 4 5 -4 9 8 7 -6 -3 11 -11 -2 -8 -7
right_child=1 2 3 -5 6 13 12 -9 -10 10 -12 -13 -14 -15
leaf_value=0.014715375599474455 0.00060651684245516518 0.00089243350022053371 0.026995406909154189 -0.004101028264601631 -0.001492364507638483 -0.006456149665487779 -0.00317775654936244 -0.0087788621100163694 -0.0033441513933731141 0.011606960307327236 -0.00020536667886245769 -0.0013981295123026392 -0.0082273654184211488 -0.001708647819537231
leaf_weight=11.999999999999998 165 522 10 10 141 10.999999999999998 15.999999999999998 9.9999999999999982 25 9.9999999999999982 25 229 21 39
leaf_count=12 165 522 10 10 141 11 16 10 25 10 25 229 21 39
internal_value=2.18348e-06 -0.000139644 0.000754761 0.0113549 -0.00103889 0.000392782 -0.00283359 -0.00200026 0.000692746 -0.000244931 0.00310757 -0.000551067 -0.00613906 -0.00282378
internal_weight=1246 1234 617 20 617 597 188 151 547 429 35 394 37 50
internal_count=1246 1234 617 20 617 597 188 151 547 429 35 394 37 50
is_linear=0
shrinkage=0.03


Tree=111
num_leaves=15
num_cat=0
split_feature=2 16 17 42 29 2 16 2 13 17 3 4 16 4
split_gain=2.76592 1.07821 2.77136 10.7462 0.955383 0.597752 0.596898 0.394357 0.418577 0.372047 0.33556 0.2501 0.24797 0.126035
threshold=1.0000000180025095e-35 -0.83212296957771992 1.3024667050842083 1.0000000180025095e-35 0.53480597292760301 0.026785714285714253 1.6073977505768813 0.22321428571428567 1.0000000180025095e-35 -0.37229398736548974 -1.4803747636986537 0.87517016427948235 1.2819072565619782 -1.0000000180025095e-35
decision_type=2 2 2 2 2 2 2 2 2 2 2 2 2 2
left_child=-1 2 7 -4 5 -3 -7 10 -9 12 -2 -11 -6 -5
right_child=1 4 3 13 9 6 -8 8 -10 11 -12 -13 -14 -15
leaf_value=0.014277562807152465 -0.0014473722325586481 -0.0069118975738268794 0.035390338778200719 -0.0039544121807148632 0.0027043647571201382 -0.00075300264391290391 -0.0038734388735553829 -0.0015685281819284005 0.0013386228461005592 0.00015522730914003491 0.0030480151641720543 -0.0048596179015279774 -0.00081947576772393798 0.00035473211035639548
leaf_weight=11.999999999999998 18 15.999999999999998 9.9999999999999982 11.999999999999998 109 645 61 108 75 71 69 9.9999999999999982 20 10.000000000000002
leaf_count=12 18 16 10 12 109 645 61 108 75 71 69 10 20 10
internal_value=1.72298e-06 -0.000135817 0.00141864 0.00975629 -0.00064283 -0.00116287 -0.00102737 0.000416117 -0.000360608 0.00113055 0.0020829 -0.000432127 0.00213458 -0.00186722
internal_weight=1246 1234 302 32 932 722 706 270 183 210 87 81 129 22
internal_count=1246 1234 302 32 932 722 706 270 183 210 87 81 129 22
is_linear=0
shrinkage=0.03


Tree=112
num_leaves=12
num_cat=0
split_feature=2 16 2 32 29 2 46 29 2 2 47
split_gain=2.60379 1.02224 2.71392 12.4918 1.07673 0.846873 0.460005 0.440103 0.325719 0.285454 0.141557
threshold=1.0000000180025095e-35 1.6073977505768813 0.7767857142857143 -0.56613223828050008 -0.78686068884685045 0.026785714285714253 -0.58951810478134881 1.0000000180025095e-35 0.15178571428571427 0.9196428571428571 -0.64239759631339677
decision_type=2 2 2 2 2 2 2 2 2 2 2
left_child=-1 2 4 -4 6 -6 -2 -5 -3 10 -10
right_child=1 8 3 7 5 -7 -8 -9 9 -11 -12
leaf_value=0.013852775591648808 -0.0044875318372436176 -0.0085513596772101002 0.036734405815380046 0.0017828402310222772 -0.0068407547421482024 0.00031666852827647984 -0.0012000184727367015 -0.0047654754900379685 0.00095005760960122369 -0.006179223419485254 -0.0023985382407956759
leaf_weight=11.999999999999998 61 9.9999999999999982 9.9999999999999982 23 14.999999999999998 915 113 14.999999999999998 13.999999999999998 15.999999999999998 42
leaf_count=12 61 10 10 23 15 915 113 15 14 16 42
internal_value=1.60647e-06 -0.00013177 9.61897e-05 0.00707365 -0.000205074 0.000197278 -0.00237168 -0.000729004 -0.00336708 -0.00259457 -0.00150771
internal_weight=1246 1234 1152 48 1104 930 174 38 82 72 56
internal_count=1246 1234 1152 48 1104 930 174 38 82 72 56
is_linear=0
shrinkage=0.03


Tree=113
num_leaves=15
num_cat=0
split_feature=4 27 0 0 28 29 15 15 0 17 17 17 0 17
split_gain=1.18653 1.13479 3.09427 0.967921 0.828203 0.739228 0.66491 0.614598 0.567761 0.492107 0.468859 0.368779 1.00806 0.475543
threshold=-0.41147273674672352 2.1458033557640985 0.70754716981132082 0.50000000000000011 0.85926309536721746 -1.2118272150421117 0.88909918729811144 1.5870849724937581 0.42452830188679253 -0.42767952126872882 1.5528890950373129 1.72480867308204 0.85849056603773599 1.2523939746011357
decision_type=2 2 2 2 2 2 2 2 2 2 2 2 2 2
left_child=1 8 -3 5 7 -2 -6 10 -1 -7 -5 13 -13 -10
right_child=3 2 -4 4 6 9 -8 -9 11 -11 -12 12 -14 -15
leaf_value=0.0032389314661250262 -0.0031769379341148999 -0.003277378476104965 0.020023687077630865 -0.0013398318965052605 -0.011513720939451074 0.0019501846261181695 -0.001028914088291107 0.0048265648712866177 0.00040374771226274578 -0.00014869224407375729 -0.005280777635561883 0.011224899677799476 -0.00086944720306933335 -0.0043689293305236672
leaf_weight=78 52 10.000000000000002 9.9999999999999982 268 14.000000000000002 156 9.9999999999999982 12.999999999999998 283 276 31 10.000000000000002 14.999999999999998 20
leaf_count=78 52 10 10 268 14 156 10 13 283 276 31 10 15 20
internal_value=1.38786e-06 0.00128802 0.00826556 -0.000663452 -0.00190107 0.000189736 -0.00729193 -0.00147457 0.000934964 0.000602569 -0.00176008 0.000377106 0.00387422 7.74843e-05
internal_weight=1246 426 20 820 336 484 24 312 406 432 299 328 25 303
internal_count=1246 426 20 820 336 484 24 312 406 432 299 328 25 303
is_linear=0
shrinkage=0.03


Tree=114
num_leaves=14
num_cat=0
split_feature=2 25 2 17 27 15 15 30 2 27 3 7 15
split_gain=2.45402 0.994749 2.52483 7.97382 0.805547 0.827933 0.701319 0.624026 0.563138 0.343266 0.386784 0.342061 0.224346
threshold=1.0000000180025095e-35 1.0000000180025095e-35 0.7767857142857143 0.73166528256030972 0.74111703363472581 1.1612811543379569 0.93591096036310983 -0.012098909793675968 0.9196428571428571 -0.46705814062159662 0.51446089382352511 -1.2619971404862038 0.60439839305829779
decision_type=2 2 2 2 2 2 2 2 2 2 2 2 2
left_child=-1 2 4 6 5 -2 -4 8 12 -9 -11 -6 -3
right_child=1 7 3 -5 11 -7 -8 9 -10 10 -12 -13 -14
leaf_value=0.013448085218575621 0.00051426306687550963 -0.0033585688278169419 -0.0023081424584101844 0.028087322282150756 -0.0047499701599685758 -0.0037552565796594639 0.0063202081977828473 0.0039791868119797812 -0.010251907566101245 -0.0024286699300458616 0.00070094455446459457 -0.0011421730531490353 0
leaf_weight=11.999999999999998 759 88 28 11.999999999999998 39 43 11.999999999999998 13.999999999999998 9.9999999999999982 73 67 68 21
leaf_count=12 759 88 28 12 39 43 12 14 10 73 67 68 21
internal_value=1.083e-06 -0.00012833 0.000323059 0.00674611 -4.17779e-05 0.000281169 0.000214856 -0.00172781 -0.00336246 -0.000443841 -0.000910081 -0.00248838 -0.00269408
internal_weight=1246 1234 961 52 909 802 40 273 119 154 140 107 109
internal_count=1246 1234 961 52 909 802 40 273 119 154 140 107 109
is_linear=0
shrinkage=0.03


Tree=115
num_leaves=14
num_cat=0
split_feature=2 45 2 25 45 2 13 25 4 0 2 0 15
split_gain=2.31016 0.960394 2.27845 5.10122 0.862741 0.524617 0.517719 0.447872 0.379327 0.725645 0.357184 0.33754 0.24946
threshold=1.0000000180025095e-35 -0.46225432150474405 0.8125 1.0000000180025095e-35 -0.68080187916530488 0.044642857142857102 1.6206446223781887 1.0000000180025095e-35 -0.41147273674672352 0.65094339622641517 0.6696428571428571 0.17924528301886791 0.17350623330572518
decision_type=2 2 2 2 2 2 2 2 2 2 2 2 2
left_child=-1 4 5 -4 8 -3 -7 10 9 -2 -6 -10 -9
right_child=1 2 3 -5 7 6 -8 12 11 -11 -12 -13 -14
leaf_value=0.013047976841734461 0.0037480479341334984 -0.0051328840516260922 0.025734508462471533 -0.0042435623786532045 -0.0026785938338850031 0.00018847443211195044 0.0029993736848995737 -0.0038309391465937261 0.0014802995285952618 -0.00063959770930041831 0.00078617410089966921 -0.0012972900984779176 -0.0096233668349481917
leaf_weight=11.999999999999998 55 14.999999999999998 10 10 118 515 67 26 46 86 33 242 10.999999999999998
leaf_count=12 55 15 10 10 118 515 67 26 46 86 33 242 11
internal_value=1.01371e-06 -0.000124477 0.000709598 0.0106497 -0.000963394 0.000369845 0.000517679 -0.00265883 -0.000212967 0.00105208 -0.00190152 -0.000842874 -0.00565517
internal_weight=1246 1234 617 20 617 597 582 188 429 141 151 288 37
internal_count=1246 1234 617 20 617 597 582 188 429 141 151 288 37
is_linear=0
shrinkage=0.03


Tree=116
num_leaves=13
num_cat=0
split_feature=2 16 2 32 29 17 29 46 46 0 0 17
split_gain=2.17472 0.979665 2.3668 11.5296 0.909122 0.784609 0.477397 0.404826 0.309392 0.194663 0.268892 0.176819
threshold=1.0000000180025095e-35 1.6073977505768813 0.7767857142857143 -0.56613223828050008 -0.78686068884685045 -0.36204131111060128 1.0000000180025095e-35 -0.58951810478134881 -0.6366626655599984 0.65094339622641517 0.78301886792452835 1.4539811477433375
decision_type=2 2 2 2 2 2 2 2 2 2 2 2
left_child=-1 2 4 -4 7 -6 -5 -2 11 -10 -11 -3
right_child=1 8 3 6 5 -7 -8 -9 9 10 -12 -13
leaf_value=0.01265977264466611 -0.0041548909293382882 0.0017237612910251665 0.035115628280852101 0.0017435454432066383 0.0011449365060950173 -0.0006030161793532941 -0.0050728594491393948 -0.0010689487723962205 -0.0016756603750528879 -0.0098937435166255843 -0.0039681028539241946 -0.0032973323510708031
leaf_weight=11.999999999999998 61 14.000000000000002 9.9999999999999982 23 424 506 14.999999999999998 113 18 10.999999999999998 28 10.999999999999998
leaf_count=12 61 14 10 23 424 506 15 113 18 11 28 11
internal_value=9.60523e-07 -0.000120725 0.000102389 0.00661837 -0.000178771 0.000190712 -0.000874653 -0.0021698 -0.00328805 -0.00451232 -0.00573719 -0.000370333
internal_weight=1246 1234 1152 48 1104 930 38 174 82 57 39 25
internal_count=1246 1234 1152 48 1104 930 38 174 82 57 39 25
is_linear=0
shrinkage=0.03


Tree=117
num_leaves=13
num_cat=0
split_feature=2 16 2 32 2 17 45 46 15 7 26 25
split_gain=2.0473 0.923323 2.22835 10.8546 0.901692 0.780735 0.44952 0.291604 0.18572 0.17831 0.16669 0.111506
threshold=1.0000000180025095e-35 1.6073977505768813 0.7767857142857143 -0.56613223828050008 0.026785714285714253 -0.7002865717126332 -0.68080187916530488 -0.6366626655599984 0.73843495408779658 0.52277694572581945 -0.43439285297220959 1.0000000180025095e-35
decision_type=2 2 2 2 2 2 2 2 2 2 2 2
left_child=-1 2 4 -4 9 -6 -5 10 11 -2 -3 -9
right_child=1 7 3 6 5 -7 -8 8 -10 -11 -12 -13
leaf_value=0.012283118146756464 -0.0031214289960110231 -0.0026204084929950687 0.034072588277925364 0.0016914655606855044 0.0011704418856769254 -0.00058459604192472113 -0.0049216814794337113 -0.0022225506848298775 -0.007709772807211821 -0.0094589995983803635 0.0022537429379047573 -0.0059346114099025722
leaf_weight=11.999999999999998 10.000000000000002 14.000000000000002 9.9999999999999982 23 326 758 14.999999999999998 32 12.999999999999998 9.9999999999999982 10.999999999999998 11.999999999999998
leaf_count=12 10 14 10 23 326 758 15 32 13 10 11 12
internal_value=6.97323e-07 -0.000117297 9.92319e-05 0.0064218 -0.000173502 -5.39629e-05 -0.000846313 -0.00319223 -0.00438092 -0.00647076 -0.000355825 -0.00331412
internal_weight=1246 1234 1152 48 1104 1084 38 82 57 20 25 44
internal_count=1246 1234 1152 48 1104 1084 38 82 57 20 25 44
is_linear=0
shrinkage=0.03


Tree=118
num_leaves=15
num_cat=0
split_feature=2 16 28 1 16 11 29 0 9 15 0 4 16 1
split_gain=1.92734 0.90459 2.22773 3.8372 1.13868 1.19279 0.793556 0.523769 0.780478 0.487821 0.472318 0.293176 0.228643 0.0662767
threshold=1.0000000180025095e-35 -0.83212296957771992 1.1785819207301571 2.5000000000000004 -0.88084074316794381 1.0000000180025095e-35 0.53480597292760301 0.17924528301886791 0.59843917132938007 0.69821711100500272 0.74528301886792458 0.87517016427948235 1.6902301808760041 5.5000000000000009
decision_type=2 2 2 2 2 2 2 2 2 2 2 2 2 2
left_child=-1 2 4 -4 10 -6 7 9 -9 -3 -2 12 -8 -13
right_child=1 6 3 -5 5 -7 11 8 -10 -11 -12 13 -14 -15
leaf_value=0.011917669883936891 0.00091274354169274072 0.00012222604836029238 -0.0019105199252319803 0.024035061417092191 0.00017956019525439278 0.014087221926531278 0.001714385456449806 -0.00079127160871284128 -0.0033221798786912367 0.0067770012468099591 -0.0018393739856012172 -0.0040604457921247072 -0.002309386179647373 -0.00033857258489808514
leaf_weight=11.999999999999998 177 103 10.000000000000002 9.9999999999999982 12.000000000000002 10.999999999999998 176 462 146 10.999999999999998 82 10 12.999999999999998 11
leaf_count=12 177 103 10 10 12 11 176 462 146 11 82 10 13 11
internal_value=4.23388e-07 -0.000113991 0.00130961 0.0109681 0.000610334 0.00699311 -0.000578596 -0.00105275 -0.0014044 0.000796023 2.94646e-05 0.00103704 0.00142068 -0.00226392
internal_weight=1246 1234 302 20 282 23 932 722 608 114 259 210 189 21
internal_count=1246 1234 302 20 282 23 932 722 608 114 259 210 189 21
is_linear=0
shrinkage=0.03


Tree=119
num_leaves=13
num_cat=0
split_feature=2 25 2 47 29 15 17 0 26 30 15 2
split_gain=1.81431 0.881672 2.19812 7.7104 0.611658 0.614415 0.596189 0.5949 0.423494 0.420845 0.27422 0.181312
threshold=1.0000000180025095e-35 1.0000000180025095e-35 0.8125 -0.54432217531249327 -0.78686068884685045 0.32397488705664307 -0.36204131111060128 0.97169811320754718 -0.13314926565203661 -0.012098909793675968 -0.45222332513627755 0.13392857142857142
decision_type=2 2 2 2 2 2 2 2 2 2 2 2
left_child=-1 2 4 -4 5 -2 -6 9 -5 11 -11 -3
right_child=1 7 3 8 6 -7 -8 -9 -10 10 -12 -13
leaf_value=0.011563094699801492 -0.0010965322057781435 -0.0064999271526529978 0.02983196640811344 0.0027244850430097282 0.001240466434803443 -0.0077594621614255803 -0.00041460327633013319 -0.0088157444203844169 -0.0048442149839100944 -0.0040959059728297173 0.00015471794499267701 -0.0022614118790617132
leaf_weight=11.999999999999998 128 10.999999999999998 9.9999999999999982 13 368 13.999999999999998 415 9.9999999999999982 13 14.999999999999998 134 103
leaf_count=12 128 11 10 13 368 14 415 10 13 15 134 103
internal_value=5.19419e-07 -0.000110417 0.000314404 0.00757713 2.77156e-05 -0.00177955 0.000359486 -0.00161641 -0.000948983 -0.00132802 -0.000255537 -0.00270202
internal_weight=1246 1234 961 36 925 142 783 273 26 263 149 114
internal_count=1246 1234 961 36 925 142 783 273 26 263 149 114
is_linear=0
shrinkage=0.03


Tree=120
num_leaves=15
num_cat=0
split_feature=4 27 0 0 28 29 0 0 17 44 32 0 43 17
split_gain=0.978574 1.09351 2.81747 0.888264 0.827448 0.577582 0.510134 0.823586 0.474004 0.707822 0.621929 0.393391 0.403779 0.385935
threshold=-0.41147273674672352 2.1458033557640985 0.70754716981132082 0.50000000000000011 0.85926309536721746 -1.2118272150421117 0.65094339622641517 0.63207547169811329 1.5528890950373129 -0.93778201192897626 -0.48287749735689717 0.028301886792452755 -1.1739532608798187 1.0310167916730271
decision_type=2 2 2 2 2 2 2 2 2 2 2 2 2 2
left_child=1 6 -3 5 8 -2 7 13 10 -10 -5 -7 -13 -1
right_child=3 2 -4 4 -6 11 -8 -9 9 -11 -12 12 -14 -15
leaf_value=0.0021036129396143867 -0.0027601856020515198 -0.0029855849892638682 0.019236569029859978 0.0016125323447742457 -0.0071750146892555515 0.0051961518639282124 -3.6676744005013779e-05 0.010059238962980138 -0.00030695069049085878 -0.0095691406135971577 -0.0017334054801089733 0.0033392120149778569 8.8489214096824958e-05 -0.0023974637767538928
leaf_weight=133 52 10.000000000000002 9.9999999999999982 64 24 15.999999999999998 243 10.999999999999998 16.000000000000004 14.999999999999998 217 38 378 19
leaf_count=133 52 10 10 64 24 16 243 11 16 15 217 38 378 19
internal_value=2.38371e-07 0.00116892 0.00801666 -0.000603315 -0.00178909 0.000213869 0.000822312 0.00212052 -0.00136301 -0.00490148 -0.000960366 0.000579356 0.000393371 0.00152005
internal_weight=1246 426 20 820 336 484 406 163 312 31 281 432 416 152
internal_count=1246 426 20 820 336 484 406 163 312 31 281 432 416 152
is_linear=0
shrinkage=0.03


Tree=121
num_leaves=14
num_cat=0
split_feature=2 16 2 32 2 29 29 25 5 42 3 29 0
split_gain=1.70924 0.860431 2.07551 10.0128 0.841694 0.742579 0.415965 0.277501 0.297761 0.223293 0.161995 0.138907 0.0617788
threshold=1.0000000180025095e-35 1.6073977505768813 0.7767857142857143 -0.56613223828050008 0.026785714285714253 -1.2118272150421117 1.0000000180025095e-35 -1.0000000180025095e-35 0.84713071535794071 0.3125677785593397 0.5540409663934095 -0.3660472240930655 0.65094339622641517
decision_type=2 2 2 2 2 2 2 2 2 2 2 2 2
left_child=-1 2 4 -4 10 -6 -5 12 11 -10 -2 -9 -3
right_child=1 7 3 6 5 -7 -8 8 9 -11 -12 -13 -14
leaf_value=0.011222976271278603 -0.0030275779036749691 0.0016565058821129911 0.032760163461881701 0.0016640421070835804 -0.0028858087249772884 0.00016834778286025482 -0.0046977505080451239 -0.0033795849681384372 -0.010206158585330043 -0.0040833166675919982 -0.0091049675053299067 0.00050225914984538742 -0.0016616343758483925
leaf_weight=11.999999999999998 10.000000000000002 10.000000000000002 9.9999999999999982 23 77 1007 14.999999999999998 23 10.000000000000002 18 9.9999999999999982 10.999999999999998 9.9999999999999982
leaf_count=12 10 10 10 23 77 1007 15 23 10 18 10 11 10
internal_value=1.22083e-07 -0.000107484 0.000101458 0.00620335 -0.000161662 -4.60777e-05 -0.000774191 -0.00307595 -0.00406576 -0.00640535 -0.00624571 -0.00203793 0
internal_weight=1246 1234 1152 48 1104 1084 38 82 62 28 20 34 20
internal_count=1246 1234 1152 48 1104 1084 38 82 62 28 20 34 20
is_linear=0
shrinkage=0.03


Tree=122
num_leaves=11
num_cat=0
split_feature=2 16 2 47 2 29 15 16 16 2
split_gain=1.60908 0.821003 1.79394 5.27912 0.661838 0.591502 0.436709 0.372096 0.374406 0.270539
threshold=1.0000000180025095e-35 0.934982326341533 0.8125 -0.37100576667240043 0.026785714285714253 0.53480597292760301 -1.2602180172371134 1.6073977505768813 1.513037238313671 0.15178571428571427
decision_type=2 2 2 2 2 2 2 2 2 2
left_child=-1 2 4 -4 -2 -6 -3 8 -8 -9
right_child=1 6 3 -5 5 -7 7 9 -10 -11
leaf_value=0.010889069622705791 -0.0056003642241722633 -0.0074699790068474166 0.023837767766939619 -0.0029361976471422987 -0.00019901168486572844 0.0016587594516665677 -0.0009504301818198111 -0.0077167229835718582 0.0039730058864548504 -0.0022768643242339305
leaf_weight=11.999999999999998 18 10.999999999999998 11.000000000000002 15.999999999999998 729 195 157 9.9999999999999982 14.999999999999998 72
leaf_count=12 18 11 11 16 729 195 157 10 15 72
internal_value=0 -0.000104411 0.000297683 0.00790872 7.55312e-05 0.000189941 -0.00158558 -0.0013161 -0.00050157 -0.00298539
internal_weight=1246 1234 969 27 942 924 265 254 172 82
internal_count=1246 1234 969 27 942 924 265 254 172 82
is_linear=0
shrinkage=0.03


Tree=123
num_leaves=15
num_cat=0
split_feature=2 16 17 48 4 2 0 2 0 43 29 27 8 31
split_gain=1.51481 0.807014 2.43734 10.6282 0.696648 1.02612 2.0356 0.662803 0.523056 0.519608 0.516314 0.400233 0.212603 0.156117
threshold=1.0000000180025095e-35 -0.83212296957771992 1.3024667050842083 1.0000000180025095e-35 0.87517016427948235 0.16964285714285712 0.61320754716981141 0.026785714285714253 0.74528301886792458 1.0000000180025095e-35 0.53480597292760301 -0.23719563246263289 -1.1179783694785588 0.6576882908531293
decision_type=2 2 2 2 2 2 2 2 2 2 2 2 2 2
left_child=-1 2 8 13 7 6 -6 -3 9 -2 -9 -7 -10 -4
right_child=1 4 3 -5 5 11 -8 10 12 -11 -12 -13 -14 -15
leaf_value=0.010565097335079484 0.0026347331557898214 -0.0070910567947286215 -0.0047958338901031095 0.034559839017274142 -0.0012517966220968334 -0.0025206742648218794 -0.018290740071546914 -0.00047859365404544284 0 -0.00045757994456186352 0.0013437396537858261 0.00050178230175229371 -0.0032081974216354148 0
leaf_weight=11.999999999999998 101 11.999999999999998 12.000000000000002 9.9999999999999982 18.000000000000004 91 9.9999999999999982 546 35 92 188 67 42 9.9999999999999982
leaf_count=12 101 12 12 10 18 91 10 546 35 92 188 67 42 10
internal_value=0 -0.000101492 0.001243 0.00906138 -0.000540459 -0.00218355 -0.00748733 -0.00012653 0.000302262 0.00114567 -7.63188e-06 -0.00122052 -0.00177156 -0.00249701
internal_weight=1246 1234 302 32 932 186 28 746 270 193 734 158 77 22
internal_count=1246 1234 302 32 932 186 28 746 270 193 734 158 77 22
is_linear=0
shrinkage=0.03


Tree=124
num_leaves=13
num_cat=0
split_feature=2 25 2 47 2 29 15 2 26 30 15 43
split_gain=1.42606 0.815729 1.97583 6.96735 0.575465 0.510769 0.550553 0.419803 0.399404 0.36454 0.238303 0.177675
threshold=1.0000000180025095e-35 1.0000000180025095e-35 0.8125 -0.54432217531249327 0.97321428571428581 -0.78686068884685045 0.32397488705664307 0.044642857142857102 -0.13314926565203661 -0.012098909793675968 -0.45222332513627755 1.0000000180025095e-35
decision_type=2 2 2 2 2 2 2 2 2 2 2 2
left_child=-1 2 5 -4 9 6 -2 -7 -5 11 -11 -3
right_child=1 4 3 8 -6 7 -8 -9 -10 10 -12 -13
leaf_value=0.010250763737342575 -0.00096546333622651132 -0.0010602155660488206 0.028351617509333214 0.0026600856140597171 -0.0086271667583744122 -0.0035423435502844043 -0.0072731340216829424 0.00046855833452611638 -0.0046894289262038253 -0.0038428281691690147 0.00011727786658881795 -0.0035725011277602885
leaf_weight=11.999999999999998 128 48 9.9999999999999982 13 9.9999999999999982 24 13.999999999999998 759 13 14.999999999999998 134 66
leaf_count=12 128 48 10 13 10 24 14 759 13 15 134 66
internal_value=0 -9.86312e-05 0.000309907 0.00719576 -0.00154732 3.79257e-05 -0.00161314 0.000341351 -0.000903617 -0.00126354 -0.00026358 -0.00254285
internal_weight=1246 1234 961 36 273 925 142 783 26 263 149 114
internal_count=1246 1234 961 36 273 925 142 783 26 263 149 114
is_linear=0
shrinkage=0.03


Tree=125
num_leaves=14
num_cat=0
split_feature=2 25 2 29 0 7 0 2 0 30 44 48 43
split_gain=1.34252 0.768141 1.86035 5.48686 0.583541 0.497745 1.84412 0.47098 0.364155 0.355121 0.348739 0.266132 0.233792
threshold=1.0000000180025095e-35 1.0000000180025095e-35 0.8125 -0.78686068884685045 0.68867924528301894 -1.2619971404862038 0.16037735849056609 0.026785714285714253 0.87735849056603787 -0.047600126950766604 0.29592301622480793 -0.42957608258090357 -0.58058428885115287
decision_type=2 2 2 2 2 2 2 2 2 2 2 2 2
left_child=-1 2 5 -4 9 6 -2 -7 -5 11 -6 -3 -11
right_child=1 4 3 8 10 7 -8 -9 -10 12 -12 -13 -14
leaf_value=0.0099457825240024857 0.0044726592261959408 -0.0059208692714833372 0.025750252008622531 -0.0047615780364168737 -0.0090499773177694746 -0.0047979505577229499 -0.0025731934398611628 0.00054158990469992411 0.0024886523464821876 0.0014329793919283496 -0.001703022016166163 -0.0016693339629180745 -0.001019053566680886
leaf_weight=11.999999999999998 41 17 9.9999999999999982 10.000000000000002 14.000000000000002 14.999999999999998 175 694 15.999999999999998 55 11.999999999999998 80 95
leaf_count=12 41 17 10 10 14 15 175 694 16 55 12 80 95
internal_value=0 -9.58958e-05 0.00030047 0.00698208 -0.00150175 3.64594e-05 -0.00122045 0.000423732 -0.000192515 -0.00103568 -0.00579353 -0.00245067 -9.96324e-05
internal_weight=1246 1234 961 36 273 925 216 709 26 247 26 97 150
internal_count=1246 1234 961 36 273 925 216 709 26 247 26 97 150
is_linear=0
shrinkage=0.03


Tree=126
num_leaves=13
num_cat=0
split_feature=2 16 2 32 46 17 9 29 46 0 0 32
split_gain=1.26385 0.777785 1.82581 9.0929 0.6936 0.627237 0.599257 0.361977 0.288521 0.219132 0.215078 0.14998
threshold=1.0000000180025095e-35 1.6073977505768813 0.7767857142857143 -0.56613223828050008 -0.58951810478134881 -0.41197390307345833 -0.16499967034123703 1.0000000180025095e-35 -0.6366626655599984 0.65094339622641517 0.85849056603773599 1.4319815438859713
decision_type=2 2 2 2 2 2 2 2 2 2 2 2
left_child=-1 2 4 -4 6 -6 -2 -5 11 -10 -11 -3
right_child=1 8 3 7 5 -7 -8 -9 9 10 -12 -13
leaf_value=0.0096498748640075696 -0.0004736636814121803 0.0023780292619925893 0.031137133675580152 0.0014490630835681765 0.001368143738971215 -0.00038958646833962037 -0.0032495417076058332 -0.0044774648753790466 -0.001131273804448586 -0.0083385346227923766 -0.003378182193341653 -0.0022671680612132896
leaf_weight=11.999999999999998 271 11 9.9999999999999982 23 327 410 96 14.999999999999998 18 14.999999999999998 24 14
leaf_count=12 271 11 10 23 327 410 96 15 18 15 24 14
internal_value=0 -9.31571e-05 0.00010538 0.00582846 -0.000141238 0.000386312 -0.00120864 -0.000817227 -0.00291563 -0.00409461 -0.00537918 -0.000102428
internal_weight=1246 1234 1152 48 1104 737 367 38 82 57 39 25
internal_count=1246 1234 1152 48 1104 737 367 38 82 57 39 25
is_linear=0
shrinkage=0.03


Tree=127
num_leaves=10
num_cat=0
split_feature=2 2 2 47 2 29 28 3 43
split_gain=1.1898 0.767245 3.34029 6.66085 0.654986 0.624418 0.402027 0.14524 0.0231693
threshold=1.0000000180025095e-35 0.9196428571428571 0.8125 -0.37100576667240043 0.026785714285714253 -0.78686068884685045 -0.085814566887275678 0.5540409663934095 1.0000000180025095e-35
decision_type=2 2 2 2 2 2 2 2 2
left_child=-1 2 4 -4 7 -6 -3 -2 -8
right_child=1 6 3 -5 5 -7 8 -9 -10
leaf_value=0.009362771197776348 -0.0025134286601649642 -4.0433212318493201e-05 0.029682895825936053 -0.0020890643812240435 -0.0016815436874513322 0.00021067696000089654 -0.0048664725949701905 -0.0082562228727458709 -0.0083450215266755775
leaf_weight=11.999999999999998 10.000000000000002 12.999999999999998 10.000000000000002 13.999999999999998 187 968 10 9.9999999999999982 12
leaf_count=12 10 13 10 14 187 968 10 10 12
internal_value=0 -9.05504e-05 3.49491e-05 0.011093 -0.000189289 -9.32044e-05 -0.00446313 -0.00556087 -0.00692878
internal_weight=1246 1234 1199 24 1175 1155 35 20 22
internal_count=1246 1234 1199 24 1175 1155 35 20 22
is_linear=0
shrinkage=0.03


Tree=128
num_leaves=15
num_cat=0
split_feature=2 4 17 44 17 0 2 0 2 27 26 0 5 0
split_gain=1.12012 0.724087 1.08639 3.15961 6.09655 0.735348 1.26534 1.12764 0.638174 0.409403 0.370342 0.369705 0.314951 0.192773
threshold=1.0000000180025095e-35 -0.41147273674672352 1.3024667050842083 -0.93778201192897626 1.7899220476613231 0.50000000000000011 0.16964285714285712 0.70754716981132082 0.9196428571428571 2.1458033557640985 -0.67162309233973272 0.028301886792452755 -0.30600358274068951 0.29245283018867929
decision_type=2 2 2 2 2 2 2 2 2 2 2 2 2 2
left_child=-1 2 9 4 -4 10 7 -7 -8 12 13 -12 -2 -3
right_child=1 5 3 -5 -6 6 8 -9 -10 -11 11 -13 -14 -15
leaf_value=0.0090842093893688577 0.0027654000369906999 -0.00016397642803756419 0.030535101658932046 -0.0029623795739202271 0.00017883093053141965 -0.0033188120231736366 -0.00046049731052784089 -0.013719869522193007 -0.005688139261169867 -0.0038900308680588965 0.0052763487710709997 0.00044573349531248582 0.00022543839399261336 -0.0024925378096817305
leaf_weight=11.999999999999998 52 78 10.000000000000002 22 14.999999999999998 38 260 12.999999999999998 23 19 14.999999999999998 326 305 58
leaf_count=12 52 78 10 22 15 38 260 13 23 19 15 326 305 58
internal_value=0 -8.81205e-05 0.000915139 0.00521521 0.0125141 -0.000615146 -0.00169515 -0.00605043 -0.000897815 0.00036841 0.00013499 0.000668504 0.000604477 -0.00118018
internal_weight=1246 1234 423 47 25 811 334 51 283 376 477 341 357 136
internal_count=1246 1234 423 47 25 811 334 51 283 376 477 341 357 136
is_linear=0
shrinkage=0.03


Tree=129
num_leaves=15
num_cat=0
split_feature=2 16 17 48 4 2 1 2 0 42 45 27 8 31
split_gain=1.05447 0.745281 2.27113 9.52987 0.567067 0.906059 1.83687 0.551683 0.489608 0.462356 0.440317 0.37562 0.195499 0.132258
threshold=1.0000000180025095e-35 -0.83212296957771992 1.3024667050842083 1.0000000180025095e-35 0.87517016427948235 0.16964285714285712 1.5000000000000002 0.026785714285714253 0.74528301886792458 1.0000000180025095e-35 -0.46225432150474405 -0.23719563246263289 -1.1179783694785588 0.6576882908531293
decision_type=2 2 2 2 2 2 2 2 2 2 2 2 2 2
left_child=-1 2 8 13 7 6 -6 -3 9 -2 -9 -7 -10 -4
right_child=1 4 3 -5 5 11 -8 10 12 -11 -12 -13 -14 -15
leaf_value=0.008813935489632373 -0.00038046743454615194 -0.0064882425197269307 -0.0043066779634922973 0.032898262000024908 -0.0010441246919992548 -0.0023449566723862162 -0.017235095456685171 -0.00079398812738241129 0 0.0025332474620123353 0.00067629659324490476 0.00058460057815800574 -0.0030856459488486096 8.2541573931011218e-05
leaf_weight=11.999999999999998 93 11.999999999999998 12.000000000000002 9.9999999999999982 18.000000000000004 91 9.9999999999999982 352 35 100 382 67 42 9.9999999999999982
leaf_count=12 93 12 12 10 18 91 10 352 35 100 382 67 42 10
internal_value=0 -8.55335e-05 0.00120647 0.00875375 -0.000507488 -0.00199018 -0.00697413 -0.000133572 0.000297956 0.00111422 -2.47245e-05 -0.00108412 -0.0017079 -0.00218449
internal_weight=1246 1234 302 32 932 186 28 746 270 193 734 158 77 22
internal_count=1246 1234 302 32 932 186 28 746 270 193 734 158 77 22
is_linear=0
shrinkage=0.03


Tree=130
num_leaves=13
num_cat=0
split_feature=2 16 16 4 2 0 2 0 27 15 15 11
split_gain=0.992695 0.707804 5.84299 0.624923 0.702199 1.31702 0.616081 0.465164 0.460225 0.365772 0.581624 0.284626
threshold=1.0000000180025095e-35 -1.065868969322898 -1.0817695618899923 0.87517016427948235 0.16964285714285712 0.66981132075471705 0.026785714285714253 0.91509433962264153 0.68289542842071616 0.20034097290297023 -0.58009138833165574 1.0000000180025095e-35
decision_type=2 2 2 2 2 2 2 2 2 2 2 2
left_child=-1 2 9 6 5 -5 -3 -6 -8 10 -2 -11
right_child=1 3 -4 4 7 -7 8 -9 -10 11 -12 -13
leaf_value=0.0085517024789159464 -0.00040760071230514481 -0.0064714518630208853 0.023824928540293829 -0.0012747963727346506 -0.00040008958095482712 -0.013782050464271516 0.00041753134245334607 -0.0047703930204627161 -0.0014263101304635396 0.0014888957897030517 0.0040473951442407908 -0.002819711353842068
leaf_weight=11.999999999999998 63 12.999999999999998 9.9999999999999982 22 151 11.999999999999998 682 26 148 19 44 44
leaf_count=12 63 13 10 22 151 12 682 26 148 19 44 44
internal_value=0 -8.31538e-05 0.00165181 -0.000382422 -0.00184224 -0.00580457 -1.33014e-05 -0.00106133 8.50037e-05 0.000316632 0.00139842 -0.00147245
internal_weight=1246 1234 180 1054 211 34 843 177 830 170 107 63
internal_count=1246 1234 180 1054 211 34 843 177 830 170 107 63
is_linear=0
shrinkage=0.03


Tree=131
num_leaves=14
num_cat=0
split_feature=2 25 2 47 0 0 7 2 44 30 0 48 43
split_gain=0.934549 0.659404 1.64023 5.91691 0.483528 0.415466 1.09627 0.419164 0.342904 0.3179 0.288775 0.236196 0.198553
threshold=1.0000000180025095e-35 1.0000000180025095e-35 0.8125 -0.54432217531249327 0.68867924528301894 0.50000000000000011 -1.3767326174569765 0.026785714285714253 0.29592301622480793 -0.047600126950766604 0.89622641509433976 -0.42957608258090357 -0.58058428885115287
decision_type=2 2 2 2 2 2 2 2 2 2 2 2 2
left_child=-1 2 5 -4 9 7 -7 -2 -6 11 -5 -3 -11
right_child=1 4 3 10 8 6 -8 -9 -10 12 -12 -13 -14
leaf_value=0.0082972717835483219 -0.0042511870386387337 -0.0055691669802916668 0.026057613673112771 -0.0049394645947631027 -0.0085086777600202144 -0.0059731066603187439 -0.00020085080921664926 0.00080008484442012937 -0.0012542278113705683 0.001339652780312436 0.0014613728512509476 -0.0015575720669094768 -0.00092048697995113021
leaf_weight=11.999999999999998 14.999999999999998 17 9.9999999999999982 10.000000000000002 14.000000000000002 32 402 476 11.999999999999998 55 15.999999999999998 80 95
leaf_count=12 15 17 10 10 14 32 402 476 12 55 16 80 95
internal_value=0 -8.08818e-05 0.000286183 0.00656015 -0.00138362 3.80809e-05 -0.000634644 0.000638826 -0.00529305 -0.000957983 -0.000895038 -0.00229654 -7.1442e-05
internal_weight=1246 1234 961 36 273 925 434 491 26 247 26 97 150
internal_count=1246 1234 961 36 273 925 434 491 26 247 26 97 150
is_linear=0
shrinkage=0.03


Tree=132
num_leaves=15
num_cat=0
split_feature=4 46 0 25 32 17 16 5 16 0 0 47 9 43
split_gain=0.800747 1.85441 0.799877 0.816743 0.622913 0.536921 0.60072 0.551207 0.880705 0.411113 0.350934 0.349532 0.791584 0.33294
threshold=-0.48040003501598449 -1.3169164585862192 0.65094339622641517 -1.0000000180025095e-35 1.8649061966887066 -0.52475380600017751 1.1420360204853484 0.84713071535794071 0.010967838428747252 0.76415094339622647 0.17924528301886791 0.27765057002188898 0.59843917132938007 -1.0230764642823957
decision_type=2 2 2 2 2 2 2 2 2 2 2 2 2 2
left_child=1 -1 3 -3 -4 6 11 10 -9 -10 -7 12 -2 -12
right_child=5 2 4 -5 -6 7 -8 8 9 -11 13 -13 -14 -15
leaf_value=0.011950399773393541 0.0010942062247297814 0.010196259456334284 -9.1021627016823142e-05 0.00167157139855969 -0.0065469827606583269 0.0008648638854628375 -0.0029382537719806166 -0.009639043341165188 -0.0036617939837503624 0.0015244458853351413 0.0013348105457793385 -0.00090539487788695075 0.0075631933124901728 -0.0012804723040822637
leaf_weight=13.999999999999998 181 10.999999999999998 133 145 14.999999999999998 113 37 15.999999999999998 34 22 48 57 19 401
leaf_count=14 181 11 133 145 15 113 37 16 34 22 48 57 19 401
internal_value=0 0.00129912 0.000794966 0.00229804 -0.000769577 -0.00044503 0.000608332 -0.000938247 -0.003417 -0.00157178 -0.000614796 0.00113154 0.00172723 -0.000993973
internal_weight=1246 318 304 156 148 928 294 634 72 56 562 257 200 449
internal_count=1246 318 304 156 148 928 294 634 72 56 562 257 200 449
is_linear=0
shrinkage=0.03


Tree=133
num_leaves=12
num_cat=0
split_feature=2 25 2 17 4 17 4 0 46 27 17
split_gain=0.880761 0.622062 1.55523 6.86394 0.759624 0.520508 0.64299 0.450733 0.341542 0.299874 0.245619
threshold=1.0000000180025095e-35 1.0000000180025095e-35 0.7767857142857143 0.79962210389977983 -0.41147273674672352 -0.55735118960831287 0.87517016427948235 0.97169811320754718 -0.58951810478134881 -1.201245748018495 -1.2534028949379381
decision_type=2 2 2 2 2 2 2 2 2 2 2
left_child=-1 2 5 4 -4 8 -7 9 -2 -3 -11
right_child=1 7 3 -5 -6 6 -8 -9 -10 10 -12
leaf_value=0.0080547748932476362 -0.00062117188049461505 0.003102541428772693 -0.0026645895662991527 0.026249409219300426 0.0067921062390144775 -8.36900957501432e-05 -0.0027138618113660964 -0.00761448946436821 0.001533864655513809 0.0021672081195327061 -0.0015950093054940189
leaf_weight=11.999999999999998 89 13.999999999999998 30.999999999999996 10.999999999999998 10.000000000000002 478 102 9.9999999999999982 240 15.999999999999998 233
leaf_count=12 89 14 31 11 10 478 102 10 240 16 233
internal_value=0 -7.87037e-05 0.000277741 0.00531862 -0.000274172 -7.87926e-06 -0.000551797 -0.00134407 0.000941764 -0.00109144 -0.00134044
internal_weight=1246 1234 961 52 41 909 580 273 329 263 249
internal_count=1246 1234 961 52 41 909 580 273 329 263 249
is_linear=0
shrinkage=0.03


Tree=134
num_leaves=10
num_cat=0
split_feature=2 2 2 29 2 29 28 3 15
split_gain=0.829115 0.60465 2.8432 4.99337 0.530351 0.518361 0.379022 0.129411 0.0343794
threshold=1.0000000180025095e-35 0.9196428571428571 0.8125 -0.3660472240930655 0.026785714285714253 -0.78686068884685045 -0.085814566887275678 0.5540409663934095 1.2219898616508937
decision_type=2 2 2 2 2 2 2 2 2
left_child=-1 2 4 -4 7 -6 -3 -2 -8
right_child=1 6 3 -5 5 -7 8 -9 -10
leaf_value=0.0078151285854622353 -0.0021219312455873964 0 0.026328198232568129 -0.0011489842752826975 -0.0015324421737556865 0.00019152027986587511 -0.00783669400140489 -0.0075428819272777819 -0.0042082512684830341
leaf_weight=11.999999999999998 10.000000000000002 12.999999999999998 10.000000000000002 13.999999999999998 187 968 12.000000000000002 9.9999999999999982 9.9999999999999982
leaf_count=12 10 13 10 14 187 968 12 10 10
internal_value=0 -7.62829e-05 3.48514e-05 0.0102371 -0.000171835 -8.51088e-05 -0.00395815 -0.0050057 -0.00634965
internal_weight=1246 1234 1199 24 1175 1155 35 20 22
internal_count=1246 1234 1199 24 1175 1155 35 20 22
is_linear=0
shrinkage=0.03


Tree=135
num_leaves=13
num_cat=0
split_feature=2 16 2 32 46 17 9 29 25 31 4 15
split_gain=0.780546 0.652465 1.58474 8.11321 0.580596 0.520572 0.513233 0.317875 0.279909 0.285028 0.250116 0.0378142
threshold=1.0000000180025095e-35 1.6073977505768813 0.7767857142857143 -0.56613223828050008 -0.58951810478134881 -0.41197390307345833 -0.16499967034123703 1.0000000180025095e-35 -1.0000000180025095e-35 -0.35285030440752663 0.87517016427948235 0.14851115159628217
decision_type=2 2 2 2 2 2 2 2 2 2 2 2
left_child=-1 2 4 -4 6 -6 -2 -5 11 -10 -11 -3
right_child=1 8 3 7 5 -7 -8 -9 9 10 -12 -13
leaf_value=0.007582612517944053 -0.00041785256629253204 -0.00081983683059121094 0.0293468572529457 0.0012823300673203033 0.0012549046292503923 -0.00034599972590763223 -0.0029878047152623946 -0.004264404518646959 6.9200725131134935e-05 -0.0034777127248723336 -0.0091175635970465029 0.0016922844784094558
leaf_weight=11.999999999999998 271 10.000000000000002 9.9999999999999982 23 327 410 96 14.999999999999998 12.999999999999998 39 9.9999999999999982 9.9999999999999982
leaf_count=12 271 10 10 23 327 410 96 15 13 39 10 10
internal_value=0 -7.4174e-05 0.000107464 0.00543935 -0.000122111 0.00036031 -0.0010989 -0.000833876 -0.00265953 -0.00365796 -0.00470603 0.00028914
internal_weight=1246 1234 1152 48 1104 737 367 38 82 62 49 20
internal_count=1246 1234 1152 48 1104 737 367 38 82 62 49 20
is_linear=0
shrinkage=0.03


Tree=136
num_leaves=15
num_cat=0
split_feature=2 16 28 9 16 11 29 0 2 3 0 16 15 43
split_gain=0.734796 0.634898 1.70062 3.1649 1.02888 1.06311 0.511591 0.395702 0.506608 0.486626 0.364755 0.170032 0.155007 0.145185
threshold=1.0000000180025095e-35 -0.83212296957771992 1.1785819207301571 1.0000000180025095e-35 -0.88084074316794381 1.0000000180025095e-35 0.53480597292760301 0.17924528301886791 0.16964285714285712 0.67278118410306298 0.74528301886792458 0.39940518798131169 0.18412582560118709 0.55465832041356322
decision_type=2 2 2 2 2 2 2 2 2 2 2 2 2 2
left_child=-1 2 4 -4 10 -6 7 9 -9 -3 -2 13 -13 -8
right_child=1 6 3 -5 5 -7 11 8 -10 -11 -12 12 -14 -15
leaf_value=0.0073570140974580749 0.00073290981544306085 0.0033378434802832486 0.021434379467500903 -0.0021124145779574271 0.00012928519367186487 0.013272122061131776 0.0020564876918189724 -0.0033522749445786823 -0.00079905876605546652 -0.00070003736793901902 -0.0016856126868887494 0.0027854377267356135 -0.00074773698441307063 -0.00040507665521788053
leaf_weight=11.999999999999998 177 42 10.000000000000002 9.9999999999999982 12.000000000000002 10.999999999999998 100 82 526 72 82 12.999999999999998 72 25
leaf_count=12 177 42 10 10 12 11 100 82 526 72 82 13 72 25
internal_value=0 -7.19921e-05 0.00112031 0.00955979 0.000507956 0.0065751 -0.000461637 -0.000842759 -0.00114884 0.000762932 -2.15765e-05 0.000834195 -0.000169478 0.00154026
internal_weight=1246 1234 302 20 282 23 932 722 608 114 259 210 85 125
internal_count=1246 1234 302 20 282 23 932 722 608 114 259 210 85 125
is_linear=0
shrinkage=0.03


Tree=137
num_leaves=15
num_cat=0
split_feature=4 2 5 0 0 0 0 2 30 32 0 42 0 44
split_gain=0.710256 2.63926 0.498101 1.06144 2.5882 1.23337 0.481363 0.941726 1.53898 0.624963 0.470231 0.444366 0.432999 0.371374
threshold=-0.48040003501598449 0.8125 0.84713071535794071 0.76415094339622647 0.91509433962264153 0.51886792452830199 0.65094339622641517 0.41964285714285715 0.55318970186158145 1.8649061966887066 0.44339622641509441 -1.0426319619645517 0.028301886792452755 0.29592301622480793
decision_type=2 2 2 2 2 2 2 2 2 2 2 2 2 2
left_child=1 6 11 5 -5 -4 7 10 -9 -8 -1 -2 -13 -6
right_child=2 -3 3 4 13 -7 9 8 -10 -11 -12 12 -14 -15
leaf_value=0.002378371423258108 -0.0014586873760754947 0.016327813494821437 -0.0016101230216938403 0.011267920471727848 -0.0090178717270090747 -0.011817889640426767 0.00011519112588506542 0.015461575364744337 -0.00048233649518230167 -0.00632135276269439 -0.0010649809732447423 0.0053765693413925925 5.4449933343043253e-05 -0.0010629399616486771
leaf_weight=85 194 9.9999999999999982 28 13.999999999999998 11.000000000000002 18 127 11.000000000000002 9.9999999999999982 14.999999999999998 60 13.999999999999998 637 11.999999999999998
leaf_count=85 194 10 28 14 11 18 127 11 10 15 60 14 637 12
internal_value=0 0.00122366 -0.000418987 -0.00263815 0.00107595 -0.00568651 0.000718385 0.00181906 0.00776075 -0.000547584 0.000933109 -0.000197174 0.00017432 -0.00501991
internal_weight=1246 318 928 83 37 46 308 166 21 142 145 845 651 23
internal_count=1246 318 928 83 37 46 308 166 21 142 145 845 651 23
is_linear=0
shrinkage=0.03


Tree=138
num_leaves=10
num_cat=0
split_feature=2 2 2 47 2 29 28 3 15
split_gain=0.690215 0.548691 2.53754 5.52448 0.49135 0.471997 0.371387 0.122927 0.0221986
threshold=1.0000000180025095e-35 0.9196428571428571 0.8125 -0.37100576667240043 0.026785714285714253 -0.78686068884685045 -0.085814566887275678 0.5540409663934095 1.2219898616508937
decision_type=2 2 2 2 2 2 2 2 2
left_child=-1 2 4 -4 7 -6 -3 -2 -8
right_child=1 6 3 -5 5 -7 8 -9 -10
leaf_value=0.0071304771254870518 -0.0019952438555780033 3.0154780918405241e-05 0.026610923245696728 -0.0023131864375256477 -0.0014566682217396147 0.00018841334175586014 -0.0074764757938990886 -0.0072833655298788942 -0.0041755578176828449
leaf_weight=11.999999999999998 10.000000000000002 12.999999999999998 10.000000000000002 13.999999999999998 187 968 12.000000000000002 9.9999999999999982 9.9999999999999982
leaf_count=12 10 13 10 14 187 968 12 10 10
internal_value=0 -6.964e-05 3.61111e-05 0.00967446 -0.000159011 -7.54391e-05 -0.00376762 -0.00481164 -0.00613749
internal_weight=1246 1234 1199 24 1175 1155 35 20 22
internal_count=1246 1234 1199 24 1175 1155 35 20 22
is_linear=0
shrinkage=0.03


Tree=139
num_leaves=15
num_cat=0
split_feature=4 27 16 0 2 29 48 2 17 2 17 2 2 29
split_gain=0.669898 0.931335 2.64253 0.627519 1.05541 1.35862 0.551109 0.535384 0.46917 0.902473 0.506986 0.445637 1.69445 0.372233
threshold=-0.41147273674672352 2.1458033557640985 1.4937550014043495 0.50000000000000011 0.16964285714285712 -0.62182163852076178 1.0000000180025095e-35 0.7232142857142857 1.72480867308204 0.3125 1.2523939746011357 0.9196428571428571 0.7767857142857143 -1.2118272150421117
decision_type=2 2 2 2 2 2 2 2 2 2 2 2 2 2
left_child=1 7 -3 13 5 -5 -7 8 10 -10 -1 12 -6 -2
right_child=3 2 -4 4 11 6 -8 -9 9 -11 -12 -13 -14 -15
leaf_value=0.0010211807065660388 -0.0022005235021594271 0.018157976562212595 -0.0033662677611602412 -0.014283295145704727 -0.0010015045024291513 -0.0080743122944408208 -0.00033000762699191103 -0.0023433234148724064 -0.00097077617673455019 0.010451363681723145 -0.0042556460221347047 -0.004762307037236531 0.0093449911409803962 0.00047926638454069356
leaf_weight=318 52 10.000000000000002 9.9999999999999982 11.999999999999998 245 11.999999999999998 29 47 11.000000000000002 12.999999999999998 17 23 14.999999999999998 432
leaf_count=318 52 10 10 12 245 12 29 47 11 13 17 23 15 432
internal_value=0 0.0009651 0.0072834 -0.000501226 -0.00149806 -0.00538852 -0.00268376 0.000644749 0.00104484 0.00510943 0.000743259 -0.000757219 -0.000389694 0.000184763
internal_weight=1246 426 20 820 336 53 41 406 359 24 335 283 260 484
internal_count=1246 426 20 820 336 53 41 406 359 24 335 283 260 484
is_linear=0
shrinkage=0.03


Tree=140
num_leaves=15
num_cat=0
split_feature=16 2 31 46 3 15 0 46 16 2 0 2 0 15
split_gain=0.655835 1.34338 3.8185 0.740792 0.514667 0.341878 0.321474 0.398726 0.31808 0.317274 0.300264 0.291876 0.289658 0.282935
threshold=0.42058145534704622 0.8125 0.49606850172210809 -0.58951810478134881 1.0052537936900929 1.5260459074588433 0.16037735849056609 -0.6366626655599984 1.6073977505768813 0.6160714285714286 0.31132075471698112 0.062499999999999951 0.63207547169811329 -0.16347198769452667
decision_type=2 2 2 2 2 2 2 2 2 2 2 2 2 2
left_child=1 3 -3 9 11 6 13 12 -9 10 -1 -5 -8 -2
right_child=5 2 -4 4 -6 -7 7 8 -10 -11 -12 -13 -14 -15
leaf_value=5.2984009423543786e-05 -0.00060894573127177149 -0.0038462889687088881 0.02037512901062901 0.0039161067299637656 -0.0034858880589012371 0.0036219566012237296 -0.00067486786400439288 -0.0013835671878765544 -0.0040129304583400721 0.0021055877552335631 -0.0021370002204642931 0.00096044275107687619 0.0028450690225227592 0.0054894688614636408
leaf_weight=85 14.000000000000002 12.000000000000002 10.999999999999998 33 22 13.999999999999998 74 248 52 26 153 461 29 11.999999999999998
leaf_count=85 14 12 11 33 22 14 74 248 52 26 153 461 29 12
internal_value=0 0.000510969 0.00764605 0.000295776 0.000959979 -0.000926759 -0.001083 -0.00129634 -0.00185051 -0.00099095 -0.00134257 0.00116471 0.000288883 0.00210101
internal_weight=1246 803 23 780 516 443 429 403 300 264 238 494 103 26
internal_count=1246 803 23 780 516 443 429 403 300 264 238 494 103 26
is_linear=0
shrinkage=0.03


Tree=141
num_leaves=13
num_cat=0
split_feature=2 16 16 4 2 17 2 27 15 15 0 5
split_gain=0.651314 0.554028 5.16449 0.466621 0.580546 1.09907 0.508516 0.390634 0.346506 0.511811 0.335594 0.292971
threshold=1.0000000180025095e-35 -1.065868969322898 -1.0817695618899923 0.87517016427948235 0.16964285714285712 -0.45598170063224636 0.026785714285714253 0.68289542842071616 0.20034097290297023 -0.32740842226670769 0.91509433962264153 0.3723107102584865
decision_type=2 2 2 2 2 2 2 2 2 2 2 2
left_child=-1 2 8 6 5 -5 -3 -8 9 -2 -6 -10
right_child=1 3 -4 4 10 -7 7 -9 11 -11 -12 -13
leaf_value=0.0069262629765863256 -0.00017341020116228847 -0.0058811594721797202 0.022311733238269935 -0.00078572764751055576 -0.00031817588501059451 -0.012034573493105936 0.00038201818217179249 -0.0013166574309564701 0.00089588646817789124 0.0041768726729723392 -0.0040343905085612128 -0.0032059563051425213
leaf_weight=11.999999999999998 71 12.999999999999998 9.9999999999999982 21 151 12.999999999999998 682 148 25 36 26 38
leaf_count=12 71 13 10 21 151 13 682 148 25 36 26 38
internal_value=0 -6.80069e-05 0.00146665 -0.000333053 -0.00159453 -0.00519741 -1.35993e-05 7.53857e-05 0.000210438 0.00126476 -0.00088297 -0.00153186
internal_weight=1246 1234 180 1054 211 34 843 830 170 107 177 63
internal_count=1246 1234 180 1054 211 34 843 830 170 107 177 63
is_linear=0
shrinkage=0.03


Tree=142
num_leaves=15
num_cat=0
split_feature=4 1 31 17 17 0 7 0 0 0 1 0 47 0
split_gain=0.609549 1.60576 6.03451 0.521451 0.604933 0.42265 0.720436 0.553888 2.17248 1.47005 0.512333 0.655007 0.374039 0.370563
threshold=-0.48040003501598449 2.5000000000000004 -0.14204379240113388 1.7578640787233588 1.3996708032889382 0.17924528301886791 -1.3767326174569765 0.76415094339622647 0.91509433962264153 0.51886792452830199 5.5000000000000009 0.084905660377358458 -0.99180207682118937 0.028301886792452755
decision_type=2 2 2 2 2 2 2 2 2 2 2 2 2 2
left_child=1 3 -3 4 12 10 7 9 -9 -7 13 -12 -1 -2
right_child=5 2 -4 -5 -6 6 -8 8 -10 -11 11 -13 -14 -15
leaf_value=-0.0046337493953387474 0.0037575297450224824 -0.00065251874630627485 0.024473264127477141 -0.0060471373373592215 0.0077891692595722355 -0.0019563567569081224 -0.00013336764387920184 0.01035694169157997 -0.0045629071490234365 -0.011091318525250445 0.010416637623664177 0.0017092786572683145 0.00055708731075649969 -0.00094505196551793104
leaf_weight=12.999999999999998 18 29 11.999999999999998 10.999999999999998 9.9999999999999982 144 572 13.999999999999998 23 18 9.9999999999999982 40 243 89
leaf_count=13 18 29 12 11 10 144 572 14 23 18 10 40 243 89
internal_value=0 0.00113301 0.00667003 0.000300517 0.000576462 -0.000388726 -0.000679982 -0.00223523 0.00101428 -0.00299608 0.00102201 0.00352795 0.00028007 -0.000123182
internal_weight=1246 318 41 277 266 928 771 199 37 162 157 50 256 107
internal_count=1246 318 41 277 266 928 771 199 37 162 157 50 256 107
is_linear=0
shrinkage=0.03


Tree=143
num_leaves=14
num_cat=0
split_feature=2 16 2 32 46 9 16 45 25 5 44 0 47
split_gain=0.602186 0.525781 1.32384 7.34339 0.490844 0.454209 0.333529 0.294943 0.261405 0.241275 0.271423 0.0679214 0.0518033
threshold=1.0000000180025095e-35 1.6073977505768813 0.7767857142857143 -0.56613223828050008 -0.58951810478134881 -0.16499967034123703 0.42058145534704622 -0.68080187916530488 -1.0000000180025095e-35 0.84713071535794071 1.0000000180025095e-35 0.65094339622641517 -0.54432217531249327
decision_type=2 2 2 2 2 2 2 2 2 2 2 2 2
left_child=-1 2 4 -4 5 -2 -6 -5 11 12 -11 -3 -10
right_child=1 8 3 7 6 -7 -8 -9 9 10 -12 -13 -14
leaf_value=0.0066597285047789254 -0.00036933465644056594 0.0023043594828410308 0.027718195725638089 0.0010368702202648312 0.00076608322692857855 -0.0027876402292416106 -0.00060326025169623644 -0.0042926983345324627 9.9398682613183788e-06 -0.0092382750791069595 -0.0027937039252566658 -0.0010825996469743181 -0.0022847119671644258
leaf_weight=11.999999999999998 271 10.000000000000002 9.9999999999999982 23 505 96 232 14.999999999999998 9.9999999999999982 11.000000000000002 17 9.9999999999999982 24
leaf_count=12 271 10 10 23 505 96 232 15 10 11 17 10 24
internal_value=0 -6.55861e-05 9.72128e-05 0.0049706 -0.000112387 -0.00101068 0.000330935 -0.000993912 -0.00238658 -0.00335392 -0.00545613 0.000464665 -0.00152379
internal_weight=1246 1234 1152 48 1104 367 737 38 82 62 28 20 34
internal_count=1246 1234 1152 48 1104 367 737 38 82 62 28 20 34
is_linear=0
shrinkage=0.03


Tree=144
num_leaves=14
num_cat=0
split_feature=2 16 16 16 46 2 17 15 15 5 46 15 26
split_gain=0.566906 0.505434 4.77609 0.394554 0.459139 0.480514 0.353615 0.311253 0.489463 0.271123 0.237286 0.20558 0.127343
threshold=1.0000000180025095e-35 -1.065868969322898 -1.0817695618899923 1.6073977505768813 -0.58951810478134881 0.6696428571428571 -0.38497423418547344 0.20034097290297023 -0.58009138833165574 0.3723107102584865 -0.6366626655599984 0.73843495408779658 -0.43439285297220959
decision_type=2 2 2 2 2 2 2 2 2 2 2 2 2
left_child=-1 2 7 4 5 -3 -6 8 -2 -9 12 -12 -5
right_child=1 3 -4 10 6 -7 -8 9 -10 -11 11 -13 -14
leaf_value=0.0064615878967706816 -0.00046076859654888225 -0.0014058793608761537 0.021447847100103848 -0.0017670135154448288 0.001098289192897094 0.0032454639323656023 -0.00030205691867789573 0.00087531182343563232 0.0036254216543696568 -0.0030685167227813047 -0.0022913024292587217 -0.0068106175256708191 0.0025216880294720869
leaf_weight=11.999999999999998 63 295 9.9999999999999982 14.000000000000002 286 21 370 25 44 38 44 12.999999999999998 10.999999999999998
leaf_count=12 63 295 10 14 286 21 370 25 44 38 44 13 11
internal_value=0 -6.3744e-05 0.00140194 -0.000317006 -0.000145012 -0.00108635 0.000303962 0.000193218 0.00119334 -0.00145705 -0.00231656 -0.00338469 3.02178e-06
internal_weight=1246 1234 180 1054 972 316 656 170 107 63 82 57 25
internal_count=1246 1234 180 1054 972 316 656 170 107 63 82 57 25
is_linear=0
shrinkage=0.03


Tree=145
num_leaves=15
num_cat=0
split_feature=4 1 31 17 17 42 17 5 16 42 7 16 0 1
split_gain=0.565114 1.48406 5.62859 0.480547 0.580677 0.429399 0.407779 0.418066 0.427357 0.320765 0.60962 0.275636 0.259093 0.341965
threshold=-0.48040003501598449 2.5000000000000004 -0.14204379240113388 1.7578640787233588 1.3996708032889382 -1.0426319619645517 -0.52475380600017751 0.84713071535794071 0.010967838428747252 0.74329080955590088 -1.3767326174569765 1.4065554713232074 0.29245283018867929 3.5000000000000004
decision_type=2 2 2 2 2 2 2 2 2 2 2 2 2 2
left_child=1 3 -3 4 11 12 9 -8 -9 10 -7 -1 -2 -14
right_child=5 2 -4 -5 -6 6 7 8 -10 -11 -12 -13 13 -15
leaf_value=0.00058518330986699044 0 -0.00065445204793485175 0.02360864862060744 -0.0058024724230572988 0.0076219038920716771 0.0066199689115768214 -0.00019390194698797568 -0.0079933213260917624 -0.0015256424260082517 -0.001252056500993495 0.00093645850197514985 -0.0028391989717235807 -0.0013465767359215342 -0.0047028937443252417
leaf_weight=233 66 29 11.999999999999998 10.999999999999998 9.9999999999999982 19 413 11.999999999999998 47 46 180 23 106 39
leaf_count=233 66 29 12 11 10 19 413 12 47 46 180 23 106 39
internal_value=0 0.0010909 0.00641411 0.000290128 0.000555438 -0.000374326 -1.99415e-05 -0.000539457 -0.00290316 0.000968494 0.00149723 0.000264821 -0.00156377 -0.0022726
internal_weight=1246 318 41 277 266 928 717 472 59 245 199 256 211 145
internal_count=1246 318 41 277 266 928 717 472 59 245 199 256 211 145
is_linear=0
shrinkage=0.03


Tree=146
num_leaves=15
num_cat=0
split_feature=4 2 42 0 0 2 30 32 0 29 0 32 2 0
split_gain=0.531913 2.46885 0.404177 0.387812 0.387794 0.906724 1.4095 0.564067 0.378333 0.271575 0.315057 0.248011 0.3187 0.477584
threshold=-0.48040003501598449 0.8125 -1.0426319619645517 0.028301886792452755 0.65094339622641517 0.41964285714285715 0.55318970186158145 1.8649061966887066 0.44339622641509441 -0.12065546326903442 0.40566037735849059 0.5661322382805003 0.5982142857142857 0.29245283018867929
decision_type=2 2 2 2 2 2 2 2 2 2 2 2 2 2
left_child=1 4 11 -4 5 8 -7 -6 -1 10 -5 12 13 -2
right_child=2 -3 3 9 7 6 -8 -9 -10 -11 -12 -13 -14 -15
leaf_value=0.0019885419798083607 -0.00043855714045234562 0.015664443474004766 0.004901606676693847 0.00038052895772752574 6.2225558539489068e-05 0.014754731942068883 -0.0004928895989709561 -0.0060500765113246351 -0.0011015995656730555 0.00026147763160702935 -0.0019538079733032619 -0.0006657949089300606 0.0019966607939193746 -0.0055400803488119569
leaf_weight=85 29 9.9999999999999982 13.999999999999998 84 127 11.000000000000002 9.9999999999999982 14.999999999999998 60 490 129 129 9.9999999999999982 43
leaf_count=85 29 10 14 84 127 11 10 15 60 490 129 129 10 43
internal_value=0 0.0010581 -0.000363429 -1.9483e-05 0.000569201 0.00155821 0.00738385 -0.000566132 0.000689309 -0.000122435 -0.0010194 -0.00151742 -0.00281819 -0.00353037
internal_weight=1246 318 928 717 308 166 21 142 145 703 213 211 82 72
internal_count=1246 318 928 717 308 166 21 142 145 703 213 211 82 72
is_linear=0
shrinkage=0.03


Tree=147
num_leaves=11
num_cat=0
split_feature=2 31 17 45 0 2 17 16 0 2
split_gain=0.528558 0.464151 3.42652 0.452995 0.691071 0.449637 0.417923 0.311878 0.302834 0.118801
threshold=1.0000000180025095e-35 0.94510119239629076 1.3024667050842083 0.58070397767483073 0.63207547169811329 0.026785714285714253 -0.36204131111060128 1.1420360204853484 0.17924528301886791 0.5803571428571429
decision_type=2 2 2 2 2 2 2 2 2 2
left_child=-1 5 3 4 -3 -2 7 -7 -8 -5
right_child=1 2 -4 9 -6 6 8 -9 -10 -11
leaf_value=0.0062391622690868773 -0.0049569713253345684 0.0006682641274151171 0.018420521592961092 0.0035526420552224693 -0.005988311345084301 0.00070268920502476251 0.00082610114086777923 -0.0021822427109998346 -0.00099450649600947008 0.00062909425856061678
leaf_weight=11.999999999999998 18 40 9.9999999999999982 28 21 443 96 36 514 28
leaf_count=12 18 40 10 28 21 443 96 36 514 28
internal_value=0 -6.1606e-05 0.00165223 0.000178914 -0.00158029 -0.000261066 -0.000180245 0.000479196 -0.000702979 0.00214807
internal_weight=1246 1234 127 117 61 1107 1089 479 610 56
internal_count=1246 1234 127 117 61 1107 1089 479 610 56
is_linear=0
shrinkage=0.03


Tree=148
num_leaves=15
num_cat=0
split_feature=25 2 47 2 27 17 17 0 26 30 48 3 0 43
split_gain=0.517491 1.13262 4.74239 0.766988 0.335746 0.378266 0.354773 0.32109 0.276919 0.231722 0.210192 0.144731 0.287801 0.180186
threshold=1.0000000180025095e-35 0.8125 -0.54432217531249327 1.0000000180025095e-35 0.99632288815743664 -0.44169617569753711 -0.36204131111060128 0.97169811320754718 -0.13314926565203661 -0.047600126950766604 -0.42957608258090357 0.51446089382352511 0.40566037735849059 -0.58058428885115287
decision_type=2 2 2 2 2 2 2 2 2 2 2 2 2 2
left_child=1 3 -3 -1 6 -6 -5 9 -4 10 -2 12 -11 -13
right_child=7 2 8 4 5 -7 -8 -9 -10 11 -12 13 -14 -15
leaf_value=0.0083440197399347136 -0.0050512970382996019 0.023001871505881302 0.0018090419107266054 0.00083137791510170904 -0.0050621749843080448 0 -0.00038088297421346226 -0.0064504856490852809 -0.0042731343838208488 0.00086009601902937722 -0.0013743210639793658 0.0022691813982646507 -0.0026547277533704307 -0.00056652545912748767
leaf_weight=9.9999999999999982 18 9.9999999999999982 13 400 24 29 472 9.9999999999999982 13 36 85 36 47 43
leaf_count=10 18 10 13 400 24 29 472 10 13 36 85 36 47 43
internal_value=0 0.000325223 0.00554125 0.000120612 2.75753e-05 -0.00228455 0.000171792 -0.00114875 -0.00112182 -0.00093501 -0.00205027 -0.000206589 -0.00109492 0.000689004
internal_weight=1246 971 36 935 925 53 872 275 26 265 103 162 83 79
internal_count=1246 971 36 935 925 53 872 275 26 265 103 162 83 79
is_linear=0
shrinkage=0.03


Tree=149
num_leaves=15
num_cat=0
split_feature=25 28 17 0 0 15 15 0 0 30 15 48 42 43
split_gain=0.487516 0.469934 3.62268 0.658987 0.302062 0.301893 0.420641 0.343021 0.269576 0.218249 0.203969 0.197463 0.190789 0.1384
threshold=1.0000000180025095e-35 0.96267239468404298 0.97253584945608906 0.61320754716981141 0.97169811320754718 1.5260459074588433 1.1025695280862506 0.80188679245283023 0.82075471698113212 -0.047600126950766604 -0.15871806868098029 -0.42957608258090357 0.23509951672523557 -1.1739532608798187
decision_type=2 2 2 2 2 2 2 2 2 2 2 2 2 2
left_child=1 5 3 10 9 6 7 -1 -5 11 -3 -2 -8 -11
right_child=4 2 -4 8 -6 -7 12 -9 -10 13 -12 -13 -14 -15
leaf_value=0.00050986935379373263 -0.0049005953403632278 0.0059175101828736225 0.019288731782079332 -0.0052118962347062663 -0.0062588871713026911 0.0052301928814094843 0 -0.00094792120978196806 0.00011614982721232274 0.00260759654197287 0.0013254778862292853 -0.0013331398761641895 -0.0044159524279519411 -0.00048724346104775065
leaf_weight=618 18 10.999999999999998 9.9999999999999982 20 9.9999999999999982 9.9999999999999982 14.999999999999998 189 12.999999999999998 13.999999999999998 58 85 27 148
leaf_count=618 18 11 10 20 10 10 15 189 13 14 58 85 27 148
internal_value=0 0.000315562 0.00214338 0.000415838 -0.00111508 7.35296e-05 8.64958e-06 0.000164662 -0.00302832 -0.000907373 0.00210846 -0.00198983 -0.00291102 -0.000199837
internal_weight=1246 971 112 102 275 859 849 807 33 265 69 103 42 162
internal_count=1246 971 112 102 275 859 849 807 33 265 69 103 42 162
is_linear=0
shrinkage=0.03


Tree=150
num_leaves=15
num_cat=0
split_feature=4 46 15 2 0 2 29 48 0 2 29 16 15 15
split_gain=0.492261 0.860753 3.75539 0.715692 0.488696 0.922752 1.16159 0.50111 0.343712 0.4836 0.2936 0.309861 0.251871 2.5377
threshold=-0.41147273674672352 -1.3169164585862192 0.46503809274461777 0.7232142857142857 0.50000000000000011 0.16964285714285712 -0.62182163852076178 1.0000000180025095e-35 0.97169811320754718 0.7767857142857143 -1.2118272150421117 0.40949535674185283 -0.8843640734868784 -0.68252143983264857
decision_type=2 2 2 2 2 2 2 2 2 2 2 2 2 2
left_child=1 2 -1 12 10 6 -6 -8 9 -7 11 -2 -3 -14
right_child=4 3 -4 -5 5 8 7 -9 -10 -11 -12 -13 13 -15
leaf_value=-0.001887831592552012 -1.3697903394420565e-05 -0.00016545507139056908 0.020624236010826462 -0.0026724643318510473 -0.013175079365653441 -0.0008406923483769926 -0.0075763629339943243 -0.00019235983644564123 -0.0060729794691104693 0.003302738418093355 0.00043686201068016567 -0.0048634028404172672 0.01555555214551655 0.00082026360579542153
leaf_weight=19.000000000000004 32 112 9.9999999999999982 56 11.999999999999998 245 11.999999999999998 29 9.9999999999999982 28 432 20 10.999999999999998 218
leaf_count=19 32 112 10 56 12 245 12 29 10 28 432 20 11 218
internal_value=0 0.000826896 0.00581605 0.000453521 -0.000430069 -0.00130995 -0.00494708 -0.0024397 -0.000616686 -0.000403686 0.000174704 -0.00194231 0.000976308 0.00154765
internal_weight=1246 426 29 397 820 336 53 41 283 273 484 52 341 229
internal_count=1246 426 29 397 820 336 53 41 283 273 484 52 341 229
is_linear=0
shrinkage=0.03


Tree=151
num_leaves=11
num_cat=0
split_feature=2 31 17 2 43 0 17 32 0 2
split_gain=0.467443 0.424621 3.20049 0.413754 0.410896 0.641301 0.370602 0.317491 0.29065 0.107064
threshold=1.0000000180025095e-35 0.94510119239629076 1.3024667050842083 0.026785714285714253 -0.58058428885115287 0.63207547169811329 -0.7002865717126332 0.26641517095552952 0.1981132075471698 0.5803571428571429
decision_type=2 2 2 2 2 2 2 2 2 2
left_child=-1 3 4 -2 9 -6 7 -5 -8 -3
right_child=1 2 -4 6 5 -7 8 -9 -10 -11
leaf_value=0.0058671456698543767 -0.0047538811673065486 0.00336723158649729 0.017786564202887 0.001528677374118252 0.00064555285342892353 -0.0057650311813817771 0.00063589754523025262 -0.00035187017799933207 -0.00082342116171005091 0.00058465042307283526
leaf_weight=11.999999999999998 18 28 9.9999999999999982 178 40 21 151 144 616 28
leaf_count=12 18 28 10 178 40 21 151 144 616 28
internal_value=0 -5.81649e-05 0.00158093 -0.000249045 0.000156212 -0.00151809 -0.000171401 0.000678525 -0.000532167 0.00203294
internal_weight=1246 1234 127 1107 117 61 1089 322 767 56
internal_count=1246 1234 127 1107 117 61 1089 322 767 56
is_linear=0
shrinkage=0.03


Tree=152
num_leaves=15
num_cat=0
split_feature=4 27 0 0 28 17 32 44 0 17 1 17 15 32
split_gain=0.47472 1.00305 2.40851 0.447706 0.781466 0.34536 0.3729 0.349929 0.318712 0.708559 0.299472 0.570096 0.287208 0.284999
threshold=-0.41147273674672352 2.1458033557640985 0.70754716981132082 0.50000000000000011 0.85926309536721746 1.5528890950373129 -0.48287749735689717 -0.93778201192897626 0.80188679245283023 1.72480867308204 1.5000000000000002 1.3580818963311458 0.88909918729811144 1.8649061966887066
decision_type=2 2 2 2 2 2 2 2 2 2 2 2 2 2
left_child=1 8 -3 -2 5 6 -5 -7 9 13 -10 -12 -6 -1
right_child=3 2 -4 4 12 7 -8 -9 10 -11 11 -13 -14 -15
leaf_value=0.0010681250281865688 0.00015616865251919353 -0.0027890591882630288 0.017741745708805351 0.0014842699404352586 -0.0093231693258944964 -0.00056377482062541166 -0.0011080399074453135 -0.0071622035292205431 0.0026951946833852062 0.0082174266640805023 -0.00045670815731282884 -0.0069167179186293412 -0.0021703417613954828 -0.002467393070771211
leaf_weight=230 484 10.000000000000002 9.9999999999999982 64 14.000000000000002 16.000000000000004 217 14.999999999999998 20 11.999999999999998 108 13.999999999999998 9.9999999999999982 22
leaf_count=230 484 10 10 64 14 16 217 15 20 12 108 14 10 22
internal_value=0 0.000811961 0.00736429 -0.000422407 -0.00126456 -0.000851137 -0.00050663 -0.00386579 0.000480065 0.00110063 -0.000652516 -0.00122765 -0.00648868 0.000746712
internal_weight=1246 426 20 820 336 312 281 31 406 264 142 122 24 252
internal_count=1246 426 20 820 336 312 281 31 406 264 142 122 24 252
is_linear=0
shrinkage=0.03


Tree=153
num_leaves=15
num_cat=0
split_feature=4 2 46 0 2 32 48 15 16 29 15 15 42 0
split_gain=0.45401 2.25707 0.364367 0.387753 1.08868 0.517776 0.354418 0.38858 0.329806 0.226587 0.252748 0.495805 0.29163 0.212412
threshold=-0.48040003501598449 0.8125 -1.3169164585862192 0.65094339622641517 0.41964285714285715 1.8649061966887066 -0.42957608258090357 1.5870849724937581 -0.18315877438282044 -0.12065546326903442 1.0775572557135213 0.9625784703696697 0.23509951672523557 0.29245283018867929
decision_type=2 2 2 2 2 2 2 2 2 2 2 2 2 2
left_child=1 2 -1 4 -4 -5 7 8 -2 13 11 -11 -12 -8
right_child=6 -3 3 5 -6 -7 9 -9 -10 10 12 -13 -14 -15
leaf_value=-0.0043536775246376305 -0.00049437868038206467 0.014943099880203753 0.0008050293436987708 0.00021619882768843289 0.0084921933441418004 -0.0056518889425803487 0.000626831217741427 0.0043366522544828964 -0.0028322839724825139 0.000472181260295272 0.0013552396130337297 0.0046638382787010848 -0.0020680709092229747 -0.0012187505126609124
leaf_weight=12.999999999999998 119 9.9999999999999982 137 124 19 14.999999999999998 77 9.9999999999999982 106 299 33 28 65 191
leaf_count=13 119 10 137 124 19 15 77 10 106 299 33 28 65 191
internal_value=0 0.000977521 0.000509653 0.000735538 0.00176535 -0.000399089 -0.000335793 -0.00134235 -0.00160989 1.35009e-06 0.000436392 0.000841587 -0.000884536 -0.000677264
internal_weight=1246 318 308 295 156 139 928 235 225 693 425 327 98 268
internal_count=1246 318 308 295 156 139 928 235 225 693 425 327 98 268
is_linear=0
shrinkage=0.03


Tree=154
num_leaves=10
num_cat=0
split_feature=2 27 17 2 1 16 16 15 5
split_gain=0.443638 0.457524 3.94445 0.434161 0.421651 0.360093 0.384665 0.312723 0.287446
threshold=1.0000000180025095e-35 2.1458033557640985 0.12347336373915431 0.026785714285714253 5.5000000000000009 1.6073977505768813 1.513037238313671 0.20034097290297023 0.3723107102584865
decision_type=2 2 2 2 2 2 2 2 2
left_child=-1 3 4 -2 7 6 -5 -3 -7
right_child=1 2 -4 5 -6 8 -8 -9 -10
leaf_value=0.0057161377271837434 -0.0046571172994722392 -0.0007772289911234699 0.019388756874303918 -1.6115285766667752e-05 0.0025153167485385329 0.0012619683419510443 0.0053605445689898874 -0.0084403428505405338 -0.0031740983064600168
leaf_weight=11.999999999999998 19 11.000000000000002 9.9999999999999982 1089 10.999999999999998 15.999999999999998 11.999999999999998 9.9999999999999982 56
leaf_count=12 19 11 10 1089 11 16 12 10 56
internal_value=0 -5.63301e-05 0.00301358 -0.000167258 -0.00205466 -9.15845e-05 4.02429e-05 -0.00459122 -0.00214631
internal_weight=1246 1234 42 1192 32 1173 1101 21 72
internal_count=1246 1234 42 1192 32 1173 1101 21 72
is_linear=0
shrinkage=0.03


Tree=155
num_leaves=15
num_cat=0
split_feature=4 17 16 0 2 29 48 16 15 2 2 44 17 0
split_gain=0.436169 0.864337 5.0538 0.40981 0.858278 1.05487 0.460035 0.387533 0.342216 0.338009 1.3113 0.346422 0.28569 0.263842
threshold=-0.41147273674672352 1.3024667050842083 -0.85048648691009487 0.50000000000000011 0.16964285714285712 -0.62182163852076178 1.0000000180025095e-35 1.548708593893219 -0.24312411893460018 0.9196428571428571 0.7767857142857143 0.29592301622480793 -0.52475380600017751 0.23584905660377356
decision_type=2 2 2 2 2 2 2 2 2 2 2 2 2 2
left_child=1 7 -3 12 5 -5 -7 13 -4 10 -6 -11 -2 -1
right_child=3 2 8 4 9 6 -8 -9 -10 11 -12 -13 -14 -15
leaf_value=0.0030986245031758069 0.0012777625081098621 0.019667396602478432 -0.0039269723326001496 -0.012561526898263901 -0.0007601184439073081 -0.0072456299556680941 -0.00016674220946031744 -0.0029564278741116535 0.0024208415151145807 -0.007860149024306113 0.0083435713620671377 -0.00022975388083083567 -0.00031647581745429727 0.00030024079629729911
leaf_weight=34 143 13.999999999999998 21.999999999999996 11.999999999999998 245 11.999999999999998 29 30 11.000000000000002 11.000000000000002 14.999999999999998 11.999999999999998 341 315
leaf_count=34 143 14 22 12 245 12 29 30 11 11 15 12 341 315
internal_value=0 0.0007784 0.00461562 -0.000404787 -0.00121054 -0.00471787 -0.00232419 0.000293539 -0.00171948 -0.000541663 -0.000220366 -0.00402717 0.000148519 0.000582266
internal_weight=1246 426 47 820 336 53 41 379 33 283 260 23 484 349
internal_count=1246 426 47 820 336 53 41 379 33 283 260 23 484 349
is_linear=0
shrinkage=0.03


Tree=156
num_leaves=10
num_cat=0
split_feature=2 27 17 2 1 16 16 15 5
split_gain=0.420284 0.434662 3.69437 0.410607 0.390876 0.325843 0.359788 0.286018 0.269525
threshold=1.0000000180025095e-35 2.1458033557640985 0.12347336373915431 0.026785714285714253 5.5000000000000009 1.6073977505768813 1.513037238313671 0.20034097290297023 0.3723107102584865
decision_type=2 2 2 2 2 2 2 2 2
left_child=-1 3 4 -2 7 6 -5 -3 -7
right_child=1 2 -4 5 -6 8 -8 -9 -10
leaf_value=0.0055634773904380715 -0.0045296528824258844 -0.0007480866489050958 0.018785302002388652 -1.8662099652572102e-05 0.0024289383039482544 0.0012533565976234695 0.0051813210759404276 -0.0080926410667598245 -0.0030402287649598353
leaf_weight=11.999999999999998 19 11.000000000000002 9.9999999999999982 1089 10.999999999999998 15.999999999999998 11.999999999999998 9.9999999999999982 56
leaf_count=12 19 11 10 1089 11 16 12 10 56
internal_value=0 -5.4997e-05 0.00293713 -0.000163178 -0.00196505 -8.95139e-05 3.57543e-05 -0.00440945 -0.00204407
internal_weight=1246 1234 42 1192 32 1173 1101 21 72
internal_count=1246 1234 42 1192 32 1173 1101 21 72
is_linear=0
shrinkage=0.03


Tree=157
num_leaves=14
num_cat=0
split_feature=25 2 47 2 17 17 26 0 44 2 2 2 16
split_gain=0.424261 1.02004 4.27429 0.627869 0.326307 0.285466 0.267792 0.255788 0.296859 0.196185 0.159324 0.160589 0.126696
threshold=1.0000000180025095e-35 0.8125 -0.54432217531249327 1.0000000180025095e-35 2.1307000032183163 1.72480867308204 -0.13314926565203661 0.68867924528301894 0.29592301622480793 0.49107142857142855 0.080357142857142808 0.4375 0.55661352989136048
decision_type=2 2 2 2 2 2 2 2 2 2 2 2 2
left_child=1 3 -3 -1 5 -5 -4 9 -9 10 -2 -12 -11
right_child=7 2 6 4 -6 -7 -8 8 -10 12 11 -13 -14
leaf_value=0.0075399499320157682 -0.0038475772686171945 0.021821523981334846 0.0018043146538370435 -1.4267361477231008e-06 -0.0038611764680955025 0.0027932561178114043 -0.004177244570148923 -0.0068543223378823136 -0.00016243105338624686 0.003513199386026151 -0.00046241049553649542 -0.0032111358684719414 -0.00062332916340910563
leaf_weight=9.9999999999999982 17 9.9999999999999982 13 872 19 34 13 14.000000000000002 11.999999999999998 15.000000000000002 185 22 9.9999999999999982
leaf_count=10 17 10 13 872 19 34 13 14 12 15 185 22 10
internal_value=0 0.000294226 0.0052441 9.98939e-05 1.54116e-05 0.000100437 -0.00107607 -0.00104038 -0.00389316 -0.000729017 -0.00101897 -0.000770441 0.00174317
internal_weight=1246 971 36 935 925 906 26 275 26 249 224 207 25
internal_count=1246 971 36 935 925 906 26 275 26 249 224 207 25
is_linear=0
shrinkage=0.03


Tree=158
num_leaves=15
num_cat=0
split_feature=4 27 16 43 15 31 1 47 15 15 16 7 47 16
split_gain=0.413491 1.03215 2.14597 0.333604 0.29815 0.274694 0.239264 0.236192 0.221098 2.1771 0.276318 0.207509 0.18315 0.158019
threshold=-0.41147273674672352 2.1458033557640985 1.4937550014043495 -1.1739532608798187 0.64399095267913453 -0.14204379240113388 5.5000000000000009 -0.37100576667240043 -0.8843640734868784 -0.71110004973017638 -0.53145301266417366 -1.2619971404862038 0.27765057002188898 -1.1189527156206067
decision_type=2 2 2 2 2 2 2 2 2 2 2 2 2 2
left_child=1 4 -3 6 8 -6 -2 13 10 -10 -1 -9 -13 -5
right_child=3 2 -4 7 5 -7 -8 11 9 -11 -12 12 -14 -15
leaf_value=-0.0016464465055553948 0.00079450464799315243 0.017192899307456079 -0.0021640117654097403 0.0018033129671796749 -0.00014176553211261314 -0.005362493641119688 0.0058942463772721811 -0.0023600592070208157 0.014211408609171979 0.00059219202886067271 0.0013112930795879628 -0.0021717884818649594 3.2949158285240193e-05 -0.00033526921768118402
leaf_weight=66 60 10.000000000000002 9.9999999999999982 33 29 13.999999999999998 9.9999999999999982 104 10.999999999999998 237 49 47 112 454
leaf_count=66 60 10 10 33 29 14 10 104 11 237 49 47 112 454
internal_value=0 0.000757486 0.00740258 -0.00039453 0.000421013 -0.00191964 0.0015732 -0.00058237 0.000706995 0.00121385 -0.000360084 -0.00130855 -0.000600865 -0.000183856
internal_weight=1246 426 20 820 406 43 70 750 363 248 115 263 159 487
internal_count=1246 426 20 820 406 43 70 750 363 248 115 263 159 487
is_linear=0
shrinkage=0.03


Tree=159
num_leaves=14
num_cat=0
split_feature=25 2 29 2 29 17 17 0 44 2 2 2 26
split_gain=0.398565 0.966204 4.6484 0.584783 0.330702 0.30309 0.266474 0.238118 0.278959 0.183534 0.148936 0.149291 0.0630034
threshold=1.0000000180025095e-35 0.8125 -0.78686068884685045 1.0000000180025095e-35 1.0000000180025095e-35 2.1307000032183163 1.72480867308204 0.68867924528301894 0.29592301622480793 0.49107142857142855 0.080357142857142808 0.4375 0.59493882486167593
decision_type=2 2 2 2 2 2 2 2 2 2 2 2 2
left_child=1 3 -3 -1 -4 6 -5 9 -9 10 -2 -12 -11
right_child=7 2 4 5 -6 -7 -8 8 -10 12 11 -13 -14
leaf_value=0.0072761017393947825 -0.0037247121458252267 0.022394426419943721 0.0017165256030004438 -2.025665283955359e-06 -0.0049211393817299477 -0.0037217998135035259 0.0026980059167583227 -0.006632331595458881 -0.00013835249176202726 0.0032489151538403552 -0.00044962161737592283 -0.0031016454125050771 0
leaf_weight=9.9999999999999982 17 9.9999999999999982 13.000000000000002 872 12.999999999999998 19 34 14.000000000000002 11.999999999999998 12.000000000000002 185 22 12.999999999999998
leaf_count=10 17 10 13 872 13 19 34 14 12 12 185 22 13
internal_value=0 0.00028508 0.00510258 9.58589e-05 -0.0014935 1.42136e-05 9.62757e-05 -0.00100848 -0.00376207 -0.000707522 -0.000988237 -0.000747327 0.00168208
internal_weight=1246 971 36 935 26 925 906 275 26 249 224 207 25
internal_count=1246 971 36 935 26 925 906 275 26 249 224 207 25
is_linear=0
shrinkage=0.03


Tree=160
num_leaves=15
num_cat=0
split_feature=4 2 46 17 17 0 9 2 48 1 0 0 2 0
split_gain=0.387411 1.99431 0.357605 0.380746 0.583274 0.314819 0.579893 0.94655 0.671326 0.502271 0.609179 0.32565 0.262843 0.326389
threshold=-0.48040003501598449 0.8125 -1.3169164585862192 1.7578640787233588 1.3996708032889382 0.17924528301886791 0.59843917132938007 0.2767857142857143 0.41004989700904443 5.5000000000000009 0.084905660377358458 0.028301886792452755 0.098214285714285657 0.48113207547169817
decision_type=2 2 2 2 2 2 2 2 2 2 2 2 2 2
left_child=1 2 -1 4 -4 9 12 8 -8 11 -11 -2 13 -7
right_child=5 -3 3 -5 -6 6 7 -9 -10 10 -12 -13 -14 -15
leaf_value=-0.0043570155184005054 0.0034040043448504485 0.014030747477582997 0.00065208623677598919 -0.0042732878771560784 0.008033195319677713 -0.00018043434459614712 -0.0096355489203579954 -0.00099452565544860816 -0.00053760476225663803 0.010034501999616623 0.0016326388167194146 -0.00099894421496538304 0.00016167484615815854 -0.0045455651880201104
leaf_weight=12.999999999999998 18 9.9999999999999982 272 12.999999999999998 9.9999999999999982 44 22 165 11.999999999999998 9.9999999999999982 40 89 503 25
leaf_count=13 18 10 272 13 10 44 22 165 12 10 40 89 503 25
internal_value=0 0.000902928 0.000462548 0.000686506 0.000927217 -0.000310242 -0.000562001 -0.00195704 -0.00652348 0.000906581 0.00338957 -0.000227763 -7.11628e-05 -0.00180971
internal_weight=1246 318 308 295 282 928 771 199 34 157 50 107 572 69
internal_count=1246 318 308 295 282 928 771 199 34 157 50 107 572 69
is_linear=0
shrinkage=0.03


Tree=161
num_leaves=15
num_cat=0
split_feature=16 27 7 17 0 0 15 3 30 17 1 0 3 28
split_gain=0.408177 0.959882 2.40435 0.401803 0.350768 0.543045 0.311387 0.472146 0.41424 0.283807 0.2171 0.223707 0.260179 0.157905
threshold=0.934982326341533 2.1458033557640985 -1.2619971404862038 -0.36204131111060128 0.65094339622641517 0.63207547169811329 0.51839185130839216 1.0000000180025095e-35 0.55318970186158145 1.4781420057930055 1.5000000000000002 0.16037735849056609 0.5540409663934095 0.85926309536721746
decision_type=2 2 2 2 2 2 2 2 2 2 2 2 2 2
left_child=1 3 -3 6 5 -5 8 -8 -1 -6 -2 -12 -13 -14
right_child=10 2 -4 4 9 -7 7 -9 -10 -11 11 12 13 -15
leaf_value=-7.6309516999403186e-05 0.0019850955451034121 -0.0028312916756683092 0.017230316753877272 -8.6175469818046603e-05 -0.00098417074427116524 0.0063886352035809639 0.0062658313878658995 0.0012211974813964828 0.0036126795706905397 -0.0044221353948373215 0.002997970518167361 -0.0023013656709308873 0.00022822852142235863 -0.003087956482260827
leaf_weight=291 19 11.000000000000002 9.9999999999999982 303 157 11.999999999999998 20 118 30 26 9.9999999999999982 141 83 14.999999999999998
leaf_count=291 19 11 10 303 157 12 20 118 30 26 10 141 83 15
internal_value=0 0.000283657 0.00661606 0.000140891 -0.000445389 0.000152912 0.000783478 0.00197803 0.000260131 -0.00149116 -0.00103764 -0.00128103 -0.0014738 -0.0002514
internal_weight=1246 978 21 957 498 315 459 138 321 183 268 249 239 98
internal_count=1246 978 21 957 498 315 459 138 321 183 268 249 239 98
is_linear=0
shrinkage=0.03


Tree=162
num_leaves=15
num_cat=0
split_feature=16 27 7 17 17 17 1 1 46 16 16 15 3 30
split_gain=0.383646 0.902476 2.26489 0.381724 1.44593 0.413616 0.321233 0.204466 0.217294 0.202998 0.353379 0.202649 0.180671 0.0541723
threshold=0.934982326341533 2.1458033557640985 -1.2619971404862038 1.8642587150236862 1.7031233164509691 -0.36204131111060128 5.5000000000000009 1.5000000000000002 -0.6366626655599984 1.548708593893219 1.1973619664986777 0.73843495408779658 1.0052537936900929 0.24970772509392317
decision_type=2 2 2 2 2 2 2 2 2 2 2 2 2 2
left_child=1 3 -3 4 5 -1 -5 -2 12 10 -10 -11 13 -9
right_child=7 2 -4 6 -6 -7 -8 8 9 11 -12 -13 -14 -15
leaf_value=0.00076024138055755513 0.001925854441851221 -0.0027471184493923499 0.016718524496006495 -0.0054022308878266976 0.011541548051161341 -0.00051333444137510276 0.00075497957399568022 -0.0010094682072663004 -0.0023012171545691313 -0.0022240355847911396 0.001064609331219282 -0.0066958813535632523 0.0036622530216904908 0.0010428431693543781
leaf_weight=459 19 11.000000000000002 9.9999999999999982 20 9.9999999999999982 457 11.000000000000002 47 76 45 43 12.999999999999998 10.999999999999998 13.999999999999998
leaf_count=459 19 11 10 20 10 457 11 47 76 45 43 13 11 14
internal_value=0 0.000275136 0.00641536 0.000136607 0.00024938 0.000121582 -0.00312555 -0.00100584 -0.00124227 -0.00180835 -0.00105993 -0.00328778 0.00010831 -0.00048841
internal_weight=1246 978 21 957 926 916 31 268 249 177 119 58 72 61
internal_count=1246 978 21 957 926 916 31 268 249 177 119 58 72 61
is_linear=0
shrinkage=0.03


Tree=163
num_leaves=15
num_cat=0
split_feature=16 2 31 46 9 2 17 2 15 5 15 31 2 5
split_gain=0.360844 0.968987 3.48825 0.431895 0.266474 0.292477 0.257177 0.359564 0.230184 0.230097 0.196864 0.177423 0.216268 0.311232
threshold=0.934982326341533 0.8125 0.49606850172210809 -0.58951810478134881 -0.16499967034123703 0.044642857142857102 -0.7002865717126332 0.062499999999999951 -0.79901090389423624 0.84713071535794071 -1.2602180172371134 0.32750535149534171 0.7767857142857143 0.84713071535794071
decision_type=2 2 2 2 2 2 2 2 2 2 2 2 2 2
left_child=1 3 -3 4 5 -1 7 -5 -8 -6 -2 12 13 -12
right_child=10 2 -4 6 9 -7 8 -9 -10 -11 11 -13 -14 -15
leaf_value=-0.0050755212954371361 -0.0049402439553995385 -0.0043512023065952529 0.017040386799410098 0.0055738031890308643 -0.0011265071729423513 -6.8859132756762722e-05 0.0017479974782027524 0.00099689833655360548 -0.00020518269525657864 -0.0048593537905833126 2.5317234513797513e-05 -0.0020491821457830637 0.0029069039833388827 -0.0031316023109815056
leaf_weight=10.999999999999998 10.999999999999998 14.000000000000002 12.999999999999998 17 47 224 64 215 349 24 132 73 17 35
leaf_count=11 11 14 13 17 47 224 64 215 349 24 132 73 17 35
internal_value=0 0.000266947 0.00586262 0.000104325 -0.000819793 -0.000318033 0.000547453 0.00134746 9.0577e-05 -0.00243557 -0.000975377 -0.000792151 -0.0002763 -0.000619837
internal_weight=1246 978 27 951 306 235 645 232 413 71 268 257 184 167
internal_count=1246 978 27 951 306 235 645 232 413 71 268 257 184 167
is_linear=0
shrinkage=0.03


Tree=164
num_leaves=15
num_cat=0
split_feature=4 2 46 0 2 32 48 15 16 29 15 15 2 0
split_gain=0.35151 1.91688 0.39196 0.332654 1.02208 0.436065 0.292835 0.35735 0.285946 0.207148 0.21411 0.452113 0.277874 0.19104
threshold=-0.48040003501598449 0.8125 -1.3169164585862192 0.65094339622641517 0.41964285714285715 1.8649061966887066 -0.42957608258090357 1.5615871613648216 -0.18315877438282044 -0.12065546326903442 1.0775572557135213 0.9625784703696697 0.25892857142857145 0.29245283018867929
decision_type=2 2 2 2 2 2 2 2 2 2 2 2 2 2
left_child=1 2 -1 4 -4 -5 7 8 -2 13 11 -11 -12 -8
right_child=6 -3 3 5 -6 -7 9 -9 -10 10 12 -13 -14 -15
leaf_value=-0.0046214190825734653 -0.00045640178218305633 0.013730168237992318 0.00068576952359991671 0.00017520478057095709 0.0081329610929166147 -0.0052078084593379726 0.00059755514660335581 0.003742280213608722 -0.0026466814786603714 0.00044661086121781419 -0.0055132718708845643 0.0044502450818746115 -0.00021069828174568537 -0.0011517995878632765
leaf_weight=12.999999999999998 119 9.9999999999999982 137 124 19 14.999999999999998 77 11.999999999999998 104 299 9.9999999999999982 28 88 191
leaf_count=13 119 10 137 124 19 15 77 12 104 299 10 28 88 191
internal_value=0 0.0008601 0.000428182 0.000662364 0.00161665 -0.000387455 -0.000295492 -0.00121053 -0.00149205 1.06034e-05 0.000426692 0.000799857 -0.000787427 -0.000637961
internal_weight=1246 318 308 295 156 139 928 235 223 693 425 327 98 268
internal_count=1246 318 308 295 156 139 928 235 223 693 425 327 98 268
is_linear=0
shrinkage=0.03


Tree=165
num_leaves=15
num_cat=0
split_feature=25 27 17 17 15 42 26 15 17 15 5 42 15 16
split_gain=0.34973 0.595945 5.01509 0.33134 0.288616 0.633646 0.338251 0.281148 0.380417 0.32018 0.177212 0.246465 0.179752 0.212442
threshold=1.0000000180025095e-35 2.1458033557640985 -0.24522503085866842 -0.36204131111060128 0.94441652546602062 0.3125677785593397 0.80933389203746453 0.90593670416759442 2.2584578762652243 0.97091582419568356 0.3723107102584865 -1.0426319619645517 -0.26205786716351676 -0.16745019186462973
decision_type=2 2 2 2 2 2 2 2 2 2 2 2 2 2
left_child=1 3 -3 4 6 -6 -1 8 -5 -9 12 -12 -2 -14
right_child=10 2 -4 7 5 -7 -8 9 -10 -11 11 -13 13 -15
leaf_value=-7.8365175635437119e-06 -0.0021799856429891794 -0.0041320047446929686 0.021708949876414373 6.459490110134286e-05 0.0065162682392961016 -0.00040339997667190316 0.0020882948672066534 -0.0067939535025003791 -0.0058243528928718351 -0.0012003452468364801 -0.0038203933928443222 -0.00092575401035899783 0.0044650973535661819 6.2914954512551763e-05
leaf_weight=299 20 20.000000000000004 9.9999999999999982 415 23 23 89 10.999999999999998 9.9999999999999982 71 33 163 12.999999999999998 46
leaf_count=299 20 20 10 415 23 23 89 11 10 71 33 163 13 46
internal_value=0 0.000267086 0.00442548 0.000130869 0.000741604 0.00299799 0.000465661 -0.000386058 -6.82489e-05 -0.00199461 -0.000944639 -0.00143011 0.000222193 0.00108956
internal_weight=1246 971 30 941 434 46 388 507 425 82 275 196 79 59
internal_count=1246 971 30 941 434 46 388 507 425 82 275 196 79 59
is_linear=0
shrinkage=0.03


Tree=166
num_leaves=15
num_cat=0
split_feature=4 46 0 30 42 0 28 30 28 43 1 32 0 0
split_gain=0.335644 1.4313 0.54123 0.484218 0.268781 0.317171 0.266748 0.320182 0.23532 0.182524 0.233697 0.175307 0.183072 0.191264
threshold=-0.48040003501598449 -1.3169164585862192 0.78301886792452835 0.12491916578922727 -1.0426319619645517 0.028301886792452755 0.046950852198978148 1.0000000180025095e-35 0.80282358768147766 -1.1739532608798187 5.5000000000000009 0.5661322382805003 0.29245283018867929 0.74528301886792458
decision_type=2 2 2 2 2 2 2 2 2 2 2 2 2 2
left_child=1 -1 6 -4 11 -6 7 -3 -5 10 -7 12 -2 -14
right_child=4 2 3 8 5 9 -8 -9 -10 -11 -12 -13 13 -15
leaf_value=0.010193177746767378 -0.00029088581499365189 0.00097066379442981195 7.0131529314055812e-05 -0.0060890710036959738 0.00444276704512378 0.00057728556652917803 0.00024063134043734977 0.0046173648496542494 -0.00024664313191234471 -0.00026840933842162877 0.0055901554226875302 -0.00050962305232979161 -0.0046270534042217393 -0.00054517541864984912
leaf_weight=13.999999999999998 29 59 59 23 13.999999999999998 62 116 37 9.9999999999999982 631 9.9999999999999982 129 36 17
leaf_count=14 29 59 59 23 14 62 116 37 10 631 10 129 36 17
internal_value=0 0.000840389 0.000396593 -0.00150927 -0.000288823 -7.58627e-06 0.00123813 0.00241072 -0.00441537 -0.0001011 0.00132191 -0.00122983 -0.00232429 -0.00337776
internal_weight=1246 318 304 92 928 717 212 96 33 703 72 211 82 53
internal_count=1246 318 304 92 928 717 212 96 33 703 72 211 82 53
is_linear=0
shrinkage=0.03


Tree=167
num_leaves=15
num_cat=0
split_feature=25 27 17 17 15 46 26 15 17 15 0 44 43 15
split_gain=0.332092 0.550413 4.72848 0.304864 0.270848 0.592318 0.318325 0.263819 0.35449 0.297434 0.217683 0.250136 0.173067 0.126928
threshold=1.0000000180025095e-35 2.1458033557640985 -0.24522503085866842 -0.36204131111060128 0.94441652546602062 1.071975837585516 0.80933389203746453 0.90593670416759442 2.2584578762652243 0.97091582419568356 0.68867924528301894 0.29592301622480793 -0.58058428885115287 0.26928506456980278
decision_type=2 2 2 2 2 2 2 2 2 2 2 2 2 2
left_child=1 3 13 4 6 -6 -1 8 -5 -9 12 -12 -2 -3
right_child=10 2 -4 7 5 -7 -8 9 -10 -11 11 -13 -14 -15
leaf_value=-1.1594623087652198e-05 0.00037576186645120767 -0.0012516400387676627 0.021041027534716199 6.9543162245073192e-05 0.0063029719802079262 -0.00038333290945980457 0.0020216565044057443 -0.0065525284530343238 -0.0056154516537553897 -0.0011571893150592026 -0.0062706041577807112 -0.00010840504160843605 -0.0012420846156728229 -0.0065092639912768162
leaf_weight=299 92 10.000000000000005 9.9999999999999982 415 23 23 89 10.999999999999998 9.9999999999999982 71 14.000000000000002 11.999999999999998 157 9.9999999999999982
leaf_count=299 92 10 10 415 23 23 89 11 10 71 14 12 157 10
internal_value=0 0.000260196 0.00425679 0.000129155 0.000715055 0.00290116 0.000447466 -0.000366511 -5.84538e-05 -0.00192459 -0.000920578 -0.00355277 -0.000632372 -0.00404901
internal_weight=1246 971 30 941 434 46 388 507 425 82 275 26 249 20
internal_count=1246 971 30 941 434 46 388 507 425 82 275 26 249 20
is_linear=0
shrinkage=0.03


Tree=168
num_leaves=11
num_cat=0
split_feature=2 2 9 27 0 15 46 2 17 17
split_gain=0.348631 0.356243 0.329687 1.39239 0.939854 0.520078 0.496557 0.386084 0.113704 0.194301
threshold=1.0000000180025095e-35 0.044642857142857102 -0.16499967034123703 2.1458033557640985 0.16037735849056609 0.44910043700442925 -0.58951810478134881 0.8125 0.018827498178030404 -1.0028554876534232
decision_type=2 2 2 2 2 2 2 2 2 2
left_child=-1 8 3 7 5 -4 -6 -3 9 -2
right_child=1 2 4 -5 6 -7 -8 -9 -10 -11
leaf_value=0.005066676669376941 -0.0045596499777961486 0.00033030033261817715 0.00099579787614126488 0.009136528738149621 -0.0029893213965661164 0.0076434617253564163 -0.00048940249263340206 -0.0037772147621853505 -0.0051841264424171852 0.00093310671527523613
leaf_weight=11.999999999999998 9.9999999999999982 745 35 15.999999999999998 100 15.999999999999998 265 21 13.999999999999998 12.000000000000002
leaf_count=12 10 745 35 16 100 16 265 21 14 12
internal_value=0 -5.04917e-05 3.55114e-05 0.000400851 -0.000643978 0.00315092 -0.00118316 0.000213298 -0.00298776 -0.00143719
internal_weight=1246 1234 1198 782 416 51 365 766 36 22
internal_count=1246 1234 1198 782 416 51 365 766 36 22
is_linear=0
shrinkage=0.03


Tree=169
num_leaves=11
num_cat=0
split_feature=2 2 2 2 47 28 29 17 17 30
split_gain=0.328182 0.335372 0.320103 1.68074 4.14581 0.300691 0.297331 0.106743 0.183202 0.026113
threshold=1.0000000180025095e-35 0.044642857142857102 0.9196428571428571 0.8125 -0.37100576667240043 -0.085814566887275678 -0.78686068884685045 0.018827498178030404 -1.0028554876534232 0.55318970186158145
decision_type=2 2 2 2 2 2 2 2 2 2
left_child=-1 7 3 6 -5 -4 -3 8 -2 -7
right_child=1 2 5 4 -6 9 -8 -9 -10 -11
leaf_value=0.0049159324772594382 -0.0044242148931221206 -0.0011436052471670063 0.00063038977730365208 0.022643006139476361 -0.0023965488833949918 -0.0033369565865963929 0.00016960583430892842 -0.0050297056931130424 0.00090534484983722022 -0.0064971467911606965
leaf_weight=11.999999999999998 9.9999999999999982 185 12.999999999999998 10.000000000000002 13.999999999999998 12.000000000000002 954 13.999999999999998 12.000000000000002 9.9999999999999982
leaf_count=12 10 185 13 10 14 12 954 14 12 10
internal_value=0 -4.88991e-05 3.44732e-05 0.000122124 0.00796278 -0.00278462 -4.11381e-05 -0.00289886 -0.00139049 -0.00493205
internal_weight=1246 1234 1198 1163 24 35 1139 36 22 22
internal_count=1246 1234 1198 1163 24 35 1139 36 22 22
is_linear=0
shrinkage=0.03


Tree=170
num_leaves=15
num_cat=0
split_feature=16 31 17 42 32 16 17 3 16 15 48 5 31 25
split_gain=0.306251 0.519479 3.19065 0.494223 0.400095 1.59131 0.571108 0.370589 0.370427 0.290774 0.279439 0.250266 0.361856 0.24865
threshold=0.42058145534704622 0.94510119239629076 0.97253584945608906 0.095488990949265648 1.8649061966887066 -0.91393514200196868 1.2523939746011357 1.0052537936900929 -0.68107284943047719 1.5028739222011887 -0.42957608258090357 0.84713071535794071 -0.35285030440752663 1.0000000180025095e-35
decision_type=2 2 2 2 2 2 2 2 2 2 2 2 2 2
left_child=1 4 3 -3 6 -6 7 -1 -8 10 13 -12 -13 -2
right_child=9 2 -4 -5 5 -7 8 -9 -10 -11 11 12 -14 -15
leaf_value=0.00035253118975154331 -0.0013854917047355702 -0.0053388933464884759 0.018415002936847731 0.0015984691533705462 -0.0020059807456906226 0.010668025654771471 -0.0052177458923569949 -0.0034309112512471763 0 0.003288574607475944 -2.2662249566471981e-05 -0.0058439842206344265 -0.00079751597310837139 -0.0056308838249652417
leaf_weight=630 50 11.999999999999998 9.9999999999999982 39 21 14.999999999999998 30 24 22 15.999999999999998 283 17 59 18
leaf_count=630 50 12 10 39 21 15 30 24 22 16 283 17 59 18
internal_value=0 0.000348598 0.00300967 0 0.000125411 0.00320668 -2.78903e-05 0.0002086 -0.00305448 -0.000633868 -0.000788605 -0.000444113 -0.00197195 -0.00255994
internal_weight=1246 803 61 51 742 36 706 654 52 443 427 359 76 68
internal_count=1246 803 61 51 742 36 706 654 52 443 427 359 76 68
is_linear=0
shrinkage=0.03


Tree=171
num_leaves=15
num_cat=0
split_feature=4 2 46 17 17 48 17 7 15 4 3 25 26 2
split_gain=0.319141 1.79778 0.382756 0.299883 0.579407 0.244784 0.325837 0.373142 0.318828 0.279381 0.252613 0.24589 0.222524 0.125559
threshold=-0.48040003501598449 0.8125 -1.3169164585862192 1.7578640787233588 1.3996708032889382 -0.42957608258090357 -0.81715279560934484 -1.3767326174569765 1.5870849724937581 0.87517016427948235 -1.3853825895309309 -1.0000000180025095e-35 0.99332985007303731 0.044642857142857102
decision_type=2 2 2 2 2 2 2 2 2 2 2 2 2 2
left_child=1 2 -1 4 -4 8 7 -7 10 13 -2 -11 -12 -8
right_child=5 -3 3 -5 -6 6 9 -9 -10 11 12 -13 -14 -15
leaf_value=-0.0045901809248874203 0.00096140666750104005 0.013282820572062294 0.00057242713215562707 -0.0037640278162221416 0.0079258102172579947 0.0059660800942715171 -0.0026413500042545873 0.00075304751773913343 0.0040230635911373807 3.8430828642851218e-05 -0.0022953277525805072 -0.0026206529228191586 0.00022411550216959174 0.00014067005084392062
leaf_weight=12.999999999999998 34 9.9999999999999982 272 12.999999999999998 9.9999999999999982 13.999999999999998 14.999999999999998 123 9.9999999999999982 49 154 77 37 415
leaf_count=13 34 10 272 13 10 14 15 123 10 49 154 77 37 415
internal_value=0 0.000819002 0.000400415 0.000631987 0.000846537 -0.000282097 0 0.00131161 -0.00111858 -0.000321269 -0.00136211 -0.00156356 -0.00179171 3.60562e-05
internal_weight=1246 318 308 295 282 928 693 137 235 556 225 126 191 430
internal_count=1246 318 308 295 282 928 693 137 235 556 225 126 191 430
is_linear=0
shrinkage=0.03


Tree=172
num_leaves=11
num_cat=0
split_feature=2 2 9 0 17 46 15 46 0 7
split_gain=0.317583 0.308799 0.311 0.917904 0.713271 3.74885 0.470951 0.423611 0.249769 0.0959845
threshold=1.0000000180025095e-35 0.026785714285714253 -0.16499967034123703 0.16037735849056609 1.3024667050842083 -0.6366626655599984 0.44910043700442925 -0.58951810478134881 0.51886792452830199 0.52277694572581945
decision_type=2 2 2 2 2 2 2 2 2 2
left_child=-1 9 4 6 8 -6 -4 -5 -3 -2
right_child=1 2 3 7 5 -7 -8 -9 -10 -11
leaf_value=0.0048359801121487097 -0.001239790954433455 0.00067866154359128798 0.0010445619195811131 -0.0028511486507274888 0.017726474887200895 0.00010962879522626095 0.0073814474721873016 -0.00054142906747633556 -0.00044534584461028789 -0.0058992415254400798
leaf_weight=11.999999999999998 10.000000000000002 324 35 100 12.999999999999998 66 15.999999999999998 267 393 9.9999999999999982
leaf_count=12 10 324 35 100 13 66 16 267 393 10
internal_value=0 -4.80208e-05 1.05772e-05 -0.000649391 0.00036095 0.00306528 0.00310187 -0.00117956 5.84141e-05 -0.00373653
internal_weight=1246 1234 1214 418 796 79 51 367 717 20
internal_count=1246 1234 1214 418 796 79 51 367 717 20
is_linear=0
shrinkage=0.03


Tree=173
num_leaves=15
num_cat=0
split_feature=4 46 0 17 30 27 0 48 17 10 15 3 4 0
split_gain=0.307682 1.38016 0.524485 0.882148 0.473742 0.31309 0.233534 0.255297 0.356925 0.34194 0.322629 0.276288 0.217856 0.208583
threshold=-0.48040003501598449 -1.3169164585862192 0.78301886792452835 1.7031233164509691 0.12491916578922727 -0.32297747431552459 0.028301886792452755 -0.42957608258090357 -0.81715279560934484 -0.96331811898844466 1.5615871613648216 -1.3853825895309309 0.87517016427948235 0.31132075471698112
decision_type=2 2 2 2 2 2 2 2 2 2 2 2 2 2
left_child=1 -1 3 13 -4 -6 -2 10 9 -9 11 -8 -10 -3
right_child=6 2 4 -5 5 -7 7 8 12 -11 -12 -13 -14 -15
leaf_value=0.0099885916170921723 0.0030812875057946248 0.0024548398868938105 5.4137881415030969e-05 0.0098748214951356744 -0.00072367379184257478 -0.0069019529991905101 0.00093390581955931121 0.0057855233898822297 -5.9546993629753897e-05 0.00078254761266794294 0.0034824978658729347 -0.0019550172081575445 -0.001489541803425345 0.00018096889703608148
leaf_weight=13.999999999999998 18 49 59 9.9999999999999982 13.999999999999998 19 34 13.999999999999998 421 120 11.999999999999998 183 126 153
leaf_count=14 18 49 59 10 14 19 34 14 421 120 12 183 126 153
internal_value=0 0.000804723 0.000368771 0.00119743 -0.0015074 -0.0043816 -0.00027643 -0.000346474 -5.04281e-05 0.00133154 -0.00121335 -0.00148833 -0.000394638 0.000748337
internal_weight=1246 318 304 212 92 33 928 910 681 134 229 217 547 202
internal_count=1246 318 304 212 92 33 928 910 681 134 229 217 547 202
is_linear=0
shrinkage=0.03


Tree=174
num_leaves=11
num_cat=0
split_feature=2 2 2 2 47 28 14 1 2 26
split_gain=0.297671 0.303354 0.294703 1.54784 3.81418 0.281235 0.244318 0.0937498 0.0585926 0.0248491
threshold=1.0000000180025095e-35 0.044642857142857102 0.9196428571428571 0.8125 -0.37100576667240043 -0.085814566887275678 -1.5806118439863763 1.5000000000000002 0.026785714285714253 0.46633453875448488
decision_type=2 2 2 2 2 2 2 2 2 2
left_child=-1 7 3 6 -5 -4 -3 -2 -9 -7
right_child=1 2 5 4 -6 9 -8 8 -10 -11
leaf_value=0.004682480467498795 0 0.0011553136859196677 0.0006252234963742832 0.021723713990264005 -0.0022867415607609643 -0.0031869214942509467 -0.00020282331827257646 -0.0051552908394103016 -0.0017408800063547021 -0.0062772285901378875
leaf_weight=11.999999999999998 9.9999999999999982 135 12.999999999999998 10.000000000000002 13.999999999999998 12.000000000000002 1004 14 12 9.9999999999999982
leaf_count=12 10 135 13 10 14 12 1004 14 12 10
internal_value=0 -4.59336e-05 3.32386e-05 0.00011744 0.00764176 -0.00267155 -3.91292e-05 -0.0027565 -0.00370706 -0.0047494
internal_weight=1246 1234 1198 1163 24 35 1139 36 26 22
internal_count=1246 1234 1198 1163 24 35 1139 36 26 22
is_linear=0
shrinkage=0.03


Tree=175
num_leaves=15
num_cat=0
split_feature=16 16 46 16 15 8 0 43 43 0 13 31 32 42
split_gain=0.288616 1.73937 1.88439 2.57282 0.264896 0.398344 0.253394 0.311672 0.236157 0.25802 0.245792 0.226794 0.209854 0.188106
threshold=-0.85926646088144498 -0.88084074316794381 -1.3169164585862192 -1.1984997861451749 -1.8565580387099485 0.52075513834604603 0.74528301886792458 1.0000000180025095e-35 -0.87968028425755074 0.29245283018867929 1.6206446223781887 0.32750535149534171 -0.56613223828050008 0.095488990949265648
decision_type=2 2 2 2 2 2 2 2 2 2 2 2 2 2
left_child=1 2 3 -1 5 -2 7 -4 10 12 -6 -11 -10 -8
right_child=4 -3 6 -5 8 -7 13 -9 9 11 -12 -13 -14 -15
leaf_value=-0.0012886121101898717 0.0064414889148599998 0.012485020546292937 0.0014025722377731824 0.019906230537194328 0.00013738561347787225 -3.5532490093244136e-05 -0.00027293575027970227 -0.0011600379190992477 -0.001230343374197429 -0.00055410455793035072 0.0035466118467645052 -0.0019592282443446035 0.0010059767908796678 -0.0032169646771786652
leaf_weight=10.000000000000002 12.999999999999998 10.999999999999998 101 9.9999999999999982 221 22 44 73 53 349 21 153 126 39
leaf_count=10 13 11 101 10 221 22 44 73 53 349 21 153 126 39
internal_value=0 0.000832361 0.000354455 0.00920587 -0.000250564 0.00229625 -0.000326015 0.000310174 -0.000350627 -0.000638487 0.000446962 -0.000988639 0.000326758 -0.00169458
internal_weight=1246 288 277 20 958 35 257 174 923 681 242 502 179 83
internal_count=1246 288 277 20 958 35 257 174 923 681 242 502 179 83
is_linear=0
shrinkage=0.03


Tree=176
num_leaves=15
num_cat=0
split_feature=16 2 32 46 9 0 2 3 47 15 29 16 27 15
split_gain=0.278932 1.021 5.77955 0.399486 0.311069 0.549423 0.36339 0.284268 0.258887 0.38069 0.24073 0.240455 0.153786 0.138126
threshold=1.6073977505768813 0.7767857142857143 -0.56613223828050008 -0.58951810478134881 -0.16499967034123703 0.17924528301886791 0.026785714285714253 1.0052537936900929 -0.78969614749288197 0.73843495408779658 1.0000000180025095e-35 0.42058145534704622 -0.46705814062159662 0.94441652546602062
decision_type=2 2 2 2 2 2 2 2 2 2 2 2 2 2
left_child=1 3 -3 4 6 -6 -1 11 -2 -10 13 -5 -9 -4
right_child=8 2 10 7 5 -7 -8 12 9 -11 -12 -13 -14 -15
leaf_value=-0.005932907736906321 0.0026921265535425434 0.024582016516735059 -0.0010961287930484642 0.00085863365063142594 0.0019774642140159742 -0.0035219692282192658 -0.00011669518328379359 0 -0.0012952010929675958 -0.0072401194569985724 -0.0038673098247177548 -0.00035261581232748791 -0.0033106453228887709 0.003425955595196904
leaf_weight=9.9999999999999982 9.9999999999999982 9.9999999999999982 12.000000000000002 489 20 76 264 21 61 11.999999999999998 14.999999999999998 207 28 10.999999999999998
leaf_count=10 10 10 12 489 20 76 264 21 61 12 15 207 28 11
internal_value=0 0.000119777 0.00440014 -6.21775e-05 -0.000870079 -0.00234417 -0.000341998 0.000335099 -0.00167932 -0.00232206 -0.000882715 0.000494083 -0.00185843 0.000942206
internal_weight=1246 1163 48 1115 370 96 274 745 83 73 38 696 49 23
internal_count=1246 1163 48 1115 370 96 274 745 83 73 38 696 49 23
is_linear=0
shrinkage=0.03


Tree=177
num_leaves=9
num_cat=0
split_feature=17 27 17 1 2 2 0 15
split_gain=0.290293 0.348003 4.17877 0.288737 0.286773 0.302376 0.25236 0.190279
threshold=2.2584578762652243 2.1458033557640985 0.060748957975838409 5.5000000000000009 1.0000000180025095e-35 0.026785714285714253 0.80188679245283023 0.20034097290297023
decision_type=2 2 2 2 2 2 2 2
left_child=1 4 3 7 -1 -6 -7 -3
right_child=-2 2 -4 -5 5 6 -8 -9
leaf_value=0.0045438460242157135 -0.0046245273955412636 -0.0015341821896868778 0.019556284853358672 0.0013529752563722058 -0.003841037296772939 0.0001854515723270518 -0.00092345349798604332 -0.0076935403585280662
leaf_weight=11.999999999999998 11.999999999999998 11.000000000000002 9.9999999999999982 10.000000000000002 19 932 230 9.9999999999999982
leaf_count=12 12 11 10 10 19 932 230 10
internal_value=0 4.49225e-05 0.00276032 -0.00260672 -4.61072e-05 -9.56659e-05 -3.15181e-05 -0.00463195
internal_weight=1246 1234 41 31 1193 1181 1162 21
internal_count=1246 1234 41 31 1193 1181 1162 21
is_linear=0
shrinkage=0.03


Tree=178
num_leaves=15
num_cat=0
split_feature=4 46 0 30 27 27 25 5 0 0 0 28 32 0
split_gain=0.286409 1.24948 0.475053 0.442864 0.30008 0.251025 0.319094 0.218141 0.691082 1.4358 0.819232 0.267525 0.211834 0.193555
threshold=-0.48040003501598449 -1.3169164585862192 0.78301886792452835 0.12491916578922727 -0.32297747431552459 -0.32297747431552459 -1.0000000180025095e-35 0.84713071535794071 0.76415094339622647 0.91509433962264153 0.51886792452830199 0.70699006120837926 0.066603792738882395 0.028301886792452755
decision_type=2 2 2 2 2 2 2 2 2 2 2 2 2 2
left_child=1 -1 5 -4 -5 12 -7 13 10 -10 -9 -11 -3 -2
right_child=7 2 3 4 -6 6 -8 8 9 11 -12 -13 -14 -15
leaf_value=0.0095153116870750776 0.0029403598262871819 0.0025721752217340885 8.4800564324681821e-05 -0.00062098337488466918 -0.0066689088944521246 0.0052526686900136879 0.0012413928951918473 -0.00086477455175962303 0.0088516365897227476 0 -0.0091955589350745173 -0.006620019244602756 -0.00062656866489885471 -0.00018920977324525032
leaf_weight=13.999999999999998 18 24 59 13.999999999999998 19 24 83 28 13.999999999999998 12.000000000000002 18 10.999999999999998 81 827
leaf_count=14 18 24 59 14 19 24 83 28 14 12 18 11 81 827
internal_value=0 0.000776389 0.000361077 -0.00142367 -0.00420338 0.00115004 0.00217319 -0.000266718 -0.00173605 0.00125267 -0.0042026 -0.00326122 7.77802e-05 -0.000118654
internal_weight=1246 318 304 92 33 212 107 928 83 37 46 23 105 845
internal_count=1246 318 304 92 33 212 107 928 83 37 46 23 105 845
is_linear=0
shrinkage=0.03


Tree=179
num_leaves=15
num_cat=0
split_feature=4 17 16 16 17 0 2 29 2 28 2 0 46 15
split_gain=0.272112 0.828976 4.37136 0.295193 0.286309 0.258466 0.660657 0.83041 0.369832 0.255389 0.23432 0.212241 0.24385 0.220251
threshold=-0.41147273674672352 1.3024667050842083 -0.85048648691009487 1.548708593893219 1.9742627713068008 0.50000000000000011 0.16964285714285712 -0.62182163852076178 0.11607142857142856 0.85926309536721746 0.75892857142857151 0.23584905660377356 1.0000000180025095e-35 -0.20711876447259872
decision_type=2 2 2 2 2 2 2 2 2 2 2 2 2 2
left_child=1 3 -3 11 -4 -2 7 -7 -9 10 -8 13 -13 -1
right_child=5 2 4 -5 -6 6 9 8 -10 -11 -12 12 -14 -15
leaf_value=0.0042231876322133969 0.00011827279879574783 0.018369285385025309 -0.0036734816718899518 -0.0026982405015029184 0.0020118926796477195 -0.010997870909896765 -0.00048372827080676753 -0.0044456292930748547 0.0011837093976650446 -0.0040484983640613013 0.0022074068462605563 -0.00067061476095005746 0.00099516659610944373 -0.00084515791379450136
leaf_weight=24 484 13.999999999999998 21 30 11.999999999999998 11.999999999999998 234 23 18 15.999999999999998 33 160 155 9.9999999999999982
leaf_count=24 484 14 21 30 12 12 234 23 18 16 33 160 155 10
internal_value=0 0.000614529 0.00437028 0.000139833 -0.00151561 -0.000320014 -0.00096013 -0.00403659 -0.00190435 -0.000372153 -0.000139182 0.00039309 0.00013959 0.00264641
internal_weight=1246 426 47 379 33 820 336 53 41 283 267 349 315 34
internal_count=1246 426 47 379 33 820 336 53 41 283 267 349 315 34
is_linear=0
shrinkage=0.03


Tree=180
num_leaves=9
num_cat=0
split_feature=17 27 17 16 2 2 16 0
split_gain=0.280985 0.322344 3.90559 0.393992 0.268797 0.289963 0.237102 0.0555528
threshold=2.2584578762652243 2.1458033557640985 0.060748957975838409 0.060820639191002952 1.0000000180025095e-35 0.026785714285714253 1.6073977505768813 0.70754716981132082
decision_type=2 2 2 2 2 2 2 2
left_child=1 4 3 -3 -1 -6 -7 -5
right_child=-2 2 -4 7 5 6 -8 -9
leaf_value=0.0044002287496219972 -0.0045499017397095717 -0.0074019502007430116 0.018896482144251908 0.0012723576720501922 -0.0037591303629478856 7.8943300808945169e-05 -0.0016966594332485524 -0.0017817511534926915
leaf_weight=11.999999999999998 11.999999999999998 10.000000000000002 9.9999999999999982 11.000000000000002 19 1090 72 9.9999999999999982
leaf_count=12 12 10 10 11 19 1090 72 10
internal_value=0 4.40747e-05 0.00265748 -0.00252837 -4.34412e-05 -9.15015e-05 -2.86318e-05 -4.13515e-05
internal_weight=1246 1234 41 31 1193 1181 1162 21
internal_count=1246 1234 41 31 1193 1181 1162 21
is_linear=0
shrinkage=0.03


Tree=181
num_leaves=9
num_cat=0
split_feature=17 27 17 16 2 2 0 0
split_gain=0.264507 0.302964 3.67754 0.370924 0.253048 0.27291 0.2293 0.0523081
threshold=2.2584578762652243 2.1458033557640985 0.060748957975838409 0.060820639191002952 1.0000000180025095e-35 0.026785714285714253 0.80188679245283023 0.70754716981132082
decision_type=2 2 2 2 2 2 2 2
left_child=1 4 3 -3 -1 -6 -7 -5
right_child=-2 2 -4 7 5 6 -8 -9
leaf_value=0.0042693129538997144 -0.00441453280566214 -0.0071820903798141076 0.01833520030842559 0.0012345307999970137 -0.0036469468802057627 0.00017900098079010979 -0.00087803785584788391 -0.0017288278611284672
leaf_weight=11.999999999999998 11.999999999999998 10.000000000000002 9.9999999999999982 11.000000000000002 19 932 230 9.9999999999999982
leaf_count=12 12 10 10 11 19 932 230 10
internal_value=0 4.27039e-05 0.00257636 -0.00245328 -4.2065e-05 -8.87701e-05 -2.76996e-05 -3.5918e-05
internal_weight=1246 1234 41 31 1193 1181 1162 21
internal_count=1246 1234 41 31 1193 1181 1162 21
is_linear=0
shrinkage=0.03


Tree=182
num_leaves=15
num_cat=0
split_feature=4 17 16 2 17 29 26 43 0 7 2 16 3 2
split_gain=0.272204 0.776155 4.10789 0.276525 0.271116 0.252626 0.237664 0.226876 0.233144 0.352974 0.708513 0.34606 0.260028 0.222333
threshold=-0.41147273674672352 1.3024667050842083 -0.85048648691009487 0.7767857142857143 1.9742627713068008 0.39585898252724294 -0.13314926565203661 -1.1739532608798187 0.17924528301886791 -1.3767326174569765 0.2767857142857143 -0.68778826561174489 0.67278118410306298 0.080357142857142808
decision_type=2 2 2 2 2 2 2 2 2 2 2 2 2 2
left_child=1 3 -3 5 -4 6 -1 -2 11 10 -10 -9 -13 -11
right_child=7 2 4 -5 -6 -7 -8 8 9 13 -12 12 -14 -15
leaf_value=0.00084438704409745989 0.0013006126217560022 0.017819933691557419 -0.0035559317504466285 -0.0025424436746326862 0.0019749701352528301 0.0014997600907479527 -0.0011039750711437158 0.0052521680999291307 -0.0058160413456996313 -0.0021126424311520807 -0.00094462319730735384 0.0020385704231891443 -0.00080065862043622235 1.0523658565188838e-05
leaf_weight=105 70 13.999999999999998 21 31 11.999999999999998 123 120 12.999999999999998 33 50 157 43 88 366
leaf_count=105 70 14 21 31 12 123 120 13 33 50 157 43 88 366
internal_value=0 0.000614495 0.004249 0.000154862 -0.00145417 0.000404419 -0.000181441 -0.000320206 -0.000475635 -0.00073569 -0.00180911 0.000597694 0.000109263 -0.000237901
internal_weight=1246 426 47 379 33 348 225 820 750 606 190 144 131 416
internal_count=1246 426 47 379 33 348 225 820 750 606 190 144 131 416
is_linear=0
shrinkage=0.03


Tree=183
num_leaves=13
num_cat=0
split_feature=25 2 29 2 46 27 17 2 2 27 17 46
split_gain=0.265247 0.784191 4.24312 0.405726 0.378174 0.306504 0.263241 0.219475 0.165516 0.121032 0.120615 0.0775781
threshold=1.0000000180025095e-35 0.8125 -0.78686068884685045 1.0000000180025095e-35 0.39506438282345402 0.99632288815743664 -0.44169617569753711 0.044642857142857102 0.97321428571428581 -1.201245748018495 -1.266469658882446 1.0000000180025095e-35
decision_type=2 2 2 2 2 2 2 2 2 2 2 2
left_child=1 3 -3 -1 -4 7 -7 -5 9 -2 -11 -12
right_child=8 2 4 5 -6 6 -8 -9 -10 10 11 -13
leaf_value=0.0060420256484263008 0.001977995976488641 0.021098069257222782 0.0009776607461227391 -0.0025176092826957189 -0.0063140896940142794 -0.004540377684030295 -0.00018109492247098496 0.00021959626665659564 -0.0046432770611626092 0.0017965163740309631 -0.0014983614193906051 -0.00036298986671370333
leaf_weight=9.9999999999999982 13.999999999999998 9.9999999999999982 16.000000000000004 27 9.9999999999999982 24 29 845 9.9999999999999982 13.999999999999998 129 108
leaf_count=10 14 10 16 27 10 24 29 845 10 14 129 108
internal_value=0 0.000232462 0.00457226 6.16887e-05 -0.00172536 -3.66848e-07 -0.00221644 0.000131124 -0.000822807 -0.000665624 -0.000825754 -0.000994001
internal_weight=1246 971 36 935 26 925 53 872 275 265 251 237
internal_count=1246 971 36 935 26 925 53 872 275 265 251 237
is_linear=0
shrinkage=0.03


Tree=184
num_leaves=14
num_cat=0
split_feature=17 28 2 0 2 13 0 17 48 15 15 0 15
split_gain=0.258949 0.272231 3.51443 0.332684 0.228214 0.208542 0.304099 0.355243 0.286861 0.206615 0.200786 0.196906 0.182402
threshold=2.2584578762652243 0.96267239468404298 0.7946428571428571 0.42452830188679253 0.33035714285714285 1.6206446223781887 0.80188679245283023 1.4781420057930055 -0.42957608258090357 -0.2811451146418677 0.67287588152052347 0.23584905660377356 -0.15871806868098029
decision_type=2 2 2 2 2 2 2 2 2 2 2 2 2
left_child=1 5 3 12 -5 6 8 -8 -1 11 -11 -7 -3
right_child=-2 2 -4 4 -6 9 7 -9 -10 10 -12 -13 -14
leaf_value=-0.0009891420692126362 -0.0043678545503115108 0.0046253809122722752 0.018337855606828584 -0.0047672711959794939 -0.00040127868318924804 0.0033153274721733411 -0.00090902441548869806 -0.0053115479330195798 0.00031323743334629809 0.0026200500266043889 -0.0013052220419333637 -0.0012862051158375261 0.00050991209214868176
leaf_weight=205 11.999999999999998 11.999999999999998 9.9999999999999982 17 34 9.9999999999999982 150 19 589 68 12.999999999999998 45 62
leaf_count=205 12 12 10 17 34 10 150 19 589 68 13 45 62
internal_value=0 4.23021e-05 0.00131489 -3.65411e-05 -0.0019218 -0.000111397 -0.000269172 -0.00142457 -1.93236e-05 0.00098313 0.00195224 -0.000390618 0.00122311
internal_weight=1246 1234 135 125 51 1099 963 169 794 136 81 55 74
internal_count=1246 1234 135 125 51 1099 963 169 794 136 81 55 74
is_linear=0
shrinkage=0.03


Tree=185
num_leaves=15
num_cat=0
split_feature=25 2 29 2 46 27 17 2 2 15 5 16 2 15
split_gain=0.24652 0.705349 3.82961 0.379843 0.349279 0.283835 0.248585 0.209382 0.155626 0.121437 0.12884 0.197164 0.101882 0.0773121
threshold=1.0000000180025095e-35 0.8125 -0.78686068884685045 1.0000000180025095e-35 0.39506438282345402 0.99632288815743664 -0.44169617569753711 0.044642857142857102 0.97321428571428581 -0.4686824343956501 0.3723107102584865 -0.16745019186462973 0.41964285714285715 -0.842112896441093
decision_type=2 2 2 2 2 2 2 2 2 2 2 2 2 2
left_child=1 3 -3 -1 -4 7 -7 -5 9 13 11 -11 -12 -2
right_child=8 2 4 5 -6 6 -8 -9 -10 10 12 -13 -14 -15
leaf_value=0.0058481840848332578 -0.00099897526853413485 0.02004104325907434 0.00095420598058226661 -0.0024585934045872342 -0.0060500376136733746 -0.0043886068989271564 -0.00015056302214098958 0.0002147902344348703 -0.0044990988547849173 0.0041402202556691777 -9.6081556754005207e-05 0 -0.0018628003855867504 -0.0033536154799052136
leaf_weight=9.9999999999999982 51 9.9999999999999982 16.000000000000004 27 9.9999999999999982 24 29 845 9.9999999999999982 12.999999999999998 83 49 49 20
leaf_count=10 51 10 16 27 10 24 29 845 10 13 83 49 49 20
internal_value=0 0.000223955 0.00433994 6.18235e-05 -0.00163765 0 -0.00213083 0.000128301 -0.000793379 -0.00064058 -0.000233706 0.000870942 -0.000775533 -0.00170823
internal_weight=1246 971 36 935 26 925 53 872 275 265 194 62 132 71
internal_count=1246 971 36 935 26 925 53 872 275 265 194 62 132 71
is_linear=0
shrinkage=0.03


Tree=186
num_leaves=13
num_cat=0
split_feature=4 2 46 17 17 0 48 17 15 7 3 5
split_gain=0.261689 1.65188 0.379064 0.296796 0.545895 0.194504 0.209236 0.315498 0.299851 0.299478 0.26821 0.202851
threshold=-0.48040003501598449 0.8125 -1.3169164585862192 1.7578640787233588 1.3996708032889382 0.028301886792452755 -0.42957608258090357 -0.81715279560934484 1.5615871613648216 -1.3767326174569765 -1.3853825895309309 0.84713071535794071
decision_type=2 2 2 2 2 2 2 2 2 2 2 2
left_child=1 2 -1 4 -4 -2 8 9 10 -8 -7 -9
right_child=5 -3 3 -5 -6 6 7 11 -10 -11 -12 -13
leaf_value=-0.0046287793458531833 0.0028072987249872297 0.012688357332112767 0.0005180036011557562 -0.0038052312191220292 0.0076549390968198121 0.0010183371404934225 0.0054183300378474785 -0.00020378735046734382 0.0034231112968207389 0.00073220510773599568 -0.0018305975674630709 -0.002408745472666121
leaf_weight=12.999999999999998 18 9.9999999999999982 272 12.999999999999998 9.9999999999999982 34 13.999999999999998 506 11.999999999999998 120 183 41
leaf_count=13 18 10 272 13 10 34 14 506 12 120 183 41
internal_value=0 0.000741687 0.000340078 0.000570705 0.000784345 -0.000255388 -0.000319566 -5.10937e-05 -0.00110448 0.00124785 -0.00137014 -0.000374952
internal_weight=1246 318 308 295 282 928 910 681 229 134 217 547
internal_count=1246 318 308 295 282 928 910 681 229 134 217 547
is_linear=0
shrinkage=0.03


Tree=187
num_leaves=15
num_cat=0
split_feature=4 2 46 17 17 0 3 0 9 0 2 2 0 15
split_gain=0.246119 1.55517 0.356883 0.279527 0.51382 0.184991 0.839049 0.272157 0.195097 0.316274 0.563722 0.181144 0.242476 0.152417
threshold=-0.48040003501598449 0.8125 -1.3169164585862192 1.7578640787233588 1.3996708032889382 0.084905660377358458 0.67278118410306298 0.028301886792452755 0.59843917132938007 0.16037735849056609 0.2767857142857143 0.098214285714285657 0.48113207547169817 0.44910043700442925
decision_type=2 2 2 2 2 2 2 2 2 2 2 2 2 2
left_child=1 2 -1 4 -4 6 -2 -8 11 13 -11 12 -7 -10
right_child=5 -3 3 -5 -6 8 7 -9 9 10 -12 -13 -14 -15
leaf_value=-0.0044909760354527534 0.0092438082485505856 0.012311476016103632 0.00050246918580393156 -0.0036919457667670742 0.0074275640879600943 -0.00011784541268585895 0.0027235450227204605 -0.0018406095964274172 0 -0.0045898631744069459 -0.00070180846227241008 9.4371960554653377e-05 -0.0038891739738118121 0.0045065998869973254
leaf_weight=12.999999999999998 9.9999999999999982 9.9999999999999982 272 12.999999999999998 9.9999999999999982 44 18 33 20.000000000000004 43 165 559 25 10.999999999999998
leaf_count=13 10 10 272 13 10 44 18 33 20 43 165 559 25 11
internal_value=0 0.000719553 0.000329581 0.000553629 0.00076122 -0.000247406 0.00133772 -0.000168846 -0.000362533 -0.00109285 -0.00152182 -7.96878e-05 -0.00153134 0.00168461
internal_weight=1246 318 308 295 282 928 61 51 867 239 208 628 69 31
internal_count=1246 318 308 295 282 928 61 51 867 239 208 628 69 31
is_linear=0
shrinkage=0.03


Tree=188
num_leaves=15
num_cat=0
split_feature=16 31 0 42 16 17 47 0 0 16 0 0 17 26
split_gain=0.239189 0.389651 3.23461 0.365217 0.363734 0.29646 0.237494 0.233361 0.228943 0.206643 0.16821 0.29958 0.119698 0.117056
threshold=1.6073977505768813 0.94510119239629076 0.78301886792452835 0.095488990949265648 1.513037238313671 -0.3519952075320813 -0.78969614749288197 0.27358490566037741 0.40566037735849059 1.1420360204853484 0.68867924528301894 0.85849056603773599 0.59328476053949997 0.24406159352029227
decision_type=2 2 2 2 2 2 2 2 2 2 2 2 2 2
left_child=1 4 3 8 5 9 -2 -7 -3 -1 -8 -12 -5 -13
right_child=6 2 -4 12 -6 7 10 -9 -10 -11 11 13 -14 -15
leaf_value=0.00055478555677475653 0.0026287895846779986 -0.00043162696035081179 0.016445163430199642 0.0017990460055798232 0.0051071512403566971 0.0003632128276087442 -0.00052197658267217652 -0.00097147271404277545 -0.0067349062188722117 -0.0026906079344080954 -0.0075267799543447733 0.00021956825671532674 -0.00095663054383138594 -0.0035323098175069115
leaf_weight=460 9.9999999999999982 13.000000000000002 11.999999999999998 51 11.999999999999998 162 34 407 9.9999999999999982 18 11.999999999999998 13.000000000000002 18 13.999999999999998
leaf_count=460 10 13 12 51 12 162 34 407 10 18 12 13 18 14
internal_value=0 0.000110626 0.00186288 -2.23738e-05 -5.87823e-05 -0.000121338 -0.00155538 -0.000586206 -0.00331934 0.000425762 -0.0021724 -0.0035295 0.00103641 -0.001621
internal_weight=1246 1163 104 92 1059 1047 83 569 23 478 73 39 69 27
internal_count=1246 1163 104 92 1059 1047 83 569 23 478 73 39 69 27
is_linear=0
shrinkage=0.03


Tree=189
num_leaves=10
num_cat=0
split_feature=2 2 29 26 2 29 15 2 17
split_gain=0.245226 1.2364 3.4549 0.300483 0.215219 0.212471 0.214834 0.190508 0.138095
threshold=0.9196428571428571 0.8125 -0.3660472240930655 0.24406159352029227 1.0000000180025095e-35 -0.78686068884685045 0.71015980583569838 0.026785714285714253 0.58162489248011007
decision_type=2 2 2 2 2 2 2 2 2
left_child=1 4 -3 8 -1 6 -6 -7 -2
right_child=3 2 -4 -5 5 7 -8 -9 -10
leaf_value=0.0039111406263733703 0.0022523271314578474 0.020209722394990443 -0.0026420532182810153 -0.0060798480629010963 -0.00076386281350148853 -0.0032674834299801741 -0.0053301000661484079 0.00012418517642356948 -0.002470039048901767
leaf_weight=11.999999999999998 10.000000000000002 10.000000000000002 13.999999999999998 12.999999999999998 182 14.999999999999998 9.9999999999999982 968 11.999999999999998
leaf_count=12 10 10 14 13 182 15 10 968 12
internal_value=0 7.11265e-05 0.00679939 -0.00247251 -6.29466e-05 -0.000106415 -0.00101996 6.90516e-05 -0.000187284
internal_weight=1246 1211 24 35 1187 1175 192 983 22
internal_count=1246 1211 24 35 1187 1175 192 983 22
is_linear=0
shrinkage=0.03


Tree=190
num_leaves=13
num_cat=0
split_feature=17 28 17 0 0 48 28 4 13 2 26 0
split_gain=0.235987 0.258743 3.04334 0.412965 0.209126 0.272635 0.266058 0.27793 0.251957 0.190815 0.100101 0.0699016
threshold=2.2584578762652243 0.96267239468404298 0.98242234083231827 0.59433962264150952 0.80188679245283023 -1.1032294848100477 0.85926309536721746 -0.41147273674672352 1.6206446223781887 0.5267857142857143 1.2838708145776614 0.23584905660377356
decision_type=2 2 2 2 2 2 2 2 2 2 2 2
left_child=1 4 3 10 6 -6 7 -1 -7 -5 -3 -8
right_child=-2 2 -4 9 5 8 11 -9 -10 -11 -12 -13
leaf_value=0.00118676897104301 -0.0041698385878997154 -0.00041627187211348479 0.017121251471303774 -0.0053121893394072316 0.0035751889122498997 -0.0017870324379141555 0 -8.2927484407309811e-05 0.00061602940632331498 -0.00068549596567713249 0.0017357240055730224 -0.0025188107276169444
leaf_weight=205 11.999999999999998 25 9.9999999999999982 14.999999999999998 10.999999999999998 158 9.9999999999999982 623 50 21 64 42
leaf_count=205 12 25 10 15 11 158 10 623 50 21 64 42
internal_value=0 4.02467e-05 0.00128096 0 -0.000109535 -0.000940129 9.38445e-05 0.000227912 -0.00119494 -0.00270576 0.00109777 -0.00197969
internal_weight=1246 1234 135 125 1099 219 880 828 208 36 89 52
internal_count=1246 1234 135 125 1099 219 880 828 208 36 89 52
is_linear=0
shrinkage=0.03


Tree=191
num_leaves=15
num_cat=0
split_feature=16 16 27 4 17 17 17 17 13 15 15 16 15 26
split_gain=0.228924 3.5317 0.229614 0.225831 0.265148 0.260077 0.772857 0.258262 0.201723 0.242632 0.215776 0.185889 0.169435 0.109247
threshold=-1.065868969322898 -1.0817695618899923 0.68289542842071616 0.87517016427948235 -1.2229552973406497 1.72480867308204 1.8642587150236862 -0.87960816587095159 -0.53680119233066748 0.20034097290297023 -0.58009138833165574 1.4065554713232074 0.81920230736203636 0.99332985007303731
decision_type=2 2 2 2 2 2 2 2 2 2 2 2 2 2
left_child=1 8 3 5 -5 11 -7 -6 9 10 -1 -2 13 -4
right_child=2 -3 12 4 7 6 -8 -9 -10 -11 -12 -13 -14 -15
leaf_value=-0.0023572000951216313 0.00032815984131379301 0.018224382008896162 -0.001209811944374516 -0.0054398598416230161 0.002105959586841964 0.0098013856912050213 -2.7481201770050175e-05 -0.0011173355949149566 0.00090410527376063904 -0.0029274466865623211 0.002151850182340439 -0.0012615796942490073 -0.0030904611773237447 0.00047048276200263204
leaf_weight=14.999999999999998 591 9.9999999999999982 109 10.999999999999998 26 9.9999999999999982 23 141 93 37 25 74 33 48
leaf_count=15 591 10 109 11 26 10 23 141 93 37 25 74 33 48
internal_value=0 0.000988606 -0.000167785 3.39898e-05 -0.000915626 0.000280549 0.00288094 -0.000596592 -1.77446e-05 -0.00116979 0.000384482 0.000146583 -0.00111339 -0.000677023
internal_weight=1246 180 1066 876 178 698 33 167 170 77 40 665 190 157
internal_count=1246 180 1066 876 178 698 33 167 170 77 40 665 190 157
is_linear=0
shrinkage=0.03


Tree=192
num_leaves=15
num_cat=0
split_feature=4 2 46 16 16 42 31 27 16 15 32 4 15 16
split_gain=0.220917 1.48778 0.311979 0.199717 0.248067 0.172536 0.161882 0.152926 0.140245 0.180346 0.13076 0.114901 0.114654 0.139851
threshold=-0.48040003501598449 0.8125 -1.3169164585862192 1.0915399700293336 -0.88084074316794381 -1.0426319619645517 -0.27947281012693154 0.99632288815743664 1.513037238313671 -0.045540688255099639 0.5661322382805003 0.87517016427948235 0.16292404079420342 0.40949535674185283
decision_type=2 2 2 2 2 2 2 2 2 2 2 2 2 2
left_child=1 2 -1 4 -4 8 -5 -7 10 -10 -2 -12 13 -9
right_child=5 -3 3 6 -6 7 -8 12 9 -11 11 -13 -14 -15
leaf_value=-0.0042058795646458631 -0.0021889366998602308 0.012019195400989884 -0.00025799076139929343 -0.0043102292534504217 0.001568857130374235 0.00012112656498675339 6.9782788439696984e-05 0.0022212984046066984 0.00422916953885319 -0.0011760197078960167 3.9289219021110313e-05 -0.0020582646830877823 -0.0026840123453255845 -0.0019501338098545245
leaf_weight=12.999999999999998 80 9.9999999999999982 115 13.000000000000002 152 656 14.999999999999998 13.000000000000002 10.000000000000002 10.999999999999998 78 32 32 15.999999999999998
leaf_count=13 80 10 115 13 152 656 15 13 10 11 78 32 32 16
internal_value=0 0.000681594 0.000299971 0.000510058 0.000770979 -0.000234521 -0.00186513 -8.34445e-06 -0.000988512 0.00126354 -0.00125374 -0.000544976 -0.00144771 0
internal_weight=1246 318 308 295 267 928 28 717 211 21 190 110 61 29
internal_count=1246 318 308 295 267 928 28 717 211 21 190 110 61 29
is_linear=0
shrinkage=0.03


Tree=193
num_leaves=10
num_cat=0
split_feature=2 2 42 26 2 2 27 30 1
split_gain=0.221127 1.12657 3.40634 0.282581 0.202183 0.198654 0.198879 0.121538 0.0875521
threshold=0.9196428571428571 0.8125 1.0000000180025095e-35 0.24406159352029227 1.0000000180025095e-35 0.044642857142857102 0.99632288815743664 -0.012098909793675968 1.5000000000000002
decision_type=2 2 2 2 2 2 2 2 2
left_child=1 4 -3 7 -1 8 -7 -2 -6
right_child=3 2 -4 -5 5 6 -8 -9 -10
leaf_value=0.0037911170560958958 -0.002280808985849057 0.019809580030712745 -0.0028844823022472097 -0.0058445639693611908 0 7.0456058647629794e-05 -0.0015462305884178928 0.0021527642299338139 -0.0032099335818101872
leaf_weight=11.999999999999998 12 10.000000000000002 13.999999999999998 12.999999999999998 9.9999999999999982 1066 73 10 26
leaf_count=12 12 10 14 13 10 1066 73 10 26
internal_value=0 6.73063e-05 0.00648986 -0.00234811 -6.05601e-05 -0.000102769 -3.06525e-05 -0.00012918 -0.00229494
internal_weight=1246 1211 24 35 1187 1175 1139 22 36
internal_count=1246 1211 24 35 1187 1175 1139 22 36
is_linear=0
shrinkage=0.03


Tree=194
num_leaves=15
num_cat=0
split_feature=16 16 46 16 16 27 9 32 2 15 15 31 8 15
split_gain=0.216704 3.26522 0.217494 0.399812 0.268425 0.318764 0.29995 0.258024 0.252401 0.241905 1.97331 0.195059 0.232694 0.187807
threshold=-1.065868969322898 -1.0817695618899923 -0.58951810478134881 1.548708593893219 1.513037238313671 -0.44430253342803289 -0.38954050612671259 0.5661322382805003 0.20535714285714282 -0.79901090389423624 -0.8843640734868784 -0.8694660408196857 -1.1179783694785588 -0.32740842226670769
decision_type=2 2 2 2 2 2 2 2 2 2 2 2 2 2
left_child=1 11 4 9 6 -6 8 -8 -2 10 -4 -1 -13 -11
right_child=2 -3 3 -5 5 -7 7 -9 -10 13 -12 12 -14 -15
leaf_value=0.0028330486481375401 -0.0015587921426647737 0.017534370241631375 0.00023699012070140587 -0.0021441580201595101 -0.00086779876775516741 0.0050008747941314782 -0.003749762821798138 -0.0008364193235677411 0.00059148535783129291 -0.0015129329643298701 0.014295712485667411 0.0014203639964566748 -0.0011543505307853076 0.00029881411455696472
leaf_weight=19 86 9.9999999999999982 86 63 17 14.999999999999998 56 60 112 57 9.9999999999999982 44 107 504
leaf_count=19 86 10 86 63 17 15 56 60 112 57 10 44 107 504
internal_value=0 0.000961774 -0.000163328 0.000130175 -0.000782615 0.00179669 -0.00105551 -0.00227072 -0.000327645 0.00035312 0.00174601 -5.18319e-06 -0.000383805 0.000109149
internal_weight=1246 180 1066 720 346 32 314 116 198 657 96 170 151 561
internal_count=1246 180 1066 720 346 32 314 116 198 657 96 170 151 561
is_linear=0
shrinkage=0.03


Tree=195
num_leaves=15
num_cat=0
split_feature=0 2 17 0 2 17 46 2 16 32 26 16 25 10
split_gain=0.217025 3.5119 0.26342 0.272223 1.61778 0.242849 0.20658 0.339223 0.232 0.187396 0.206582 0.202154 0.18436 0.113269
threshold=0.82075471698113212 0.7767857142857143 -0.52475380600017751 0.70754716981132082 0.20535714285714282 1.72480867308204 -0.58951810478134881 0.062499999999999951 -1.1189527156206067 -0.94910404652907376 -1.0728352924006599 -0.63697589615756667 1.0000000180025095e-35 -0.75667855739608492
decision_type=2 2 2 2 2 2 2 2 2 2 2 2 2 2
left_child=1 2 6 5 -5 -4 8 -8 -1 -2 -11 13 -13 -12
right_child=9 -3 3 4 -6 -7 7 -9 -10 10 11 12 -14 -15
leaf_value=0.0015898321686504209 -0.0040122216016702022 0.015050391889712279 -0.00027237385339042285 -0.012626157564085883 -0.00047802032376213544 0.0024127801061851607 0.0049483742168982608 0.00075229907731838986 -0.0015066704562933934 0.0035293976387175 -0.00071209169851103936 0.00041185101908773007 -0.0028691553983075839 -0.003275142354473994
leaf_weight=31 15.999999999999998 13.999999999999998 516 10.999999999999998 95 32 19 243 69 9.9999999999999982 33 102 18 37
leaf_count=31 16 14 516 11 95 32 19 243 69 10 33 102 18 37
internal_value=0 0.000180768 -2.26368e-05 -0.000384852 -0.00177766 -0.000109691 0.000623393 0.00106981 -0.000516155 -0.000864922 -0.000596266 -0.00083093 -5.72999e-05 -0.00211238
internal_weight=1246 1030 1016 654 106 548 362 262 100 216 200 190 120 70
internal_count=1246 1030 1016 654 106 548 362 262 100 216 200 190 120 70
is_linear=0
shrinkage=0.03


Tree=196
num_leaves=13
num_cat=0
split_feature=27 17 1 2 1 2 17 27 27 26 17 17
split_gain=0.218758 2.73355 0.272512 0.209808 0.433052 0.280219 0.27128 0.208421 0.181136 0.139198 0.0699812 0.0461503
threshold=2.1458033557640985 0.12347336373915431 5.5000000000000009 0.7946428571428571 2.5000000000000004 0.75892857142857151 -0.7002865717126332 0.68289542842071616 -0.44430253342803289 0.42104989581788782 -1.1636477820665361 -0.057313222963383044
decision_type=2 2 2 2 2 2 2 2 2 2 2 2
left_child=3 2 10 5 -5 6 9 -8 -6 -1 -2 -10
right_child=1 -3 -4 4 8 -7 7 -9 11 -11 -12 -13
leaf_value=0.00021825762377107859 -0.0020048545235516256 0.015768513117391286 0.0015409208918493744 -0.0066458162267244497 -0.0027646225135135385 0.0047577211648427153 -0.00012944699982670574 -0.0015070664424484599 -0.00033458321069431763 0.0015192493591456115 -0.0061036190484756456 0.0019897217212954932
leaf_weight=220 10.999999999999998 9.9999999999999982 10.999999999999998 12.999999999999998 18 10.999999999999998 680 117 10.000000000000002 117 10.000000000000002 18
leaf_count=220 11 10 11 13 18 11 680 117 10 117 10 18
internal_value=0 0.00212508 -0.00208088 -7.49325e-05 -0.00181836 1.24347e-05 -3.13656e-05 -0.00033561 -0.000377549 0.000679153 -0.0041185 0.00105461
internal_weight=1246 42 32 1204 59 1145 1134 797 46 337 21 28
internal_count=1246 42 32 1204 59 1145 1134 797 46 337 21 28
is_linear=0
shrinkage=0.03


Tree=197
num_leaves=15
num_cat=0
split_feature=4 2 46 0 2 28 0 3 0 7 0 2 2 0
split_gain=0.209653 1.45624 0.279623 0.226685 0.942858 0.215639 0.165929 0.797236 0.247047 0.162095 0.300463 0.714912 0.161763 0.211583
threshold=-0.48040003501598449 0.8125 -1.3169164585862192 0.65094339622641517 0.41964285714285715 0.85926309536721746 0.084905660377358458 0.67278118410306298 0.028301886792452755 -1.3767326174569765 0.17924528301886791 0.2767857142857143 0.098214285714285657 0.48113207547169817
decision_type=2 2 2 2 2 2 2 2 2 2 2 2 2 2
left_child=1 2 -1 4 -4 -5 7 -2 -9 10 -8 -12 13 -11
right_child=6 -3 3 5 -6 -7 9 8 -10 12 11 -13 -14 -15
leaf_value=-0.0039780139742163186 0.0089801477109736749 0.011880615581158953 0.00038089166755056421 -0.00088206613600700951 0.0075278864836037475 0.0024571051024970831 0.0013273172762867369 0.0025565286803970015 -0.0017893862480922317 -0.00012570974727471669 -0.0054541434040648153 -0.00064918210959825765 8.4857904096270902e-05 -0.0036546224938980134
leaf_weight=12.999999999999998 9.9999999999999982 9.9999999999999982 137 119 19 20 40 18 33 44 34 165 559 25
leaf_count=13 10 10 137 119 19 20 40 18 33 44 34 165 559 25
internal_value=0 0.000664001 0.000286351 0.000485722 0.00127484 -0.000378622 -0.000228453 0.00127241 -0.000194824 -0.000337645 -0.00100352 -0.00148753 -7.93357e-05 -0.00145116
internal_weight=1246 318 308 295 156 139 928 61 51 867 239 199 628 69
internal_count=1246 318 308 295 156 139 928 61 51 867 239 199 628 69
is_linear=0
shrinkage=0.03


Tree=198
num_leaves=12
num_cat=0
split_feature=17 27 17 1 15 0 17 28 5 17 15
split_gain=0.217832 0.283275 3.17865 0.221302 0.242034 0.202854 0.190007 0.185431 0.187456 0.168393 0.153297
threshold=2.2584578762652243 2.1458033557640985 0.060748957975838409 5.5000000000000009 0.20034097290297023 0.80188679245283023 -0.7002865717126332 -1.7611967312767061 1.0000000180025095e-35 1.72480867308204 -0.97878823657168113
decision_type=2 2 2 2 2 2 2 2 2 2 2
left_child=1 5 3 4 -3 6 10 -7 -9 -8 -1
right_child=-2 2 -4 -5 -6 7 9 8 -10 -11 -12
leaf_value=-0.0004346162097836705 -0.00400614179751628 -0.00057373922941199415 0.017140734817251785 0.0012618130813398865 -0.0073471943905927461 0.0027019339134870478 -0.00024525878441782631 4.2189473159220997e-05 -0.0017389059962246644 0.0018285931556955017 0.0011734780655689085
leaf_weight=67 11.999999999999998 11.000000000000002 9.9999999999999982 10.000000000000002 9.9999999999999982 11.999999999999998 637 82 136 37 222
leaf_count=67 12 11 10 10 10 12 637 82 136 37 222
internal_value=0 3.87617e-05 0.00248882 -0.00218106 -0.00396091 -4.3127e-05 0.000145419 -0.000845319 -0.00105549 -0.000126708 0.000790269
internal_weight=1246 1234 41 31 21 1193 963 230 218 674 289
internal_count=1246 1234 41 31 21 1193 963 230 218 674 289
is_linear=0
shrinkage=0.03


Tree=199
num_leaves=15
num_cat=0
split_feature=16 27 32 5 17 3 31 15 0 15 13 44 0 16
split_gain=0.206372 0.872553 0.371297 1.44198 0.549429 0.30807 0.260338 0.245727 0.174597 0.232168 0.189555 0.230613 0.141126 0.0551653
threshold=0.42058145534704622 2.1458033557640985 1.8649061966887066 0.84713071535794071 1.2523939746011357 1.0052537936900929 0.49606850172210809 1.5028739222011887 0.16037735849056609 -0.16347198769452667 -0.53680119233066748 -0.93778201192897626 0.23584905660377356 -0.91393514200196868
decision_type=2 2 2 2 2 2 2 2 2 2 2 2 2 2
left_child=1 2 4 13 5 -1 -6 8 9 -2 12 -12 -10 -4
right_child=7 -3 3 -5 6 -7 -8 -9 10 -11 11 -13 -14 -15
leaf_value=0.00036524281677495182 -0.00076652224235078099 0.0069940188678651385 -0.0020696764249116817 0.012124184623763369 -0.0048240143345841735 -0.0028337381199479523 -0.00070037241474388051 0.0030857391312996045 -0.0043307883449054969 0.004759632478014004 0.00056611980067020453 -0.001355958920510857 -0.001271800975908687 0.0006143068168878653
leaf_weight=663 14.000000000000002 17 13.999999999999998 10.999999999999998 29 28 30 15.999999999999998 15.999999999999998 11.999999999999998 131 97 157 11.000000000000002
leaf_count=663 14 17 14 11 29 28 30 16 16 12 131 97 157 11
internal_value=0 0.000286287 0.000136521 0.00310844 -2.52707e-06 0.000230885 -0.00278274 -0.000520214 -0.000663047 0.00167753 -0.000822665 -0.000238691 -0.00157438 -0.000771459
internal_weight=1246 803 786 36 750 691 59 443 427 26 401 228 173 25
internal_count=1246 803 786 36 750 691 59 443 427 26 401 228 173 25
is_linear=0
shrinkage=0.03


Tree=200
num_leaves=11
num_cat=0
split_feature=17 27 17 16 2 1 2 17 31 0
split_gain=0.203535 0.253926 3.02557 0.246316 0.223314 0.367476 0.262771 0.212947 0.126882 0.0839233
threshold=2.2584578762652243 2.1458033557640985 0.060748957975838409 0.060820639191002952 0.7946428571428571 2.5000000000000004 0.75892857142857151 -0.7002865717126332 0.59607824269704579 0.70754716981132082
decision_type=2 2 2 2 2 2 2 2 2 2
left_child=1 4 3 -3 6 -6 7 -1 -7 -5
right_child=-2 2 -4 9 5 8 -8 -9 -10 -11
leaf_value=0.00063450538238879451 -0.0038724539846120287 -0.0060606593038370384 0.016653914827816557 0.0014460288657731296 -0.0065434207176127707 -0.0015231693739752392 0.0046419988376264635 -0.00026624763193584382 0.002127593719475978 -0.0022933904841625236
leaf_weight=337 11.999999999999998 10.000000000000002 9.9999999999999982 11.000000000000002 11.999999999999998 33 10.999999999999998 789 10.999999999999998 9.9999999999999982
leaf_count=337 12 10 10 11 12 33 11 789 11 10
internal_value=0 3.74568e-05 0.00235717 -0.00219694 -3.99414e-05 -0.00188906 4.86518e-05 7.0665e-07 -0.000539697 -0.000194897
internal_weight=1246 1234 41 31 1193 56 1137 1126 44 21
internal_count=1246 1234 41 31 1193 56 1137 1126 44 21
is_linear=0
shrinkage=0.03


Tree=201
num_leaves=15
num_cat=0
split_feature=25 2 29 2 0 27 15 2 5 2 0 15 15 1
split_gain=0.205493 0.553269 3.55859 0.31738 0.280358 0.21246 0.228543 0.185059 0.137628 0.231018 0.170275 0.164705 0.141885 0.105538
threshold=1.0000000180025095e-35 0.8125 -0.78686068884685045 1.0000000180025095e-35 0.87735849056603787 0.99632288815743664 0.2585813370448396 0.044642857142857102 0.3723107102584865 0.29464285714285715 0.3867924528301887 -0.26205786716351676 0.67987759022341832 2.5000000000000004
decision_type=2 2 2 2 2 2 2 2 2 2 2 2 2 2
left_child=1 3 -3 -1 -4 7 -7 -5 9 11 -10 -2 -11 -12
right_child=8 2 4 5 -6 6 -8 -9 10 12 13 -13 -14 -15
leaf_value=0.0053498108611248511 -0.0033873006188316849 0.018991260933113461 -0.0058448096578664092 -0.0023167812351542918 0.00038571388663157169 -0.00080233344689374588 -0.0059505881527715391 0.00019645338411609727 0.00043605521714099407 0.0055607474490188703 -0.000941728169609662 0.00022333303004176948 0.0005155208266788083 -0.0026407759670422299
leaf_weight=9.9999999999999982 14.999999999999998 9.9999999999999982 10.000000000000002 27 15.999999999999998 43 9.9999999999999982 845 44 10.000000000000002 92 41 12.999999999999998 60
leaf_count=10 15 10 10 27 16 43 10 845 44 10 92 41 13 60
internal_value=0 0.000204488 0.00385011 6.05171e-05 -0.00190891 0 -0.00183958 0.000114939 -0.000724341 0.000302751 -0.00115356 -0.000694639 0.00285354 -0.00163342
internal_weight=1246 971 36 935 26 925 53 872 275 79 196 56 23 152
internal_count=1246 971 36 935 26 925 53 872 275 79 196 56 23 152
is_linear=0
shrinkage=0.03


Tree=202
num_leaves=14
num_cat=0
split_feature=16 27 32 16 17 3 16 15 2 2 29 5 0
split_gain=0.199326 0.848225 0.35067 1.41063 0.504572 0.290482 0.241628 0.234855 0.186534 0.19191 0.211895 0.124437 0.0210538
threshold=0.42058145534704622 2.1458033557640985 1.8649061966887066 -0.91393514200196868 1.2523939746011357 1.0052537936900929 -0.60170534096198292 1.5028739222011887 0.044642857142857102 0.7946428571428571 -0.014120408900985709 1.0000000180025095e-35 0.50000000000000011
decision_type=2 2 2 2 2 2 2 2 2 2 2 2 2
left_child=1 2 4 12 5 -1 -6 8 -2 11 -11 -10 -4
right_child=7 -3 3 -5 6 -7 -8 -9 9 10 -12 -13 -14
leaf_value=0.00035274970120496992 -0.0036587652419976758 0.0068949674046904722 -0.0028651253310208375 0.010048625949609853 -0.0040904196086302986 -0.0027534055980286986 0 0.003013178272785977 0.00026394157835081381 -0.00080596801189273171 -0.0061487167107092365 -0.00081984355579029931 -0.00047951857679256115
leaf_weight=663 18 17 11.000000000000002 14.999999999999998 38 28 21 15.999999999999998 174 21 10.999999999999998 203 9.9999999999999982
leaf_count=663 18 17 11 15 38 28 21 16 174 21 11 203 10
internal_value=0 0.000281383 0.000133666 0.00302183 -1.35113e-06 0.000222164 -0.00266584 -0.00051123 -0.000650991 -0.000510425 -0.00274943 -0.000311742 -0.00187896
internal_weight=1246 803 786 36 750 691 59 443 427 409 32 377 21
internal_count=1246 803 786 36 750 691 59 443 427 409 32 377 21
is_linear=0
shrinkage=0.03


Tree=203
num_leaves=15
num_cat=0
split_feature=16 16 46 16 9 0 16 2 17 15 15 17 13 15
split_gain=0.200834 2.92194 0.205333 0.347849 0.258913 0.365332 0.29423 0.27108 0.32529 0.212125 1.82902 0.465087 0.173383 0.205319
threshold=-1.065868969322898 -1.0817695618899923 -0.58951810478134881 1.6073977505768813 -0.38954050612671259 0.17924528301886791 1.513037238313671 0.20535714285714282 0.3641942726879438 -0.79901090389423624 -0.8843640734868784 1.0310167916730271 -0.53680119233066748 0.20034097290297023
decision_type=2 2 2 2 2 2 2 2 2 2 2 2 2 2
left_child=1 12 4 9 7 -6 -7 -2 -9 10 -4 -11 13 -1
right_child=2 -3 3 -5 5 6 -8 8 -10 11 -12 -13 -14 -15
leaf_value=0.00036721800869107802 -0.0013769148864241235 0.016602959183072395 0.00018295081236360149 -0.0021335961932645122 0.0021053005585470108 -0.0030815635104620952 0.00079680333004346967 -0.00049914553154204453 0.0025877944491593178 0.00048643219859934662 0.013709727976987563 -0.0018115302515054588 0.00086585385876704736 -0.0026757720928900241
leaf_weight=40 87 9.9999999999999982 87 56 18 98 20 70 53 472 9.9999999999999982 95 93 37
leaf_count=40 87 10 87 56 18 98 20 70 53 472 10 95 93 37
internal_value=0 0.000925903 -0.000157218 0.000127866 -0.000758992 -0.00177942 -0.00239869 -8.33294e-05 0.000807651 0.000323402 0.00162104 9.58704e-05 0 -0.00105766
internal_weight=1246 180 1066 720 346 136 118 210 123 664 97 567 170 77
internal_count=1246 180 1066 720 346 136 118 210 123 664 97 567 170 77
is_linear=0
shrinkage=0.03


Tree=204
num_leaves=15
num_cat=0
split_feature=2 27 15 46 32 15 3 17 32 17 5 17 0 3
split_gain=0.191421 1.60202 0.596521 0.278739 0.331023 0.267467 0.246599 0.237409 1.26604 0.464292 0.236346 0.20178 0.165791 0.146136
threshold=0.6696428571428571 2.1458033557640985 -0.79901090389423624 -0.58951810478134881 0.5661322382805003 1.0642739290758223 1.0052537936900929 1.72480867308204 1.8649061966887066 1.4351162656466416 0.84713071535794071 1.6498091718943224 0.53773584905660388 1.0000000180025095e-35
decision_type=2 2 2 2 2 2 2 2 2 2 2 2 2 2
left_child=3 2 -2 4 10 11 7 9 -9 -5 -1 -4 -12 -6
right_child=1 -3 5 6 13 -7 -8 8 -10 -11 12 -13 -14 -15
leaf_value=-0.0011316663542864462 0.0061788379105408324 0.010639817739460379 -0.0010981566161290723 0.00034738064535343725 -0.0011257579007636922 0.0016663829738209986 -0.0018818706600885289 -0.0012165494601445634 0.0098656633781625883 -0.0046537143184002807 -0.0015163704517775971 -0.005628981767473994 -0.005738481681184817 0.00053797477879707911
leaf_weight=124 11.999999999999998 13.999999999999998 61 641 71 26 47 26 13.999999999999998 17 18 10.999999999999998 21 143
leaf_count=124 12 14 61 641 71 26 47 26 14 17 18 11 21 143
internal_value=0 0.00111764 -7.55907e-05 -0.000124036 -0.000790308 -0.000877538 0.00020916 0.000354507 0.00260234 0.000212927 -0.00180851 -0.00183882 -0.0038754 -2.67146e-07
internal_weight=1246 124 110 1122 377 98 745 698 40 658 163 72 39 214
internal_count=1246 124 110 1122 377 98 745 698 40 658 163 72 39 214
is_linear=0
shrinkage=0.03


Tree=205
num_leaves=13
num_cat=0
split_feature=4 2 46 0 2 32 27 0 2 0 48 15
split_gain=0.203003 1.4671 0.246392 0.197416 0.861511 0.292897 0.157893 0.316259 0.155943 0.130206 0.126377 0.00337182
threshold=-0.48040003501598449 0.8125 -1.3169164585862192 0.65094339622641517 0.41964285714285715 1.8649061966887066 2.1458033557640985 0.70754716981132082 0.026785714285714253 0.028301886792452755 -0.42957608258090357 0.62920932546848063
decision_type=2 2 2 2 2 2 2 2 2 2 2 2
left_child=1 2 -1 4 -4 -5 8 11 -2 -10 -11 -8
right_child=6 -3 3 5 -6 -7 7 -9 9 10 -12 -13
leaf_value=-0.0037266844093003341 -0.0028324549855830152 0.01191141302263973 0.00034327533101169818 0.00011353816105841565 0.0071758493988565049 -0.0042938143118525186 0.00031958047602627718 -0.0061292073249139571 0.0024252476560682546 -0.00077677756614944881 6.4035190673499985e-05 -0.00043383848833238319
leaf_weight=12.999999999999998 19 9.9999999999999982 137 124 19 14.999999999999998 11.000000000000002 11.999999999999998 18 212 646 9.9999999999999982
leaf_count=13 19 10 137 124 19 15 11 12 18 212 646 10
internal_value=0 0.000653445 0.000274442 0.000462132 0.00119873 -0.000343253 -0.000224741 -0.0022658 -0.000145888 -8.38767e-05 -0.000140288 0
internal_weight=1246 318 308 295 156 139 928 33 895 876 858 21
internal_count=1246 318 308 295 156 139 928 33 895 876 858 21
is_linear=0
shrinkage=0.03


Tree=206
num_leaves=15
num_cat=0
split_feature=4 2 17 32 15 27 0 42 17 17 27 0 17 17
split_gain=0.191192 1.38113 0.26768 0.228377 0.283875 0.148615 0.29772 0.163373 0.198931 0.250407 0.194523 0.173968 0.142043 0.0983157
threshold=-0.48040003501598449 0.8125 1.72480867308204 1.4319815438859713 0.17350623330572518 2.1458033557640985 0.70754716981132082 -1.0426319619645517 1.0469967805880021 1.6498091718943224 -0.87002797861949632 0.028301886792452755 -0.79275876479585417 0.051253590693348554
decision_type=2 2 2 2 2 2 2 2 2 2 2 2 2 2
left_child=1 2 3 4 -1 7 13 8 10 -10 -2 -9 -13 -7
right_child=5 -3 -4 -5 -6 6 -8 11 9 -11 -12 12 -14 -15
leaf_value=0.0013766494306685815 0.00012343181808829586 0.011557608762442474 0.0041643158562284033 -0.0013996422590866126 -0.00083363019328266063 0.0019102496071069692 -0.005946850901592738 0.0033780343882105451 0.0019000047922817795 -0.0028327553824855738 -0.0021084291321302865 0.00081622314890245019 -0.00022628463762928259 -0.002179554983383358
leaf_weight=139 48 9.9999999999999982 14.999999999999998 72 82 11.000000000000002 11.999999999999998 13.999999999999998 40 12.999999999999998 110 152 518 9.9999999999999982
leaf_count=139 48 10 15 72 82 11 12 14 40 13 110 152 518 10
internal_value=0 0.000634234 0.000266205 5.50552e-05 0.000542971 -0.000218023 -0.00219839 -0.000141415 -0.000872193 0.000679493 -0.00141177 7.97248e-05 5.83416e-06 0
internal_weight=1246 318 308 293 221 928 33 895 211 53 158 684 670 21
internal_count=1246 318 308 293 221 928 33 895 211 53 158 684 670 21
is_linear=0
shrinkage=0.03


Tree=207
num_leaves=15
num_cat=0
split_feature=0 2 17 17 2 17 31 16 16 10 7 17 17 2
split_gain=0.190767 3.22999 0.197445 0.733691 0.22748 0.221327 0.190821 0.189429 0.140402 0.104002 0.0768361 0.0969366 0.0646368 0.0596229
threshold=0.82075471698113212 0.7767857142857143 1.8642587150236862 1.72480867308204 0.2767857142857143 -0.52475380600017751 1.6307979308819287 -0.63697589615756667 -0.28716447497893438 -0.75667855739608492 0.28693179861923046 1.1773230158547603 -0.22043069602458512 0.5267857142857143
decision_type=2 2 2 2 2 2 2 2 2 2 2 2 2 2
left_child=1 2 3 5 -4 -1 7 10 13 -10 11 -2 -12 -9
right_child=6 -3 4 -5 -6 -7 -8 8 9 -11 12 -13 -14 -15
leaf_value=0.00052052464231026191 -0.0016428224122734775 0.014430028758150467 -0.0061308958169331027 0.0062041544680291648 -0.00030500895040140623 -0.000415120217334106 -0.0045086726121419717 0.00038003991130483502 0.00082534726709127405 -0.0011352997322355745 -0.0013280847181976582 0.0015782596126641378 -0.0044591453868821759 0.0035606720767744622
leaf_weight=362 36 13.999999999999998 10.000000000000002 17 18 609 11.999999999999998 13.000000000000002 38 63 16.000000000000004 9.9999999999999982 14.999999999999998 12.999999999999998
leaf_count=362 36 14 10 17 18 609 12 13 38 63 16 10 15 13
internal_value=0 0.000169638 -2.53119e-05 4.22258e-05 -0.00250686 -6.31941e-05 -0.000810754 -0.000576429 0.000113546 -0.00036787 -0.00175202 -0.000875607 -0.00294904 0.00209285
internal_weight=1246 1030 1016 988 28 971 216 204 127 101 77 46 31 26
internal_count=1246 1030 1016 988 28 971 216 204 127 101 77 46 31 26
is_linear=0
shrinkage=0.03


Tree=208
num_leaves=15
num_cat=0
split_feature=16 16 27 17 0 0 1 15 1 14 15 15 2 15
split_gain=0.185583 2.69099 0.198549 0.18851 1.10545 0.268654 0.277803 0.241135 0.210367 0.164172 0.187934 0.151604 0.206038 0.10293
threshold=-1.065868969322898 -1.0817695618899923 0.68289542842071616 1.7031233164509691 0.65094339622641517 0.42452830188679253 3.5000000000000004 -1.4785991628202666 1.5000000000000002 0.51134761923576577 0.41812077878491405 0.81920230736203636 0.25892857142857145 -0.55365672454320658
decision_type=2 2 2 2 2 2 2 2 2 2 2 2 2 2
left_child=1 9 3 5 -5 7 -7 -2 -6 13 -11 -4 -13 -1
right_child=2 -3 11 4 8 6 -8 -9 -10 10 -12 12 -14 -15
leaf_value=-6.2860263252084809e-05 0.0051934218179840261 0.01593503648011212 -0.00061642626878158683 0.010151214464315892 0.0024423516722949777 -0.00022027275955193533 -0.0023331612603811865 0.0004463997650020882 -0.0025943542392792012 -6.3074483488870643e-05 -0.0034441873675291708 -0.0065446593907504975 -0.0011653122904577427 0.0018765814883836818
leaf_weight=48 9.9999999999999982 9.9999999999999982 157 10.999999999999998 10.999999999999998 438 65 320 21 56 21 9.9999999999999982 23 45
leaf_count=48 10 10 157 11 11 438 65 320 21 56 21 10 23 45
internal_value=0 0.000890301 -0.000150883 3.65296e-05 0.00197326 -6.00698e-05 -0.000499683 0.000600867 -0.000767314 0 -0.00102738 -0.0010303 -0.0029009 0.000844364
internal_weight=1246 180 1066 876 43 833 503 330 32 170 77 190 33 93
internal_count=1246 180 1066 876 43 833 503 330 32 170 77 190 33 93
is_linear=0
shrinkage=0.03


Tree=209
num_leaves=15
num_cat=0
split_feature=16 2 32 46 9 0 2 29 47 15 17 2 2 15
split_gain=0.182287 0.709109 4.53859 0.252148 0.274898 0.432823 0.271453 0.227502 0.202206 0.287327 0.201377 0.214036 0.200422 0.130767
threshold=1.6073977505768813 0.7767857142857143 -0.56613223828050008 -0.58951810478134881 -0.16499967034123703 0.17924528301886791 0.026785714285714253 1.0000000180025095e-35 -0.78969614749288197 0.73843495408779658 -0.82631962843400575 0.4375 0.062499999999999951 0.94441652546602062
decision_type=2 2 2 2 2 2 2 2 2 2 2 2 2 2
left_child=1 3 -3 4 6 -6 -1 13 -2 -10 12 -12 -5 -4
right_child=8 2 7 10 5 -7 -8 -9 9 -11 11 -13 -14 -15
leaf_value=-0.0050279684962317491 0.0024972863110833536 0.021552570382557291 -0.0012279266605446158 0.004712823289837546 0.0017438837217250418 -0.0031280552140151309 -4.5611376146652255e-06 -0.0039051628546998992 -0.0010309039983660616 -0.0062051947427190042 0.00028742456767119249 -0.0011211182705533279 0.00080482064065844235 0.0031867706131290742
leaf_weight=9.9999999999999982 9.9999999999999982 9.9999999999999982 12.000000000000002 12.999999999999998 20 76 264 14.999999999999998 61 11.999999999999998 420 126 186 10.999999999999998
leaf_count=10 10 10 12 13 20 76 264 15 61 12 420 126 186 11
internal_value=0 9.64125e-05 0.00366379 -5.47851e-05 -0.000697055 -0.00208109 -0.00020061 -0.00100926 -0.00135798 -0.00192984 0.000260219 -3.22761e-05 0.00107742 0.000758236
internal_weight=1246 1163 48 1115 370 96 274 38 83 73 745 546 199 23
internal_count=1246 1163 48 1115 370 96 274 38 83 73 745 546 199 23
is_linear=0
shrinkage=0.03


Tree=210
num_leaves=14
num_cat=0
split_feature=2 16 16 27 17 0 16 14 15 16 5 5 15
split_gain=0.177673 0.190479 2.51422 0.214032 0.186857 1.04065 0.205645 0.153937 0.176364 0.100918 0.239763 0.115314 0.097895
threshold=1.0000000180025095e-35 -1.065868969322898 -1.0817695618899923 0.68289542842071616 1.7031233164509691 0.65094339622641517 1.4506095441903792 0.51134761923576577 0.20034097290297023 1.4937550014043495 0.84713071535794071 0.84713071535794071 -0.55365672454320658
decision_type=2 2 2 2 2 2 2 2 2 2 2 2 2
left_child=-1 2 7 4 6 -6 -3 12 -9 11 -11 -5 -2
right_child=1 3 -4 9 5 -7 -8 8 -10 10 -12 -13 -14
leaf_value=0.003617000090928117 -6.3748281166391154e-05 5.0916600666949887e-05 0.015404764202119101 -0.0008346392562318789 0.0098658184435319266 -0.00072531490682441494 -0.0015930690377648083 0.00032263344754128161 -0.0024928628292996582 -0.0016076626130582196 0.0042406329283914924 -0.0026615258961772692 0.0018264767153037839
leaf_weight=11.999999999999998 48 750 9.9999999999999982 112 10.999999999999998 32 75 40 37 15.999999999999998 10.000000000000002 48 45
leaf_count=12 48 750 10 112 11 32 75 40 37 16 10 48 45
internal_value=0 -3.60636e-05 0.000862567 -0.000192443 2.05165e-06 0.00193104 -9.50757e-05 0 -0.000992835 -0.00111572 0.000534369 -0.00140276 0.000819633
internal_weight=1246 1234 180 1054 868 43 825 170 77 186 26 160 93
internal_count=1246 1234 180 1054 868 43 825 170 77 186 26 160 93
is_linear=0
shrinkage=0.03


Tree=211
num_leaves=15
num_cat=0
split_feature=4 47 17 17 16 43 31 15 15 15 0 0 16 27
split_gain=0.185242 1.30271 0.364043 0.413763 0.231382 0.140724 0.148463 0.270906 0.376897 0.139656 0.119459 0.116456 0.291577 0.106254
threshold=-0.48040003501598449 -0.99180207682118937 1.7578640787233588 1.4351162656466416 1.2354471375875382 -1.1739532608798187 0.32750535149534171 1.5028739222011887 0.95395711660810323 1.2006642530106122 0.028301886792452755 0.57547169811320764 -0.31725245091630389 -0.44430253342803289
decision_type=2 2 2 2 2 2 2 2 2 2 2 2 2 2
left_child=1 -1 3 4 -3 11 9 8 -8 10 -7 12 -2 -11
right_child=5 2 -4 -5 -6 6 7 -9 -10 13 -12 -13 -14 -15
leaf_value=0.0095433175315624702 0.00021830507774942928 0.00052705220356512837 -0.0041714569755037373 0.0064311978940178854 -0.0023344882650261915 0.0025828625068577546 -0.00075161947350265714 0.0035302334681556026 -0.0046994720622006636 -0.0039354218419720517 -3.5013535188410866e-05 -0.00033298829608817692 0.005598106658522119 -0.00049926316501031
leaf_weight=13.999999999999998 29 250 15.999999999999998 9.9999999999999982 28 15.999999999999998 195 10.999999999999998 25 13.999999999999998 570 29 13.999999999999998 25
leaf_count=14 29 250 16 10 28 16 195 11 25 14 570 29 14 25
internal_value=0 0.000624244 0.000200629 0.000455299 0.000227316 -0.000214647 -0.000324507 -0.000975388 -0.0012158 -7.90243e-05 3.17742e-05 0.00104849 0.0020484 -0.00181639
internal_weight=1246 318 304 288 278 928 856 231 220 625 586 72 43 39
internal_count=1246 318 304 288 278 928 856 231 220 625 586 72 43 39
is_linear=0
shrinkage=0.03


Tree=212
num_leaves=15
num_cat=0
split_feature=25 2 29 46 2 27 17 2 5 2 0 15 15 16
split_gain=0.17487 0.516387 3.25263 0.342085 0.292886 0.192456 0.218606 0.165436 0.123961 0.210293 0.174932 0.155214 0.132275 0.112714
threshold=1.0000000180025095e-35 0.8125 -0.78686068884685045 0.39506438282345402 1.0000000180025095e-35 0.99632288815743664 -0.44169617569753711 0.044642857142857102 0.3723107102584865 0.29464285714285715 0.3867924528301887 -0.26205786716351676 0.67987759022341832 0.76093158105632186
decision_type=2 2 2 2 2 2 2 2 2 2 2 2 2 2
left_child=1 4 -3 -4 -1 7 -7 -6 9 11 13 -2 -11 -10
right_child=8 2 3 -5 5 6 -8 -9 10 12 -12 -13 -14 -15
leaf_value=0.0051306981526979129 -0.0032598996132809596 0.018186800210727473 0.00076894444338283156 -0.0061503860793343862 -0.0021983928380509775 -0.0038709581697444696 0 0.00017795090126779552 0.0024804064401082295 0.0053537022606423559 -0.0015631699896669219 0.00024581369678795774 0.00047441401454897323 -0.00057757239914207111
leaf_weight=9.9999999999999982 14.999999999999998 9.9999999999999982 16.000000000000004 9.9999999999999982 27 24 29 845 17 10.000000000000002 152 41 12.999999999999998 27
leaf_count=10 15 10 16 10 27 24 29 845 17 10 152 41 13 27
internal_value=0 0.000188603 0.00371047 -0.00179076 4.94109e-05 -2.82773e-06 -0.00175943 0.000100688 -0.000668229 0.000305508 -0.00107596 -0.000643878 0.00273971 0.000538838
internal_weight=1246 971 36 26 935 925 53 872 275 79 196 56 23 44
internal_count=1246 971 36 26 935 925 53 872 275 79 196 56 23 44
is_linear=0
shrinkage=0.03


Tree=213
num_leaves=15
num_cat=0
split_feature=4 46 17 17 16 27 0 42 17 17 0 0 17 17
split_gain=0.179809 1.2251 0.338928 0.391951 0.21235 0.140992 0.313174 0.145587 0.172377 0.250157 0.184966 0.146578 0.124314 0.0875603
threshold=-0.48040003501598449 -1.3169164585862192 1.7578640787233588 1.4351162656466416 1.2354471375875382 2.1458033557640985 0.70754716981132082 -1.0426319619645517 1.0469967805880021 1.6498091718943224 0.29245283018867929 0.028301886792452755 -0.79275876479585417 0.051253590693348554
decision_type=2 2 2 2 2 2 2 2 2 2 2 2 2 2
left_child=1 -1 3 4 -3 7 13 8 10 -10 -2 -9 -13 -7
right_child=5 2 -4 -5 -6 6 -8 11 9 -11 -12 12 -14 -15
leaf_value=0.0092648541328913363 0.00021428840287401464 0.00051538927670399164 -0.0040134442558292273 0.0062669714643518518 -0.0022250881406322806 0.0019121992618248262 -0.0059854454601814674 0.0030993894695680825 0.0018359300987144693 -0.0028984731850960782 -0.0019892910878542883 0.00076215634860476772 -0.00021315271146061596 -0.0019452171813290902
leaf_weight=13.999999999999998 46 250 15.999999999999998 9.9999999999999982 28 11.000000000000002 11.999999999999998 13.999999999999998 40 12.999999999999998 112 152 518 9.9999999999999982
leaf_count=14 46 250 16 10 28 11 12 14 40 13 112 152 518 10
internal_value=0 0.000615179 0.000204057 0.000450088 0.000227882 -0.000211318 -0.00214034 -0.000136609 -0.000826481 0.000614893 -0.00132904 7.19061e-05 3.71521e-06 0
internal_weight=1246 318 304 288 278 928 33 895 211 53 158 684 670 21
internal_count=1246 318 304 288 278 928 33 895 211 53 158 684 670 21
is_linear=0
shrinkage=0.03


Tree=214
num_leaves=13
num_cat=0
split_feature=4 2 46 17 17 27 0 2 17 9 17 17
split_gain=0.169187 1.3813 0.274371 0.245904 0.239067 0.132723 0.294814 0.143427 0.145422 0.247089 0.223467 0.0824336
threshold=-0.48040003501598449 0.8125 -1.3169164585862192 1.72480867308204 1.2523939746011357 2.1458033557640985 0.70754716981132082 0.026785714285714253 -1.2773979524311974 0.59843917132938007 -0.82631962843400575 0.051253590693348554
decision_type=2 2 2 2 2 2 2 2 2 2 2 2
left_child=1 2 -1 4 -4 7 11 -2 9 -9 -10 -7
right_child=5 -3 3 -5 -6 6 -8 8 10 -11 -12 -13
leaf_value=-0.0039978762310467486 -0.0027085527274465057 0.011519875802321009 0.00044035947550052587 0.0041667981577778093 -0.0033136086728169302 0.0018553501123411424 -0.0058073661840820972 -0.00041574000342245416 0.0011676734558140871 -0.005903990641236305 -0.00019413217463946136 -0.0018874385816478494
leaf_weight=12.999999999999998 19 9.9999999999999982 264 14.999999999999998 15.999999999999998 11.000000000000002 11.999999999999998 33 128 9.9999999999999982 705 9.9999999999999982
leaf_count=13 19 10 264 15 16 11 12 33 128 10 705 10
internal_value=0 0.000596816 0.00022881 0.000426528 0.00021403 -0.000204898 -0.00207667 -0.000132307 -7.27028e-05 -0.00177242 1.16389e-05 0
internal_weight=1246 318 308 295 280 928 33 895 876 43 833 21
internal_count=1246 318 308 295 280 928 33 895 876 43 833 21
is_linear=0
shrinkage=0.03


Tree=215
num_leaves=15
num_cat=0
split_feature=0 2 31 16 17 17 2 29 16 14 45 13 0 2
split_gain=0.169639 2.85803 0.180653 0.181504 0.178014 0.6393 0.221535 0.206497 0.125934 0.112984 0.066393 0.0883156 0.0618142 0.0537967
threshold=0.82075471698113212 0.7767857142857143 1.6307979308819287 -0.63697589615756667 1.8642587150236862 1.72480867308204 0.2767857142857143 0.53480597292760301 -0.28716447497893438 -1.5806118439863763 -0.68080187916530488 1.6206446223781887 0.89622641509433976 0.5267857142857143
decision_type=2 2 2 2 2 2 2 2 2 2 2 2 2 2
left_child=1 4 3 10 5 7 -6 -1 13 -10 12 -12 -2 -5
right_child=2 -3 -4 8 6 -7 -8 -9 9 -11 11 -13 -14 -15
leaf_value=-0.00029098589959987279 -0.0017500511303226995 0.013574029571832494 -0.0043620946542321402 0.00037095314446296387 -0.005951433175861243 0.0057926072716190094 -0.00020783935915370011 0.00076860483782902229 0.0022295977129736019 -0.00072740027743627437 -0.0033973860295808118 -0.00064772547200604626 0.0011141987925795606 0.0034103385932061051
leaf_weight=760 14.000000000000002 13.999999999999998 11.999999999999998 13.000000000000002 10.000000000000002 17 18 211 12.999999999999998 88 30 21 11.999999999999998 12.999999999999998
leaf_count=760 14 14 12 13 10 17 18 211 13 88 30 21 12 13
internal_value=0 0.000159839 -0.000764669 -0.000536323 -2.33675e-05 4.0611e-05 -0.00237976 -5.75903e-05 0.000138935 -0.000315294 -0.00168771 -0.00232736 -0.000313943 0.00201283
internal_weight=1246 1030 216 204 1016 988 28 971 127 101 77 51 26 26
internal_count=1246 1030 216 204 1016 988 28 971 127 101 77 51 26 26
is_linear=0
shrinkage=0.03


Tree=216
num_leaves=15
num_cat=0
split_feature=16 2 17 27 15 47 15 17 2 2 15 31 28 15
split_gain=0.165814 0.628249 2.97261 0.20382 0.191951 0.183008 0.252002 0.156797 0.18473 0.160495 0.154698 0.153196 0.0983791 0.032713
threshold=1.6073977505768813 0.7767857142857143 1.3024667050842083 2.1458033557640985 0.32397488705664307 -0.78969614749288197 0.73843495408779658 -0.3519952075320813 0.4375 0.062499999999999951 0.94441652546602062 1.0000000180025095e-35 1.1785819207301571 -0.13517135878376699
decision_type=2 2 2 2 2 2 2 2 2 2 2 2 2 2
left_child=1 3 10 7 -5 -2 12 9 -9 -1 -3 -12 13 -7
right_child=5 2 -4 4 -6 6 -8 8 -10 -11 11 -13 -14 -15
leaf_value=0.0025873171757023355 0.0023660248761424927 -0.0026141692306094378 0.017921677538664034 0 -0.0048746136751408311 -0.0017223438500495992 -0.0058490584418177602 8.0992501566977431e-06 -0.0011672124647751617 0.0002703163060983229 -0.00086147094376323621 0.0040040028611622236 -0.0035828640170999472 0
leaf_weight=29 9.9999999999999982 15.999999999999998 9.9999999999999982 14.000000000000002 14.999999999999998 11.999999999999991 11.999999999999998 433 164 460 12.000000000000002 9.9999999999999982 10.999999999999998 38.000000000000007
leaf_count=29 10 16 10 14 15 12 12 433 164 460 12 10 11 38
internal_value=0 9.19862e-05 0.00344984 -5.01733e-05 -0.00252852 -0.00129514 -0.00184026 1.34718e-05 -0.000309884 0.00041436 -0.000316837 0.00122247 -0.000994265 -0.000358878
internal_weight=1246 1163 48 1115 29 83 73 1086 597 489 38 22 61 50
internal_count=1246 1163 48 1115 29 83 73 1086 597 489 38 22 61 50
is_linear=0
shrinkage=0.03


Tree=217
num_leaves=11
num_cat=0
split_feature=17 27 17 2 26 2 0 2 4 30
split_gain=0.176013 0.228926 2.85774 0.205512 0.379667 0.182868 0.182856 0.159614 0.117997 0.0261331
threshold=2.2584578762652243 2.1458033557640985 0.060748957975838409 0.7946428571428571 0.24406159352029227 0.75892857142857151 0.63207547169811329 1.0000000180025095e-35 -0.41147273674672352 -0.012098909793675968
decision_type=2 2 2 2 2 2 2 2 2 2
left_child=1 3 6 5 9 7 -3 -1 -6 -5
right_child=-2 2 -4 4 8 -7 -8 -9 -10 -11
leaf_value=0.0034350791536579442 -0.0036011389255031076 0 0.016133937066107402 -0.00058998681687189069 -0.0072069878000262612 0.0038786066560125027 -0.0045544555642339857 -2.8655844547746593e-05 -0.0022333356315219722 0.0010426527877216755
leaf_weight=11.999999999999998 11.999999999999998 16.000000000000004 9.9999999999999982 18 11 10.999999999999998 14.999999999999998 1114 11 15.999999999999998
leaf_count=12 12 16 10 18 11 11 15 1114 11 16
internal_value=0 3.48204e-05 0.00223747 -3.85451e-05 -0.00181247 4.63385e-05 -0.00218626 5.89555e-06 -0.00487727 9.11422e-05
internal_weight=1246 1234 41 1193 56 1137 31 1126 22 34
internal_count=1246 1234 41 1193 56 1137 31 1126 22 34
is_linear=0
shrinkage=0.03


Tree=218
num_leaves=14
num_cat=0
split_feature=17 17 17 15 0 5 27 0 1 4 17 17 17
split_gain=0.165685 0.219579 2.79338 0.881134 1.06835 0.360987 0.205228 0.188729 0.36667 0.167903 0.161599 0.150714 0.0584539
threshold=2.2584578762652243 1.3024667050842083 1.3580818963311458 -0.74592270373984637 0.61320754716981141 0.84713071535794071 0.99632288815743664 0.42452830188679253 3.5000000000000004 -1.0547941872598263 -0.44169617569753711 -0.86172531603475755 0.012266706061926102
decision_type=2 2 2 2 2 2 2 2 2 2 2 2 2
left_child=1 6 -3 4 -4 -5 7 9 -9 -1 11 -8 -12
right_child=-2 2 3 5 -6 -7 10 8 -10 -11 12 -13 -14
leaf_value=0.0025778132963329378 -0.0034939976661535334 0.01635437559797475 -0.00070529970415943361 0.0001225115362316334 0.012564968657818171 -0.0035443866358497948 -0.0016881651756801945 -6.0875265835350351e-05 -0.0023206080192594456 0.00030190837445953883 0.0014666100539082335 -0.0063595357920863838 -0.0012129747168835026
leaf_weight=32 11.999999999999998 9.9999999999999982 11.000000000000002 62 9.9999999999999982 38 24 531 74 402 12.000000000000002 9.9999999999999982 18
leaf_count=32 12 10 11 62 10 38 24 531 74 402 12 10 18
internal_value=0 3.36729e-05 0.00119621 -4.42263e-05 0.0055013 -0.00124309 -0.000101775 0 -0.000342568 0.000477183 -0.00174922 -0.00316469 -4.01615e-05
internal_weight=1246 1234 131 121 21 100 1103 1039 605 434 64 34 30
internal_count=1246 1234 131 121 21 100 1103 1039 605 434 64 34 30
is_linear=0
shrinkage=0.03


Tree=219
num_leaves=15
num_cat=0
split_feature=2 27 15 15 46 32 5 3 17 32 17 17 0 3
split_gain=0.167646 1.5595 0.534421 0.247162 0.220663 0.295487 0.22024 0.202192 0.211052 1.13665 0.433032 0.193269 0.138919 0.122564
threshold=0.6696428571428571 2.1458033557640985 -0.79901090389423624 1.0642739290758223 -0.58951810478134881 0.5661322382805003 0.84713071535794071 1.0052537936900929 1.72480867308204 1.8649061966887066 1.4351162656466416 1.6498091718943224 0.53773584905660388 1.0000000180025095e-35
decision_type=2 2 2 2 2 2 2 2 2 2 2 2 2 2
left_child=4 2 -2 11 5 6 -1 8 10 -10 -6 -4 -8 -7
right_child=1 -3 3 -5 7 13 12 -9 9 -11 -12 -13 -14 -15
leaf_value=-0.0010176447461738938 0.0057847103494996863 0.010441777481340824 -0.0010893965454249293 0.0015500097124484075 0.00030797229035750182 -0.00099368537824310156 -0.0014811997105321172 -0.0017130720470498082 -0.0011826976166031825 0.0093148066991187162 -0.0045225920563710751 -0.0055275563291601231 -0.0053797485530806778 0.00052952085894755079
leaf_weight=124 11.999999999999998 13.999999999999998 61 26 641 71 18 47 26 13.999999999999998 17 10.999999999999998 21 143
leaf_count=124 12 14 61 26 641 71 18 47 26 14 17 11 21 143
internal_value=0 0.00104562 -0.000131406 -0.000891567 -0.000116388 -0.000709331 -0.00167144 0.000179693 0.000311667 0.00243068 0.000177944 -0.00181578 -0.00366553 9.91782e-06
internal_weight=1246 124 110 98 1122 377 163 745 698 40 658 72 39 214
internal_count=1246 124 110 98 1122 377 163 745 698 40 658 72 39 214
is_linear=0
shrinkage=0.03


Tree=220
num_leaves=15
num_cat=0
split_feature=2 27 15 15 46 32 26 3 17 32 17 13 1 3
split_gain=0.157886 1.46794 0.503108 0.233597 0.207796 0.278442 0.191188 0.190276 0.198248 1.07039 0.407612 0.164562 0.153741 0.115331
threshold=0.6696428571428571 2.1458033557640985 -0.79901090389423624 1.1927419995780704 -0.58951810478134881 0.5661322382805003 -0.13314926565203661 1.0052537936900929 1.72480867308204 1.8649061966887066 1.4351162656466416 -0.53680119233066748 5.5000000000000009 1.0000000180025095e-35
decision_type=2 2 2 2 2 2 2 2 2 2 2 2 2 2
left_child=4 2 -2 6 5 11 -4 8 10 -10 -6 12 -1 -7
right_child=1 -3 3 -5 7 13 -8 -9 9 -11 -12 -13 -14 -15
leaf_value=-0.0043718475804415645 0.0056126031014791201 0.010130745757252296 1.4508211134762237e-05 0.0017107468855555178 0.00029873456173913295 -0.00096391673532377484 -0.0029665198637058537 -0.0016617889793969357 -0.001147352601240935 0.0090373444462076152 -0.0043877077903271755 -0.0007808761610482353 -0.001319410944811566 0.00051364632667260995
leaf_weight=31 11.999999999999998 13.999999999999998 31 23 641 71 44 47 26 13.999999999999998 17 96 36 143
leaf_count=31 12 14 31 23 641 71 44 47 26 14 17 96 36 143
internal_value=0 0.00101452 -0.000126626 -0.000864975 -0.000113154 -0.000688595 -0.00169604 0.00017407 0.000302205 0.00235613 0.000172449 -0.00162255 -0.00278085 9.19341e-06
internal_weight=1246 124 110 98 1122 377 75 745 698 40 658 163 67 214
internal_count=1246 124 110 98 1122 377 75 745 698 40 658 163 67 214
is_linear=0
shrinkage=0.03


Tree=221
num_leaves=13
num_cat=0
split_feature=4 2 17 17 46 27 0 2 17 9 17 17
split_gain=0.16213 1.32743 0.263065 0.206328 0.224816 0.146388 0.296962 0.142802 0.133959 0.229431 0.205415 0.0851723
threshold=-0.48040003501598449 0.8125 1.72480867308204 1.2523939746011357 -1.3169164585862192 2.1458033557640985 0.70754716981132082 0.026785714285714253 -1.2773979524311974 0.59843917132938007 -0.82631962843400575 0.051253590693348554
decision_type=2 2 2 2 2 2 2 2 2 2 2 2
left_child=1 2 3 4 -1 7 11 -2 9 -9 -10 -7
right_child=5 -3 -4 -5 -6 6 -8 8 10 -11 -12 -13
leaf_value=-0.0035974373669854097 -0.0026953991955019413 0.011291601504982993 0.0040850267898513383 -0.0032770209886735266 0.00041576007500565971 0.0018048279807978381 -0.005909535592587372 -0.00038660929287893535 0.001123536145281858 -0.0056786493433289009 -0.00018201241040575382 -0.0020024222375290232
leaf_weight=12.999999999999998 19 9.9999999999999982 14.999999999999998 15.999999999999998 264 11.000000000000002 11.999999999999998 33 128 9.9999999999999982 705 9.9999999999999982
leaf_count=13 19 10 15 16 264 11 12 33 128 10 705 10
internal_value=0 0.000583605 0.000222654 1.33598e-05 0.000215358 -0.000201208 -0.00216605 -0.000125176 -6.57038e-05 -0.00169724 1.51099e-05 0
internal_weight=1246 318 308 293 277 928 33 895 876 43 833 21
internal_count=1246 318 308 293 277 928 33 895 876 43 833 21
is_linear=0
shrinkage=0.03


Tree=222
num_leaves=12
num_cat=0
split_feature=0 2 32 26 16 2 29 0 2 28 10
split_gain=0.167036 2.58251 0.177168 0.16592 0.163576 0.157265 0.194917 0.277378 0.165783 0.147247 0.0669561
threshold=0.82075471698113212 0.7767857142857143 -0.94910404652907376 -1.0728352924006599 -0.68778826561174489 1.0000000180025095e-35 -0.78686068884685045 0.59433962264150952 0.026785714285714253 0.85926309536721746 -0.75667855739608492
decision_type=2 2 2 2 2 2 2 2 2 2 2
left_child=1 5 -2 -4 10 -1 7 -7 -8 -6 -5
right_child=2 -3 3 4 9 6 8 -9 -10 -11 -12
leaf_value=0.0033795075882072285 -0.0038158229446929428 0.01290916833115068 0.0031961249499259017 -0.00078102861019001127 -0.00037822762053932421 -0.00030995181735528338 -0.0029716750394417255 -0.0032030056987691412 0.00019241413697071894 0.003394359734536397 -0.0028858713751189037
leaf_weight=11.999999999999998 15.999999999999998 13.999999999999998 9.9999999999999982 31 115 139 14.999999999999998 39 811 9.9999999999999982 34
leaf_count=12 16 14 10 31 115 139 15 39 811 10 34
internal_value=0 0.000157999 -0.000759385 -0.000498092 -0.000709885 -1.60072e-05 -5.99114e-05 -0.00096211 0.000130971 -4.99678e-05 -0.00193085
internal_weight=1246 1030 216 200 190 1016 1004 178 826 125 65
internal_count=1246 1030 216 200 190 1016 1004 178 826 125 65
is_linear=0
shrinkage=0.03


Tree=223
num_leaves=15
num_cat=0
split_feature=16 27 32 5 0 9 15 2 29 2 16 15 0 16
split_gain=0.158022 0.7609 0.314566 1.31987 0.270622 0.320514 0.198122 0.166081 0.220256 0.1796 0.133698 0.120959 0.109165 0.0376425
threshold=0.42058145534704622 2.1458033557640985 1.8649061966887066 0.84713071535794071 0.59433962264150952 1.0000000180025095e-35 1.5028739222011887 0.7946428571428571 -0.014120408900985709 0.044642857142857102 0.31967945500571904 0.59644770443306072 0.10377358490566037 -0.91393514200196868
decision_type=2 2 2 2 2 2 2 2 2 2 2 2 2 2
left_child=1 2 4 13 10 -6 7 9 11 -2 -1 -9 -11 -4
right_child=6 -3 3 -5 5 -7 -8 8 -10 12 -12 -13 -14 -15
leaf_value=0.00034506003857863178 -0.0033404610211348663 0.0065133850075500561 -0.0019205320697832614 0.011474767297355307 -0.00038543426779015473 -0.003936579048724481 0.0027791433937569949 -0.0031663032532623487 -0.0061357000480229788 0.0025148687366981148 0.0027209432137670453 0.0012745483327858353 -0.00035829513214769666 0.00021944330602481551
leaf_weight=397 18 17 13.999999999999998 10.999999999999998 305 25 15.999999999999998 10.000000000000002 10.999999999999998 11.999999999999998 23 10.999999999999998 365 11.000000000000002
leaf_count=397 18 17 14 11 305 25 16 10 11 12 23 11 365 11
internal_value=0 0.000249755 0.000109654 0.0028456 -1.80336e-05 -0.00066466 -0.00045597 -0.000584838 -0.00267721 -0.000407102 0.000482926 -0.000702947 -0.000258244 -0.000862298
internal_weight=1246 803 786 36 750 330 443 427 32 395 420 21 377 25
internal_count=1246 803 786 36 750 330 443 427 32 395 420 21 377 25
is_linear=0
shrinkage=0.03


Tree=224
num_leaves=14
num_cat=0
split_feature=17 17 2 17 2 16 0 1 8 1 30 16 16
split_gain=0.164766 1.20025 0.301675 3.22901 0.36784 0.233255 0.213587 0.54269 0.14379 0.107764 0.0881649 0.0226543 0.0180363
threshold=1.7578640787233588 1.7031233164509691 0.6696428571428571 1.3024667050842083 0.7232142857142857 -0.58653805772807832 0.42452830188679253 3.5000000000000004 0.6190791488155224 1.5000000000000002 0.071251773966464343 -1.1462597152452692 0.9817811576322556
decision_type=2 2 2 2 2 2 2 2 2 2 2 2 2
left_child=1 2 6 4 -4 11 8 -8 -1 -7 12 -2 -11
right_child=5 -3 3 -5 -6 9 7 -9 -10 10 -12 -13 -14
leaf_value=0.0012059374520227864 -0.0024829438609061845 0.010376455222468564 0.0028640603153331874 0.016112331216923955 -0.0013071203983392465 0.0024522264818153763 -0.00025179878318332409 -0.0033694354621046046 0 0.0010209341181239276 -0.0031082686104557727 -0.0055197918905627611 -0.00071693534383902684
leaf_weight=117 10.000000000000002 9.9999999999999982 25 11.999999999999998 77 9.9999999999999982 516 56 370 10.000000000000002 11.999999999999998 9.9999999999999982 10.999999999999998
leaf_count=117 10 10 25 12 77 10 516 56 370 10 12 10 11
internal_value=0 7.86191e-05 -7.49119e-06 0.00145546 -0.000253585 -0.00149472 -0.000167931 -0.000562801 0.00028972 -0.000173761 -0.00106515 -0.00417053 0
internal_weight=1246 1183 1173 114 102 63 1059 572 487 43 33 20 21
internal_count=1246 1183 1173 114 102 63 1059 572 487 43 33 20 21
is_linear=0
shrinkage=0.03


Tree=225
num_leaves=14
num_cat=0
split_feature=16 2 32 27 16 25 31 15 15 29 15 46 15
split_gain=0.152475 0.589763 2.54885 0.207315 0.27424 0.180663 0.207211 0.174108 0.162848 0.14981 0.132338 0.0564602 0.0331434
threshold=1.6073977505768813 0.8125 0.066603792738882395 2.1458033557640985 1.513037238313671 -1.0000000180025095e-35 -0.35285030440752663 0.32397488705664307 0.6605120180342553 1.0935733046935745 0.94441652546602062 0.85525158803592038 0.14851115159628217
decision_type=2 2 2 2 2 2 2 2 2 2 2 2 2
left_child=1 3 -3 4 9 12 -7 -5 11 -1 -4 -8 -2
right_child=5 2 10 7 -6 6 8 -9 -10 -11 -12 -13 -14
leaf_value=-0.00013945344329568764 0 0.015829518209840798 -0.003384305642957382 0 0.0045268606585411987 0.0010086254297973628 -0.00077414127750104504 -0.0047653843437796394 -0.0061234429954312554 0.00098360814234020057 0.00094348952100418591 -0.0034374652075719958 0.0023563850844408028
leaf_weight=967 10.000000000000002 10.999999999999998 14.000000000000002 14.000000000000002 11.999999999999998 13.999999999999998 23 14.999999999999998 11.999999999999998 120 9.9999999999999982 13.999999999999998 9.9999999999999982
leaf_count=967 10 11 14 14 12 14 23 15 12 120 10 14 10
internal_value=0 8.76518e-05 0.0039179 -2.88719e-05 3.4611e-05 -0.0012425 -0.00204791 -0.0025296 -0.00298258 -1.26337e-05 -0.00146014 -0.0018693 0.00114283
internal_weight=1246 1163 35 1128 1099 83 63 29 49 1087 24 37 20
internal_count=1246 1163 35 1128 1099 83 63 29 49 1087 24 37 20
is_linear=0
shrinkage=0.03


Tree=226
num_leaves=13
num_cat=0
split_feature=17 17 2 17 2 16 29 28 15 8 26 16
split_gain=0.156957 1.12793 0.27903 3.05001 0.349524 0.221131 0.193849 0.298949 0.1838 0.0997811 0.0857533 0.0222225
threshold=1.7578640787233588 1.7031233164509691 0.6696428571428571 1.3024667050842083 0.7232142857142857 -0.58653805772807832 0.53480597292760301 0.85926309536721746 -0.20711876447259872 -1.1179783694785588 -0.13314926565203661 -1.1462597152452692
decision_type=2 2 2 2 2 2 2 2 2 2 2 2
left_child=1 2 6 4 -4 11 7 -1 -8 -7 -11 -2
right_child=5 -3 3 -5 -6 9 8 -9 -10 10 -12 -13
leaf_value=-0.00017883081177609222 -0.0023956628099526499 0.010059444432937549 0.0027777037358994914 0.015645345118250852 -0.0012875345831280321 0.0023523994203251191 0.0034334628148789451 -0.0020450603152851413 0.00032969897310931439 0.00029941596221505555 -0.002623512731136186 -0.0053961615007149409
leaf_weight=738 10.000000000000002 9.9999999999999982 25 11.999999999999998 77 9.9999999999999982 19 87 215 16.999999999999996 16.000000000000004 9.9999999999999982
leaf_count=738 10 10 25 12 77 10 19 87 215 17 16 10
internal_value=0 7.66952e-05 -6.70213e-06 0.00140018 -0.000260025 -0.0014589 -0.000161101 -0.000379493 0.000595888 -0.00017075 -0.00103077 -0.00406455
internal_weight=1246 1183 1173 114 102 63 1059 825 234 43 33 20
internal_count=1246 1183 1173 114 102 63 1059 825 234 43 33 20
is_linear=0
shrinkage=0.03


Tree=227
num_leaves=14
num_cat=0
split_feature=0 2 43 30 2 27 0 48 17 48 17 17 15
split_gain=0.158947 2.3947 0.157629 0.156651 0.151812 0.183291 0.227183 0.170499 0.119549 0.110123 0.104334 0.0975469 0.089673
threshold=0.82075471698113212 0.7767857142857143 1.1478430622114937 1.1994543339219834 1.0000000180025095e-35 1.0000000180025095e-35 0.59433962264150952 -0.42957608258090357 0.97253584945608906 -0.97630927859296268 -0.38497423418547344 1.9742627713068008 0.54628410832214824
decision_type=2 2 2 2 2 2 2 2 2 2 2 2 2
left_child=1 4 3 9 -1 7 -7 -6 12 -2 -5 -11 -4
right_child=2 -3 8 10 5 6 -8 -9 -10 11 -12 -13 -14
leaf_value=0.0033230617925647859 0.0030175898093176951 0.012433009678101604 -0.0031150375910707412 -0.00021536754020074796 -0.00065046135552253629 -0.00023168017173337026 -0.0023565507802651943 0.00042326709559686372 -0.0047558869881198758 -0.00048264453039157523 -0.0047918179254299283 0.0022090812624638318 0.00033864031139602683
leaf_weight=11.999999999999998 9.9999999999999982 13.999999999999998 11.000000000000002 10.000000000000002 171 191 61 581 13.999999999999998 133 10.999999999999998 12.999999999999998 13.999999999999998
leaf_count=12 10 14 11 10 171 191 61 581 14 133 11 13 14
internal_value=0 0.000154278 -0.000740619 -0.000339852 -1.31717e-05 -5.63617e-05 -0.000758665 0.000175065 -0.00247724 0 -0.00276608 -0.000221088 -0.00106781
internal_weight=1246 1030 216 177 1016 1004 252 752 39 156 21 146 25
internal_count=1246 1030 216 177 1016 1004 252 752 39 156 21 146 25
is_linear=0
shrinkage=0.03


Tree=228
num_leaves=15
num_cat=0
split_feature=16 27 32 16 0 9 15 0 15 9 44 16 16 0
split_gain=0.15349 0.715479 0.293808 1.27536 0.245 0.303469 0.170127 0.142851 0.222726 0.162643 0.198503 0.124857 0.0886435 0.0188426
threshold=0.42058145534704622 2.1458033557640985 1.8649061966887066 -0.91393514200196868 0.59433962264150952 1.0000000180025095e-35 1.5028739222011887 0.16037735849056609 -0.16347198769452667 -0.47935684044090282 -0.93778201192897626 0.31967945500571904 0.49925596513978243 0.50000000000000011
decision_type=2 2 2 2 2 2 2 2 2 2 2 2 2 2
left_child=1 2 4 13 11 -6 7 8 -2 10 -9 -1 -11 -4
right_child=6 -3 3 -5 5 -7 -8 9 -10 12 -12 -13 -14 -15
leaf_value=0.00033002812264384826 -0.0008472821053038251 0.0063203046827070538 -0.0028512137453701033 0.0094394708812754868 -0.00035648521759212804 -0.0038118556718085982 0.0025446701168967698 0.00086877645582383617 0.0045700684180560187 -0.00395206686612722 -0.0012129699994460189 0.0026267455813366093 -0.0010786693735675903 -0.00054018231606719515
leaf_weight=397 14.000000000000002 17 11.000000000000002 14.999999999999998 305 25 15.999999999999998 98 11.999999999999998 10.999999999999998 71 23 221 9.9999999999999982
leaf_count=397 14 17 11 15 305 25 16 98 12 11 71 23 221 10
internal_value=0 0.000246295 0.00011032 0.00275434 -1.29439e-05 -0.000628419 -0.000449236 -0.000569014 0.00154602 -0.000713979 0 0.000463537 -0.00122948 -0.00190068
internal_weight=1246 803 786 36 750 330 443 427 26 401 169 420 232 21
internal_count=1246 803 786 36 750 330 443 427 26 401 169 420 232 21
is_linear=0
shrinkage=0.03


Tree=229
num_leaves=14
num_cat=0
split_feature=4 2 17 17 46 43 1 2 2 0 2 1 0
split_gain=0.155857 1.29766 0.2471 0.205956 0.215923 0.122916 0.165464 0.140498 0.17252 0.204763 0.0859333 0.0468578 0.0379893
threshold=-0.48040003501598449 0.8125 1.72480867308204 1.348372099308554 -1.3169164585862192 -1.1739532608798187 5.5000000000000009 0.026785714285714253 0.062499999999999951 0.34905660377358488 0.080357142857142808 3.5000000000000004 0.57547169811320764
decision_type=2 2 2 2 2 2 2 2 2 2 2 2 2
left_child=1 2 3 4 -1 6 11 -7 9 -9 -10 12 -2
right_child=5 -3 -4 -5 -6 7 -8 8 10 -11 -12 -13 -14
leaf_value=-0.0035599888812835887 0.001559433569815866 0.011159223181444525 0.0039583787588334781 -0.0039851269196416877 0.00037294112342359687 -0.0029303370366768281 0.0045701441150343067 0.0054907948044267008 -0.0020658350956030938 0 -0.0002607089986817688 -0.00142334680524793 0
leaf_weight=12.999999999999998 26 9.9999999999999982 14.999999999999998 10.999999999999998 269 18 9.9999999999999982 10.000000000000002 25 15.999999999999998 787 9.9999999999999982 26
leaf_count=13 26 10 15 11 269 18 10 10 25 16 787 10 26
internal_value=0 0.000572045 0.000215057 1.18993e-05 0.000179804 -0.000197436 0.000982531 -0.000300293 -0.000239878 0.00214616 -0.000320227 0.000349147 0.00074967
internal_weight=1246 318 308 293 282 928 72 856 838 26 812 62 52
internal_count=1246 318 308 293 282 928 72 856 838 26 812 62 52
is_linear=0
shrinkage=0.03


Tree=230
num_leaves=12
num_cat=0
split_feature=17 17 16 17 31 16 2 43 1 26 16
split_gain=0.154741 1.05729 0.25604 3.38896 0.265068 0.215532 0.164578 0.155242 0.0944081 0.0853877 0.0216991
threshold=1.7578640787233588 1.7031233164509691 -1.065868969322898 1.2074334499298389 -0.8694660408196857 -0.58653805772807832 1.0000000180025095e-35 -1.1739532608798187 1.5000000000000002 -0.13314926565203661 -1.1462597152452692
decision_type=2 2 2 2 2 2 2 2 2 2 2
left_child=1 2 3 4 -1 10 -4 -8 -7 -10 -2
right_child=5 -3 6 -5 -6 8 7 -9 9 -11 -12
leaf_value=0.0035185367146327168 -0.0023653377481911431 0.0097412806030104642 0.0032744957063316309 0.017925351755601348 -0.00043944056704154971 0.0022752975296266007 0.0010082542376978303 -0.00034684152353677504 0.00031418096078069589 -0.0026039976613908443 -0.0053405313598600653
leaf_weight=17 10.000000000000002 9.9999999999999982 11.999999999999998 9.9999999999999982 139 9.9999999999999982 82 913 16.999999999999996 16.000000000000004 9.9999999999999982
leaf_count=17 10 10 12 10 139 10 82 913 17 16 10
internal_value=0 7.62166e-05 -4.44555e-06 0.00108421 0 -0.0014485 -0.000186974 -0.00023206 -0.00017567 -0.00101365 -0.00402136
internal_weight=1246 1183 1173 166 156 63 1007 995 43 33 20
internal_count=1246 1183 1173 166 156 63 1007 995 43 33 20
is_linear=0
shrinkage=0.03


Tree=231
num_leaves=15
num_cat=0
split_feature=0 2 32 43 46 32 16 17 15 5 48 0 5 2
split_gain=0.155426 2.2434 0.154391 0.163989 0.139728 0.213998 0.16842 0.276242 0.18558 0.164206 0.12097 0.189884 0.152163 0.0901514
threshold=0.82075471698113212 0.7767857142857143 -0.94910404652907376 1.5582632032665933 -0.58951810478134881 0.5661322382805003 0.934982326341533 1.72480867308204 0.35658305815480307 0.84713071535794071 -0.42957608258090357 0.91509433962264153 1.0000000180025095e-35 0.098214285714285657
decision_type=2 2 2 2 2 2 2 2 2 2 2 2 2 2
left_child=1 4 -2 10 5 9 7 -6 -8 -1 11 -4 -12 -7
right_child=2 -3 3 -5 6 13 8 -9 -10 -11 12 -13 -14 -15
leaf_value=-0.00077164926258338484 -0.0035887174850173565 0.012037159588901288 -0.00067257710104614362 -0.0038901999629726096 0.00030270465636578203 -0.0015644069852960572 0.00042474698865796522 0.0035399191579721175 -0.0019619262982090119 -0.0031724126886926653 0.00043204634930517788 0.0032744965162962228 -0.001500998766823742 0.00042623374476320872
leaf_weight=118 15.999999999999998 13.999999999999998 22 11.999999999999998 539 23 54 25 60 35 61 20 85 162
leaf_count=118 16 14 22 12 539 23 54 25 60 35 61 20 85 162
internal_value=0 0.000152706 -0.000732223 -0.000487031 -9.2724e-06 -0.000510289 0.000236111 0.000452119 -0.000805723 -0.00134215 -0.000251906 0.00113904 -0.00067308 0.00016183
internal_weight=1246 1030 216 200 1016 338 678 564 114 153 188 42 146 185
internal_count=1246 1030 216 200 1016 338 678 564 114 153 188 42 146 185
is_linear=0
shrinkage=0.03


Tree=232
num_leaves=13
num_cat=0
split_feature=17 17 16 17 31 16 2 43 8 26 16 16
split_gain=0.15186 0.993199 0.240928 3.18058 0.248766 0.205715 0.155818 0.147212 0.0896247 0.0783726 0.0199516 0.0141205
threshold=1.7578640787233588 1.7031233164509691 -1.065868969322898 1.2074334499298389 -0.8694660408196857 -0.58653805772807832 1.0000000180025095e-35 -1.1739532608798187 -1.1179783694785588 1.0000000180025095e-35 -1.1462597152452692 0.9817811576322556
decision_type=2 2 2 2 2 2 2 2 2 2 2 2
left_child=1 2 3 4 -1 10 -4 -8 -7 11 -2 -10
right_child=5 -3 6 -5 -6 8 7 -9 9 -11 -12 -13
leaf_value=0.0034118822938762603 -0.0023283074183924357 0.0094431634557129145 0.0031882673231038178 0.017368746059070721 -0.00042249042764413194 0.002194924671756159 0.00098413707434917802 -0.00033534090892944592 0.00090672274811728145 -0.0029328754347217969 -0.0052341327963784188 -0.00062993970548583049
leaf_weight=17 10.000000000000002 9.9999999999999982 11.999999999999998 9.9999999999999982 139 9.9999999999999982 82 913 10.000000000000002 11.999999999999998 9.9999999999999982 10.999999999999998
leaf_count=17 10 10 12 10 139 10 82 913 10 12 10 11
internal_value=0 7.56918e-05 -2.40814e-06 0.00105358 0 -0.00143477 -0.000179549 -0.000223497 -0.000189176 -0.00100671 -0.00394929 0
internal_weight=1246 1183 1173 166 156 63 1007 995 43 33 20 21
internal_count=1246 1183 1173 166 156 63 1007 995 43 33 20 21
is_linear=0
shrinkage=0.03


Tree=233
num_leaves=14
num_cat=0
split_feature=4 2 17 32 15 27 0 2 17 7 17 17 0
split_gain=0.154173 1.22542 0.236303 0.223159 0.24013 0.11739 0.278881 0.128811 0.120806 0.212409 0.207676 0.0651291 0.0589223
threshold=-0.48040003501598449 0.8125 1.72480867308204 1.4319815438859713 0.17350623330572518 2.1458033557640985 0.70754716981132082 0.026785714285714253 -1.2773979524311974 -1.3767326174569765 -0.82631962843400575 0.051253590693348554 0.25471698113207553
decision_type=2 2 2 2 2 2 2 2 2 2 2 2 2
left_child=1 2 3 4 -1 7 11 -2 9 -9 -10 -7 -5
right_child=5 -3 -4 12 -6 6 -8 8 10 -11 -12 -13 -14
leaf_value=0.0012731842449809326 -0.0025693050799257462 0.010858142340491241 0.0038833694165843905 0.00049451772003702012 -0.00075831327300936201 0.0017147205759947359 -0.0055873387072173765 -0.0054507683342931296 0.001120388442732228 -0.00035538187953910799 -0.00019252753167082982 -0.00160380936310728 -0.0017719657630952082
leaf_weight=139 19 9.9999999999999982 14.999999999999998 9.9999999999999982 82 11.000000000000002 11.999999999999998 9.9999999999999982 128 33 705 9.9999999999999982 62
leaf_count=139 19 10 15 10 82 11 12 10 128 33 705 10 62
internal_value=0 0.000569331 0.000222125 2.31933e-05 0.000505845 -0.000195982 -0.00195685 -0.000127493 -7.08199e-05 -0.00161986 5.72632e-06 0 -0.00141532
internal_weight=1246 318 308 293 221 928 33 895 876 43 833 21 72
internal_count=1246 318 308 293 221 928 33 895 876 43 833 21 72
is_linear=0
shrinkage=0.03


Tree=234
num_leaves=15
num_cat=0
split_feature=0 0 15 27 16 17 16 27 30 48 3 1 27 17
split_gain=0.152425 0.745676 2.66264 0.171177 0.189758 0.172989 0.153148 0.170838 0.15517 0.139387 0.129024 0.122588 0.0665513 0.0296287
threshold=0.82075471698113212 0.80188679245283023 0.50301884858383117 2.1458033557640985 0.060820639191002952 2.1826209720521002 -0.68778826561174489 0.68289542842071616 1.1994543339219834 -0.42957608258090357 -1.2903904153632082 1.5000000000000002 -0.2774220832110243 0.012266706061926102
decision_type=2 2 2 2 2 2 2 2 2 2 2 2 2 2
left_child=1 3 -3 5 -5 9 7 12 10 -1 -8 -12 -2 -6
right_child=6 2 -4 4 13 -7 8 -9 -10 -11 11 -13 -14 -15
leaf_value=-0.00041492280287766411 -0.0017903709910592456 -0.0020176040524976287 0.017295302213492372 -0.0055612972811196404 0.00047483866480556677 -0.0038047669481227888 -0.0019867303458117472 -0.0050181820837937241 -0.0035485670388349004 0.00037279820303835406 0.0037338174407434933 0.00021571937263100368 0.00023083584824411184 -0.0015443890238534812
leaf_weight=286 41 17.000000000000004 9.9999999999999982 9.9999999999999982 11.000000000000002 9.9999999999999982 21 12.999999999999998 10.999999999999998 674 9.9999999999999982 101 19 11.999999999999998
leaf_count=286 41 17 10 10 11 10 21 13 11 674 10 101 19 12
internal_value=0 0.00015121 0.00506205 1.55321e-05 -0.00210228 9.08831e-05 -0.000725136 -0.0018456 -0.000131295 0.00013498 0.000133238 0.000562743 -0.00110109 -0.000450926
internal_weight=1246 1030 27 1003 33 970 216 73 143 960 132 111 60 23
internal_count=1246 1030 27 1003 33 970 216 73 143 960 132 111 60 23
is_linear=0
shrinkage=0.03


Tree=235
num_leaves=12
num_cat=0
split_feature=27 0 0 17 17 48 17 32 26 15 1
split_gain=0.156352 2.09232 0.13233 0.165911 0.527359 0.165351 0.125613 0.118275 0.13859 0.13012 0.111977
threshold=2.1458033557640985 0.76415094339622647 0.80188679245283023 1.8642587150236862 1.72480867308204 -0.7029426805869331 -0.7002865717126332 -0.94910404652907376 -1.0728352924006599 -1.658742735426286 5.5000000000000009
decision_type=2 2 2 2 2 2 2 2 2 2 2
left_child=2 10 3 4 6 -5 -1 -4 -9 -10 -2
right_child=1 -3 7 5 -6 -7 -8 8 9 -11 -12
leaf_value=0.00058279999698419849 -0.0038880606307747198 0.013738148579060442 -0.0037744183259437207 8.2271808317599363e-05 0.0055437594974957257 -0.0043202313877000716 -0.00016991851328240328 0.0026728207008862815 0.0025265834735024094 -0.00089771810122975281 -0.00012799476350539295
leaf_weight=289 13.999999999999998 9.9999999999999982 10.999999999999998 13.000000000000002 15.999999999999998 14.999999999999998 637 10.999999999999998 9.9999999999999982 202 18
leaf_count=289 14 10 11 13 16 15 637 11 10 202 18
internal_value=0 0.00179613 -6.37895e-05 8.79592e-05 0.000158674 -0.00217643 6.17994e-05 -0.000705417 -0.00053896 -0.000720935 -0.00187347
internal_weight=1246 42 1204 970 942 28 926 234 223 212 32
internal_count=1246 42 1204 970 942 28 926 234 223 212 32
is_linear=0
shrinkage=0.03


Tree=236
num_leaves=15
num_cat=0
split_feature=16 2 16 25 26 27 16 16 26 29 26 16 15 16
split_gain=0.156391 0.5446 1.96283 0.167307 0.177739 0.164072 0.242795 0.154346 0.143856 0.129675 0.0986745 0.090057 0.0283416 0.0202782
threshold=1.6073977505768813 0.8125 -1.0381397208692111 -1.0000000180025095e-35 0.24406159352029227 2.1458033557640985 1.513037238313671 0.060820639191002952 1.0000000180025095e-35 1.0935733046935745 -0.43439285297220959 1.8226254875008288 0.14851115159628217 2.0413006865121921
decision_type=2 2 2 2 2 2 2 2 2 2 2 2 2 2
left_child=1 5 -3 12 10 6 9 -7 -4 -1 13 -6 -2 -5
right_child=3 2 8 4 11 7 -8 -9 -10 -11 -12 -13 -14 -15
leaf_value=-0.00012922637367499874 0 0.014944014758019165 0.001085565202678276 -0.00051992445426015548 -0.005638583996432257 -0.0052806232090449254 0.0042601119794628836 -0.00047536114347776818 -0.0034669805657450512 0.00091563223646938194 0.001565972796279537 -0.0017778867520788248 0.0021540908943308459 -0.0027352127412686475
leaf_weight=967 10.000000000000002 9.9999999999999982 15.000000000000002 12.000000000000002 14.000000000000002 10.000000000000002 11.999999999999998 19 9.9999999999999982 120 11.999999999999998 13.999999999999998 9.9999999999999982 10.999999999999998
leaf_count=967 10 10 15 12 14 10 12 19 10 120 12 14 10 11
internal_value=0 8.89316e-05 0.00376952 -0.0012582 -0.0020329 -2.29357e-05 3.32453e-05 -0.00224789 -0.000622489 -1.10453e-05 -0.000504378 -0.00382819 0.00103081 -0.00171653
internal_weight=1246 1163 35 83 63 1128 1099 29 25 1087 35 28 20 23
internal_count=1246 1163 35 83 63 1128 1099 29 25 1087 35 28 20 23
is_linear=0
shrinkage=0.03


Tree=237
num_leaves=15
num_cat=0
split_feature=27 17 1 15 17 16 15 46 26 43 15 15 5 17
split_gain=0.154744 2.05015 0.199866 0.212809 0.11675 0.160481 0.166055 0.345786 0.236054 0.157367 0.147375 1.01957 0.425959 0.213194
threshold=2.1458033557640985 0.12347336373915431 5.5000000000000009 0.20034097290297023 -0.3519952075320813 1.1420360204853484 0.51839185130839216 1.0000000180025095e-35 0.59493882486167593 -0.58058428885115287 -0.79901090389423624 -0.85984014552354271 0.84713071535794071 1.2523939746011357
decision_type=2 2 2 2 2 2 2 2 2 2 2 2 2 2
left_child=4 2 3 -2 5 6 8 -8 -1 -7 11 -6 -12 -14
right_child=1 -3 -4 -5 10 9 7 -9 -10 -11 12 -13 13 -15
leaf_value=-0.00018883671147374283 -0.00040534230830097502 0.013608026614062269 0.0012254909325290371 -0.0067644703020295592 -0.00021082507608500769 9.9731751974543612e-05 0.0042877592778767983 0.00053902926197106767 0.0025132855449457188 -0.0032392501004242513 -6.4003766098628658e-05 0.0092651372362633003 -0.0010529940921329096 -0.0036264909128243552
leaf_weight=305 11.000000000000002 9.9999999999999982 10.999999999999998 9.9999999999999982 123 26 28 118 32 22 407 10.999999999999998 83 49
leaf_count=305 11 10 11 10 123 26 28 118 32 22 407 11 83 49
internal_value=0 0.00178678 -0.00184478 -0.00359339 -6.35384e-05 0.000265907 0.000435123 0.00128094 5.95146e-05 -0.00137182 -0.00032793 0.00055101 -0.000552069 -0.00203304
internal_weight=1246 42 32 21 1204 531 483 146 337 48 673 134 539 132
internal_count=1246 42 32 21 1204 531 483 146 337 48 673 134 539 132
is_linear=0
shrinkage=0.03


Tree=238
num_leaves=15
num_cat=0
split_feature=4 46 2 17 17 0 3 0 28 0 4 7 0 2
split_gain=0.157678 1.20233 0.551861 0.212093 0.282432 0.111838 0.754097 0.180036 0.117605 0.354358 0.29026 0.0926789 0.431023 0.101214
threshold=-0.48040003501598449 -1.3169164585862192 0.7767857142857143 1.7578640787233588 1.348372099308554 0.084905660377358458 0.67278118410306298 0.028301886792452755 0.85926309536721746 0.57547169811320764 1.0000000180025095e-35 -1.3767326174569765 0.76415094339622647 0.026785714285714253
decision_type=2 2 2 2 2 2 2 2 2 2 2 2 2 2
left_child=1 -1 3 4 -3 6 -2 -8 11 -10 -11 12 -7 -13
right_child=5 2 -4 -5 -6 8 7 -9 9 10 -12 13 -14 -15
leaf_value=0.0091435138093545407 0.0085347377029385899 0.00042730684536520629 -0.0056120079780552293 -0.0032335367048770642 0.0051497048442829246 -0.0013071677065274365 0.0019340108550354338 -0.0017580684914684139 0.00012355418798926668 -0.001846811625110148 -0.0077439431145344632 -0.0022040926436321774 0.0025167342960547017 0.00013651418885438901
leaf_weight=13.999999999999998 9.9999999999999982 265 13.999999999999998 12.999999999999998 11.999999999999998 168 18 33 75 40 9.9999999999999982 17 31 526
leaf_count=14 10 265 14 13 12 168 18 33 75 40 10 17 31 526
internal_value=0 0.000575371 0.000168043 0.000459259 0.000644498 -0.000198591 0.00103133 -0.000395039 -0.000288694 -0.00114302 -0.00309922 -0.000140593 -0.000695452 5.73193e-05
internal_weight=1246 318 304 290 277 928 61 51 867 125 50 742 199 543
internal_count=1246 318 304 290 277 928 61 51 867 125 50 742 199 543
is_linear=0
shrinkage=0.03


Tree=239
num_leaves=11
num_cat=0
split_feature=2 2 47 26 27 16 2 2 17 17
split_gain=0.147709 0.869405 2.86703 0.220054 0.152338 0.154436 0.136697 0.179935 0.0972753 0.0371227
threshold=0.9196428571428571 0.8125 -0.37100576667240043 0.24406159352029227 2.1458033557640985 0.060820639191002952 1.0000000180025095e-35 0.044642857142857102 0.58162489248011007 0.012266706061926102
decision_type=2 2 2 2 2 2 2 2 2 2
left_child=1 4 -3 8 6 -6 -1 -8 -2 -7
right_child=3 2 -4 -5 5 9 7 -9 -10 -11
leaf_value=0.0031721090642381302 0.0020866623395445318 0.017924006859181756 -0.0028890025298646156 -0.0049989742595162104 -0.0051979249349500206 0.00050021247283832425 -0.0021493491976179624 3.0988316681433527e-05 -0.0018976012112434245 -0.0017662300634359524
leaf_weight=11.999999999999998 10.000000000000002 10.000000000000002 13.999999999999998 12.999999999999998 9.9999999999999982 11.000000000000002 35 1107 11.999999999999998 11.999999999999998
leaf_count=12 10 10 14 13 10 11 35 1107 12 12
internal_value=0 5.46833e-05 0.00569699 -0.00191944 -5.73419e-05 -0.00206399 0 -3.33902e-05 0 -0.000554936
internal_weight=1246 1211 24 35 1187 33 1154 1142 22 23
internal_count=1246 1211 24 35 1187 33 1154 1142 22 23
is_linear=0
shrinkage=0.03


Tree=240
num_leaves=13
num_cat=0
split_feature=27 2 2 26 15 16 2 2 2 15 17 17
split_gain=0.149759 2.00775 0.19779 0.401839 0.305266 0.166584 0.126792 0.17427 0.120505 0.0992814 0.0561706 0.0298908
threshold=2.1458033557640985 0.7767857142857143 0.7946428571428571 0.24406159352029227 0.93591096036310983 0.060820639191002952 1.0000000180025095e-35 0.026785714285714253 0.75892857142857151 0.94441652546602062 0.012266706061926102 -0.80481742613903606
decision_type=2 2 2 2 2 2 2 2 2 2 2 2
left_child=2 5 6 9 -5 -2 -1 -8 -9 11 -7 -4
right_child=1 -3 3 4 -6 10 7 8 -10 -11 -12 -13
leaf_value=0.0030777321595790953 -0.0050435311717008892 0.013456776532353743 0 -0.0088320577616738775 -0.0015111451497912861 0.0012640009392606145 -0.0028511661406196843 4.3710135017252058e-06 0.0031490837490639172 0.0019723089520605449 -0.0017136810399776647 -0.0023205735497545481
leaf_weight=11.999999999999998 9.9999999999999982 9.9999999999999982 9.9999999999999982 10.000000000000002 12.999999999999998 10.000000000000002 19 1103 10.999999999999998 15.999999999999998 11.999999999999998 10.000000000000002
leaf_count=12 10 10 10 10 13 10 19 1103 11 16 12 10
internal_value=0 0.00175783 -6.24459e-05 -0.00175551 -0.00484848 -0.00183516 2.2321e-05 -7.66109e-06 3.83956e-05 0.000145399 -0.000224848 -0.00116942
internal_weight=1246 42 1204 59 23 32 1145 1133 1114 36 22 20
internal_count=1246 42 1204 59 23 32 1145 1133 1114 36 22 20
is_linear=0
shrinkage=0.03


Tree=241
num_leaves=15
num_cat=0
split_feature=4 2 17 17 46 0 7 0 28 0 4 7 0 2
split_gain=0.152079 1.16327 0.239371 0.201691 0.179603 0.105778 0.70966 0.169853 0.112195 0.347754 0.265413 0.0887519 0.397408 0.0960576
threshold=-0.48040003501598449 0.8125 1.72480867308204 1.348372099308554 -1.3169164585862192 0.084905660377358458 0.94984788778369611 0.028301886792452755 0.85926309536721746 0.57547169811320764 1.0000000180025095e-35 -1.3767326174569765 0.76415094339622647 0.026785714285714253
decision_type=2 2 2 2 2 2 2 2 2 2 2 2 2 2
left_child=1 2 3 4 -1 6 -2 -8 11 -10 -11 12 -7 -13
right_child=5 -3 -4 -5 -6 8 7 -9 9 10 -12 13 -14 -15
leaf_value=-0.0032144081706309132 0.0082801805539886551 0.010590113289838674 0.0039116800869414148 -0.003927914102536601 0.00036959255243331781 -0.001268647039289199 0.0018788700538960111 -0.0017065433543660812 0.00013734743501321375 -0.0018519533229782769 -0.0075060222563472128 -0.0021471180505397021 0.0024018750986581445 0.00013297730165458285
leaf_weight=12.999999999999998 9.9999999999999982 9.9999999999999982 14.999999999999998 10.999999999999998 269 168 18 33 75 40 9.9999999999999982 17 31 526
leaf_count=13 10 10 15 11 269 168 18 33 75 40 10 17 31 526
internal_value=0 0.000565153 0.000226599 2.64373e-05 0.000192657 -0.000194943 0.00100083 -0.000381194 -0.00028264 -0.00111718 -0.00305537 -0.000137876 -0.00068087 5.56871e-05
internal_weight=1246 318 308 293 282 928 61 51 867 125 50 742 199 543
internal_count=1246 318 308 293 282 928 61 51 867 125 50 742 199 543
is_linear=0
shrinkage=0.03


Tree=242
num_leaves=11
num_cat=0
split_feature=2 2 26 27 16 2 2 15 17 17
split_gain=0.153577 1.34741 0.310843 0.137019 0.130334 0.123921 0.163247 0.096957 0.0744692 0.0324231
threshold=0.8303571428571429 0.7946428571428571 0.24406159352029227 2.1458033557640985 0.060820639191002952 1.0000000180025095e-35 0.044642857142857102 0.94441652546602062 -0.28984263127245791 0.012266706061926102
decision_type=2 2 2 2 2 2 2 2 2 2
left_child=1 3 7 5 -5 -1 -7 -2 -4 -6
right_child=2 -3 8 4 9 6 -8 -9 -10 -11
leaf_value=0.0030446115887362108 -0.0011283827239637215 0.010032215300978217 -0.0019680228709822163 -0.0048167453219394862 0.00043760858174111375 -0.0020218180561396288 5.626583166519057e-05 0.0020946056765831066 -0.0059882217439368741 -0.0016667818395066853
leaf_weight=11.999999999999998 18 11.999999999999998 11.000000000000002 9.9999999999999982 11.000000000000002 35 1098 14.999999999999998 11.999999999999998 11.999999999999998
leaf_count=12 18 12 11 10 11 35 1098 15 12 12
internal_value=0 7.14978e-05 -0.00153472 -2.82661e-05 -0.00193232 2.41547e-05 -5.45433e-06 0.00024788 -0.00421223 -0.000532927
internal_weight=1246 1190 56 1178 33 1145 1133 33 23 23
internal_count=1246 1190 56 1178 33 1145 1133 33 23 23
is_linear=0
shrinkage=0.03


Tree=243
num_leaves=12
num_cat=0
split_feature=27 17 0 2 1 27 2 2 2 0 16
split_gain=0.153789 1.90491 0.209455 0.206222 0.399537 0.135033 0.116656 0.153627 0.118445 0.045128 0.0344092
threshold=2.1458033557640985 0.12347336373915431 0.63207547169811329 0.7946428571428571 2.5000000000000004 -0.44430253342803289 1.0000000180025095e-35 0.044642857142857102 0.062499999999999951 0.34905660377358488 0.70668472511986524
decision_type=2 2 2 2 2 2 2 2 2 2 2
left_child=3 2 -2 6 -5 -6 -1 9 -9 -8 -7
right_child=1 -3 -4 4 5 10 7 8 -10 -11 -12
leaf_value=0.002954028199526889 0.00040721069433187176 0.01317626362795582 -0.0043076452325693402 -0.0064311343030506417 -0.0024678660200610344 0.0021184032747673014 -0.0031267328377355603 0.0021349022616303807 5.10285208729017e-06 -0.00068374438077540677 0
leaf_weight=11.999999999999998 17 9.9999999999999982 14.999999999999998 12.999999999999998 18 11.000000000000002 17 24 1074 18 17
leaf_count=12 17 10 15 13 18 11 17 24 1074 18 17
internal_value=0 0.00178143 -0.00171595 -6.31773e-05 -0.00179196 -0.000404705 2.34328e-05 -5.21647e-06 5.4578e-05 -0.00196134 0.000818914
internal_weight=1246 42 32 1204 59 46 1145 1133 1098 35 28
internal_count=1246 42 32 1204 59 46 1145 1133 1098 35 28
is_linear=0
shrinkage=0.03


Tree=244
num_leaves=15
num_cat=0
split_feature=4 46 17 17 32 27 42 17 16 27 15 17 17 16
split_gain=0.148929 1.1804 0.30551 0.312332 0.190242 0.125599 0.0997347 0.12619 0.209865 0.160249 0.0969345 0.0947943 0.148609 0.0880723
threshold=-0.48040003501598449 -1.3169164585862192 1.7578640787233588 1.4351162656466416 1.4319815438859713 2.1458033557640985 -1.0426319619645517 1.0469967805880021 -0.60170534096198292 -0.87002797861949632 0.26928506456980278 -0.52475380600017751 -1.2773979524311974 1.513037238313671
decision_type=2 2 2 2 2 2 2 2 2 2 2 2 2 2
left_child=1 -1 3 4 -3 6 7 9 -9 -2 -7 12 -8 -12
right_child=5 2 -4 -5 -6 10 11 8 -10 -11 13 -13 -14 -15
leaf_value=0.0090488389433619199 0.00026841029932029887 0.00064620490622196839 -0.0038491365207960785 0.005583032802263699 -0.0011721436923476437 0.0001802622043702862 -0.0012174832571743644 -0.0028513556444817339 0.0016037026716627341 -0.0017586749053321658 -0.0047586761861470803 -0.00019840094652788187 0.00087508545354252499 -0.00060671871823101938
leaf_weight=13.999999999999998 48 210 15.999999999999998 9.9999999999999982 68 9.9999999999999982 35 11.999999999999998 41 110 13.000000000000002 452 197 9.9999999999999982
leaf_count=14 48 210 16 10 68 10 35 12 41 110 13 452 197 10
internal_value=0 0.000559418 0.000155745 0.000389911 0.00019038 -0.000192766 -0.000122065 -0.000693078 0.000535043 -0.0011241 -0.00201347 4.97714e-05 0.000546082 -0.00309379
internal_weight=1246 318 304 288 278 928 895 211 53 158 33 684 232 23
internal_count=1246 318 304 288 278 928 895 211 53 158 33 684 232 23
is_linear=0
shrinkage=0.03


Tree=245
num_leaves=13
num_cat=0
split_feature=27 0 2 1 16 27 2 17 2 15 15 17
split_gain=0.144984 1.90851 0.191152 0.376791 0.147631 0.126937 0.114093 0.127581 0.154405 0.139062 0.0804309 0.05852
threshold=2.1458033557640985 0.76415094339622647 0.7946428571428571 2.5000000000000004 0.060820639191002952 -0.44430253342803289 0.75892857142857151 -0.3519952075320813 0.16964285714285712 -0.97878823657168113 0.72118493276842088 0.012266706061926102
decision_type=2 2 2 2 2 2 2 2 2 2 2 2
left_child=2 4 6 -4 -2 -5 7 9 -9 -1 -7 -6
right_child=1 -3 3 5 11 10 -8 8 -10 -11 -12 -13
leaf_value=-0.00050329674481848659 -0.0047952615455862605 0.013136427287325855 -0.0062307968677398351 -0.0023791944437264075 0.0012762572236432884 -0.0011569379329091248 0.0030492698725917049 -0.0011352951545830464 -2.4291222450471223e-05 0.00064160273557624685 0.0020652254234526032 -0.0017615853253105456
leaf_weight=125 9.9999999999999982 9.9999999999999982 12.999999999999998 18 10.000000000000002 10.000000000000002 10.999999999999998 149 484 376 18 11.999999999999998
leaf_count=125 10 10 13 18 10 10 11 149 484 376 18 12
internal_value=0 0.00172971 -6.13171e-05 -0.00172574 -0.00177125 -0.000376744 2.19713e-05 -5.01501e-06 -0.000290684 0.000349919 0.000807669 -0.000245474
internal_weight=1246 42 1204 59 32 46 1145 1134 633 501 28 22
internal_count=1246 42 1204 59 32 46 1145 1134 633 501 28 22
is_linear=0
shrinkage=0.03


Tree=246
num_leaves=15
num_cat=0
split_feature=0 2 16 30 3 16 46 9 0 16 16 15 2 43
split_gain=0.143611 1.93942 0.141026 0.128824 0.117134 0.118038 0.116679 0.174838 0.331564 0.148526 0.143364 0.170593 0.158191 0.0762054
threshold=0.82075471698113212 0.7767857142857143 -0.68778826561174489 1.1994543339219834 -1.2903904153632082 -0.36755236945079789 -0.58951810478134881 1.0000000180025095e-35 0.17924528301886791 1.5621338023289548 0.934982326341533 0.47507279896255339 0.062499999999999951 1.1478430622114937
decision_type=2 2 2 2 2 2 2 2 2 2 2 2 2 2
left_child=1 6 13 4 -4 -6 7 9 -9 -1 12 -12 -8 -2
right_child=2 -3 3 -5 5 -7 10 8 -10 -11 11 -13 -14 -15
leaf_value=-0.00021873051254050246 -0.0011610944831200978 0.011196424934141179 -0.001913895906783393 -0.0032466775073191601 0.0025372568817182456 9.0796460183575056e-06 0.0022463222406572309 0.0016074666914655199 -0.0027438747471939364 0.0034879502340561092 0.00026221094523127029 -0.0020355520042392139 0.00027409150989096264 -0.0036231627060394535
leaf_weight=245 56 13.999999999999998 21 10.999999999999998 21 90 40 20 63 9.9999999999999982 63 51 524 17
leaf_count=245 56 14 21 11 21 90 40 20 63 10 63 51 524 17
internal_value=0 0.000146506 -0.000704121 -0.000133243 0.000105761 0.000516239 -3.89064e-06 -0.000462026 -0.00165859 -6.03001e-05 0.000220112 -0.000740326 0.000419658 -0.00177966
internal_weight=1246 1030 216 143 132 111 1016 338 83 255 678 114 564 73
internal_count=1246 1030 216 143 132 111 1016 338 83 255 678 114 564 73
is_linear=0
shrinkage=0.03


Tree=247
num_leaves=14
num_cat=0
split_feature=4 2 46 0 2 32 27 0 2 2 0 0 0
split_gain=0.141955 1.18088 0.177667 0.138179 0.76087 0.21867 0.128982 0.29002 0.108552 0.111101 0.216787 0.1106 0.00306308
threshold=-0.48040003501598449 0.8125 -1.3169164585862192 0.65094339622641517 0.41964285714285715 1.8649061966887066 2.1458033557640985 0.70754716981132082 0.026785714285714253 0.062499999999999951 0.3867924528301887 0.066037735849056561 0.36792452830188682
decision_type=2 2 2 2 2 2 2 2 2 2 2 2 2
left_child=1 2 -1 4 -4 -5 8 12 -2 10 -10 -11 -8
right_child=6 -3 3 5 -6 -7 7 -9 9 11 -12 -13 -14
leaf_value=-0.0031905367194127485 -0.0023586737278712354 0.010645892421097154 0.0001783993803535301 8.5896730151306623e-05 0.0065972170035759501 -0.0037192267006793556 -0.0002323686663766164 -0.0057339080638629343 0.0039448630221580192 -0.0017567044894863692 -0.0012898228045653652 -5.3158597059289516e-05 0.0004621756003044619
leaf_weight=12.999999999999998 19 9.9999999999999982 137 124 19 14.999999999999998 11.000000000000002 11.999999999999998 17.000000000000004 36 10.999999999999998 812 9.9999999999999982
leaf_count=13 19 10 137 124 19 15 11 12 17 36 11 812 10
internal_value=0 0.000546031 0.000205027 0.000365859 0.000983122 -0.000305539 -0.00018833 -0.00203298 -0.000116744 -6.44299e-05 0.00178435 -0.000129215 0
internal_weight=1246 318 308 295 156 139 928 33 895 876 28 848 21
internal_count=1246 318 308 295 156 139 928 33 895 876 28 848 21
is_linear=0
shrinkage=0.03


Tree=248
num_leaves=12
num_cat=0
split_feature=27 16 16 16 5 15 27 3 46 1 25
split_gain=0.146466 1.69551 0.0951821 0.228564 0.173981 0.195769 0.104868 0.171629 0.0892969 0.0705934 0.0446094
threshold=2.1458033557640985 -0.040432012377451192 1.6073977505768813 1.513037238313671 0.3723107102584865 0.73843495408779658 0.68289542842071616 -1.3853825895309309 -0.58951810478134881 5.5000000000000009 -1.0000000180025095e-35
decision_type=2 2 2 2 2 2 2 2 2 2 2
left_child=2 -2 3 6 -4 10 8 -8 -1 -3 -6
right_child=1 9 4 -5 5 -7 7 -9 -10 -11 -12
leaf_value=-0.00032322185250214846 0.012489309206900031 -0.0032739621546574445 0.0014415867358707544 0.0041068104340517822 0.00058288166853221683 -0.0052016959901017542 0.0026479983696914163 -0.0010071621383620363 0.00029066400933796708 -0.00021301592539274254 -0.0014704887786549383
leaf_weight=319 9.9999999999999982 12.999999999999998 17 11.999999999999998 10.999999999999998 12.999999999999998 11.999999999999998 157 631 19 32
leaf_count=319 10 13 17 12 11 13 12 157 631 19 32
internal_value=0 0.00173835 -6.18037e-05 3.36485e-06 -0.00111113 -0.00194073 -3.83222e-05 -0.000728471 8.13577e-05 -0.00155631 -0.000875469
internal_weight=1246 42 1204 1131 73 56 1119 169 950 32 43
internal_count=1246 42 1204 1131 73 56 1119 169 950 32 43
is_linear=0
shrinkage=0.03


Tree=249
num_leaves=13
num_cat=0
split_feature=27 17 0 2 26 15 2 2 13 15 0 17
split_gain=0.137213 1.81033 0.200119 0.186945 0.359951 0.298567 0.112913 0.148176 0.106566 0.0779037 0.0438421 0.0299856
threshold=2.1458033557640985 0.12347336373915431 0.63207547169811329 0.7946428571428571 0.24406159352029227 0.93591096036310983 1.0000000180025095e-35 0.044642857142857102 1.6206446223781887 0.94441652546602062 0.34905660377358488 -0.80481742613903606
decision_type=2 2 2 2 2 2 2 2 2 2 2 2
left_child=3 2 -2 6 9 -6 -1 10 -9 11 -8 -5
right_child=1 -3 -4 4 5 -7 7 8 -10 -11 -12 -13
leaf_value=0.0029057951357739031 0.00034511601568706197 0.012792966321922176 -0.0042565864964468486 0 -0.0085654407415059509 -0.0013352139556481867 -0.0030756178689434334 -5.0454274499809651e-05 0.00087492100501630212 0.0017172870872924045 -0.00066491296422251014 -0.0022227810721586238
leaf_weight=11.999999999999998 17 9.9999999999999982 14.999999999999998 9.9999999999999982 10.000000000000002 12.999999999999998 17 972 126 15.999999999999998 18 10.000000000000002
leaf_count=12 17 10 15 10 10 13 17 972 126 16 18 10
internal_value=0 0.00168257 -0.00172501 -5.97974e-05 -0.00170584 -0.00463213 2.25422e-05 -5.60149e-06 5.30743e-05 8.8286e-05 -0.00192672 -0.00106772
internal_weight=1246 42 32 1204 59 23 1145 1133 1098 36 35 20
internal_count=1246 42 32 1204 59 23 1145 1133 1098 36 35 20
is_linear=0
shrinkage=0.03


Tree=250
num_leaves=10
num_cat=0
split_feature=17 27 17 2 1 0 2 2 27
split_gain=0.134531 0.195199 2.25622 0.191427 0.308237 0.16715 0.104576 0.143285 0.0793944
threshold=2.2584578762652243 2.1458033557640985 0.060748957975838409 0.7946428571428571 2.5000000000000004 0.63207547169811329 1.0000000180025095e-35 0.044642857142857102 -0.44430253342803289
decision_type=2 2 2 2 2 2 2 2 2
left_child=1 3 5 6 -5 -3 -1 -8 -6
right_child=-2 2 -4 4 8 -7 7 -9 -10
leaf_value=0.0028193414617668495 -0.0031489184578834483 9.9691710903407571e-05 0.014414043153571612 -0.0060153168890132638 -0.0021383973550901073 -0.0041297346780952426 -0.0018718054698000095 7.4983221243833119e-05 0.00041280639973018877
leaf_weight=11.999999999999998 11.999999999999998 16.000000000000004 9.9999999999999982 11.999999999999998 17 14.999999999999998 35 1090 27
leaf_count=12 12 16 10 12 17 15 35 1090 27
internal_value=0 2.98322e-05 0.00206394 -3.77269e-05 -0.00174982 -0.00185704 4.41059e-05 1.1589e-05 -0.000507473
internal_weight=1246 1234 41 1193 56 31 1137 1125 44
internal_count=1246 1234 41 1193 56 31 1137 1125 44
is_linear=0
shrinkage=0.03


Tree=251
num_leaves=14
num_cat=0
split_feature=4 2 46 27 0 0 2 28 2 2 0 0 0
split_gain=0.136662 1.17682 0.179513 0.134215 0.221827 0.128736 0.714681 0.20954 0.104785 0.108219 0.21265 0.103415 0.00357502
threshold=-0.48040003501598449 0.8125 -1.3169164585862192 2.1458033557640985 0.70754716981132082 0.65094339622641517 0.41964285714285715 0.85926309536721746 0.026785714285714253 0.062499999999999951 0.34905660377358488 0.066037735849056561 0.36792452830188682
decision_type=2 2 2 2 2 2 2 2 2 2 2 2 2
left_child=1 2 -1 8 12 6 -4 -7 -2 10 -10 -11 -5
right_child=3 -3 5 4 -6 7 -8 -9 9 11 -12 -13 -14
leaf_value=-0.0032187689186735004 -0.0023145548915441743 0.010617826907425233 0.0001721393472259799 -0.00052167262177209577 -0.0053077699430286885 -0.00078778924945957713 0.0063939040259419115 0.0025078522883800426 0.0052542218890520584 -0.0016983186797215667 -2.7279198087381382e-05 -5.0846370644300388e-05 0.00016081603963186245
leaf_weight=12.999999999999998 19 9.9999999999999982 137 11.000000000000002 11.999999999999998 119 19 20 10.000000000000002 36 18 812 9.9999999999999982
leaf_count=13 19 10 137 11 12 119 19 20 10 36 18 812 10
internal_value=0 0.000535618 0.000195197 -0.000184922 -0.00206617 0.000356849 0.000952747 -0.000290567 -0.000111983 -6.05271e-05 0.0017642 -0.000124516 -5.5276e-05
internal_weight=1246 318 308 928 33 295 156 139 895 876 28 848 21
internal_count=1246 318 308 928 33 295 156 139 895 876 28 848 21
is_linear=0
shrinkage=0.03


end of trees

feature_importances:
TyreLife=556
LapNumber=508
GapToBehind=332
GapToLeader=253
GapToAhead=247
Humidity=145
driver_embed_1=133
driver_embed_3=113
AirTemp=110
Pressure=82
team_embed_4=74
driver_embed_4=64
driver_embed_6=64
team_embed_0=62
TrackTemp=58
TimeSinceLastWeatherMeasurement=57
driver_embed_0=51
Compound=49
team_embed_1=43
driver_embed_5=41
WindSpeed=37
driver_embed_2=33
team_embed_2=33
team_embed_5=32
team_embed_6=32
team_embed_3=20
WindDirection=14
Circuit_AverageAngleAbs=14
Circuit_CircuitLength=4
Circuit_AverageAngle=4
Circuit_Number_of_Laps=3

parameters:
[boosting: gbdt]
[objective: regression]
[metric: l2]
[tree_learner: serial]
[device_type: cpu]
[data_sample_strategy: bagging]
[data: ]
[valid: ]
[num_iterations: 2000]
[learning_rate: 0.03]
[num_leaves: 15]
[num_threads: 8]
[seed: 42]
[deterministic: 0]
[force_col_wise: 0]
[force_row_wise: 0]
[histogram_pool_size: -1]
[max_depth: 5]
[min_data_in_leaf: 10]
[min_sum_hessian_in_leaf: 0.001]
[bagging_fraction: 0.8]
[pos_bagging_fraction: 1]
[neg_bagging_fraction: 1]
[bagging_freq: 0]
[bagging_seed: 400]
[bagging_by_query: 0]
[feature_fraction: 0.8]
[feature_fraction_bynode: 1]
[feature_fraction_seed: 30056]
[extra_trees: 0]
[extra_seed: 12879]
[early_stopping_round: 0]
[early_stopping_min_delta: 0]
[first_metric_only: 0]
[max_delta_step: 0]
[lambda_l1: 0.1]
[lambda_l2: 0.1]
[linear_lambda: 0]
[min_gain_to_split: 0]
[drop_rate: 0.1]
[max_drop: 50]
[skip_drop: 0.5]
[xgboost_dart_mode: 0]
[uniform_drop: 0]
[drop_seed: 17869]
[top_rate: 0.2]
[other_rate: 0.1]
[min_data_per_group: 100]
[max_cat_threshold: 32]
[cat_l2: 10]
[cat_smooth: 10]
[max_cat_to_onehot: 4]
[top_k: 20]
[monotone_constraints: ]
[monotone_constraints_method: basic]
[monotone_penalty: 0]
[feature_contri: ]
[forcedsplits_filename: ]
[refit_decay_rate: 0.9]
[cegb_tradeoff: 1]
[cegb_penalty_split: 0]
[cegb_penalty_feature_lazy: ]
[cegb_penalty_feature_coupled: ]
[path_smooth: 0]
[interaction_constraints: ]
[verbosity: -1]
[saved_feature_importance_type: 0]
[use_quantized_grad: 0]
[num_grad_quant_bins: 4]
[quant_train_renew_leaf: 0]
[stochastic_rounding: 1]
[linear_tree: 0]
[max_bin: 255]
[max_bin_by_feature: ]
[min_data_in_bin: 3]
[bin_construct_sample_cnt: 200000]
[data_random_seed: 175]
[is_enable_sparse: 1]
[enable_bundle: 1]
[use_missing: 1]
[zero_as_missing: 0]
[feature_pre_filter: 1]
[pre_partition: 0]
[two_round: 0]
[header: 0]
[label_column: ]
[weight_column: ]
[group_column: ]
[ignore_column: ]
[categorical_feature: ]
[forcedbins_filename: ]
[precise_float_parser: 0]
[parser_config_file: ]
[objective_seed: 16083]
[num_class: 1]
[is_unbalance: 0]
[scale_pos_weight: 1]
[sigmoid: 1]
[boost_from_average: 1]
[reg_sqrt: 0]
[alpha: 0.9]
[fair_c: 1]
[poisson_max_delta_step: 0.7]
[tweedie_variance_power: 1.5]
[lambdarank_truncation_level: 30]
[lambdarank_norm: 1]
[label_gain: ]
[lambdarank_position_bias_regularization: 0]
[eval_at: ]
[multi_error_top_k: 1]
[auc_mu_weights: ]
[num_machines: 1]
[local_listen_port: 12400]
[time_out: 120]
[machine_list_filename: ]
[machines: ]
[gpu_platform_id: -1]
[gpu_device_id: -1]
[gpu_use_dp: 0]
[num_gpu: 1]

end of parameters

pandas_categorical:[]
